timestamp,ambient_temp,ambient_humidity,fan_speed,lubrication_flow,motor_temp,spindle_speed,vibration,acoustic_emission,power_draw,tool_wear,anomaly,anomaly_type
2024-01-01 00:00:00,20.99,62.34,1067.1,3.55,48.23,1789.9,1.46,58.71,5.55,4.8,0,Normal
2024-01-01 00:01:00,20.95,58.84,1065.1,3.61,47.47,1701.1,1.35,59.22,5.53,5.0,0,Normal
2024-01-01 00:02:00,21.61,60.52,1028.8,3.62,49.19,1780.6,1.36,60.98,6.08,4.89,0,Normal
2024-01-01 00:03:00,20.46,61.15,1069.2,3.22,49.33,1833.6,1.67,62.46,6.91,4.73,0,Normal
2024-01-01 00:04:00,20.62,60.96,996.0,3.66,49.48,1738.4,1.22,59.16,6.01,4.71,0,Normal
2024-01-01 00:05:00,21.52,56.01,1034.8,3.56,49.1,1742.4,1.42,59.45,5.84,5.29,0,Normal
2024-01-01 00:06:00,20.7,57.13,1046.1,3.37,49.12,1884.9,1.45,61.15,6.11,5.22,0,Normal
2024-01-01 00:07:00,21.45,58.75,1027.7,3.35,50.03,1807.4,1.46,61.64,6.48,5.56,0,Normal
2024-01-01 00:08:00,21.85,58.73,1063.7,3.43,47.18,1712.2,1.38,60.69,5.04,5.17,0,Normal
2024-01-01 00:09:00,20.8,58.57,1042.1,3.24,49.66,1844.0,1.51,60.33,6.11,5.25,0,Normal
2024-01-01 00:10:00,21.35,57.64,1042.2,3.84,47.6,1653.3,1.13,57.96,5.83,5.59,0,Normal
2024-01-01 00:11:00,20.43,61.77,1049.4,3.8,46.88,1765.8,1.18,59.93,5.72,5.19,0,Normal
2024-01-01 00:12:00,21.38,60.05,1042.0,3.59,49.11,1747.3,1.15,57.97,5.48,4.79,0,Normal
2024-01-01 00:13:00,21.11,59.5,1048.0,3.46,46.94,1622.2,1.32,59.9,5.14,5.72,0,Normal
2024-01-01 00:14:00,21.25,60.63,1073.6,3.46,46.53,1604.4,1.12,57.1,5.47,5.1,0,Normal
2024-01-01 00:15:00,20.69,58.7,1053.5,3.65,46.91,1674.9,1.4,59.84,5.72,5.52,0,Normal
2024-01-01 00:16:00,20.18,60.84,1043.3,3.85,47.68,1684.0,1.17,59.18,5.44,5.21,0,Normal
2024-01-01 00:17:00,21.27,61.89,1016.6,3.39,48.51,1799.1,1.55,61.06,6.33,5.24,0,Normal
2024-01-01 00:18:00,20.0,61.8,1033.1,3.28,46.27,1691.2,1.14,58.82,5.45,4.75,0,Normal
2024-01-01 00:19:00,20.86,60.34,1015.2,3.81,47.66,1619.3,1.24,58.33,5.48,5.68,0,Normal
2024-01-01 00:20:00,21.49,62.47,1017.8,3.14,49.92,1971.9,1.75,61.82,6.48,4.51,0,Normal
2024-01-01 00:21:00,21.12,57.59,1040.6,3.3,49.19,1765.7,1.58,61.67,5.92,6.29,0,Normal
2024-01-01 00:22:00,22.0,59.3,1037.4,3.45,48.73,1777.5,1.24,59.8,6.07,6.11,0,Normal
2024-01-01 00:23:00,21.54,61.42,1070.6,3.19,48.05,1625.1,1.3,59.71,5.73,5.32,0,Normal
2024-01-01 00:24:00,20.7,59.95,1054.4,3.72,48.21,1678.9,1.3,60.26,5.8,6.38,0,Normal
2024-01-01 00:25:00,21.05,61.11,993.4,3.67,50.38,1738.2,1.37,59.11,5.85,6.66,0,Normal
2024-01-01 00:26:00,21.01,58.41,1019.5,3.39,49.11,1695.0,1.4,59.99,6.12,5.73,0,Normal
2024-01-01 00:27:00,20.25,60.23,988.4,3.76,49.42,1732.4,1.26,60.82,5.72,6.02,0,Normal
2024-01-01 00:28:00,20.57,61.25,1019.9,3.79,47.52,1659.4,1.35,60.69,6.04,5.94,0,Normal
2024-01-01 00:29:00,20.76,61.52,1046.7,3.48,47.95,1737.9,1.6,61.74,5.88,6.67,0,Normal
2024-01-01 00:30:00,20.03,63.33,1014.5,3.41,47.49,1707.8,1.34,59.62,5.57,5.4,0,Normal
2024-01-01 00:31:00,21.07,62.12,1026.7,3.95,50.1,1846.4,1.39,61.06,6.2,6.04,0,Normal
2024-01-01 00:32:00,20.93,59.93,1071.1,3.64,47.98,1700.8,1.27,59.72,5.94,6.37,0,Normal
2024-01-01 00:33:00,20.22,63.09,966.8,3.55,48.34,1714.2,1.44,59.37,5.91,6.43,0,Normal
2024-01-01 00:34:00,21.26,58.91,1076.2,3.77,48.32,1811.7,1.39,60.86,6.07,6.18,0,Normal
2024-01-01 00:35:00,21.42,60.49,1034.8,3.56,47.77,1604.4,1.12,57.9,5.19,6.49,0,Normal
2024-01-01 00:36:00,21.18,59.89,1041.7,3.4,49.19,1709.8,1.32,60.37,5.91,6.26,0,Normal
2024-01-01 00:37:00,20.91,60.73,1025.0,3.52,47.66,1586.3,1.12,57.39,5.24,6.01,0,Normal
2024-01-01 00:38:00,21.37,59.87,1086.0,3.71,45.8,1670.0,1.44,61.23,5.41,6.51,0,Normal
2024-01-01 00:39:00,21.42,56.74,1017.6,3.1,49.33,1775.0,1.59,61.22,6.31,6.44,0,Normal
2024-01-01 00:40:00,21.24,57.79,1045.0,3.44,49.22,1832.8,1.38,59.43,6.2,6.43,0,Normal
2024-01-01 00:41:00,20.68,60.64,1046.7,3.78,47.64,1700.2,1.15,58.21,6.23,5.9,0,Normal
2024-01-01 00:42:00,21.23,56.95,1004.3,3.4,49.29,1739.5,1.48,60.56,5.9,7.65,0,Normal
2024-01-01 00:43:00,21.69,59.9,1030.9,3.81,49.1,1768.2,1.39,60.23,5.77,6.27,0,Normal
2024-01-01 00:44:00,20.8,61.56,1032.4,3.78,47.59,1680.2,1.29,60.38,5.71,6.62,0,Normal
2024-01-01 00:45:00,22.15,58.31,1040.9,3.49,48.84,1700.7,1.3,59.7,5.47,7.16,0,Normal
2024-01-01 00:46:00,20.85,58.49,1016.6,3.39,48.0,1789.0,1.43,58.8,5.71,6.05,0,Normal
2024-01-01 00:47:00,21.13,61.73,1033.9,3.44,50.93,1837.4,1.51,60.27,5.99,7.01,0,Normal
2024-01-01 00:48:00,20.78,63.34,1051.9,4.03,48.97,1801.2,1.17,60.87,5.6,6.51,0,Normal
2024-01-01 00:49:00,21.24,59.69,1036.2,3.87,47.61,1614.6,1.05,58.2,5.02,6.96,0,Normal
2024-01-01 00:50:00,20.26,62.0,1052.1,3.53,48.66,1736.0,1.38,60.81,5.54,6.32,0,Normal
2024-01-01 00:51:00,20.86,60.45,1012.3,3.38,48.83,1681.6,1.38,59.92,5.74,6.35,0,Normal
2024-01-01 00:52:00,20.59,61.42,1000.6,3.52,49.24,1697.6,1.39,59.56,5.18,6.68,0,Normal
2024-01-01 00:53:00,21.21,59.34,1092.4,3.55,48.26,1776.6,1.43,60.01,6.17,6.67,0,Normal
2024-01-01 00:54:00,21.65,58.68,1036.5,3.25,50.04,1752.3,1.63,61.83,6.15,6.89,0,Normal
2024-01-01 00:55:00,21.48,60.39,1016.8,3.52,50.6,1771.1,1.35,59.84,5.96,7.69,0,Normal
2024-01-01 00:56:00,20.0,65.22,976.4,3.76,49.3,1668.4,1.32,61.19,5.94,6.79,0,Normal
2024-01-01 00:57:00,22.19,55.66,1090.7,3.14,49.09,1743.2,1.56,60.79,6.27,6.75,0,Normal
2024-01-01 00:58:00,21.32,59.16,1037.9,3.67,49.51,1763.3,1.31,59.1,5.77,6.76,0,Normal
2024-01-01 00:59:00,20.79,58.5,1029.5,3.77,49.8,1807.7,1.36,60.74,6.26,7.22,0,Normal
2024-01-01 01:00:00,21.27,61.81,1041.3,3.39,48.74,1671.0,1.32,60.43,6.19,7.01,0,Normal
2024-01-01 01:01:00,21.28,58.51,1071.0,3.84,48.6,1727.4,1.46,60.62,5.68,6.88,0,Normal
2024-01-01 01:02:00,20.87,57.98,1032.8,3.36,48.42,1706.5,1.38,59.66,6.06,6.35,0,Normal
2024-01-01 01:03:00,21.31,60.31,1104.7,3.59,46.32,1659.3,1.25,57.78,5.13,6.84,0,Normal
2024-01-01 01:04:00,20.91,62.68,1041.5,3.44,49.98,1745.7,1.39,61.18,6.39,7.16,0,Normal
2024-01-01 01:05:00,21.02,60.86,1066.9,3.44,49.45,1793.8,1.38,60.82,5.87,7.03,0,Normal
2024-01-01 01:06:00,20.88,60.42,1057.8,3.38,48.46,1755.4,1.26,59.11,5.59,7.61,0,Normal
2024-01-01 01:07:00,20.52,61.38,1029.4,3.64,50.14,1804.4,1.51,61.07,6.64,7.72,0,Normal
2024-01-01 01:08:00,21.31,61.46,1031.6,3.67,49.74,1763.4,1.43,60.37,6.32,7.42,0,Normal
2024-01-01 01:09:00,21.54,57.62,1059.1,3.49,48.58,1672.1,1.28,60.69,5.47,6.97,0,Normal
2024-01-01 01:10:00,21.51,58.81,1063.0,3.23,48.58,1783.6,1.37,59.35,6.04,8.09,0,Normal
2024-01-01 01:11:00,21.67,58.01,1039.1,3.58,51.35,1840.2,1.49,60.64,6.22,7.21,0,Normal
2024-01-01 01:12:00,21.43,57.37,1052.8,3.58,49.03,1730.9,1.28,59.11,5.35,7.1,0,Normal
2024-01-01 01:13:00,21.01,59.39,1071.1,3.46,49.41,1822.9,1.42,60.64,6.24,7.47,0,Normal
2024-01-01 01:14:00,21.7,60.29,1105.8,3.87,46.25,1592.3,0.97,57.47,4.9,6.84,0,Normal
2024-01-01 01:15:00,20.61,61.45,1053.6,3.19,50.29,1791.4,1.55,61.47,6.05,8.08,0,Normal
2024-01-01 01:16:00,20.85,61.14,1083.6,3.06,46.97,1767.5,1.49,59.95,6.37,7.18,0,Normal
2024-01-01 01:17:00,20.83,60.43,1020.8,3.35,48.08,1676.7,1.45,61.51,5.56,7.31,0,Normal
2024-01-01 01:18:00,21.86,59.15,1074.7,3.64,50.22,1807.3,1.38,60.02,6.22,7.88,0,Normal
2024-01-01 01:19:00,21.79,57.27,1089.4,3.29,46.69,1641.6,1.27,60.06,5.79,7.02,0,Normal
2024-01-01 01:20:00,21.58,58.4,1029.1,3.3,49.15,1657.3,1.22,61.47,5.54,7.22,0,Normal
2024-01-01 01:21:00,21.88,58.61,1045.4,3.69,49.37,1737.6,1.43,59.88,5.8,7.87,0,Normal
2024-01-01 01:22:00,20.91,60.48,1081.6,3.59,49.7,1863.1,1.52,61.3,6.49,7.76,0,Normal
2024-01-01 01:23:00,21.53,59.42,1026.2,3.58,50.36,1656.5,1.33,59.97,5.96,7.71,0,Normal
2024-01-01 01:24:00,21.3,59.15,1012.5,3.66,48.24,1677.2,1.13,60.02,5.75,7.6,0,Normal
2024-01-01 01:25:00,21.8,57.9,1094.1,3.41,47.59,1718.8,1.21,58.82,6.18,7.58,0,Normal
2024-01-01 01:26:00,21.33,64.05,1076.4,3.42,48.69,1799.4,1.36,60.17,5.88,8.55,0,Normal
2024-01-01 01:27:00,21.2,60.9,1054.8,3.66,49.16,1782.5,1.44,60.71,6.17,8.36,0,Normal
2024-01-01 01:28:00,21.67,59.31,1052.3,3.23,49.1,1677.6,1.44,60.47,5.52,7.91,0,Normal
2024-01-01 01:29:00,21.85,58.02,1046.0,3.07,50.52,1698.4,1.38,60.86,6.17,7.83,0,Normal
2024-01-01 01:30:00,21.08,59.07,1048.7,3.41,49.01,1781.4,1.45,60.66,6.17,8.88,0,Normal
2024-01-01 01:31:00,21.4,58.99,1087.4,3.69,50.29,1843.9,1.33,60.35,6.13,7.9,0,Normal
2024-01-01 01:32:00,20.91,60.5,1044.1,3.55,47.46,1777.1,1.27,59.5,5.61,7.82,0,Normal
2024-01-01 01:33:00,20.2,58.52,1078.1,3.67,46.42,1639.2,1.27,58.82,5.34,7.65,0,Normal
2024-01-01 01:34:00,21.56,56.54,1028.7,3.1,49.76,1738.0,1.59,61.31,6.3,8.6,0,Normal
2024-01-01 01:35:00,21.77,57.56,1054.9,3.56,47.64,1565.7,1.31,59.97,5.14,8.66,0,Normal
2024-01-01 01:36:00,21.61,59.12,1042.8,3.63,48.41,1822.8,1.36,60.33,5.95,8.41,0,Normal
2024-01-01 01:37:00,20.51,60.42,1003.1,3.23,48.99,1775.9,1.56,62.07,6.22,8.46,0,Normal
2024-01-01 01:38:00,21.32,61.54,1042.6,3.67,48.92,1707.1,1.23,60.61,5.25,8.09,0,Normal
2024-01-01 01:39:00,20.4,58.76,1038.4,3.48,47.56,1750.4,1.31,59.2,5.47,7.68,0,Normal
2024-01-01 01:40:00,22.2,56.61,1077.1,4.11,46.88,1618.7,1.04,58.03,4.98,7.48,0,Normal
2024-01-01 01:41:00,20.98,62.21,1093.9,3.06,46.99,1720.2,1.44,60.13,6.3,9.1,0,Normal
2024-01-01 01:42:00,22.16,58.0,1074.9,3.77,47.81,1722.5,1.11,57.7,5.29,8.21,0,Normal
2024-01-01 01:43:00,22.02,59.39,1089.1,3.42,48.03,1743.3,1.34,60.19,5.82,8.82,0,Normal
2024-01-01 01:44:00,21.11,62.79,1043.8,3.18,47.27,1791.9,1.59,61.73,5.85,9.3,0,Normal
2024-01-01 01:45:00,21.0,58.86,1082.0,3.39,48.15,1748.2,1.26,58.64,5.54,8.09,0,Normal
2024-01-01 01:46:00,21.75,58.4,1115.0,3.56,49.61,1912.8,1.34,59.72,5.86,9.64,0,Normal
2024-01-01 01:47:00,21.17,59.19,1056.6,3.71,48.47,1765.0,1.18,58.6,5.94,7.59,0,Normal
2024-01-01 01:48:00,21.65,55.8,1028.2,3.84,50.18,1709.1,1.55,60.26,5.76,9.02,0,Normal
2024-01-01 01:49:00,21.37,58.77,1033.7,3.78,48.09,1710.3,1.29,59.49,5.99,7.62,0,Normal
2024-01-01 01:50:00,20.73,61.71,1041.7,3.31,46.23,1683.6,1.28,58.44,5.67,7.59,0,Normal
2024-01-01 01:51:00,20.52,61.58,1041.8,3.73,47.96,1750.6,1.28,59.58,5.77,8.94,0,Normal
2024-01-01 01:52:00,21.76,59.47,1072.6,3.58,48.97,1779.3,1.39,60.38,6.31,8.55,0,Normal
2024-01-01 01:53:00,21.37,58.66,1059.0,3.37,50.77,1909.9,1.49,61.31,7.47,9.95,0,Normal
2024-01-01 01:54:00,21.39,58.21,1048.0,3.46,49.82,1707.3,1.33,60.27,6.03,7.79,0,Normal
2024-01-01 01:55:00,22.03,59.96,1044.6,3.36,49.03,1762.7,1.4,61.38,5.69,8.93,0,Normal
2024-01-01 01:56:00,22.28,56.86,1075.6,3.51,47.95,1728.2,1.25,58.72,6.15,8.14,0,Normal
2024-01-01 01:57:00,21.56,59.32,1097.7,3.35,47.89,1603.6,1.25,58.76,5.51,8.24,0,Normal
2024-01-01 01:58:00,21.54,59.17,1076.4,3.29,48.4,1787.2,1.47,61.09,6.74,9.92,0,Normal
2024-01-01 01:59:00,21.97,60.34,1072.9,3.6,49.72,1818.9,1.3,59.72,5.92,9.76,0,Normal
2024-01-01 02:00:00,21.06,61.25,1066.9,3.63,48.19,1783.6,1.59,62.07,6.59,9.76,0,Normal
2024-01-01 02:01:00,21.86,56.41,1047.9,3.46,47.02,1675.4,1.35,60.15,5.65,8.18,0,Normal
2024-01-01 02:02:00,22.04,56.25,1048.0,3.77,50.2,1849.2,1.26,60.97,6.92,8.68,0,Normal
2024-01-01 02:03:00,22.11,58.76,1043.6,3.45,48.64,1650.0,1.07,58.23,5.31,8.31,0,Normal
2024-01-01 02:04:00,20.82,60.13,1033.2,3.44,48.36,1822.4,1.34,58.83,6.93,8.95,0,Normal
2024-01-01 02:05:00,21.42,58.47,1037.8,3.63,51.21,1859.3,1.53,61.54,6.64,10.15,0,Normal
2024-01-01 02:06:00,21.37,60.76,1077.6,3.47,47.69,1688.6,1.35,59.78,5.97,9.66,0,Normal
2024-01-01 02:07:00,21.87,58.61,1045.6,3.52,47.86,1725.7,1.3,59.96,6.27,8.64,0,Normal
2024-01-01 02:08:00,22.08,58.04,1041.5,3.0,49.3,1781.7,1.51,61.42,5.96,9.28,0,Normal
2024-01-01 02:09:00,22.6,58.2,1120.5,3.5,48.67,1654.3,1.21,58.76,5.86,8.31,0,Normal
2024-01-01 02:10:00,21.61,58.23,1041.0,3.13,48.04,1637.3,1.35,59.18,5.56,8.87,0,Normal
2024-01-01 02:11:00,21.63,61.13,1056.3,3.26,48.62,1805.0,1.37,59.94,6.08,9.51,0,Normal
2024-01-01 02:12:00,22.46,56.09,1080.5,3.23,48.18,1660.0,1.33,58.14,5.71,9.1,0,Normal
2024-01-01 02:13:00,22.05,59.0,1032.6,3.29,49.52,1791.0,1.61,61.6,6.51,10.43,0,Normal
2024-01-01 02:14:00,22.55,59.27,1101.8,3.39,48.36,1701.1,1.28,59.2,5.87,9.27,0,Normal
2024-01-01 02:15:00,22.07,55.91,1077.4,3.4,50.66,1815.7,1.55,61.94,6.23,10.15,0,Normal
2024-01-01 02:16:00,21.36,58.73,1086.2,3.63,47.31,1747.8,1.36,58.43,5.86,9.46,0,Normal
2024-01-01 02:17:00,21.29,61.1,1028.8,3.54,48.87,1734.3,1.23,59.31,5.07,9.27,0,Normal
2024-01-01 02:18:00,21.19,61.29,1046.3,3.12,48.71,1816.8,1.44,61.59,6.45,9.96,0,Normal
2024-01-01 02:19:00,22.31,57.28,1067.2,3.52,47.12,1593.2,1.32,60.06,5.97,8.86,0,Normal
2024-01-01 02:20:00,22.59,55.94,1078.4,3.56,48.97,1784.2,1.28,60.25,5.98,9.09,0,Normal
2024-01-01 02:21:00,22.93,57.85,1042.3,3.43,51.08,1851.8,1.51,61.38,5.97,10.41,0,Normal
2024-01-01 02:22:00,22.44,59.08,1071.6,3.49,48.25,1681.1,1.51,59.68,6.15,9.58,0,Normal
2024-01-01 02:23:00,22.62,55.24,1036.7,3.54,50.57,1742.4,1.5,61.15,5.96,10.29,0,Normal
2024-01-01 02:24:00,21.76,56.73,1064.2,3.65,49.0,1724.1,1.32,60.09,5.9,9.71,0,Normal
2024-01-01 02:25:00,21.49,59.36,996.5,3.19,51.21,1772.4,1.63,61.15,6.65,10.59,0,Normal
2024-01-01 02:26:00,22.5,58.14,1023.8,3.45,48.37,1633.3,1.29,59.47,5.75,9.74,0,Normal
2024-01-01 02:27:00,22.3,57.11,1086.5,3.8,48.11,1605.8,1.28,57.42,5.83,8.72,0,Normal
2024-01-01 02:28:00,22.16,58.83,1049.6,3.78,49.24,1822.7,1.14,58.55,5.91,10.33,0,Normal
2024-01-01 02:29:00,22.32,56.47,1041.6,3.67,50.53,1807.9,1.39,60.09,6.25,9.31,0,Normal
2024-01-01 02:30:00,22.3,54.39,1097.7,3.61,48.61,1751.2,1.12,59.58,5.88,10.04,0,Normal
2024-01-01 02:31:00,22.79,56.04,1084.1,3.83,48.14,1751.2,1.27,59.01,5.77,9.94,0,Normal
2024-01-01 02:32:00,22.81,56.73,1098.1,3.88,48.61,1627.5,1.16,58.65,5.25,9.05,0,Normal
2024-01-01 02:33:00,22.45,56.87,1064.9,3.47,49.86,1781.1,1.56,61.24,6.42,10.08,0,Normal
2024-01-01 02:34:00,22.62,55.25,1139.4,3.31,47.79,1819.0,1.51,60.33,5.82,10.42,0,Normal
2024-01-01 02:35:00,22.47,54.53,1054.2,3.45,48.54,1666.3,1.27,59.96,5.62,9.62,0,Normal
2024-01-01 02:36:00,22.0,57.34,1103.5,4.12,49.6,1870.2,1.26,58.16,5.71,10.51,0,Normal
2024-01-01 02:37:00,22.62,58.33,1070.8,3.19,48.43,1789.3,1.51,61.67,5.99,11.33,0,Normal
2024-01-01 02:38:00,21.56,60.78,1009.8,3.41,47.13,1714.6,1.26,59.25,5.48,9.84,0,Normal
2024-01-01 02:39:00,22.8,58.44,1088.0,3.22,50.32,1794.3,1.52,62.06,6.01,11.01,0,Normal
2024-01-01 02:40:00,21.69,57.44,1061.7,3.52,47.31,1676.7,1.4,58.14,6.05,10.3,0,Normal
2024-01-01 02:41:00,22.45,55.57,1042.6,3.26,51.41,1802.9,1.47,59.25,6.64,10.71,0,Normal
2024-01-01 02:42:00,21.9,59.03,1034.8,3.48,51.19,1773.5,1.41,60.4,6.6,10.64,0,Normal
2024-01-01 02:43:00,22.61,57.95,1071.6,3.11,49.37,1630.3,1.41,60.71,5.73,10.15,0,Normal
2024-01-01 02:44:00,22.33,58.1,1075.4,3.62,49.32,1781.1,1.68,61.54,6.25,11.72,0,Normal
2024-01-01 02:45:00,21.57,55.86,989.6,3.74,49.41,1805.2,1.41,60.78,6.38,10.43,0,Normal
2024-01-01 02:46:00,22.59,55.74,1098.1,3.42,48.68,1787.5,1.52,61.61,6.21,10.93,0,Normal
2024-01-01 02:47:00,22.11,57.86,1049.8,3.47,50.61,1858.0,1.57,61.91,6.54,11.73,0,Normal
2024-01-01 02:48:00,22.85,57.29,1043.8,3.47,48.25,1703.2,1.41,60.33,5.09,10.17,0,Normal
2024-01-01 02:49:00,22.43,58.48,1092.1,3.54,47.66,1680.9,1.32,59.74,5.9,10.33,0,Normal
2024-01-01 02:50:00,22.64,57.16,1072.3,3.49,48.26,1735.5,1.38,59.62,6.07,10.35,0,Normal
2024-01-01 02:51:00,21.98,58.63,1090.1,3.65,46.82,1676.0,1.07,58.07,5.32,9.85,0,Normal
2024-01-01 02:52:00,22.18,57.9,1074.6,3.75,48.08,1706.9,1.28,58.77,5.96,10.97,0,Normal
2024-01-01 02:53:00,22.26,58.65,1065.3,3.34,49.19,1765.4,1.42,59.89,6.24,10.8,0,Normal
2024-01-01 02:54:00,22.94,56.88,1075.0,3.44,49.79,1821.3,1.51,61.36,6.1,11.71,0,Normal
2024-01-01 02:55:00,23.37,55.74,1099.4,3.68,49.36,1782.0,1.34,59.66,5.95,11.04,0,Normal
2024-01-01 02:56:00,22.14,57.44,1052.5,3.22,49.37,1699.6,1.52,60.48,5.74,11.03,0,Normal
2024-01-01 02:57:00,23.1,56.24,1060.7,3.11,51.1,1827.1,1.7,62.6,7.06,12.23,0,Normal
2024-01-01 02:58:00,21.49,59.74,1065.1,3.55,48.24,1725.5,1.03,58.29,5.77,10.43,0,Normal
2024-01-01 02:59:00,22.0,58.51,1056.3,3.6,51.0,1959.9,1.48,60.85,6.4,12.1,0,Normal
2024-01-01 03:00:00,22.13,58.43,1063.5,3.36,48.7,1820.3,1.26,59.33,6.14,11.5,0,Normal
2024-01-01 03:01:00,21.95,60.2,1086.3,3.38,48.63,1641.7,1.35,60.24,5.78,10.59,0,Normal
2024-01-01 03:02:00,21.85,58.76,1054.2,3.35,48.37,1629.6,1.29,60.27,5.38,9.88,0,Normal
2024-01-01 03:03:00,22.87,55.56,1077.7,3.33,50.25,1763.4,1.6,61.75,6.37,11.84,0,Normal
2024-01-01 03:04:00,22.57,58.4,1056.5,3.64,49.18,1747.9,1.35,59.2,6.21,10.49,0,Normal
2024-01-01 03:05:00,22.89,54.46,1088.5,3.26,49.55,1747.3,1.41,60.24,6.32,11.27,0,Normal
2024-01-01 03:06:00,23.06,54.57,1089.9,3.45,49.83,1752.8,1.5,60.7,6.87,11.55,0,Normal
2024-01-01 03:07:00,22.86,57.05,1099.8,3.32,47.61,1714.0,1.33,58.97,5.77,11.77,0,Normal
2024-01-01 03:08:00,23.08,56.93,1067.1,3.21,48.18,1712.0,1.36,60.32,5.75,11.72,0,Normal
2024-01-01 03:09:00,22.73,54.92,1063.2,3.67,47.6,1649.4,1.26,59.68,5.7,10.57,0,Normal
2024-01-01 03:10:00,22.19,57.18,1083.6,3.4,47.93,1739.5,1.52,61.37,5.97,12.22,0,Normal
2024-01-01 03:11:00,23.33,54.8,1092.9,3.54,49.49,1848.5,1.52,60.32,6.17,12.05,0,Normal
2024-01-01 03:12:00,22.53,56.42,1047.8,3.2,49.95,1744.7,1.55,61.36,5.93,11.41,0,Normal
2024-01-01 03:13:00,22.37,58.85,1100.1,3.35,47.35,1608.7,1.56,60.98,4.73,11.7,0,Normal
2024-01-01 03:14:00,22.77,57.78,1032.9,3.65,51.03,1711.1,1.29,60.1,6.15,11.32,0,Normal
2024-01-01 03:15:00,22.42,57.32,1088.0,4.02,50.5,1703.4,1.18,59.26,5.27,10.5,0,Normal
2024-01-01 03:16:00,22.68,56.05,1042.0,3.1,48.26,1660.3,1.44,60.4,5.54,11.06,0,Normal
2024-01-01 03:17:00,23.08,54.13,1128.8,3.46,48.58,1737.6,1.51,60.79,6.15,12.41,0,Normal
2024-01-01 03:18:00,23.1,58.25,1043.4,3.58,50.22,1771.8,1.3,60.62,5.91,10.81,0,Normal
2024-01-01 03:19:00,22.5,58.09,1098.8,3.38,47.51,1658.3,1.48,59.97,6.44,11.83,0,Normal
2024-01-01 03:20:00,22.72,55.74,1072.4,3.67,48.88,1748.6,1.17,58.83,5.28,11.0,0,Normal
2024-01-01 03:21:00,23.52,56.44,1081.2,3.33,49.58,1776.3,1.44,61.36,6.8,12.34,0,Normal
2024-01-01 03:22:00,23.25,55.75,1089.6,3.53,50.37,1781.6,1.44,60.09,6.6,12.62,0,Normal
2024-01-01 03:23:00,24.06,53.97,1117.0,3.4,49.69,1851.8,1.39,59.79,6.51,11.96,0,Normal
2024-01-01 03:24:00,23.63,55.82,1070.0,3.74,48.83,1613.3,1.15,59.34,5.86,10.1,0,Normal
2024-01-01 03:25:00,23.63,54.05,1072.2,3.36,48.93,1632.6,1.42,59.37,5.89,12.14,0,Normal
2024-01-01 03:26:00,22.38,56.9,1083.9,3.43,49.27,1805.7,1.58,61.79,5.8,12.78,0,Normal
2024-01-01 03:27:00,23.48,55.62,1046.9,3.69,50.18,1797.1,1.17,58.73,6.07,11.62,0,Normal
2024-01-01 03:28:00,23.09,55.39,1067.1,3.29,50.15,1716.8,1.47,61.08,5.63,12.63,0,Normal
2024-01-01 03:29:00,22.86,57.56,1153.2,3.51,50.57,2047.3,1.58,60.65,6.73,13.72,0,Normal
2024-01-01 03:30:00,23.24,58.68,1060.5,3.14,50.44,1755.1,1.55,62.12,6.24,13.08,0,Normal
2024-01-01 03:31:00,23.64,54.01,1121.6,3.28,50.73,1808.7,1.49,60.17,6.06,13.07,0,Normal
2024-01-01 03:32:00,23.44,53.01,1074.2,3.58,50.72,1815.2,1.31,60.46,6.42,12.82,0,Normal
2024-01-01 03:33:00,22.77,53.71,1088.1,3.3,49.71,1807.4,1.64,60.93,6.35,13.89,0,Normal
2024-01-01 03:34:00,23.6,54.99,1108.4,3.39,49.37,1732.9,1.52,62.28,6.23,12.6,0,Normal
2024-01-01 03:35:00,22.93,55.43,1106.8,3.6,48.51,1792.9,1.34,59.83,5.97,12.65,0,Normal
2024-01-01 03:36:00,23.38,55.94,1082.5,3.38,49.86,1669.5,1.33,61.36,5.85,11.77,0,Normal
2024-01-01 03:37:00,23.13,56.26,1132.4,3.66,47.49,1737.4,1.21,58.41,5.38,11.7,0,Normal
2024-01-01 03:38:00,23.2,53.54,1069.2,3.54,49.74,1700.9,1.09,58.26,5.25,10.67,0,Normal
2024-01-01 03:39:00,23.71,52.3,1100.0,3.59,49.93,1809.1,1.44,61.48,6.17,12.68,0,Normal
2024-01-01 03:40:00,22.83,57.06,1082.6,3.75,50.59,1927.2,1.53,60.24,6.31,13.11,0,Normal
2024-01-01 03:41:00,24.34,54.1,1078.7,3.56,49.27,1573.2,1.27,59.04,5.93,11.16,0,Normal
2024-01-01 03:42:00,22.47,56.61,1062.3,3.81,50.14,1772.7,1.32,60.33,5.62,12.98,0,Normal
2024-01-01 03:43:00,23.11,53.62,1086.2,3.68,48.95,1625.6,1.25,58.72,6.28,11.74,0,Normal
2024-01-01 03:44:00,23.61,55.91,1081.4,3.4,49.41,1751.5,1.33,60.28,6.03,12.33,0,Normal
2024-01-01 03:45:00,23.74,56.88,1155.8,3.76,49.21,1867.8,1.32,59.99,6.18,12.83,0,Normal
2024-01-01 03:46:00,23.41,55.97,1067.3,3.55,49.59,1730.8,1.34,58.96,5.77,12.21,0,Normal
2024-01-01 03:47:00,23.46,54.21,1118.6,3.42,46.85,1629.7,1.33,60.27,5.71,11.53,0,Normal
2024-01-01 03:48:00,23.71,55.09,1115.6,3.56,48.27,1651.3,1.41,59.36,5.69,12.69,0,Normal
2024-01-01 03:49:00,23.41,53.51,1087.8,3.72,49.86,1797.8,1.34,60.57,6.17,12.2,0,Normal
2024-01-01 03:50:00,24.24,55.65,1083.2,3.59,49.66,1768.0,1.27,59.69,6.18,11.65,0,Normal
2024-01-01 03:51:00,23.98,54.65,1080.5,3.86,49.34,1774.5,1.3,59.42,6.15,12.96,0,Normal
2024-01-01 03:52:00,24.02,51.81,1087.5,3.72,49.79,1687.5,1.5,60.16,6.4,13.13,0,Normal
2024-01-01 03:53:00,23.12,55.63,1037.8,3.6,49.98,1667.7,1.22,59.6,5.86,11.92,0,Normal
2024-01-01 03:54:00,23.59,55.94,1066.6,3.29,52.27,1872.5,1.69,61.76,6.5,14.86,0,Normal
2024-01-01 03:55:00,23.5,54.91,1052.9,3.46,49.63,1756.9,1.54,61.99,5.57,14.42,0,Normal
2024-01-01 03:56:00,23.16,55.59,1116.9,3.51,47.3,1580.6,1.18,59.65,5.35,11.32,0,Normal
2024-01-01 03:57:00,23.87,52.9,1112.8,3.64,49.29,1766.4,1.28,60.75,5.98,12.8,0,Normal
2024-01-01 03:58:00,23.44,56.36,1108.4,3.63,48.34,1716.2,1.35,60.11,6.4,13.5,0,Normal
2024-01-01 03:59:00,24.06,53.42,1115.9,3.53,48.68,1839.6,1.44,60.18,6.15,13.67,0,Normal
2024-01-01 04:00:00,23.21,52.68,1088.5,3.52,49.47,1701.3,1.42,60.22,6.05,13.61,0,Normal
2024-01-01 04:01:00,24.63,52.81,1149.1,3.64,49.12,1663.3,1.49,60.54,6.15,12.37,0,Normal
2024-01-01 04:02:00,23.34,57.15,1071.6,3.33,49.23,1739.4,1.44,60.71,6.18,12.96,0,Normal
2024-01-01 04:03:00,23.92,54.06,1101.1,3.84,50.53,1796.8,1.23,59.8,6.26,12.65,0,Normal
2024-01-01 04:04:00,24.23,56.69,1123.3,3.09,48.48,1658.7,1.44,61.32,5.57,13.17,0,Normal
2024-01-01 04:05:00,23.57,55.92,1058.4,3.79,50.57,1746.1,1.36,60.24,5.75,13.8,0,Normal
2024-01-01 04:06:00,24.3,54.46,1183.5,3.49,47.58,1707.3,1.43,59.3,5.75,13.01,0,Normal
2024-01-01 04:07:00,23.28,55.6,1086.4,3.7,48.79,1694.7,1.25,59.12,5.05,12.91,0,Normal
2024-01-01 04:08:00,24.64,53.24,1116.4,3.57,50.95,1875.4,1.44,61.84,6.41,15.21,0,Normal
2024-01-01 04:09:00,23.95,54.2,1130.3,3.57,49.69,1760.2,1.24,58.34,5.68,13.56,0,Normal
2024-01-01 04:10:00,23.66,54.65,1116.1,3.61,47.47,1652.3,1.29,59.96,5.66,12.33,0,Normal
2024-01-01 04:11:00,23.83,55.6,1097.6,3.66,49.82,1845.5,1.74,62.08,6.53,15.71,0,Normal
2024-01-01 04:12:00,24.41,52.36,1111.4,3.43,51.53,1889.9,1.53,60.69,6.28,15.06,0,Normal
2024-01-01 04:13:00,23.73,53.37,1057.0,3.71,50.46,1813.3,1.44,60.95,6.65,13.89,0,Normal
2024-01-01 04:14:00,23.67,53.41,1079.5,3.28,49.41,1629.4,1.32,60.97,5.72,12.8,0,Normal
2024-01-01 04:15:00,23.96,57.65,1112.1,3.5,50.08,1750.6,1.27,59.91,6.19,12.88,0,Normal
2024-01-01 04:16:00,23.5,56.19,1101.1,3.67,50.07,1792.4,1.42,60.36,6.23,14.22,0,Normal
2024-01-01 04:17:00,25.02,53.12,1150.9,3.7,47.92,1751.2,1.28,58.57,5.93,12.59,0,Normal
2024-01-01 04:18:00,23.85,53.19,1094.0,3.59,50.22,1730.8,1.13,58.79,5.33,11.97,0,Normal
2024-01-01 04:19:00,24.57,54.41,1076.7,3.42,50.91,1772.9,1.62,60.88,6.8,14.82,0,Normal
2024-01-01 04:20:00,24.28,53.82,1132.0,3.68,49.08,1699.3,1.33,59.68,6.08,13.33,0,Normal
2024-01-01 04:21:00,23.71,55.35,1130.0,3.37,48.28,1771.8,1.41,60.2,5.99,13.52,0,Normal
2024-01-01 04:22:00,24.22,52.65,1126.8,3.85,47.38,1510.9,1.04,56.35,5.09,11.31,0,Normal
2024-01-01 04:23:00,24.63,53.6,1108.6,3.48,49.1,1628.0,1.34,60.94,5.99,13.09,0,Normal
2024-01-01 04:24:00,24.17,53.56,1129.5,3.19,48.53,1731.5,1.49,59.87,5.91,14.48,0,Normal
2024-01-01 04:25:00,24.88,51.76,1203.4,3.26,47.27,1732.2,1.42,60.07,5.38,14.17,0,Normal
2024-01-01 04:26:00,24.82,54.13,1119.2,3.51,51.82,1901.2,1.65,62.43,6.66,16.47,0,Normal
2024-01-01 04:27:00,24.79,50.77,1083.0,3.53,49.35,1628.3,1.43,61.4,5.85,13.71,0,Normal
2024-01-01 04:28:00,24.12,55.13,1087.8,3.89,49.63,1623.6,1.41,59.85,5.78,13.48,0,Normal
2024-01-01 04:29:00,23.83,55.83,1112.3,3.29,48.85,1752.3,1.35,58.19,6.32,14.02,0,Normal
2024-01-01 04:30:00,24.09,53.02,1061.6,3.51,52.41,1856.5,1.48,61.88,6.24,16.09,0,Normal
2024-01-01 04:31:00,24.52,52.34,1114.5,3.29,49.08,1623.2,1.4,59.4,5.49,13.85,0,Normal
2024-01-01 04:32:00,24.71,52.88,1123.8,3.4,50.46,1794.0,1.39,60.65,5.85,14.62,0,Normal
2024-01-01 04:33:00,23.38,56.05,1125.9,3.84,48.57,1746.3,1.2,59.37,5.86,13.35,0,Normal
2024-01-01 04:34:00,24.48,53.41,1142.4,3.27,49.12,1636.4,1.42,58.15,5.34,13.56,0,Normal
2024-01-01 04:35:00,24.59,54.1,1133.3,3.62,49.12,1838.8,1.48,59.64,6.49,14.65,0,Normal
2024-01-01 04:36:00,24.39,56.44,1053.7,3.58,51.38,1807.4,1.58,61.28,6.19,16.09,0,Normal
2024-01-01 04:37:00,25.2,51.58,1147.0,3.5,48.72,1719.8,1.32,58.0,5.59,14.04,0,Normal
2024-01-01 04:38:00,24.78,50.51,1133.3,3.6,50.68,1748.2,1.43,59.74,6.67,14.1,0,Normal
2024-01-01 04:39:00,25.25,53.49,1131.4,3.27,49.63,1689.2,1.45,60.72,6.34,14.33,0,Normal
2024-01-01 04:40:00,24.51,56.11,1067.0,3.83,51.53,1747.4,1.36,60.26,6.15,14.84,0,Normal
2024-01-01 04:41:00,25.11,53.09,1102.8,3.88,50.53,1845.0,1.29,60.03,5.77,14.37,0,Normal
2024-01-01 04:42:00,25.48,50.2,1100.5,3.51,51.37,1884.6,1.42,61.02,7.06,15.19,0,Normal
2024-01-01 04:43:00,25.34,51.9,1076.5,3.98,49.87,1658.0,1.28,58.52,5.68,13.62,0,Normal
2024-01-01 04:44:00,24.16,52.53,1103.2,3.42,51.72,1925.9,1.5,60.27,6.71,16.45,0,Normal
2024-01-01 04:45:00,24.61,54.37,1092.2,3.58,48.21,1618.5,1.07,58.78,5.58,12.1,0,Normal
2024-01-01 04:46:00,24.58,51.43,1177.3,3.79,48.84,1742.9,1.28,60.62,5.24,13.87,0,Normal
2024-01-01 04:47:00,25.02,52.21,1116.2,3.41,50.46,1816.7,1.63,61.09,6.28,16.33,0,Normal
2024-01-01 04:48:00,25.14,50.94,1155.2,3.22,48.38,1778.3,1.18,59.08,5.74,13.49,0,Normal
2024-01-01 04:49:00,24.4,53.96,1068.8,3.18,50.33,1725.2,1.47,61.41,6.15,14.69,0,Normal
2024-01-01 04:50:00,24.88,52.37,1104.3,3.91,49.49,1730.7,1.33,60.1,5.52,14.37,0,Normal
2024-01-01 04:51:00,23.86,55.02,1099.6,3.39,48.88,1695.6,1.18,58.83,5.73,13.87,0,Normal
2024-01-01 04:52:00,25.61,51.63,1109.6,3.46,51.06,1678.4,1.38,59.94,5.98,14.24,0,Normal
2024-01-01 04:53:00,24.66,51.83,1102.6,3.28,51.88,1777.8,1.43,62.17,6.78,15.6,0,Normal
2024-01-01 04:54:00,24.97,53.7,1113.9,3.69,50.04,1709.5,1.22,59.44,6.09,14.55,0,Normal
2024-01-01 04:55:00,24.81,52.98,1110.3,3.34,49.76,1658.2,1.34,60.32,5.72,14.05,0,Normal
2024-01-01 04:56:00,25.56,50.21,1177.5,3.4,49.7,1771.8,1.32,60.13,5.94,16.25,0,Normal
2024-01-01 04:57:00,23.59,58.6,1101.2,3.56,49.39,1744.4,1.24,58.82,6.13,14.95,0,Normal
2024-01-01 04:58:00,25.02,53.38,1132.4,3.29,50.09,1853.2,1.52,61.17,6.49,16.41,0,Normal
2024-01-01 04:59:00,25.0,52.47,1133.5,3.46,49.22,1779.8,1.63,61.4,5.9,16.41,0,Normal
2024-01-01 05:00:00,24.85,55.09,1132.3,3.78,48.94,1688.8,1.33,59.63,6.41,14.21,0,Normal
2024-01-01 05:01:00,25.96,53.73,1137.2,3.59,50.03,1709.2,1.45,60.93,5.74,15.85,0,Normal
2024-01-01 05:02:00,24.68,53.06,1105.6,3.53,50.28,1849.4,1.54,60.6,7.17,16.57,0,Normal
2024-01-01 05:03:00,25.53,52.26,1134.8,3.54,51.27,1763.8,1.36,59.49,6.26,14.73,0,Normal
2024-01-01 05:04:00,25.35,50.59,1155.9,3.42,49.24,1730.7,1.42,60.77,5.8,14.65,0,Normal
2024-01-01 05:05:00,25.82,51.0,1164.6,3.9,49.42,1744.7,1.38,59.86,5.28,15.33,0,Normal
2024-01-01 05:06:00,24.88,52.61,1111.6,3.34,51.49,1871.8,1.65,61.78,6.92,17.44,0,Normal
2024-01-01 05:07:00,24.87,53.21,1136.7,3.54,48.1,1744.5,1.35,58.51,5.39,14.65,0,Normal
2024-01-01 05:08:00,25.81,51.74,1131.4,3.52,51.38,1796.0,1.51,61.89,6.48,15.72,0,Normal
2024-01-01 05:09:00,25.5,52.64,1130.8,3.7,49.71,1768.6,1.59,61.84,6.87,15.68,0,Normal
2024-01-01 05:10:00,24.54,53.89,1098.9,3.72,50.45,1730.5,1.42,61.09,5.74,15.21,0,Normal
2024-01-01 05:11:00,25.06,50.77,1116.7,3.49,51.83,1813.1,1.46,61.25,6.6,16.23,0,Normal
2024-01-01 05:12:00,25.55,50.3,1164.5,3.56,50.61,1840.7,1.45,59.68,6.09,16.68,0,Normal
2024-01-01 05:13:00,25.8,50.44,1138.3,3.57,50.44,1815.6,1.33,60.19,6.48,15.68,0,Normal
2024-01-01 05:14:00,25.06,52.16,1124.7,3.05,50.33,1808.3,1.83,62.52,6.69,18.77,0,Normal
2024-01-01 05:15:00,23.97,56.13,1063.2,3.18,49.5,1776.4,1.66,61.19,6.36,17.36,0,Normal
2024-01-01 05:16:00,25.71,49.67,1126.5,3.38,51.64,1781.8,1.51,61.6,6.72,16.79,0,Normal
2024-01-01 05:17:00,24.86,52.41,1111.2,3.39,49.69,1706.1,1.62,62.77,6.38,16.98,0,Normal
2024-01-01 05:18:00,24.49,55.05,1089.1,3.26,50.14,1794.6,1.57,62.44,6.1,16.36,0,Normal
2024-01-01 05:19:00,24.11,53.86,1102.6,3.65,49.46,1727.5,1.28,60.09,6.38,14.91,0,Normal
2024-01-01 05:20:00,25.95,51.68,1128.3,3.5,51.26,1760.6,1.53,61.3,5.85,17.57,0,Normal
2024-01-01 05:21:00,25.63,51.35,1134.7,3.46,51.15,1806.0,1.52,61.08,6.47,16.13,0,Normal
2024-01-01 05:22:00,25.48,52.22,1132.6,3.25,49.63,1653.7,1.49,60.26,5.7,15.68,0,Normal
2024-01-01 05:23:00,26.31,50.0,1122.3,3.49,53.14,1904.1,1.45,60.88,6.2,17.58,0,Normal
2024-01-01 05:24:00,25.96,51.98,1129.2,2.97,49.73,1714.8,1.47,61.41,5.71,15.23,0,Normal
2024-01-01 05:25:00,26.47,47.73,1151.4,3.47,49.56,1619.1,1.47,62.0,5.82,15.22,0,Normal
2024-01-01 05:26:00,24.99,52.17,1149.4,3.51,50.53,1839.1,1.63,61.25,6.64,18.74,0,Normal
2024-01-01 05:27:00,25.69,51.9,1140.3,3.55,50.79,1768.0,1.56,60.03,6.65,17.27,0,Normal
2024-01-01 05:28:00,24.93,53.63,1102.0,3.19,51.28,1820.7,1.8,62.52,7.18,18.45,0,Normal
2024-01-01 05:29:00,25.64,53.78,1142.8,3.54,50.77,1820.7,1.51,61.76,6.46,17.29,0,Normal
2024-01-01 05:30:00,25.66,50.93,1175.8,3.29,48.81,1726.7,1.46,62.08,5.87,16.21,0,Normal
2024-01-01 05:31:00,26.12,52.9,1165.3,3.34,49.44,1752.7,1.34,60.91,6.27,16.43,0,Normal
2024-01-01 05:32:00,25.85,50.18,1150.7,3.64,50.21,1784.2,1.33,60.9,5.88,15.67,0,Normal
2024-01-01 05:33:00,26.17,52.6,1161.4,3.9,49.79,1716.0,1.07,57.85,5.13,14.04,0,Normal
2024-01-01 05:34:00,26.23,51.71,1180.6,3.51,50.48,1833.0,1.43,60.04,6.57,16.5,0,Normal
2024-01-01 05:35:00,26.98,47.77,1186.5,3.34,50.49,1763.8,1.27,58.75,6.37,15.58,0,Normal
2024-01-01 05:36:00,25.77,51.78,1149.5,3.54,49.2,1645.7,1.41,59.89,5.56,15.72,0,Normal
2024-01-01 05:37:00,25.48,51.76,1156.3,3.69,49.76,1723.7,1.36,60.79,6.54,16.53,0,Normal
2024-01-01 05:38:00,26.1,51.67,1114.9,3.62,50.99,1783.1,1.21,60.56,6.16,15.32,0,Normal
2024-01-01 05:39:00,25.6,51.29,1094.4,4.05,50.21,1685.4,1.21,59.55,5.86,15.25,0,Normal
2024-01-01 05:40:00,26.76,49.07,1159.2,3.36,50.15,1697.1,1.61,61.47,6.04,17.28,0,Normal
2024-01-01 05:41:00,25.9,53.13,1139.8,3.55,50.27,1800.7,1.41,59.74,6.5,16.17,0,Normal
2024-01-01 05:42:00,25.79,51.14,1122.1,3.81,52.06,1742.9,1.27,59.83,5.59,15.67,0,Normal
2024-01-01 05:43:00,25.86,52.4,1157.8,3.8,49.76,1701.6,1.1,58.79,5.52,14.39,0,Normal
2024-01-01 05:44:00,26.48,49.71,1102.9,3.11,51.02,1677.4,1.34,59.15,5.7,16.58,0,Normal
2024-01-01 05:45:00,26.06,53.29,1127.9,3.5,51.31,1694.2,1.46,61.54,5.71,17.05,0,Normal
2024-01-01 05:46:00,25.84,50.16,1124.7,3.8,48.95,1663.0,1.19,58.77,5.84,14.91,0,Normal
2024-01-01 05:47:00,27.02,48.14,1119.5,4.08,50.82,1637.8,1.17,59.79,5.75,12.96,0,Normal
2024-01-01 05:48:00,25.78,53.58,1173.0,3.64,49.41,1689.9,1.26,59.52,5.99,14.84,0,Normal
2024-01-01 05:49:00,26.25,49.78,1111.1,3.43,51.66,1690.1,1.42,60.93,6.0,16.92,0,Normal
2024-01-01 05:50:00,26.59,52.25,1137.0,3.3,50.83,1755.9,1.37,59.82,6.39,17.13,0,Normal
2024-01-01 05:51:00,25.47,53.19,1152.1,3.94,50.25,1884.6,1.4,60.2,6.37,17.65,0,Normal
2024-01-01 05:52:00,26.55,49.68,1167.1,3.65,50.58,1801.8,1.26,60.13,5.91,16.68,0,Normal
2024-01-01 05:53:00,25.8,48.53,1108.4,3.33,50.5,1729.5,1.38,60.24,5.84,16.72,0,Normal
2024-01-01 05:54:00,26.77,49.49,1172.4,3.46,51.24,1745.9,1.55,60.62,5.7,17.89,0,Normal
2024-01-01 05:55:00,25.9,51.23,1145.2,3.56,50.58,1624.5,1.36,60.32,6.16,15.83,0,Normal
2024-01-01 05:56:00,26.75,51.3,1213.3,3.61,49.61,1760.5,1.43,60.8,6.4,17.64,0,Normal
2024-01-01 05:57:00,26.98,51.52,1169.7,3.32,50.22,1675.3,1.63,62.73,7.06,18.44,0,Normal
2024-01-01 05:58:00,26.88,48.28,1154.1,3.38,50.78,1730.3,1.44,61.54,6.02,17.0,0,Normal
2024-01-01 05:59:00,26.6,51.02,1130.6,3.17,50.73,1643.7,1.47,60.83,5.77,16.36,0,Normal
2024-01-01 06:00:00,26.38,51.36,1129.1,3.71,58.1,2221.3,1.84,63.54,7.54,23.45,0,Normal
2024-01-01 06:01:00,26.24,52.09,1124.1,3.43,58.74,2288.0,1.96,64.54,8.65,25.11,0,Normal
2024-01-01 06:02:00,27.28,49.34,1199.9,3.59,56.18,2182.1,1.72,62.6,7.92,22.95,0,Normal
2024-01-01 06:03:00,26.22,47.59,1144.9,3.78,56.92,2187.2,1.8,63.9,8.32,23.81,0,Normal
2024-01-01 06:04:00,26.08,50.53,1155.7,3.54,56.68,2274.9,1.94,65.04,7.89,25.23,0,Normal
2024-01-01 06:05:00,26.95,47.45,1196.9,3.48,55.02,2190.3,1.86,64.54,8.01,23.9,0,Normal
2024-01-01 06:06:00,26.25,50.15,1086.0,3.54,56.85,2200.1,1.87,63.65,7.8,24.16,0,Normal
2024-01-01 06:07:00,26.19,52.02,1175.8,3.51,55.25,2174.2,1.9,63.57,8.23,24.77,0,Normal
2024-01-01 06:08:00,25.97,51.41,1140.8,3.75,56.13,2176.8,1.77,63.0,7.91,23.47,0,Normal
2024-01-01 06:09:00,26.47,51.77,1160.4,3.56,54.22,2123.5,1.69,61.24,6.96,22.78,0,Normal
2024-01-01 06:10:00,26.7,50.16,1133.3,3.39,56.41,2142.8,1.77,62.46,7.66,23.47,0,Normal
2024-01-01 06:11:00,26.89,47.36,1138.8,3.71,56.46,2192.3,1.64,62.57,7.08,22.98,0,Normal
2024-01-01 06:12:00,27.26,44.84,1177.5,3.75,57.91,2324.6,2.06,65.44,8.14,26.38,0,Normal
2024-01-01 06:13:00,27.08,49.19,1221.1,3.23,55.52,2269.6,1.89,64.26,7.7,25.64,0,Normal
2024-01-01 06:14:00,26.74,49.25,1179.9,3.81,57.67,2402.2,1.84,63.35,8.2,25.85,0,Normal
2024-01-01 06:15:00,26.76,48.07,1186.9,3.57,54.36,2124.3,1.69,62.27,7.36,22.7,0,Normal
2024-01-01 06:16:00,27.14,46.3,1158.0,3.56,58.05,2240.2,1.89,64.02,8.19,24.8,0,Normal
2024-01-01 06:17:00,27.54,47.02,1155.9,3.7,55.81,2188.9,1.94,63.99,7.98,25.19,0,Normal
2024-01-01 06:18:00,26.99,48.82,1140.4,3.39,58.78,2336.5,2.02,65.5,8.52,26.59,0,Normal
2024-01-01 06:19:00,26.72,50.6,1142.2,3.69,54.84,2108.7,1.97,63.37,7.84,24.73,0,Normal
2024-01-01 06:20:00,26.48,50.31,1098.3,3.42,55.98,2139.0,1.84,62.87,7.37,24.09,0,Normal
2024-01-01 06:21:00,26.28,52.81,1127.5,3.21,55.88,2147.9,2.11,65.04,8.07,25.66,0,Normal
2024-01-01 06:22:00,27.36,46.9,1153.2,3.3,54.87,2019.2,1.86,62.68,7.87,22.7,0,Normal
2024-01-01 06:23:00,27.34,49.81,1162.4,3.61,56.06,2195.9,1.85,62.42,7.82,24.21,0,Normal
2024-01-01 06:24:00,27.36,48.52,1170.6,3.31,55.66,2201.7,2.06,63.84,8.23,25.52,0,Normal
2024-01-01 06:25:00,27.03,50.08,1169.8,3.82,55.75,2241.7,1.89,63.77,8.11,24.99,0,Normal
2024-01-01 06:26:00,27.83,46.96,1176.1,3.74,56.67,2234.1,1.89,64.47,8.29,25.61,0,Normal
2024-01-01 06:27:00,26.9,50.88,1143.6,3.77,58.1,2351.7,2.16,66.25,8.75,29.05,0,Normal
2024-01-01 06:28:00,27.65,48.38,1123.9,3.52,58.34,2323.4,1.94,65.62,8.63,26.27,0,Normal
2024-01-01 06:29:00,27.17,47.77,1149.1,3.55,55.98,2175.1,1.72,63.04,7.83,23.84,0,Normal
2024-01-01 06:30:00,26.91,49.24,1134.0,3.26,56.28,2104.8,1.81,63.68,7.85,23.89,0,Normal
2024-01-01 06:31:00,27.54,47.77,1182.4,3.7,56.62,2239.1,2.01,64.56,8.31,26.87,0,Normal
2024-01-01 06:32:00,27.47,48.99,1192.1,3.58,54.84,2116.9,1.89,63.67,7.37,24.83,0,Normal
2024-01-01 06:33:00,27.47,46.49,1192.8,3.61,57.25,2287.0,1.85,65.36,7.79,26.29,0,Normal
2024-01-01 06:34:00,27.35,48.42,1186.0,3.84,56.33,2264.9,1.57,62.34,7.62,23.81,0,Normal
2024-01-01 06:35:00,27.32,49.12,1163.0,3.38,56.03,2194.7,1.86,64.05,8.35,24.93,0,Normal
2024-01-01 06:36:00,28.55,46.35,1178.0,3.47,56.2,2002.8,1.64,61.75,7.21,22.68,0,Normal
2024-01-01 06:37:00,27.98,49.36,1160.8,3.57,58.35,2243.7,1.88,64.46,8.25,26.38,0,Normal
2024-01-01 06:38:00,27.77,48.88,1137.7,3.31,56.61,2175.6,1.8,64.0,7.23,25.1,0,Normal
2024-01-01 06:39:00,27.49,48.21,1194.5,3.46,57.43,2291.5,1.8,64.37,8.16,26.38,0,Normal
2024-01-01 06:40:00,27.96,47.7,1174.8,3.6,54.99,2027.7,1.88,64.2,7.51,23.93,0,Normal
2024-01-01 06:41:00,27.74,48.22,1143.6,3.43,56.96,2142.4,1.79,63.43,6.96,24.99,0,Normal
2024-01-01 06:42:00,27.52,48.78,1149.6,3.76,56.55,2230.8,1.95,64.28,8.18,26.68,0,Normal
2024-01-01 06:43:00,27.37,45.69,1145.8,3.2,56.99,2195.8,1.95,64.38,7.55,26.06,0,Normal
2024-01-01 06:44:00,27.51,47.73,1171.3,3.72,55.62,2190.5,1.66,62.64,7.4,24.21,0,Normal
2024-01-01 06:45:00,25.99,48.7,1166.4,3.63,55.54,2214.1,1.86,64.6,8.18,26.49,0,Normal
2024-01-01 06:46:00,27.7,49.75,1165.3,3.39,54.72,2084.8,1.74,63.67,7.48,23.84,0,Normal
2024-01-01 06:47:00,27.38,48.33,1111.2,3.32,57.61,2209.5,1.94,64.97,7.97,27.58,0,Normal
2024-01-01 06:48:00,28.44,46.22,1184.1,3.08,57.1,2211.6,2.04,66.4,8.03,27.62,0,Normal
2024-01-01 06:49:00,27.68,49.23,1169.6,3.34,57.2,2185.5,1.84,61.98,7.8,26.13,0,Normal
2024-01-01 06:50:00,27.1,49.56,1156.3,3.71,57.11,2213.2,1.67,62.5,7.83,25.19,0,Normal
2024-01-01 06:51:00,27.69,46.17,1158.1,3.49,55.28,2163.8,1.8,63.37,7.34,25.7,0,Normal
2024-01-01 06:52:00,27.21,48.61,1169.7,3.73,55.37,2047.2,1.77,62.72,7.77,24.29,0,Normal
2024-01-01 06:53:00,28.0,46.8,1181.6,3.38,58.21,2314.7,1.93,63.82,8.0,27.73,0,Normal
2024-01-01 06:54:00,27.93,44.81,1178.0,3.64,56.33,2197.2,1.83,62.47,7.36,26.93,0,Normal
2024-01-01 06:55:00,28.29,45.75,1196.0,3.36,56.08,2136.0,2.01,64.43,8.22,26.69,0,Normal
2024-01-01 06:56:00,27.44,48.04,1158.0,3.31,58.43,2312.0,2.04,65.75,8.35,28.87,0,Normal
2024-01-01 06:57:00,27.87,47.36,1165.3,3.48,56.54,2124.8,1.83,64.25,7.77,25.74,0,Normal
2024-01-01 06:58:00,27.19,46.53,1198.4,3.37,56.41,2223.7,1.92,63.67,8.23,27.65,0,Normal
2024-01-01 06:59:00,28.25,48.58,1199.0,3.19,56.71,2197.9,1.9,64.26,7.76,27.21,0,Normal
2024-01-01 07:00:00,28.18,46.82,1204.3,3.46,57.08,2313.0,1.86,64.87,8.23,28.69,0,Normal
2024-01-01 07:01:00,28.19,47.01,1214.5,3.52,56.87,2351.3,1.86,62.83,8.44,27.82,0,Normal
2024-01-01 07:02:00,27.97,47.95,1192.6,3.75,55.44,2115.9,1.75,62.96,8.05,24.98,0,Normal
2024-01-01 07:03:00,28.2,45.76,1207.2,3.69,55.91,2279.7,1.92,64.31,7.95,27.93,0,Normal
2024-01-01 07:04:00,28.82,46.51,1156.9,3.74,58.82,2188.3,1.94,64.6,8.01,27.38,0,Normal
2024-01-01 07:05:00,27.9,46.94,1183.0,3.64,56.4,2276.2,1.83,64.24,8.2,27.65,0,Normal
2024-01-01 07:06:00,28.13,45.72,1178.1,3.57,56.02,2083.3,1.87,62.8,7.73,26.37,0,Normal
2024-01-01 07:07:00,27.54,48.98,1212.8,3.25,56.62,2306.0,2.04,64.2,8.3,30.05,0,Normal
2024-01-01 07:08:00,27.67,50.12,1196.7,3.53,56.7,2219.3,1.88,64.46,8.47,27.56,0,Normal
2024-01-01 07:09:00,28.18,48.06,1167.8,3.62,54.95,2059.1,1.36,59.6,6.48,21.63,0,Normal
2024-01-01 07:10:00,28.71,47.41,1203.4,3.79,55.68,2044.4,1.58,62.72,6.82,24.04,0,Normal
2024-01-01 07:11:00,28.05,46.43,1185.2,3.64,54.66,2099.2,1.56,62.19,6.76,24.19,0,Normal
2024-01-01 07:12:00,28.08,44.76,1193.0,3.75,56.69,2184.6,1.85,64.36,8.26,26.78,0,Normal
2024-01-01 07:13:00,28.02,49.5,1154.9,3.29,56.1,2246.5,1.95,64.01,8.24,28.65,0,Normal
2024-01-01 07:14:00,27.98,50.42,1188.6,3.43,57.11,2349.8,1.88,64.42,7.88,29.05,0,Normal
2024-01-01 07:15:00,28.42,48.87,1182.6,3.59,57.19,2200.5,1.89,63.29,7.97,27.87,0,Normal
2024-01-01 07:16:00,27.54,47.62,1177.9,3.73,57.69,2314.9,1.76,63.13,8.12,28.41,0,Normal
2024-01-01 07:17:00,28.95,43.85,1181.0,3.47,56.46,2095.2,1.7,62.96,6.87,25.47,0,Normal
2024-01-01 07:18:00,28.0,45.7,1165.4,3.48,55.48,2087.1,1.7,62.16,7.5,25.59,0,Normal
2024-01-01 07:19:00,28.72,43.48,1223.7,3.64,56.06,2168.8,1.85,63.87,7.46,26.72,0,Normal
2024-01-01 07:20:00,27.75,47.6,1148.6,3.27,57.12,2210.2,2.1,64.51,8.46,29.24,0,Normal
2024-01-01 07:21:00,28.74,48.38,1170.3,3.82,58.64,2216.0,1.79,63.9,7.68,27.32,0,Normal
2024-01-01 07:22:00,28.76,45.72,1194.0,3.32,55.92,2050.9,1.94,65.48,7.74,26.52,0,Normal
2024-01-01 07:23:00,28.64,46.6,1173.5,3.12,57.35,2179.6,2.01,63.93,8.49,28.83,0,Normal
2024-01-01 07:24:00,27.97,49.41,1157.4,3.5,55.86,2047.1,1.78,63.27,7.77,25.94,0,Normal
2024-01-01 07:25:00,28.62,45.58,1195.0,3.84,57.6,2290.6,1.85,62.81,8.32,28.58,0,Normal
2024-01-01 07:26:00,27.92,50.49,1140.9,3.62,58.07,2193.2,1.85,63.42,7.99,28.49,0,Normal
2024-01-01 07:27:00,28.41,49.55,1163.0,3.65,56.6,2156.9,1.84,64.25,7.37,27.5,0,Normal
2024-01-01 07:28:00,29.08,45.17,1252.9,3.51,54.97,2159.2,1.86,63.39,7.61,27.39,0,Normal
2024-01-01 07:29:00,28.98,44.67,1211.1,3.47,56.78,2068.5,1.71,63.55,7.45,25.84,0,Normal
2024-01-01 07:30:00,28.61,47.24,1173.6,3.19,57.21,2229.3,1.98,64.9,8.07,29.64,0,Normal
2024-01-01 07:31:00,28.14,46.53,1193.2,3.05,58.41,2267.7,2.28,66.47,8.19,32.15,0,Normal
2024-01-01 07:32:00,28.97,43.82,1213.6,3.54,55.83,2165.8,1.83,62.87,7.9,28.14,0,Normal
2024-01-01 07:33:00,28.68,48.0,1218.5,3.76,56.56,2219.9,1.83,64.19,7.58,28.9,0,Normal
2024-01-01 07:34:00,27.53,49.97,1167.5,3.57,56.79,2176.5,1.96,64.65,8.46,28.72,0,Normal
2024-01-01 07:35:00,29.11,45.54,1226.5,3.62,55.91,2071.2,1.68,61.68,7.47,26.82,0,Normal
2024-01-01 07:36:00,28.72,44.1,1143.5,3.82,57.78,2164.8,1.79,62.93,8.16,28.49,0,Normal
2024-01-01 07:37:00,29.36,43.01,1180.8,3.57,55.9,2070.9,1.83,61.67,7.88,26.61,0,Normal
2024-01-01 07:38:00,28.23,47.04,1188.8,3.48,56.43,2137.0,1.95,63.43,8.52,28.85,0,Normal
2024-01-01 07:39:00,27.21,47.96,1172.5,3.34,54.74,2120.3,1.58,61.77,7.38,25.62,0,Normal
2024-01-01 07:40:00,28.96,45.05,1176.5,3.9,58.78,2310.3,1.82,63.14,8.14,29.75,0,Normal
2024-01-01 07:41:00,28.99,47.05,1206.3,3.61,56.48,2222.8,1.75,62.61,7.73,27.88,0,Normal
2024-01-01 07:42:00,28.02,48.36,1164.9,3.31,56.49,2109.6,1.86,64.79,8.18,27.72,0,Normal
2024-01-01 07:43:00,28.4,48.65,1181.1,3.27,56.07,2236.4,1.85,64.48,7.56,29.6,0,Normal
2024-01-01 07:44:00,30.29,41.69,1251.4,3.75,56.59,2227.8,1.88,63.49,7.74,28.85,0,Normal
2024-01-01 07:45:00,28.78,45.38,1218.3,3.29,56.74,2209.6,1.96,65.0,8.14,29.83,0,Normal
2024-01-01 07:46:00,29.32,46.06,1181.5,3.87,57.28,2222.2,1.89,64.97,8.01,29.17,0,Normal
2024-01-01 07:47:00,28.65,46.8,1166.6,2.95,58.05,2170.1,2.18,66.32,8.61,32.11,0,Normal
2024-01-01 07:48:00,27.95,49.69,1168.8,3.78,55.87,2172.2,1.82,63.74,7.37,28.59,0,Normal
2024-01-01 07:49:00,28.93,46.25,1198.0,3.6,56.12,2144.2,1.76,63.97,7.65,28.28,0,Normal
2024-01-01 07:50:00,28.91,48.44,1181.7,3.52,57.92,2136.0,1.87,64.62,7.85,29.01,0,Normal
2024-01-01 07:51:00,28.86,46.56,1223.2,3.46,53.29,2004.8,1.61,61.19,6.71,25.45,0,Normal
2024-01-01 07:52:00,29.02,47.05,1209.2,3.88,55.84,2131.1,1.57,61.93,7.68,26.33,0,Normal
2024-01-01 07:53:00,29.24,44.59,1214.9,3.64,57.67,2248.6,1.98,64.32,8.21,31.8,0,Normal
2024-01-01 07:54:00,29.05,45.43,1169.3,3.32,58.66,2324.8,2.05,66.02,8.49,31.98,0,Normal
2024-01-01 07:55:00,28.51,47.74,1219.5,3.16,55.23,2179.7,1.78,62.8,7.45,27.73,0,Normal
2024-01-01 07:56:00,29.41,47.18,1137.7,3.54,59.39,2219.0,2.0,64.51,8.21,30.75,0,Normal
2024-01-01 07:57:00,28.21,48.01,1205.1,3.5,56.34,2235.0,1.86,64.53,7.67,29.54,0,Normal
2024-01-01 07:58:00,28.18,46.85,1207.0,3.2,58.64,2468.8,1.98,64.99,9.0,33.85,0,Normal
2024-01-01 07:59:00,29.6,46.49,1201.2,3.49,58.35,2260.3,1.82,65.32,8.44,30.22,0,Normal
2024-01-01 08:00:00,29.5,41.31,1241.9,3.39,61.7,2622.3,2.24,66.06,10.05,5.33,0,Normal
2024-01-01 08:01:00,29.24,42.93,1203.3,3.5,60.45,2593.0,2.24,66.15,9.53,5.08,0,Normal
2024-01-01 08:02:00,28.59,47.25,1193.4,3.65,60.49,2556.5,2.24,67.29,9.22,5.14,0,Normal
2024-01-01 08:03:00,28.96,45.6,1207.7,3.8,62.91,2650.2,2.32,66.39,9.64,5.27,0,Normal
2024-01-01 08:04:00,29.2,46.05,1283.7,3.68,59.28,2574.9,2.18,66.97,9.37,5.86,0,Normal
2024-01-01 08:05:00,28.56,46.4,1224.7,3.36,59.64,2460.0,2.15,65.09,9.05,5.39,0,Normal
2024-01-01 08:06:00,29.0,46.35,1217.6,3.57,61.2,2566.2,2.38,67.83,9.5,5.86,0,Normal
2024-01-01 08:07:00,29.72,42.98,1191.6,3.51,61.7,2522.3,2.28,65.61,9.31,5.88,0,Normal
2024-01-01 08:08:00,30.13,44.32,1226.2,3.23,64.17,2785.4,2.55,68.81,10.74,5.55,0,Normal
2024-01-01 08:09:00,29.23,46.59,1184.2,3.58,62.98,2694.9,2.39,66.73,9.82,5.62,0,Normal
2024-01-01 08:10:00,29.83,45.83,1237.2,3.87,62.02,2629.5,2.15,67.53,9.89,5.52,0,Normal
2024-01-01 08:11:00,28.52,49.39,1193.9,3.51,63.41,2746.2,2.39,67.01,10.14,6.32,0,Normal
2024-01-01 08:12:00,29.83,44.38,1188.4,3.18,63.68,2615.1,2.22,66.24,9.54,5.44,0,Normal
2024-01-01 08:13:00,29.11,45.71,1204.3,3.51,62.36,2632.4,2.26,67.24,9.4,5.59,0,Normal
2024-01-01 08:14:00,29.69,41.97,1192.6,3.26,64.22,2795.1,2.71,69.26,10.54,5.99,0,Normal
2024-01-01 08:15:00,29.43,43.93,1212.4,3.67,64.06,2735.4,2.38,68.25,10.24,5.62,0,Normal
2024-01-01 08:16:00,30.24,42.99,1203.2,3.6,62.21,2589.2,2.25,66.29,9.41,5.83,0,Normal
2024-01-01 08:17:00,29.16,46.79,1203.9,3.47,62.75,2625.3,2.42,67.27,10.08,6.66,0,Normal
2024-01-01 08:18:00,29.93,42.91,1237.3,3.43,62.71,2633.5,2.37,67.51,9.65,6.51,0,Normal
2024-01-01 08:19:00,29.5,45.8,1208.6,3.46,61.44,2516.6,2.14,65.19,9.17,6.05,0,Normal
2024-01-01 08:20:00,29.58,44.46,1201.7,3.5,62.76,2676.2,2.34,67.66,9.45,6.74,0,Normal
2024-01-01 08:21:00,29.58,44.19,1216.7,3.35,64.21,2756.4,2.36,68.3,10.29,7.37,0,Normal
2024-01-01 08:22:00,29.27,45.39,1222.9,3.22,60.52,2557.6,2.31,67.3,9.33,6.6,0,Normal
2024-01-01 08:23:00,29.71,43.64,1186.4,3.73,63.51,2653.9,2.2,67.11,10.17,7.14,0,Normal
2024-01-01 08:24:00,29.7,43.59,1220.5,3.42,63.11,2587.7,2.41,66.49,9.98,7.01,0,Normal
2024-01-01 08:25:00,29.87,41.37,1250.4,3.53,60.86,2548.9,2.14,65.69,9.26,6.51,0,Normal
2024-01-01 08:26:00,29.81,43.66,1230.6,3.56,62.03,2614.2,2.18,66.2,9.86,6.81,0,Normal
2024-01-01 08:27:00,30.19,42.64,1225.2,3.56,61.48,2524.7,2.18,67.31,9.39,6.97,0,Normal
2024-01-01 08:28:00,30.27,42.44,1241.4,3.27,62.36,2610.9,2.4,67.25,10.05,6.67,0,Normal
2024-01-01 08:29:00,29.3,45.58,1217.4,3.16,61.97,2622.8,2.27,65.27,9.34,5.92,0,Normal
2024-01-01 08:30:00,30.28,44.18,0.0,3.38,96.0,2700.8,3.33,76.43,13.45,7.26,1,A1_Fan_Failure
2024-01-01 08:31:00,29.27,45.36,0.0,3.58,96.0,2649.5,3.31,76.51,13.33,6.77,1,A1_Fan_Failure
2024-01-01 08:32:00,30.18,44.87,0.0,3.35,96.0,2632.4,3.49,76.51,12.88,7.5,1,A1_Fan_Failure
2024-01-01 08:33:00,30.21,44.18,0.0,3.43,96.0,2556.1,3.03,76.06,13.14,6.92,1,A1_Fan_Failure
2024-01-01 08:34:00,28.97,45.11,0.0,3.93,96.0,2571.4,3.22,75.39,12.58,8.15,1,A1_Fan_Failure
2024-01-01 08:35:00,29.99,43.03,0.0,3.13,96.0,2681.7,3.42,77.95,12.98,7.6,1,A1_Fan_Failure
2024-01-01 08:36:00,29.73,44.66,0.0,3.35,96.0,2623.1,3.3,76.17,12.26,8.28,1,A1_Fan_Failure
2024-01-01 08:37:00,29.6,45.28,0.0,3.88,96.0,2578.5,3.11,76.88,12.96,8.28,1,A1_Fan_Failure
2024-01-01 08:38:00,30.67,44.58,0.0,3.49,96.0,2648.9,3.28,76.65,12.66,8.51,1,A1_Fan_Failure
2024-01-01 08:39:00,29.69,46.04,0.0,3.36,96.0,2661.4,3.43,77.36,13.18,7.68,1,A1_Fan_Failure
2024-01-01 08:40:00,29.63,43.55,0.0,3.73,96.0,2574.7,3.16,76.47,13.11,8.67,1,A1_Fan_Failure
2024-01-01 08:41:00,30.09,43.38,0.0,3.51,96.0,2700.4,3.51,77.46,13.56,8.84,1,A1_Fan_Failure
2024-01-01 08:42:00,30.41,43.96,0.0,3.43,96.0,2616.5,3.38,77.82,13.01,8.91,1,A1_Fan_Failure
2024-01-01 08:43:00,30.02,45.27,0.0,3.54,96.0,2664.0,3.34,76.81,12.76,9.44,1,A1_Fan_Failure
2024-01-01 08:44:00,30.69,43.86,0.0,3.37,96.0,2585.0,3.3,76.54,13.01,9.0,1,A1_Fan_Failure
2024-01-01 08:45:00,30.39,42.9,0.0,3.3,96.0,2532.0,3.43,77.63,13.33,8.32,1,A1_Fan_Failure
2024-01-01 08:46:00,29.06,43.52,0.0,3.48,96.0,2528.2,3.39,76.67,13.23,9.11,1,A1_Fan_Failure
2024-01-01 08:47:00,29.9,42.39,0.0,3.3,96.0,2699.5,3.3,76.78,13.8,8.43,1,A1_Fan_Failure
2024-01-01 08:48:00,29.9,44.29,0.0,3.5,96.0,2651.6,3.25,76.88,12.92,9.03,1,A1_Fan_Failure
2024-01-01 08:49:00,30.44,43.43,0.0,3.57,96.0,2557.2,3.31,75.36,12.6,8.88,1,A1_Fan_Failure
2024-01-01 08:50:00,28.9,44.03,0.0,3.67,96.0,2708.2,3.4,78.28,13.49,9.4,1,A1_Fan_Failure
2024-01-01 08:51:00,31.51,41.05,0.0,3.73,96.0,2476.1,3.12,76.48,12.69,8.41,1,A1_Fan_Failure
2024-01-01 08:52:00,30.52,43.72,0.0,3.42,96.0,2667.6,3.28,75.52,13.18,8.86,1,A1_Fan_Failure
2024-01-01 08:53:00,30.34,41.36,0.0,3.6,96.0,2507.3,3.21,75.02,12.56,9.11,1,A1_Fan_Failure
2024-01-01 08:54:00,30.88,43.78,0.0,3.6,96.0,2615.4,3.42,78.21,12.43,9.55,1,A1_Fan_Failure
2024-01-01 08:55:00,31.48,40.48,0.0,3.57,96.0,2620.7,3.29,77.4,12.79,9.48,1,A1_Fan_Failure
2024-01-01 08:56:00,30.76,44.23,0.0,3.4,96.0,2594.7,3.19,76.73,13.1,10.17,1,A1_Fan_Failure
2024-01-01 08:57:00,30.81,41.44,0.0,3.29,96.0,2644.1,3.39,76.46,13.34,10.08,1,A1_Fan_Failure
2024-01-01 08:58:00,30.42,41.4,0.0,3.6,96.0,2717.8,3.41,78.85,13.71,10.29,1,A1_Fan_Failure
2024-01-01 08:59:00,30.3,42.47,0.0,3.16,96.0,2556.5,3.36,76.78,13.16,9.83,1,A1_Fan_Failure
2024-01-01 09:00:00,30.15,43.29,0.0,3.45,96.0,2668.8,3.47,78.1,13.62,9.76,1,A1_Fan_Failure
2024-01-01 09:01:00,29.99,43.13,0.0,2.99,96.0,2533.2,3.51,78.34,13.4,10.24,1,A1_Fan_Failure
2024-01-01 09:02:00,30.08,43.23,0.0,3.23,96.0,2611.8,3.37,78.49,13.18,11.06,1,A1_Fan_Failure
2024-01-01 09:03:00,29.76,44.63,0.0,3.32,96.0,2783.3,3.46,77.94,13.62,10.76,1,A1_Fan_Failure
2024-01-01 09:04:00,30.42,42.69,0.0,3.72,96.0,2465.9,2.96,75.28,11.56,10.28,1,A1_Fan_Failure
2024-01-01 09:05:00,29.63,44.27,1246.4,3.64,61.39,2542.9,2.3,66.92,9.23,9.87,0,Normal
2024-01-01 09:06:00,30.59,40.08,1253.8,3.39,63.56,2732.5,2.4,66.96,9.89,10.0,0,Normal
2024-01-01 09:07:00,30.49,43.41,1225.7,3.65,63.98,2600.8,2.25,65.37,9.64,9.62,0,Normal
2024-01-01 09:08:00,30.6,42.49,1203.8,3.68,63.74,2675.5,2.26,67.07,9.54,9.32,0,Normal
2024-01-01 09:09:00,30.28,45.62,1267.2,3.47,63.14,2567.6,2.34,66.43,9.93,9.63,0,Normal
2024-01-01 09:10:00,32.09,38.52,1255.9,3.22,63.78,2575.6,2.28,67.42,9.38,9.62,0,Normal
2024-01-01 09:11:00,31.25,38.74,1233.2,3.46,63.83,2581.0,2.23,66.96,9.93,9.9,0,Normal
2024-01-01 09:12:00,29.97,44.69,1175.9,3.48,64.24,2708.4,2.4,68.0,9.79,9.66,0,Normal
2024-01-01 09:13:00,30.72,42.92,1242.9,3.25,64.0,2689.8,2.4,67.13,9.84,10.01,0,Normal
2024-01-01 09:14:00,30.32,41.62,1230.0,3.57,63.68,2676.4,2.38,68.44,9.74,10.42,0,Normal
2024-01-01 09:15:00,30.13,41.18,1184.7,3.56,64.05,2615.3,2.26,67.43,9.58,9.82,0,Normal
2024-01-01 09:16:00,29.98,46.04,1230.9,3.59,62.1,2534.5,2.37,66.63,9.89,9.83,0,Normal
2024-01-01 09:17:00,30.88,44.23,1225.2,3.56,62.15,2653.3,2.36,68.86,9.67,10.07,0,Normal
2024-01-01 09:18:00,30.34,39.35,1294.1,3.65,62.12,2676.2,2.34,67.19,9.71,10.4,0,Normal
2024-01-01 09:19:00,31.18,40.89,1229.4,3.46,62.03,2605.5,2.22,65.68,9.3,9.36,0,Normal
2024-01-01 09:20:00,31.21,44.02,1233.3,3.54,63.42,2700.5,2.6,68.44,10.14,10.7,0,Normal
2024-01-01 09:21:00,31.42,40.44,1226.4,3.42,65.6,2833.1,2.5,67.57,10.59,11.57,0,Normal
2024-01-01 09:22:00,30.32,42.39,1258.3,3.38,64.39,2743.1,2.39,68.82,10.08,11.08,0,Normal
2024-01-01 09:23:00,31.0,41.48,1230.6,3.77,63.16,2607.9,2.31,67.99,9.65,10.86,0,Normal
2024-01-01 09:24:00,31.09,40.06,1223.7,3.09,64.61,2691.4,2.56,69.38,10.54,10.55,0,Normal
2024-01-01 09:25:00,30.55,40.15,1248.7,3.68,62.17,2645.2,2.17,66.71,9.63,10.52,0,Normal
2024-01-01 09:26:00,30.42,44.53,1193.9,3.38,60.96,2445.5,2.4,68.4,8.98,10.69,0,Normal
2024-01-01 09:27:00,31.62,38.01,1268.1,3.35,62.15,2635.6,2.44,67.71,9.8,11.32,0,Normal
2024-01-01 09:28:00,30.95,42.36,1283.5,3.55,60.58,2506.3,2.16,66.34,8.98,11.05,0,Normal
2024-01-01 09:29:00,31.17,42.93,1257.5,3.2,61.96,2577.6,2.59,68.17,10.02,11.85,0,Normal
2024-01-01 09:30:00,30.45,40.71,1245.0,3.34,61.87,2598.2,2.39,67.49,9.71,11.08,0,Normal
2024-01-01 09:31:00,30.27,41.83,1247.1,3.33,63.57,2716.0,2.44,68.36,10.42,11.47,0,Normal
2024-01-01 09:32:00,30.61,44.43,1274.9,3.46,62.41,2668.5,2.56,66.48,9.82,12.37,0,Normal
2024-01-01 09:33:00,30.84,42.98,1267.1,3.34,61.95,2624.0,2.4,67.18,9.68,11.4,0,Normal
2024-01-01 09:34:00,30.39,42.07,1238.8,3.82,62.74,2656.5,2.3,67.26,9.44,11.15,0,Normal
2024-01-01 09:35:00,30.93,43.83,1261.2,3.86,60.83,2468.3,2.02,65.24,8.92,10.7,0,Normal
2024-01-01 09:36:00,30.11,45.32,1200.0,3.1,63.74,2609.1,2.47,67.91,9.45,12.41,0,Normal
2024-01-01 09:37:00,30.4,43.38,1247.5,3.61,63.23,2716.1,2.3,67.64,10.01,11.51,0,Normal
2024-01-01 09:38:00,31.31,39.99,1221.1,3.67,62.05,2531.6,2.32,66.71,9.47,11.4,0,Normal
2024-01-01 09:39:00,31.29,40.75,1236.7,3.61,64.72,2709.1,2.22,66.09,9.96,11.56,0,Normal
2024-01-01 09:40:00,30.81,42.67,1159.1,3.37,64.73,2619.3,2.54,69.6,10.32,12.67,0,Normal
2024-01-01 09:41:00,30.51,42.5,1240.2,3.45,61.62,2599.6,2.18,67.07,9.5,11.83,0,Normal
2024-01-01 09:42:00,30.52,44.17,1214.3,3.35,64.41,2671.0,2.42,67.65,9.65,12.71,0,Normal
2024-01-01 09:43:00,30.86,39.86,1265.0,3.42,64.68,2814.6,2.47,68.34,10.23,13.44,0,Normal
2024-01-01 09:44:00,31.38,38.97,1257.4,3.26,63.1,2658.9,2.36,68.14,9.83,11.73,0,Normal
2024-01-01 09:45:00,31.54,41.2,1278.8,3.48,61.98,2685.6,2.4,67.64,9.77,12.2,0,Normal
2024-01-01 09:46:00,30.84,41.45,1209.7,3.2,62.71,2590.0,2.38,67.98,9.65,12.18,0,Normal
2024-01-01 09:47:00,30.52,41.82,1256.4,3.46,62.85,2513.7,2.19,66.84,9.84,11.99,0,Normal
2024-01-01 09:48:00,31.25,38.8,1297.6,3.25,61.93,2734.5,2.44,67.65,10.04,13.12,0,Normal
2024-01-01 09:49:00,30.71,42.44,1253.4,3.54,61.69,2545.6,2.14,66.48,9.4,11.87,0,Normal
2024-01-01 09:50:00,30.88,42.04,1257.3,3.36,62.69,2606.4,2.28,66.36,9.03,12.25,0,Normal
2024-01-01 09:51:00,31.81,41.41,1260.5,3.56,63.05,2604.1,2.14,66.51,9.71,12.68,0,Normal
2024-01-01 09:52:00,31.58,40.96,1238.4,3.72,63.06,2685.1,2.25,66.83,10.63,12.98,0,Normal
2024-01-01 09:53:00,31.26,41.24,1264.1,3.82,63.18,2645.4,2.3,66.92,10.16,12.97,0,Normal
2024-01-01 09:54:00,30.55,44.47,1193.4,2.99,63.57,2695.8,2.55,67.83,10.04,12.65,0,Normal
2024-01-01 09:55:00,31.31,39.38,1235.7,3.33,63.0,2589.6,2.53,68.58,10.57,13.72,0,Normal
2024-01-01 09:56:00,31.75,41.36,1210.6,3.44,63.59,2670.1,2.64,69.24,10.22,13.74,0,Normal
2024-01-01 09:57:00,31.04,39.32,1223.2,3.59,62.06,2569.4,2.18,65.78,9.49,12.61,0,Normal
2024-01-01 09:58:00,31.91,39.0,1274.3,3.17,63.18,2574.1,2.31,66.16,9.55,12.71,0,Normal
2024-01-01 09:59:00,31.9,38.47,1270.6,3.3,63.33,2633.6,2.5,67.24,9.89,13.38,0,Normal
2024-01-01 10:00:00,32.1,41.1,1263.2,3.53,64.38,2685.7,2.42,67.85,9.38,13.3,0,Normal
2024-01-01 10:01:00,31.43,41.03,1252.8,3.52,62.63,2581.9,2.39,67.85,9.93,12.56,0,Normal
2024-01-01 10:02:00,31.58,40.83,1204.5,3.58,65.75,2719.6,2.47,69.8,10.19,13.65,0,Normal
2024-01-01 10:03:00,32.01,38.43,1250.8,3.59,64.08,2742.0,2.37,67.69,10.04,13.3,0,Normal
2024-01-01 10:04:00,31.53,40.49,1233.6,3.57,64.52,2640.3,2.33,66.4,9.96,13.65,0,Normal
2024-01-01 10:05:00,31.07,40.63,1225.0,3.54,65.09,2760.3,2.49,68.39,10.21,13.93,0,Normal
2024-01-01 10:06:00,31.11,42.28,1257.2,3.51,61.91,2610.0,2.25,67.62,9.62,13.78,0,Normal
2024-01-01 10:07:00,31.46,39.58,1227.8,3.63,61.88,2510.3,2.3,66.54,9.76,12.77,0,Normal
2024-01-01 10:08:00,30.71,44.42,1219.1,3.05,62.07,2495.6,2.23,67.44,9.43,13.77,0,Normal
2024-01-01 10:09:00,31.3,38.85,1193.7,3.81,64.99,2768.6,2.5,68.69,10.31,15.02,0,Normal
2024-01-01 10:10:00,31.93,39.02,1251.2,3.06,64.43,2717.7,2.37,68.23,10.04,13.91,0,Normal
2024-01-01 10:11:00,30.29,45.69,1198.7,3.28,64.48,2629.2,2.44,69.49,10.04,14.29,0,Normal
2024-01-01 10:12:00,32.17,39.15,1265.3,3.45,64.28,2645.8,2.34,66.31,9.64,13.92,0,Normal
2024-01-01 10:13:00,31.97,38.18,1235.7,3.63,63.74,2512.7,2.08,66.61,9.36,13.63,0,Normal
2024-01-01 10:14:00,31.19,41.88,1246.5,2.9,64.81,2834.5,2.5,68.49,10.68,16.0,0,Normal
2024-01-01 10:15:00,31.7,39.92,1250.5,3.49,63.97,2695.5,2.28,66.5,9.92,14.87,0,Normal
2024-01-01 10:16:00,31.44,39.85,1290.7,3.66,61.8,2737.7,2.31,67.0,9.73,14.33,0,Normal
2024-01-01 10:17:00,32.07,38.33,1273.8,3.7,63.7,2705.8,2.27,68.26,9.8,14.64,0,Normal
2024-01-01 10:18:00,31.96,44.33,1213.1,3.36,65.8,2672.9,2.36,68.83,10.27,15.4,0,Normal
2024-01-01 10:19:00,30.77,41.93,1203.9,3.44,63.46,2623.9,2.48,66.88,9.61,15.21,0,Normal
2024-01-01 10:20:00,31.78,37.61,1256.9,3.38,63.29,2517.3,2.17,65.93,9.13,14.49,0,Normal
2024-01-01 10:21:00,31.39,43.44,1224.6,3.42,64.7,2680.1,2.49,69.14,9.67,15.56,0,Normal
2024-01-01 10:22:00,31.55,41.83,1176.7,3.29,67.05,2857.8,2.55,69.1,10.74,16.02,0,Normal
2024-01-01 10:23:00,31.15,40.48,1276.8,3.32,62.88,2781.3,2.35,67.42,10.32,15.38,0,Normal
2024-01-01 10:24:00,32.4,37.98,1286.0,3.59,64.92,2793.8,2.39,66.82,10.68,15.14,0,Normal
2024-01-01 10:25:00,32.05,41.01,1274.1,3.53,62.64,2611.8,2.35,66.9,10.18,14.73,0,Normal
2024-01-01 10:26:00,31.17,41.22,1228.3,3.6,63.22,2581.3,2.13,65.26,9.24,14.12,0,Normal
2024-01-01 10:27:00,30.89,39.22,1248.4,3.54,61.72,2546.1,2.24,65.54,9.48,14.7,0,Normal
2024-01-01 10:28:00,31.37,43.91,1229.8,3.64,63.83,2670.7,2.23,65.99,9.66,15.18,0,Normal
2024-01-01 10:29:00,31.79,39.83,1260.9,3.68,64.35,2698.5,2.27,66.52,10.41,15.43,0,Normal
2024-01-01 10:30:00,31.7,42.88,1231.0,3.15,61.1,2493.6,2.33,66.6,9.74,15.06,0,Normal
2024-01-01 10:31:00,32.22,41.63,1302.2,3.33,63.56,2738.8,2.67,68.8,10.43,16.95,0,Normal
2024-01-01 10:32:00,31.99,38.61,1220.6,3.45,62.97,2616.1,2.23,67.49,9.43,15.11,0,Normal
2024-01-01 10:33:00,32.09,41.48,1292.7,3.5,62.03,2584.1,2.33,66.62,8.56,15.8,0,Normal
2024-01-01 10:34:00,31.78,39.52,1256.6,3.37,62.77,2567.6,2.28,68.05,9.13,15.8,0,Normal
2024-01-01 10:35:00,30.93,39.22,1226.4,3.68,61.96,2501.3,2.11,65.61,8.62,14.95,0,Normal
2024-01-01 10:36:00,31.54,40.3,1254.9,3.9,64.01,2702.8,2.39,68.15,9.6,16.03,0,Normal
2024-01-01 10:37:00,32.17,40.38,1281.8,3.54,62.56,2593.2,2.19,66.8,10.05,15.87,0,Normal
2024-01-01 10:38:00,31.63,40.08,1286.7,3.52,62.15,2539.6,2.12,65.38,8.89,15.3,0,Normal
2024-01-01 10:39:00,31.91,39.8,1266.1,3.67,62.09,2508.4,2.21,66.35,9.0,15.6,0,Normal
2024-01-01 10:40:00,31.51,42.7,1227.9,3.13,63.42,2593.4,2.59,68.56,9.72,17.27,0,Normal
2024-01-01 10:41:00,31.16,41.77,1244.6,3.51,65.14,2765.2,2.54,69.06,11.18,17.48,0,Normal
2024-01-01 10:42:00,31.62,39.51,1297.9,3.7,61.56,2565.2,2.04,65.41,9.18,15.98,0,Normal
2024-01-01 10:43:00,31.85,41.43,1290.6,3.37,61.51,2503.0,2.17,65.74,9.52,15.41,0,Normal
2024-01-01 10:44:00,31.37,41.53,1270.2,3.25,62.79,2642.2,2.49,68.36,9.99,16.65,0,Normal
2024-01-01 10:45:00,31.59,37.06,1271.7,3.46,62.32,2570.9,2.43,68.09,9.1,17.02,0,Normal
2024-01-01 10:46:00,31.25,42.1,1262.4,3.49,60.83,2508.0,2.2,67.66,9.68,15.22,0,Normal
2024-01-01 10:47:00,32.28,40.18,1294.6,3.32,63.18,2678.2,2.35,67.54,10.0,17.52,0,Normal
2024-01-01 10:48:00,31.58,40.88,1240.3,3.92,63.24,2606.1,2.36,67.59,9.72,17.21,0,Normal
2024-01-01 10:49:00,32.46,40.6,1235.4,3.4,64.8,2662.6,2.41,68.34,10.56,17.16,0,Normal
2024-01-01 10:50:00,32.51,38.17,1271.9,3.27,65.51,2780.2,2.49,67.94,10.31,18.31,0,Normal
2024-01-01 10:51:00,31.71,41.12,1233.8,3.48,65.2,2670.5,2.33,66.44,9.95,17.39,0,Normal
2024-01-01 10:52:00,31.26,39.09,1218.7,3.68,63.49,2550.6,2.11,65.94,9.29,15.63,0,Normal
2024-01-01 10:53:00,30.72,43.01,1216.5,3.5,63.04,2544.3,2.55,69.38,10.15,16.95,0,Normal
2024-01-01 10:54:00,31.04,44.76,1302.9,3.6,64.51,2820.6,2.59,69.91,10.77,18.69,0,Normal
2024-01-01 10:55:00,31.09,40.24,1245.3,3.33,62.02,2647.6,2.29,65.67,9.75,17.15,0,Normal
2024-01-01 10:56:00,32.48,38.1,1278.6,3.8,62.58,2619.5,2.39,68.12,9.45,17.9,0,Normal
2024-01-01 10:57:00,31.85,39.3,1226.5,3.61,64.67,2682.9,2.42,66.55,9.96,17.8,0,Normal
2024-01-01 10:58:00,31.99,40.3,1213.8,3.71,64.37,2601.9,2.33,67.84,9.48,16.82,0,Normal
2024-01-01 10:59:00,30.7,40.85,1213.4,3.57,63.35,2589.8,2.21,66.98,9.91,16.77,0,Normal
2024-01-01 11:00:00,31.21,42.15,1280.2,3.66,62.61,2615.7,2.2,65.34,9.08,17.33,0,Normal
2024-01-01 11:01:00,32.26,40.9,1273.6,3.33,62.86,2560.0,2.32,67.98,10.07,16.58,0,Normal
2024-01-01 11:02:00,31.97,40.96,1274.3,3.4,63.11,2595.6,2.13,67.44,9.86,16.43,0,Normal
2024-01-01 11:03:00,31.76,37.88,1273.6,3.77,61.97,2605.2,2.15,66.14,9.16,16.91,0,Normal
2024-01-01 11:04:00,32.12,41.38,1247.6,3.81,63.36,2551.8,2.2,66.72,9.35,17.48,0,Normal
2024-01-01 11:05:00,32.66,40.32,1307.9,3.27,63.41,2643.0,2.54,69.65,9.82,18.43,0,Normal
2024-01-01 11:06:00,31.74,41.82,1238.9,3.55,63.08,2597.1,2.22,65.95,9.7,17.68,0,Normal
2024-01-01 11:07:00,31.89,40.86,1292.9,3.41,63.45,2718.1,2.49,67.57,10.56,18.9,0,Normal
2024-01-01 11:08:00,31.96,40.51,1270.2,3.36,62.43,2375.5,1.98,64.69,9.18,15.98,0,Normal
2024-01-01 11:09:00,33.06,39.74,1236.5,3.56,65.6,2723.5,2.55,68.97,10.23,18.92,0,Normal
2024-01-01 11:10:00,30.82,45.11,1217.7,3.73,64.07,2686.1,2.23,66.92,10.21,18.55,0,Normal
2024-01-01 11:11:00,32.22,38.28,1219.7,3.59,62.99,2484.8,2.22,66.31,9.69,16.77,0,Normal
2024-01-01 11:12:00,31.82,42.04,1285.5,3.44,62.45,2597.4,2.34,67.14,9.6,18.15,0,Normal
2024-01-01 11:13:00,32.17,39.67,1262.7,3.6,62.52,2606.0,2.28,66.62,9.61,18.6,0,Normal
2024-01-01 11:14:00,31.56,40.7,1195.5,3.43,63.44,2533.4,2.28,66.79,10.0,17.58,0,Normal
2024-01-01 11:15:00,31.87,38.03,1266.8,3.58,62.0,2590.8,2.12,65.45,9.69,17.06,0,Normal
2024-01-01 11:16:00,32.25,39.21,1251.7,3.78,63.75,2534.6,2.12,65.68,9.75,16.71,0,Normal
2024-01-01 11:17:00,33.46,35.98,1252.1,3.08,66.52,2809.7,2.77,68.92,11.62,21.04,0,Normal
2024-01-01 11:18:00,32.31,38.84,1308.2,3.66,63.35,2642.7,2.23,66.66,9.86,18.91,0,Normal
2024-01-01 11:19:00,31.49,39.37,1252.4,3.19,64.38,2723.6,2.5,67.15,10.32,19.67,0,Normal
2024-01-01 11:20:00,31.7,39.96,1246.8,3.75,64.65,2721.2,2.2,67.35,10.32,18.35,0,Normal
2024-01-01 11:21:00,31.69,40.04,1243.9,3.37,62.64,2575.4,2.4,67.31,10.29,18.81,0,Normal
2024-01-01 11:22:00,31.03,42.0,1202.7,3.26,64.65,2568.1,2.27,67.14,9.5,19.09,0,Normal
2024-01-01 11:23:00,31.76,38.1,1222.7,3.64,65.11,2646.9,2.44,68.0,10.0,19.08,0,Normal
2024-01-01 11:24:00,32.3,37.39,1298.1,3.57,62.1,2516.8,2.09,65.71,8.9,18.35,0,Normal
2024-01-01 11:25:00,31.3,41.9,1234.1,3.3,63.48,2712.3,2.54,69.54,10.29,19.59,0,Normal
2024-01-01 11:26:00,32.46,38.07,1269.8,3.25,63.28,2596.8,2.39,66.76,10.03,18.91,0,Normal
2024-01-01 11:27:00,32.19,41.38,1212.6,3.46,64.47,2621.9,2.31,66.28,9.53,19.29,0,Normal
2024-01-01 11:28:00,31.58,41.2,1218.6,3.26,64.07,2700.4,2.63,69.29,10.64,21.11,0,Normal
2024-01-01 11:29:00,31.88,41.23,1272.8,3.29,64.24,2754.9,2.49,68.07,10.13,21.06,0,Normal
2024-01-01 11:30:00,32.75,40.86,1284.5,3.52,62.6,2625.0,2.26,67.14,9.48,19.69,0,Normal
2024-01-01 11:31:00,32.32,39.05,1310.3,3.31,63.3,2695.1,2.52,68.97,10.45,21.26,0,Normal
2024-01-01 11:32:00,31.96,39.3,1292.8,3.59,61.45,2511.1,2.03,64.63,8.89,18.29,0,Normal
2024-01-01 11:33:00,31.84,41.69,1251.1,3.8,64.47,2674.7,2.05,66.35,9.22,18.85,0,Normal
2024-01-01 11:34:00,32.0,40.86,1271.9,3.47,63.23,2678.5,2.48,67.52,10.25,21.07,0,Normal
2024-01-01 11:35:00,31.71,40.34,1246.3,3.53,62.13,2540.3,2.15,66.23,9.27,19.56,0,Normal
2024-01-01 11:36:00,30.92,44.14,1289.7,3.9,62.96,2638.5,2.3,66.31,10.09,20.36,0,Normal
2024-01-01 11:37:00,32.99,37.99,1308.6,3.26,61.83,2560.3,2.32,67.24,9.77,19.89,0,Normal
2024-01-01 11:38:00,32.05,40.05,1265.3,3.74,63.53,2687.9,2.19,66.56,9.22,20.53,0,Normal
2024-01-01 11:39:00,32.18,39.82,1268.5,3.71,62.77,2660.6,2.33,66.55,10.19,20.42,0,Normal
2024-01-01 11:40:00,31.95,38.79,1295.1,3.67,63.26,2547.8,2.19,65.6,10.02,19.46,0,Normal
2024-01-01 11:41:00,31.61,40.91,1266.8,3.76,63.53,2739.2,2.22,67.3,10.2,20.76,0,Normal
2024-01-01 11:42:00,31.89,42.39,1296.8,3.56,61.91,2621.3,2.16,65.91,9.79,19.88,0,Normal
2024-01-01 11:43:00,31.19,42.23,1188.9,3.38,62.73,2572.1,2.14,66.9,9.33,19.77,0,Normal
2024-01-01 11:44:00,33.13,38.12,1294.0,3.72,61.48,2473.1,2.16,65.79,9.0,19.18,0,Normal
2024-01-01 11:45:00,31.37,40.99,1234.5,3.73,63.55,2694.6,2.22,67.67,9.86,20.89,0,Normal
2024-01-01 11:46:00,31.47,41.54,1293.4,3.72,60.46,2524.4,2.11,65.12,9.4,19.75,0,Normal
2024-01-01 11:47:00,31.77,41.64,1294.1,3.51,64.69,2717.1,2.4,68.99,10.39,21.66,0,Normal
2024-01-01 11:48:00,32.64,39.87,1273.6,3.36,61.86,2475.6,2.14,66.23,9.02,19.05,0,Normal
2024-01-01 11:49:00,32.0,39.6,1298.4,3.54,65.64,2730.5,2.29,67.73,9.94,21.87,0,Normal
2024-01-01 11:50:00,31.38,41.71,1292.1,3.69,62.08,2687.4,2.52,67.67,9.57,21.42,0,Normal
2024-01-01 11:51:00,32.62,39.7,1274.3,3.7,63.01,2651.0,2.27,67.5,9.92,20.49,0,Normal
2024-01-01 11:52:00,32.36,37.94,1329.0,3.41,62.76,2560.4,2.48,68.7,9.64,21.42,0,Normal
2024-01-01 11:53:00,32.27,39.87,1264.5,3.56,64.52,2643.4,2.47,68.11,9.95,20.81,0,Normal
2024-01-01 11:54:00,32.36,36.22,1261.8,3.24,63.85,2624.0,2.39,66.31,10.38,22.08,0,Normal
2024-01-01 11:55:00,33.2,38.67,1305.6,3.7,63.71,2716.9,2.35,66.8,10.18,21.89,0,Normal
2024-01-01 11:56:00,33.09,39.13,1273.0,3.34,65.13,2683.4,2.48,67.68,10.27,22.75,0,Normal
2024-01-01 11:57:00,31.66,41.84,1255.3,3.66,63.35,2675.0,2.49,68.66,10.3,22.98,0,Normal
2024-01-01 11:58:00,32.81,38.05,1311.5,3.27,62.43,2615.6,2.45,67.63,10.24,21.81,0,Normal
2024-01-01 11:59:00,32.19,40.22,1264.3,3.71,64.12,2626.8,2.21,66.48,9.21,21.68,0,Normal
2024-01-01 12:00:00,32.25,41.79,1222.6,3.56,64.62,2600.1,2.36,67.35,9.67,21.34,0,Normal
2024-01-01 12:01:00,31.15,43.74,1252.3,3.34,60.74,2562.1,2.34,68.15,9.4,21.43,0,Normal
2024-01-01 12:02:00,31.91,40.21,1240.9,3.64,62.58,2527.3,2.09,65.92,8.96,20.13,0,Normal
2024-01-01 12:03:00,31.59,41.04,1273.5,3.38,63.04,2747.9,2.47,68.33,10.07,23.23,0,Normal
2024-01-01 12:04:00,32.41,41.02,1285.7,3.65,61.57,2659.2,2.38,67.06,9.3,22.64,0,Normal
2024-01-01 12:05:00,32.53,36.89,1307.5,3.45,62.19,2697.6,2.26,66.85,10.03,21.9,0,Normal
2024-01-01 12:06:00,30.96,41.49,1261.9,3.16,62.31,2662.5,2.36,66.74,9.64,22.53,0,Normal
2024-01-01 12:07:00,31.99,42.13,1287.0,3.3,62.49,2614.9,2.47,68.34,9.9,23.1,0,Normal
2024-01-01 12:08:00,32.56,40.56,1254.4,3.41,63.82,2579.6,2.3,66.49,9.69,21.94,0,Normal
2024-01-01 12:09:00,31.9,40.83,1278.1,3.77,61.84,2578.0,2.08,66.27,9.46,22.02,0,Normal
2024-01-01 12:10:00,32.36,37.19,1316.4,3.68,63.03,2623.5,2.35,66.97,9.03,22.42,0,Normal
2024-01-01 12:11:00,32.17,39.72,1246.2,3.82,62.23,2556.4,2.22,67.28,9.57,22.24,0,Normal
2024-01-01 12:12:00,32.16,38.92,1308.3,3.83,63.49,2621.6,2.25,68.26,9.6,22.69,0,Normal
2024-01-01 12:13:00,31.86,40.86,1243.4,3.39,61.38,2517.6,2.35,67.25,9.55,21.21,0,Normal
2024-01-01 12:14:00,31.38,40.0,1226.3,3.46,63.14,2722.4,2.51,69.31,9.79,24.46,0,Normal
2024-01-01 12:15:00,31.43,39.59,1256.0,3.42,64.23,2638.9,2.38,68.29,10.03,23.45,0,Normal
2024-01-01 12:16:00,32.34,36.39,1284.7,3.37,62.9,2726.3,2.61,67.96,10.64,24.35,0,Normal
2024-01-01 12:17:00,31.99,41.94,1282.7,3.13,64.89,2713.0,2.7,69.82,10.52,24.99,0,Normal
2024-01-01 12:18:00,31.91,39.66,1234.2,3.5,65.68,2731.3,2.26,67.62,9.85,23.51,0,Normal
2024-01-01 12:19:00,31.77,40.75,1266.2,3.24,64.49,2656.0,2.36,68.1,9.74,23.94,0,Normal
2024-01-01 12:20:00,31.83,40.41,1239.4,3.49,62.71,2509.6,2.01,65.6,9.32,20.84,0,Normal
2024-01-01 12:21:00,32.5,37.6,1232.8,3.92,63.29,2538.8,2.13,66.33,9.54,22.38,0,Normal
2024-01-01 12:22:00,31.81,38.56,1232.9,3.4,63.35,2622.4,2.23,66.83,9.76,22.23,0,Normal
2024-01-01 12:23:00,31.3,39.85,1227.3,3.54,64.35,2636.9,2.27,67.25,9.78,22.35,0,Normal
2024-01-01 12:24:00,32.34,38.4,1279.9,3.68,63.81,2635.5,2.4,67.01,9.96,24.01,0,Normal
2024-01-01 12:25:00,31.86,40.89,1286.1,3.56,61.73,2646.2,2.1,65.68,9.42,22.87,0,Normal
2024-01-01 12:26:00,31.98,38.94,1222.8,3.56,64.67,2668.7,2.39,66.86,9.89,23.83,0,Normal
2024-01-01 12:27:00,32.77,41.34,1284.1,3.43,61.58,2576.7,2.28,66.52,9.72,22.09,0,Normal
2024-01-01 12:28:00,31.95,41.73,1229.6,3.45,64.25,2601.7,2.34,67.16,9.89,22.86,0,Normal
2024-01-01 12:29:00,32.1,41.13,1277.7,3.31,62.71,2555.3,2.34,66.9,9.98,23.35,0,Normal
2024-01-01 12:30:00,31.36,41.07,1231.7,3.67,63.42,2523.5,1.99,64.72,9.54,21.77,0,Normal
2024-01-01 12:31:00,31.84,42.66,1230.5,3.15,63.4,2548.2,2.31,67.49,9.68,23.71,0,Normal
2024-01-01 12:32:00,32.25,39.32,1285.0,3.69,62.2,2554.0,2.35,67.14,9.74,23.54,0,Normal
2024-01-01 12:33:00,31.17,41.56,1228.6,3.22,64.29,2733.6,2.39,67.55,9.83,24.51,0,Normal
2024-01-01 12:34:00,32.04,40.28,1252.9,3.69,62.02,2545.7,2.35,66.37,9.51,23.75,0,Normal
2024-01-01 12:35:00,31.99,41.18,1204.2,3.43,67.9,2808.4,2.45,68.43,10.69,26.23,0,Normal
2024-01-01 12:36:00,31.95,41.14,1282.7,3.25,63.08,2733.7,2.31,68.03,9.47,25.1,0,Normal
2024-01-01 12:37:00,32.45,38.58,1289.5,3.62,63.54,2696.4,2.24,67.73,9.96,24.12,0,Normal
2024-01-01 12:38:00,32.09,39.14,1262.0,3.69,62.85,2462.9,2.27,67.27,9.06,23.3,0,Normal
2024-01-01 12:39:00,32.66,39.87,1235.0,3.41,64.23,2730.9,2.39,67.62,9.85,25.47,0,Normal
2024-01-01 12:40:00,31.42,42.22,1278.6,3.64,61.06,2596.0,2.23,66.94,9.28,23.48,0,Normal
2024-01-01 12:41:00,31.98,39.55,1242.9,3.04,63.86,2624.0,2.5,67.98,9.98,25.58,0,Normal
2024-01-01 12:42:00,31.95,37.81,1247.7,3.24,65.61,2789.1,2.57,68.84,10.12,26.69,0,Normal
2024-01-01 12:43:00,31.37,40.93,1305.2,3.76,61.91,2599.9,2.32,66.66,9.87,24.47,0,Normal
2024-01-01 12:44:00,32.38,40.36,1250.0,3.46,65.56,2698.9,2.53,69.43,10.34,26.11,0,Normal
2024-01-01 12:45:00,33.06,40.91,1299.7,3.13,62.94,2549.9,2.27,67.57,10.11,24.16,0,Normal
2024-01-01 12:46:00,31.88,38.52,1271.7,3.36,63.53,2590.1,2.32,67.36,9.79,25.45,0,Normal
2024-01-01 12:47:00,32.14,39.21,1272.5,3.32,65.1,2731.1,2.67,70.8,10.65,27.06,0,Normal
2024-01-01 12:48:00,31.92,39.66,1265.5,3.47,62.52,2606.2,2.33,67.58,9.41,24.62,0,Normal
2024-01-01 12:49:00,31.52,43.0,1259.8,3.43,64.06,2772.2,2.31,67.59,9.73,26.48,0,Normal
2024-01-01 12:50:00,30.96,41.92,1246.0,3.54,63.71,2710.4,2.23,67.04,10.04,25.35,0,Normal
2024-01-01 12:51:00,31.51,39.62,1248.9,3.49,62.84,2597.2,2.39,66.77,9.41,25.54,0,Normal
2024-01-01 12:52:00,31.16,42.44,1281.0,3.77,63.48,2639.8,2.33,66.8,10.0,25.07,0,Normal
2024-01-01 12:53:00,32.71,38.22,1241.3,3.58,65.09,2727.3,2.32,67.52,10.6,26.01,0,Normal
2024-01-01 12:54:00,31.79,38.64,1281.3,3.59,63.21,2649.6,2.38,67.66,10.15,26.21,0,Normal
2024-01-01 12:55:00,31.67,39.36,1273.9,3.73,61.38,2549.6,2.32,67.49,9.63,24.51,0,Normal
2024-01-01 12:56:00,32.28,42.19,1283.1,3.42,61.98,2546.8,2.41,67.2,9.68,25.69,0,Normal
2024-01-01 12:57:00,31.27,41.99,1273.3,3.25,63.26,2598.1,2.55,68.69,9.83,26.39,0,Normal
2024-01-01 12:58:00,31.44,41.27,1246.5,3.74,63.89,2622.0,2.33,67.51,9.76,25.39,0,Normal
2024-01-01 12:59:00,31.85,39.99,1210.3,3.53,64.13,2708.3,2.37,67.82,9.86,26.83,0,Normal
2024-01-01 13:00:00,32.33,39.95,1264.7,3.53,64.21,2659.0,2.32,67.46,9.49,26.42,0,Normal
2024-01-01 13:01:00,32.06,40.42,1236.4,3.37,61.66,2544.6,2.26,65.82,9.42,25.01,0,Normal
2024-01-01 13:02:00,31.92,40.67,1240.2,3.38,64.69,2733.4,2.38,66.26,10.46,26.91,0,Normal
2024-01-01 13:03:00,31.83,40.57,1225.6,3.67,64.11,2619.7,2.26,66.42,9.35,26.35,0,Normal
2024-01-01 13:04:00,31.99,41.43,1247.8,3.7,64.37,2644.0,2.44,67.78,10.42,26.67,0,Normal
2024-01-01 13:05:00,31.88,40.35,1242.7,3.66,63.48,2680.0,2.16,65.58,10.06,25.94,0,Normal
2024-01-01 13:06:00,31.26,39.97,1185.7,3.66,64.37,2638.1,2.16,66.52,9.8,25.53,0,Normal
2024-01-01 13:07:00,31.79,39.56,1273.3,3.61,63.69,2647.9,2.4,68.6,10.03,26.44,0,Normal
2024-01-01 13:08:00,31.22,38.53,1300.0,3.53,61.56,2659.0,2.25,67.21,9.56,25.96,0,Normal
2024-01-01 13:09:00,31.79,43.51,1271.0,3.46,61.08,2499.7,2.0,65.53,9.01,23.5,0,Normal
2024-01-01 13:10:00,31.51,42.28,1245.0,3.74,64.57,2659.3,2.31,68.11,9.76,26.83,0,Normal
2024-01-01 13:11:00,33.01,37.04,1278.8,3.43,65.31,2594.7,2.37,67.2,9.89,26.38,0,Normal
2024-01-01 13:12:00,31.71,40.2,1243.7,3.57,64.34,2631.7,2.29,66.98,9.85,26.01,0,Normal
2024-01-01 13:13:00,31.02,40.91,1242.7,3.34,61.26,2531.9,2.32,67.54,9.99,26.32,0,Normal
2024-01-01 13:14:00,31.65,43.05,1252.0,3.37,63.43,2584.6,2.21,66.37,9.73,26.06,0,Normal
2024-01-01 13:15:00,31.97,38.03,1238.3,3.45,63.82,2657.2,2.37,67.41,9.85,27.33,0,Normal
2024-01-01 13:16:00,32.54,39.31,1312.8,3.34,62.55,2621.2,2.33,68.58,9.67,27.18,0,Normal
2024-01-01 13:17:00,31.4,41.02,1210.8,3.66,64.59,2727.1,2.38,67.91,9.9,27.54,0,Normal
2024-01-01 13:18:00,30.89,43.33,1255.8,3.23,63.86,2626.5,2.25,68.24,9.56,26.56,0,Normal
2024-01-01 13:19:00,32.08,39.79,1259.2,3.52,64.08,2568.1,2.25,65.76,9.89,26.69,0,Normal
2024-01-01 13:20:00,30.98,39.3,1287.1,3.53,62.66,2752.3,2.37,67.13,9.87,28.62,0,Normal
2024-01-01 13:21:00,31.44,40.73,1257.4,3.14,62.04,2628.6,2.46,68.28,9.64,27.69,0,Normal
2024-01-01 13:22:00,31.52,39.5,1241.5,3.41,64.12,2677.3,2.59,69.06,10.03,28.69,0,Normal
2024-01-01 13:23:00,31.61,40.92,1246.0,3.55,62.68,2545.7,2.32,65.83,9.34,27.33,0,Normal
2024-01-01 13:24:00,31.98,42.29,1260.6,3.59,63.15,2661.7,2.36,67.39,10.2,27.96,0,Normal
2024-01-01 13:25:00,31.28,38.78,1217.1,3.46,62.65,2590.7,2.42,69.58,9.79,27.87,0,Normal
2024-01-01 13:26:00,31.48,39.83,1230.4,3.64,64.16,2638.2,2.29,67.42,9.72,28.0,0,Normal
2024-01-01 13:27:00,31.6,39.99,1207.4,3.48,64.05,2580.9,2.48,68.78,9.9,28.95,0,Normal
2024-01-01 13:28:00,31.67,40.11,1230.4,3.5,64.13,2763.6,2.54,68.27,10.4,29.93,0,Normal
2024-01-01 13:29:00,31.64,41.86,1255.1,3.55,63.08,2569.3,2.22,66.92,9.3,26.6,0,Normal
2024-01-01 13:30:00,31.8,40.2,1263.5,3.69,63.37,2643.4,2.48,68.24,9.55,28.91,0,Normal
2024-01-01 13:31:00,31.99,40.73,1210.4,3.36,64.47,2611.0,2.44,68.92,10.34,28.04,0,Normal
2024-01-01 13:32:00,31.76,39.59,1251.8,3.4,64.46,2740.9,2.68,70.29,10.75,31.22,0,Normal
2024-01-01 13:33:00,31.78,40.84,1269.7,3.37,63.35,2621.0,2.39,68.04,9.94,28.2,0,Normal
2024-01-01 13:34:00,30.75,43.51,1231.0,3.43,64.02,2777.7,2.4,67.93,10.47,29.42,0,Normal
2024-01-01 13:35:00,31.56,39.79,1235.3,3.79,62.19,2481.8,2.05,64.45,9.67,25.44,0,Normal
2024-01-01 13:36:00,31.76,41.7,1245.0,3.61,63.89,2673.7,2.3,66.09,9.71,28.54,0,Normal
2024-01-01 13:37:00,31.88,40.4,1244.1,3.27,65.19,2717.2,2.45,68.36,9.88,29.75,0,Normal
2024-01-01 13:38:00,31.16,43.18,1227.3,3.38,64.17,2686.3,2.55,69.38,10.39,30.23,0,Normal
2024-01-01 13:39:00,31.17,41.3,1247.7,3.57,63.27,2765.3,2.38,68.62,9.66,29.76,0,Normal
2024-01-01 13:40:00,31.2,42.12,1301.6,3.32,62.13,2597.9,2.17,65.67,9.46,27.5,0,Normal
2024-01-01 13:41:00,31.74,40.5,1236.3,3.35,65.66,2760.0,2.54,67.84,10.34,30.54,0,Normal
2024-01-01 13:42:00,31.98,39.99,1251.7,3.77,65.51,2867.3,2.47,69.14,10.76,31.09,0,Normal
2024-01-01 13:43:00,31.25,41.84,1243.7,3.38,63.17,2611.6,2.3,66.64,9.55,27.95,0,Normal
2024-01-01 13:44:00,31.9,41.09,1240.8,3.69,63.64,2570.6,2.27,66.0,9.98,28.77,0,Normal
2024-01-01 13:45:00,31.49,39.14,1277.3,3.75,63.47,2731.2,2.32,67.0,9.75,29.71,0,Normal
2024-01-01 13:46:00,31.36,43.4,1187.9,3.35,65.55,2708.1,2.55,68.57,10.54,31.65,0,Normal
2024-01-01 13:47:00,31.31,38.56,1232.8,3.32,63.44,2615.4,2.43,68.93,9.67,29.44,0,Normal
2024-01-01 13:48:00,31.77,39.48,1275.9,3.44,62.27,2647.0,2.36,68.03,9.93,28.55,0,Normal
2024-01-01 13:49:00,31.55,40.76,1243.7,3.28,63.75,2615.5,2.27,66.57,9.4,28.6,0,Normal
2024-01-01 13:50:00,32.52,39.79,1249.8,3.52,63.62,2486.5,2.45,69.12,9.64,28.99,0,Normal
2024-01-01 13:51:00,30.94,44.37,1249.8,3.46,62.71,2609.6,2.15,66.38,9.89,28.11,0,Normal
2024-01-01 13:52:00,31.62,38.01,1275.0,3.57,63.14,2505.5,2.21,67.43,9.42,28.24,0,Normal
2024-01-01 13:53:00,31.08,40.99,1246.9,3.78,62.27,2530.6,2.05,66.57,9.55,27.38,0,Normal
2024-01-01 13:54:00,30.9,38.89,1217.9,3.66,63.52,2631.3,2.33,67.21,9.78,29.45,0,Normal
2024-01-01 13:55:00,31.32,41.38,1257.7,3.6,63.36,2665.7,2.33,67.82,9.7,29.56,0,Normal
2024-01-01 13:56:00,31.38,41.63,1237.5,3.11,64.74,2766.4,2.56,68.63,10.46,31.94,0,Normal
2024-01-01 13:57:00,32.76,41.12,1293.8,3.59,62.76,2565.8,2.4,68.37,9.87,29.87,0,Normal
2024-01-01 13:58:00,31.19,41.73,1281.0,3.84,62.24,2772.5,2.4,67.72,9.49,31.55,0,Normal
2024-01-01 13:59:00,30.71,43.99,1169.1,2.9,64.21,2626.9,2.53,69.34,10.21,30.75,0,Normal
2024-01-01 14:00:00,31.4,42.06,1250.8,0.05,62.29,2672.7,12.0,95.0,20.14,37.8,1,A2_Lubrication_Leak
2024-01-01 14:01:00,30.21,42.66,1180.9,0.05,63.68,2716.1,12.0,95.0,20.25,37.72,1,A2_Lubrication_Leak
2024-01-01 14:02:00,31.19,39.44,1304.9,0.05,61.37,2513.9,12.0,95.0,20.21,37.23,1,A2_Lubrication_Leak
2024-01-01 14:03:00,31.23,41.89,1233.0,0.05,63.61,2661.6,12.0,95.0,20.9,37.77,1,A2_Lubrication_Leak
2024-01-01 14:04:00,31.61,38.56,1270.9,0.05,63.48,2726.3,12.0,95.0,20.68,37.91,1,A2_Lubrication_Leak
2024-01-01 14:05:00,31.69,42.6,1252.9,0.05,63.63,2657.8,12.0,95.0,20.08,37.42,1,A2_Lubrication_Leak
2024-01-01 14:06:00,30.94,41.77,1218.7,0.05,64.37,2637.2,12.0,95.0,20.3,37.4,1,A2_Lubrication_Leak
2024-01-01 14:07:00,31.1,43.51,1219.0,0.05,65.59,2822.8,12.0,95.0,20.83,38.22,1,A2_Lubrication_Leak
2024-01-01 14:08:00,30.78,41.57,1275.3,0.05,60.47,2577.7,12.0,95.0,20.17,37.94,1,A2_Lubrication_Leak
2024-01-01 14:09:00,30.59,43.05,1255.6,0.05,62.12,2574.0,12.0,95.0,20.19,38.81,1,A2_Lubrication_Leak
2024-01-01 14:10:00,31.29,41.69,1294.5,0.05,60.36,2578.2,12.0,95.0,20.25,38.99,1,A2_Lubrication_Leak
2024-01-01 14:11:00,30.49,42.75,1231.2,0.05,61.51,2650.1,12.0,95.0,20.63,38.58,1,A2_Lubrication_Leak
2024-01-01 14:12:00,30.91,41.42,1245.3,0.05,61.81,2589.3,12.0,95.0,20.33,38.86,1,A2_Lubrication_Leak
2024-01-01 14:13:00,30.6,43.21,1225.4,0.05,63.51,2679.1,12.0,95.0,20.79,38.16,1,A2_Lubrication_Leak
2024-01-01 14:14:00,31.36,39.86,1240.0,0.05,64.27,2689.4,12.0,95.0,20.52,38.13,1,A2_Lubrication_Leak
2024-01-01 14:15:00,31.97,38.33,1233.4,0.05,62.81,2676.1,12.0,95.0,21.46,38.69,1,A2_Lubrication_Leak
2024-01-01 14:16:00,30.41,44.83,1230.3,0.05,61.25,2572.3,12.0,95.0,20.32,38.33,1,A2_Lubrication_Leak
2024-01-01 14:17:00,30.12,44.58,1202.7,0.05,64.5,2689.2,12.0,95.0,20.82,39.05,1,A2_Lubrication_Leak
2024-01-01 14:18:00,30.97,42.05,1250.5,0.05,61.95,2573.2,12.0,95.0,20.73,38.71,1,A2_Lubrication_Leak
2024-01-01 14:19:00,31.03,44.35,1244.8,0.05,62.22,2696.8,12.0,95.0,20.5,39.19,1,A2_Lubrication_Leak
2024-01-01 14:20:00,31.11,41.29,1249.5,0.05,62.93,2705.7,12.0,95.0,20.34,39.13,1,A2_Lubrication_Leak
2024-01-01 14:21:00,30.77,44.3,1277.2,0.05,60.15,2508.0,12.0,95.0,20.34,39.54,1,A2_Lubrication_Leak
2024-01-01 14:22:00,30.88,42.38,1236.6,0.05,63.88,2767.5,12.0,95.0,21.14,39.51,1,A2_Lubrication_Leak
2024-01-01 14:23:00,31.15,40.1,1261.9,0.05,64.75,2720.1,12.0,95.0,20.74,39.31,1,A2_Lubrication_Leak
2024-01-01 14:24:00,31.47,43.83,1300.7,0.05,61.41,2666.7,12.0,95.0,20.88,39.01,1,A2_Lubrication_Leak
2024-01-01 14:25:00,29.96,45.26,1251.8,0.05,61.02,2621.5,12.0,95.0,20.21,39.72,1,A2_Lubrication_Leak
2024-01-01 14:26:00,30.74,42.19,1263.6,0.05,62.93,2646.1,12.0,95.0,20.7,39.04,1,A2_Lubrication_Leak
2024-01-01 14:27:00,31.01,42.97,1232.6,0.05,64.22,2653.7,12.0,95.0,20.98,40.33,1,A2_Lubrication_Leak
2024-01-01 14:28:00,30.43,42.31,1234.4,0.05,63.66,2669.6,12.0,95.0,20.55,40.13,1,A2_Lubrication_Leak
2024-01-01 14:29:00,31.74,41.81,1221.9,0.05,64.29,2768.7,12.0,95.0,20.89,40.35,1,A2_Lubrication_Leak
2024-01-01 14:30:00,30.55,39.13,1243.4,0.05,61.84,2541.6,12.0,95.0,20.44,39.71,1,A2_Lubrication_Leak
2024-01-01 14:31:00,30.83,40.68,1243.4,0.05,62.2,2579.1,12.0,95.0,20.12,40.33,1,A2_Lubrication_Leak
2024-01-01 14:32:00,31.11,43.17,1242.8,0.05,61.74,2535.8,12.0,95.0,19.87,40.01,1,A2_Lubrication_Leak
2024-01-01 14:33:00,30.52,42.38,1256.2,0.05,61.56,2604.5,12.0,95.0,20.64,40.43,1,A2_Lubrication_Leak
2024-01-01 14:34:00,29.88,44.23,1187.4,0.05,62.67,2619.3,12.0,95.0,20.44,40.06,1,A2_Lubrication_Leak
2024-01-01 14:35:00,30.58,40.64,1272.4,3.14,62.84,2742.2,2.52,67.23,10.03,34.73,0,Normal
2024-01-01 14:36:00,31.29,44.15,1268.3,3.51,63.47,2602.5,2.27,67.05,9.69,31.31,0,Normal
2024-01-01 14:37:00,30.59,44.42,1230.0,3.75,63.18,2599.7,2.31,68.72,9.84,32.33,0,Normal
2024-01-01 14:38:00,30.32,42.82,1222.7,3.69,63.28,2643.8,2.2,67.5,9.19,31.28,0,Normal
2024-01-01 14:39:00,31.19,40.95,1255.8,3.48,63.95,2660.4,2.16,65.9,9.91,32.85,0,Normal
2024-01-01 14:40:00,30.55,44.26,1269.0,3.85,64.41,2861.2,2.44,68.52,10.56,35.53,0,Normal
2024-01-01 14:41:00,30.44,45.88,1231.4,3.39,62.32,2625.7,2.26,66.39,10.11,32.22,0,Normal
2024-01-01 14:42:00,30.76,43.77,1238.7,3.12,61.81,2572.3,2.38,67.82,9.55,33.09,0,Normal
2024-01-01 14:43:00,31.05,45.06,1241.5,3.06,63.09,2738.3,2.56,69.07,10.65,34.87,0,Normal
2024-01-01 14:44:00,31.84,39.0,1301.4,3.26,63.31,2693.0,2.45,68.75,10.02,34.09,0,Normal
2024-01-01 14:45:00,31.05,40.58,1231.8,3.66,65.01,2737.6,2.22,65.89,10.04,33.82,0,Normal
2024-01-01 14:46:00,31.2,39.76,1243.2,3.37,64.24,2611.2,2.38,66.93,9.95,33.69,0,Normal
2024-01-01 14:47:00,30.35,43.73,1263.6,3.59,62.24,2625.2,2.31,67.09,10.3,32.73,0,Normal
2024-01-01 14:48:00,30.07,43.83,1225.2,3.83,62.71,2654.7,2.09,65.23,9.15,32.41,0,Normal
2024-01-01 14:49:00,30.6,42.39,1260.5,3.28,64.02,2758.2,2.34,66.76,10.24,34.65,0,Normal
2024-01-01 14:50:00,30.61,43.82,1209.4,3.6,64.57,2699.6,2.27,67.39,9.95,33.95,0,Normal
2024-01-01 14:51:00,30.0,45.55,1214.9,3.61,63.69,2652.0,2.39,67.17,9.91,34.41,0,Normal
2024-01-01 14:52:00,30.43,40.63,1265.8,3.33,64.42,2779.7,2.3,68.95,10.3,34.33,0,Normal
2024-01-01 14:53:00,30.71,41.53,1217.2,3.77,65.57,2744.4,2.47,68.11,10.65,35.58,0,Normal
2024-01-01 14:54:00,30.67,43.72,1229.6,3.44,64.67,2611.6,2.41,67.84,10.08,33.87,0,Normal
2024-01-01 14:55:00,30.73,41.69,1240.9,3.42,63.76,2669.7,2.36,67.83,10.29,34.25,0,Normal
2024-01-01 14:56:00,30.6,41.42,1207.3,3.92,63.93,2579.5,2.06,64.82,9.34,31.68,0,Normal
2024-01-01 14:57:00,30.19,44.89,1213.4,3.6,62.78,2622.6,2.2,66.91,9.56,33.35,0,Normal
2024-01-01 14:58:00,30.17,41.47,1226.1,3.69,63.45,2721.8,2.41,68.12,9.76,35.68,0,Normal
2024-01-01 14:59:00,29.81,43.6,1217.3,3.77,62.32,2593.6,2.33,67.0,10.22,33.34,0,Normal
2024-01-01 15:00:00,31.28,41.89,1277.6,3.37,62.34,2675.7,2.26,67.07,9.67,33.79,0,Normal
2024-01-01 15:01:00,30.38,42.16,1266.1,3.75,62.1,2649.4,2.35,67.64,9.66,34.89,0,Normal
2024-01-01 15:02:00,30.24,44.44,1203.4,3.4,63.36,2664.4,2.45,69.08,10.16,35.19,0,Normal
2024-01-01 15:03:00,29.87,43.07,1220.3,3.39,63.24,2752.2,2.43,69.71,10.46,36.19,0,Normal
2024-01-01 15:04:00,31.79,42.59,1272.6,3.45,63.2,2660.8,2.28,66.36,9.57,34.71,0,Normal
2024-01-01 15:05:00,29.77,43.93,1253.2,3.38,62.71,2688.4,2.32,66.37,10.2,34.81,0,Normal
2024-01-01 15:06:00,30.07,44.58,1239.4,3.66,61.24,2531.0,2.34,67.28,9.35,33.63,0,Normal
2024-01-01 15:07:00,30.48,43.96,1236.8,3.55,63.45,2683.6,2.36,66.15,10.36,35.32,0,Normal
2024-01-01 15:08:00,30.55,41.77,1247.7,3.4,63.35,2619.8,2.48,68.74,9.76,35.72,0,Normal
2024-01-01 15:09:00,30.71,39.34,1251.1,3.63,64.82,2832.7,2.48,68.51,10.67,37.72,0,Normal
2024-01-01 15:10:00,31.12,42.23,1219.2,3.44,63.11,2615.1,2.28,67.35,9.69,33.65,0,Normal
2024-01-01 15:11:00,30.45,43.0,1233.8,3.43,63.19,2758.5,2.48,68.02,9.85,36.63,0,Normal
2024-01-01 15:12:00,29.65,45.16,1249.5,3.51,61.46,2643.8,2.49,68.29,9.43,36.5,0,Normal
2024-01-01 15:13:00,30.03,43.3,1215.5,3.59,63.75,2756.7,2.32,67.74,9.83,36.46,0,Normal
2024-01-01 15:14:00,30.3,42.52,1229.2,3.58,62.28,2652.3,2.38,67.68,10.1,36.15,0,Normal
2024-01-01 15:15:00,31.16,44.62,1237.1,3.43,63.78,2621.5,2.38,66.77,9.26,35.92,0,Normal
2024-01-01 15:16:00,29.41,42.55,1150.3,3.67,64.31,2696.3,2.2,66.9,9.94,35.18,0,Normal
2024-01-01 15:17:00,30.69,43.56,1234.3,3.46,63.04,2654.6,2.2,67.89,9.73,34.68,0,Normal
2024-01-01 15:18:00,30.16,42.55,1230.8,3.37,62.65,2597.2,2.28,67.2,9.1,34.59,0,Normal
2024-01-01 15:19:00,30.47,42.35,1216.6,3.21,63.54,2695.0,2.5,68.51,9.87,37.34,0,Normal
2024-01-01 15:20:00,29.98,43.25,1190.8,3.7,64.07,2685.7,2.42,69.07,9.79,36.97,0,Normal
2024-01-01 15:21:00,29.6,43.22,1189.9,3.5,61.5,2575.7,2.08,65.21,9.28,33.12,0,Normal
2024-01-01 15:22:00,30.37,43.88,1246.6,3.54,62.1,2700.5,2.38,68.19,10.33,36.22,0,Normal
2024-01-01 15:23:00,30.31,45.23,1275.5,3.71,60.35,2564.9,2.13,65.49,9.54,33.75,0,Normal
2024-01-01 15:24:00,30.45,43.6,1263.5,3.4,63.33,2715.7,2.41,68.6,9.92,37.75,0,Normal
2024-01-01 15:25:00,29.94,43.97,1185.1,3.23,61.52,2612.4,2.41,68.19,9.45,35.93,0,Normal
2024-01-01 15:26:00,29.62,42.9,1233.8,3.51,61.38,2616.4,2.43,67.45,9.25,36.45,0,Normal
2024-01-01 15:27:00,29.13,46.05,1185.9,3.56,63.01,2649.4,2.34,67.23,9.69,36.55,0,Normal
2024-01-01 15:28:00,30.3,46.4,1211.4,3.45,65.12,2780.8,2.35,68.41,9.96,37.89,0,Normal
2024-01-01 15:29:00,30.08,42.99,1210.0,3.79,63.48,2615.4,2.22,65.5,9.63,35.44,0,Normal
2024-01-01 15:30:00,29.37,44.28,1225.0,3.0,61.63,2545.3,2.48,67.75,9.65,36.63,0,Normal
2024-01-01 15:31:00,29.56,43.65,1235.2,3.72,64.51,2823.5,2.5,68.98,10.29,39.17,0,Normal
2024-01-01 15:32:00,29.58,43.73,1209.1,3.66,60.14,2497.1,2.17,65.89,8.98,34.42,0,Normal
2024-01-01 15:33:00,29.05,41.29,1199.0,3.59,61.62,2567.5,2.16,66.3,9.14,34.01,0,Normal
2024-01-01 15:34:00,29.36,45.45,1218.9,2.83,63.07,2654.6,2.44,66.57,9.77,38.26,0,Normal
2024-01-01 15:35:00,29.19,43.9,1217.9,3.76,61.78,2678.5,2.3,66.42,10.16,36.59,0,Normal
2024-01-01 15:36:00,29.53,42.14,1239.9,3.29,60.54,2518.6,2.12,66.31,9.28,34.17,0,Normal
2024-01-01 15:37:00,29.34,46.01,1174.8,3.4,63.5,2726.9,2.49,67.81,10.32,39.05,0,Normal
2024-01-01 15:38:00,28.88,44.09,1198.1,3.47,62.9,2675.0,2.42,66.95,10.24,37.58,0,Normal
2024-01-01 15:39:00,30.69,41.96,1207.0,3.58,63.38,2628.7,2.26,67.72,9.97,36.41,0,Normal
2024-01-01 15:40:00,30.28,45.39,1224.3,3.63,62.12,2581.7,2.21,66.94,9.89,35.45,0,Normal
2024-01-01 15:41:00,29.25,42.94,1199.3,3.68,62.9,2685.4,2.32,66.5,10.02,37.74,0,Normal
2024-01-01 15:42:00,29.75,41.85,1213.9,3.66,62.68,2641.0,2.21,66.69,9.68,36.22,0,Normal
2024-01-01 15:43:00,29.8,44.46,1196.1,3.55,63.09,2631.1,2.17,65.68,9.4,35.69,0,Normal
2024-01-01 15:44:00,30.17,45.12,1186.2,3.58,65.62,2780.8,2.46,68.3,10.13,39.01,0,Normal
2024-01-01 15:45:00,29.15,42.88,1150.6,3.28,62.53,2546.4,2.33,67.41,9.81,36.23,0,Normal
2024-01-01 15:46:00,30.08,44.16,1218.4,3.35,62.37,2539.9,2.43,67.27,9.6,36.81,0,Normal
2024-01-01 15:47:00,29.24,45.94,1194.1,3.68,62.09,2601.7,2.14,66.68,9.02,35.41,0,Normal
2024-01-01 15:48:00,28.83,42.72,1179.7,3.67,62.61,2604.9,2.35,68.05,9.07,37.45,0,Normal
2024-01-01 15:49:00,29.84,45.19,1249.8,3.64,62.62,2671.3,2.17,66.59,10.28,36.82,0,Normal
2024-01-01 15:50:00,30.1,44.83,1200.5,3.4,63.71,2613.3,2.22,67.12,9.36,36.9,0,Normal
2024-01-01 15:51:00,30.73,41.92,1270.0,3.68,61.77,2640.8,2.21,65.47,9.35,37.23,0,Normal
2024-01-01 15:52:00,28.81,47.71,1236.9,3.27,59.73,2577.4,2.17,66.96,9.61,36.08,0,Normal
2024-01-01 15:53:00,29.74,45.87,1166.1,3.72,64.69,2716.8,2.22,66.88,9.57,38.41,0,Normal
2024-01-01 15:54:00,29.17,45.35,1205.7,3.45,64.21,2618.1,2.56,68.15,10.22,39.64,0,Normal
2024-01-01 15:55:00,29.74,43.48,1204.9,3.84,63.66,2723.0,2.26,67.11,10.45,38.47,0,Normal
2024-01-01 15:56:00,28.6,44.77,1119.2,3.2,63.92,2712.8,2.72,70.26,11.05,42.05,0,Normal
2024-01-01 15:57:00,28.68,46.02,1157.5,3.85,63.76,2679.6,2.18,66.91,9.6,37.75,0,Normal
2024-01-01 15:58:00,28.9,46.53,1217.4,3.43,63.04,2699.5,2.21,65.91,9.76,37.37,0,Normal
2024-01-01 15:59:00,29.31,44.46,1256.7,3.42,61.97,2661.8,2.46,68.5,9.76,39.54,0,Normal
2024-01-01 16:00:00,28.93,42.33,1221.2,3.54,63.16,2683.5,2.27,66.98,9.8,4.28,0,Normal
2024-01-01 16:01:00,29.56,46.4,1219.3,3.36,62.86,2734.0,2.43,68.28,10.45,4.34,0,Normal
2024-01-01 16:02:00,29.72,44.49,1213.9,3.49,62.35,2664.4,2.19,65.88,9.2,4.93,0,Normal
2024-01-01 16:03:00,29.49,44.05,1251.8,3.35,63.03,2680.7,2.39,68.43,10.12,5.16,0,Normal
2024-01-01 16:04:00,29.98,45.03,1273.2,3.36,61.57,2680.4,2.21,66.61,9.56,5.1,0,Normal
2024-01-01 16:05:00,29.35,47.15,1192.4,3.6,63.3,2730.6,2.35,68.34,10.41,4.65,0,Normal
2024-01-01 16:06:00,28.52,42.17,1140.3,3.32,61.82,2531.5,2.23,65.56,9.76,5.71,0,Normal
2024-01-01 16:07:00,29.78,44.74,1163.2,3.35,64.8,2865.7,2.58,68.05,10.51,5.26,0,Normal
2024-01-01 16:08:00,28.78,43.76,1228.6,3.23,61.6,2625.7,2.42,67.55,9.71,5.76,0,Normal
2024-01-01 16:09:00,29.52,45.32,1209.1,3.4,61.6,2582.9,2.3,68.04,9.8,5.33,0,Normal
2024-01-01 16:10:00,29.83,44.2,1221.1,3.76,62.49,2698.4,2.32,68.58,10.13,5.5,0,Normal
2024-01-01 16:11:00,29.25,46.01,1160.2,3.33,62.99,2624.0,2.35,66.87,9.02,5.94,0,Normal
2024-01-01 16:12:00,28.25,46.1,1166.1,3.35,62.97,2693.6,2.36,67.53,10.17,5.72,0,Normal
2024-01-01 16:13:00,28.52,43.56,1182.9,3.54,62.51,2603.0,2.32,67.36,10.15,5.96,0,Normal
2024-01-01 16:14:00,29.62,43.72,1217.5,3.43,63.62,2563.3,2.31,67.79,9.71,6.06,0,Normal
2024-01-01 16:15:00,28.85,46.38,1187.0,3.95,60.62,2573.6,2.09,66.28,9.49,5.38,0,Normal
2024-01-01 16:16:00,28.95,47.11,1173.1,3.47,62.77,2577.6,2.33,66.53,10.01,6.29,0,Normal
2024-01-01 16:17:00,29.27,43.26,1185.8,3.57,60.97,2456.6,2.03,65.41,9.0,5.66,0,Normal
2024-01-01 16:18:00,29.22,46.65,1234.5,3.69,60.54,2529.4,2.27,65.32,9.56,5.75,0,Normal
2024-01-01 16:19:00,28.99,44.55,1205.8,3.68,63.31,2691.0,2.29,67.7,9.85,6.04,0,Normal
2024-01-01 16:20:00,28.72,46.55,1209.7,3.55,62.95,2673.6,2.34,67.17,9.83,6.74,0,Normal
2024-01-01 16:21:00,28.65,45.37,1170.5,3.47,62.79,2719.4,2.37,66.71,9.76,5.86,0,Normal
2024-01-01 16:22:00,29.21,45.4,1130.3,3.9,63.86,2603.6,2.29,67.43,9.76,6.75,0,Normal
2024-01-01 16:23:00,29.04,46.77,1187.6,3.48,62.73,2647.8,2.36,67.23,10.37,6.75,0,Normal
2024-01-01 16:24:00,28.61,44.36,1170.5,3.41,62.44,2625.8,2.32,68.1,9.42,6.69,0,Normal
2024-01-01 16:25:00,29.26,44.02,1213.8,3.37,62.74,2593.8,2.47,67.52,10.0,6.86,0,Normal
2024-01-01 16:26:00,28.63,46.45,1274.7,3.15,61.86,2732.0,2.14,67.65,9.76,6.68,0,Normal
2024-01-01 16:27:00,28.25,50.46,1202.3,3.66,62.69,2758.1,2.46,68.68,10.58,7.27,0,Normal
2024-01-01 16:28:00,28.27,45.52,1253.8,3.03,60.66,2628.0,2.5,68.94,10.27,6.84,0,Normal
2024-01-01 16:29:00,28.14,50.11,1197.0,3.5,61.73,2685.0,2.13,65.31,9.28,6.3,0,Normal
2024-01-01 16:30:00,28.47,49.46,1173.6,3.46,62.96,2651.0,2.43,69.2,9.73,7.12,0,Normal
2024-01-01 16:31:00,29.2,45.0,1212.7,3.95,59.97,2495.5,2.13,65.0,8.9,7.28,0,Normal
2024-01-01 16:32:00,28.16,46.57,1227.7,3.13,61.33,2665.1,2.46,67.78,9.71,7.5,0,Normal
2024-01-01 16:33:00,28.63,45.12,1238.4,3.32,59.68,2667.7,2.14,66.76,9.27,7.92,0,Normal
2024-01-01 16:34:00,28.19,46.86,1169.4,3.47,60.72,2622.5,2.32,67.38,9.67,7.23,0,Normal
2024-01-01 16:35:00,28.36,44.54,1193.6,3.46,62.87,2650.5,2.44,67.1,9.65,7.43,0,Normal
2024-01-01 16:36:00,27.72,47.7,1138.6,3.39,63.47,2790.1,2.4,68.63,9.97,7.57,0,Normal
2024-01-01 16:37:00,28.34,48.94,1207.4,3.48,61.12,2668.4,2.33,67.38,9.46,7.3,0,Normal
2024-01-01 16:38:00,28.33,45.79,1225.4,3.25,60.12,2609.2,2.26,66.32,9.58,7.38,0,Normal
2024-01-01 16:39:00,28.67,45.73,1194.5,3.57,63.79,2649.3,2.42,66.89,9.93,7.38,0,Normal
2024-01-01 16:40:00,28.49,43.86,1173.2,3.04,62.69,2753.9,2.51,68.65,10.1,7.08,0,Normal
2024-01-01 16:41:00,27.76,48.29,1184.2,3.49,62.0,2722.0,2.29,66.86,9.57,7.67,0,Normal
2024-01-01 16:42:00,28.88,46.12,1208.0,3.38,61.3,2575.7,2.27,66.89,8.97,7.86,0,Normal
2024-01-01 16:43:00,28.42,46.64,1190.4,3.7,61.4,2594.8,2.06,64.47,9.76,8.02,0,Normal
2024-01-01 16:44:00,28.39,46.27,1192.3,3.85,62.42,2704.8,2.24,66.45,9.67,7.83,0,Normal
2024-01-01 16:45:00,28.26,46.39,1180.9,3.43,62.26,2665.4,2.37,67.84,10.63,7.97,0,Normal
2024-01-01 16:46:00,27.99,48.08,1204.6,3.78,63.42,2717.0,2.39,69.08,10.26,8.74,0,Normal
2024-01-01 16:47:00,28.33,46.66,1205.0,3.44,61.61,2638.8,2.32,67.01,10.22,7.76,0,Normal
2024-01-01 16:48:00,28.44,46.99,1164.2,3.31,63.53,2688.4,2.28,68.16,10.15,8.31,0,Normal
2024-01-01 16:49:00,27.3,48.88,1140.8,3.85,62.02,2637.7,2.33,67.81,9.75,8.78,0,Normal
2024-01-01 16:50:00,27.88,49.19,1171.3,3.6,62.68,2734.9,2.48,68.37,9.93,8.43,0,Normal
2024-01-01 16:51:00,28.0,48.31,1198.5,3.5,62.12,2666.1,2.32,66.5,9.46,7.96,0,Normal
2024-01-01 16:52:00,28.24,47.16,1188.4,3.64,63.62,2770.3,2.31,66.61,10.39,9.45,0,Normal
2024-01-01 16:53:00,28.68,48.35,1177.6,3.55,62.2,2591.1,2.2,66.94,9.56,8.84,0,Normal
2024-01-01 16:54:00,27.68,48.51,1180.1,3.49,63.24,2684.4,2.34,67.07,10.08,9.2,0,Normal
2024-01-01 16:55:00,27.79,49.64,1167.5,3.23,61.06,2683.9,2.4,67.11,10.05,8.9,0,Normal
2024-01-01 16:56:00,27.76,48.64,1197.2,3.45,61.71,2656.4,2.28,66.78,9.77,9.1,0,Normal
2024-01-01 16:57:00,27.59,45.27,1180.2,3.62,62.53,2567.9,2.14,66.1,9.25,7.73,0,Normal
2024-01-01 16:58:00,27.8,49.62,1168.0,3.48,61.72,2584.0,2.36,68.01,9.91,8.83,0,Normal
2024-01-01 16:59:00,28.33,46.91,1192.4,3.68,61.86,2686.0,2.29,66.64,9.68,9.51,0,Normal
2024-01-01 17:00:00,27.4,48.31,1200.8,3.58,62.52,2729.2,2.23,67.3,9.84,8.62,0,Normal
2024-01-01 17:01:00,28.11,47.52,1168.0,3.32,62.98,2598.6,2.38,67.95,9.96,9.1,0,Normal
2024-01-01 17:02:00,27.03,48.54,1170.6,3.24,61.36,2595.2,2.35,66.08,9.57,9.42,0,Normal
2024-01-01 17:03:00,27.57,48.41,1169.7,3.47,63.66,2786.9,2.37,67.86,9.61,9.33,0,Normal
2024-01-01 17:04:00,27.67,47.01,1184.0,3.4,63.17,2728.3,2.53,66.68,10.5,9.82,0,Normal
2024-01-01 17:05:00,28.64,48.05,1176.5,3.57,61.96,2648.0,2.29,66.37,10.05,9.67,0,Normal
2024-01-01 17:06:00,27.65,47.77,1175.7,3.36,61.7,2632.1,2.3,67.36,9.09,9.68,0,Normal
2024-01-01 17:07:00,26.66,49.14,1180.9,3.38,62.14,2616.1,2.31,67.14,9.33,9.47,0,Normal
2024-01-01 17:08:00,26.74,48.18,1131.3,3.71,62.49,2656.9,2.3,65.9,10.35,9.42,0,Normal
2024-01-01 17:09:00,27.73,48.19,1141.4,3.53,61.07,2569.0,2.21,65.62,9.43,9.71,0,Normal
2024-01-01 17:10:00,28.0,47.59,1147.7,3.36,62.74,2629.0,2.34,65.57,9.75,10.0,0,Normal
2024-01-01 17:11:00,27.85,48.14,1147.8,3.5,60.69,2470.0,2.26,65.71,9.06,9.73,0,Normal
2024-01-01 17:12:00,27.73,46.25,1189.4,3.78,61.94,2682.6,2.1,66.3,9.22,9.86,0,Normal
2024-01-01 17:13:00,28.2,44.54,1148.9,3.56,62.61,2673.2,2.19,66.1,9.6,10.12,0,Normal
2024-01-01 17:14:00,27.33,49.45,1159.1,3.62,60.89,2630.4,2.3,67.03,9.86,10.43,0,Normal
2024-01-01 17:15:00,28.02,49.49,1195.9,3.35,63.55,2780.6,2.71,69.64,10.51,11.02,0,Normal
2024-01-01 17:16:00,26.73,48.04,1165.1,3.71,60.36,2532.7,2.21,66.36,9.42,10.01,0,Normal
2024-01-01 17:17:00,27.07,51.35,1151.8,3.96,60.14,2556.1,2.25,67.28,9.85,9.89,0,Normal
2024-01-01 17:18:00,26.6,50.25,1156.7,3.34,61.71,2626.9,2.28,66.77,9.43,10.92,0,Normal
2024-01-01 17:19:00,27.34,48.48,1169.5,3.26,62.3,2761.7,2.39,68.23,10.12,10.31,0,Normal
2024-01-01 17:20:00,27.43,47.73,1163.0,3.54,62.95,2733.3,2.41,66.09,10.35,10.79,0,Normal
2024-01-01 17:21:00,27.49,46.14,1164.5,3.68,62.25,2619.3,2.33,68.06,9.4,10.39,0,Normal
2024-01-01 17:22:00,27.44,49.79,1224.7,3.48,62.13,2711.1,2.21,65.67,9.78,9.97,0,Normal
2024-01-01 17:23:00,26.92,48.08,1178.6,3.29,61.2,2601.6,2.29,66.15,10.09,10.82,0,Normal
2024-01-01 17:24:00,27.27,47.45,1227.3,3.48,60.46,2659.1,2.26,66.16,9.46,10.69,0,Normal
2024-01-01 17:25:00,26.59,51.33,1139.3,3.62,62.55,2682.1,2.23,67.49,10.04,10.9,0,Normal
2024-01-01 17:26:00,27.99,44.49,1177.8,3.42,62.93,2627.5,2.28,66.44,9.65,10.88,0,Normal
2024-01-01 17:27:00,27.14,46.57,1129.4,3.62,60.52,2425.6,2.17,65.67,9.53,10.79,0,Normal
2024-01-01 17:28:00,27.02,49.03,1140.2,3.73,63.9,2715.7,2.38,67.07,9.55,11.73,0,Normal
2024-01-01 17:29:00,28.04,47.67,1228.3,3.55,62.51,2787.5,2.46,68.24,10.2,11.21,0,Normal
2024-01-01 17:30:00,26.6,50.55,1138.9,3.49,61.09,2639.0,2.3,67.47,9.16,11.89,0,Normal
2024-01-01 17:31:00,26.63,49.31,1200.6,3.67,60.64,2643.3,2.12,67.05,9.17,10.97,0,Normal
2024-01-01 17:32:00,26.62,53.58,1121.4,3.33,63.1,2662.5,2.43,69.65,9.73,11.85,0,Normal
2024-01-01 17:33:00,27.11,48.56,1135.9,3.31,62.38,2642.5,2.27,67.38,9.59,11.48,0,Normal
2024-01-01 17:34:00,27.34,48.14,1158.2,3.45,61.06,2553.7,2.2,66.61,8.96,11.25,0,Normal
2024-01-01 17:35:00,27.47,47.06,1167.8,3.4,61.05,2558.4,2.14,65.17,9.24,11.41,0,Normal
2024-01-01 17:36:00,28.36,46.84,1210.3,3.34,62.13,2672.5,2.3,68.44,9.89,12.21,0,Normal
2024-01-01 17:37:00,25.93,51.96,1149.8,3.87,61.14,2742.1,2.24,66.76,9.29,12.14,0,Normal
2024-01-01 17:38:00,27.33,50.31,1156.2,3.93,62.26,2688.7,2.17,66.14,9.45,11.58,0,Normal
2024-01-01 17:39:00,26.72,47.36,1151.2,3.43,61.96,2566.6,2.18,66.63,10.15,11.5,0,Normal
2024-01-01 17:40:00,26.69,49.3,1145.7,3.52,62.3,2699.1,2.45,67.49,10.07,12.06,0,Normal
2024-01-01 17:41:00,26.65,50.41,1130.0,3.46,59.67,2354.3,2.05,63.7,8.12,11.28,0,Normal
2024-01-01 17:42:00,26.48,50.92,1127.3,3.72,63.6,2752.2,2.29,67.62,9.58,12.52,0,Normal
2024-01-01 17:43:00,27.75,47.76,1200.7,3.76,60.43,2523.8,2.0,66.05,9.06,11.2,0,Normal
2024-01-01 17:44:00,27.3,49.36,1120.4,3.14,62.11,2566.8,2.18,66.77,9.43,12.4,0,Normal
2024-01-01 17:45:00,26.87,48.12,1197.9,3.6,59.76,2616.0,2.16,65.98,9.14,12.34,0,Normal
2024-01-01 17:46:00,27.51,50.52,1161.7,3.24,61.43,2483.9,2.13,66.0,9.79,12.45,0,Normal
2024-01-01 17:47:00,26.06,52.29,1121.8,3.85,63.32,2742.1,2.37,67.75,10.83,12.44,0,Normal
2024-01-01 17:48:00,26.12,48.66,1160.9,3.59,60.53,2625.8,2.22,66.51,9.37,12.23,0,Normal
2024-01-01 17:49:00,25.67,49.87,1170.6,3.34,60.74,2621.6,2.45,67.74,9.97,12.72,0,Normal
2024-01-01 17:50:00,26.39,48.63,1175.7,3.45,61.02,2635.3,2.3,66.94,9.87,13.63,0,Normal
2024-01-01 17:51:00,26.8,50.48,1168.5,3.44,62.59,2617.1,2.24,67.88,9.92,12.58,0,Normal
2024-01-01 17:52:00,26.74,47.63,1182.0,3.61,61.75,2545.9,2.01,65.68,8.95,12.61,0,Normal
2024-01-01 17:53:00,26.74,49.07,1111.9,3.71,61.73,2510.2,2.23,66.69,9.9,12.8,0,Normal
2024-01-01 17:54:00,25.94,51.69,1125.7,3.27,61.79,2690.1,2.26,67.26,9.69,12.94,0,Normal
2024-01-01 17:55:00,27.02,48.96,1137.7,3.87,61.54,2627.0,2.13,66.49,9.55,12.61,0,Normal
2024-01-01 17:56:00,26.72,50.0,1184.9,3.82,59.46,2530.3,2.23,67.02,9.2,12.81,0,Normal
2024-01-01 17:57:00,26.94,47.61,1149.2,3.32,62.32,2612.4,2.4,67.15,9.71,13.7,0,Normal
2024-01-01 17:58:00,25.6,52.51,1153.2,3.51,61.94,2712.5,2.37,67.12,9.97,13.46,0,Normal
2024-01-01 17:59:00,26.68,48.76,1167.0,3.84,62.8,2682.7,2.34,66.85,9.5,13.25,0,Normal
2024-01-01 18:00:00,25.91,50.58,1116.6,3.75,55.57,2132.3,1.82,64.03,7.08,11.37,0,Normal
2024-01-01 18:01:00,26.28,50.76,1130.9,3.43,55.61,2122.0,1.97,64.87,7.76,10.86,0,Normal
2024-01-01 18:02:00,26.72,49.76,1186.7,3.66,55.44,2146.1,1.69,61.86,7.29,10.98,0,Normal
2024-01-01 18:03:00,26.47,50.08,1130.1,4.1,59.15,2342.1,1.84,64.32,8.53,12.18,0,Normal
2024-01-01 18:04:00,25.98,49.81,1142.7,3.52,55.96,2197.5,1.75,64.09,7.88,11.4,0,Normal
2024-01-01 18:05:00,26.38,49.76,1128.1,3.37,55.19,2209.6,1.87,63.56,7.86,11.31,0,Normal
2024-01-01 18:06:00,25.59,51.64,1124.0,3.53,55.81,2288.5,1.87,64.06,8.51,11.39,0,Normal
2024-01-01 18:07:00,26.91,47.2,1157.0,3.55,56.55,2189.7,1.67,63.26,7.69,11.68,0,Normal
2024-01-01 18:08:00,26.21,49.84,1124.5,3.4,55.18,2124.7,1.75,62.1,7.11,11.17,0,Normal
2024-01-01 18:09:00,26.84,49.96,1132.9,3.59,55.91,2195.6,1.96,64.47,7.92,11.5,0,Normal
2024-01-01 18:10:00,26.0,48.99,1147.1,3.25,55.63,2194.1,1.94,65.08,8.28,12.33,0,Normal
2024-01-01 18:11:00,25.97,52.68,1118.4,3.37,54.74,2198.8,1.92,63.58,7.3,12.23,0,Normal
2024-01-01 18:12:00,25.83,53.11,1116.3,3.65,56.58,2264.3,1.85,64.38,8.02,11.58,0,Normal
2024-01-01 18:13:00,26.63,47.9,1129.0,3.15,55.86,2209.7,1.78,63.3,7.98,12.74,0,Normal
2024-01-01 18:14:00,25.81,53.28,1134.2,3.68,55.54,2243.8,1.8,62.9,8.67,11.74,0,Normal
2024-01-01 18:15:00,26.46,49.85,1172.8,3.1,54.96,2267.9,2.1,64.96,8.57,12.92,0,Normal
2024-01-01 18:16:00,25.93,51.66,1176.2,3.15,54.47,2150.7,1.77,62.7,7.62,12.56,0,Normal
2024-01-01 18:17:00,25.1,51.77,1103.9,3.4,54.4,2025.6,1.8,62.63,7.52,11.8,0,Normal
2024-01-01 18:18:00,25.78,52.67,1189.4,3.56,56.2,2289.8,1.72,62.83,7.36,12.21,0,Normal
2024-01-01 18:19:00,25.46,52.49,1104.0,3.77,56.22,2219.9,1.8,63.5,7.56,11.56,0,Normal
2024-01-01 18:20:00,26.04,49.61,1167.8,3.51,55.82,2288.4,1.95,64.16,8.34,13.53,0,Normal
2024-01-01 18:21:00,25.4,50.23,1110.0,3.45,53.18,1987.4,1.62,61.87,7.05,11.42,0,Normal
2024-01-01 18:22:00,26.44,47.93,1126.9,3.62,57.59,2388.5,2.22,66.24,8.86,13.18,0,Normal
2024-01-01 18:23:00,25.9,51.36,1119.4,3.33,55.27,2144.7,1.8,63.71,7.67,12.76,0,Normal
2024-01-01 18:24:00,25.84,52.05,1135.4,3.53,55.78,2316.8,1.85,62.88,8.09,12.79,0,Normal
2024-01-01 18:25:00,26.23,51.46,1159.1,3.26,53.9,2156.1,1.86,63.33,7.68,12.19,0,Normal
2024-01-01 18:26:00,26.36,50.08,1163.9,3.52,57.13,2191.8,1.8,62.18,7.56,12.24,0,Normal
2024-01-01 18:27:00,25.84,49.45,1113.3,3.47,54.9,2136.2,1.64,62.27,7.37,11.94,0,Normal
2024-01-01 18:28:00,25.44,50.88,1104.1,3.34,53.81,2143.6,1.69,62.64,7.06,12.41,0,Normal
2024-01-01 18:29:00,24.92,54.57,1095.5,3.53,57.24,2306.6,2.02,65.24,8.17,13.3,0,Normal
2024-01-01 18:30:00,25.44,51.18,1126.0,3.53,54.56,2110.2,1.71,62.86,7.8,12.27,0,Normal
2024-01-01 18:31:00,25.45,52.11,1123.7,3.74,55.96,2170.3,1.94,64.6,7.85,14.32,0,Normal
2024-01-01 18:32:00,25.79,49.67,1112.0,3.18,56.96,2277.4,1.98,64.67,8.42,13.61,0,Normal
2024-01-01 18:33:00,25.54,52.24,1137.5,3.48,56.0,2254.2,1.96,63.88,8.14,13.71,0,Normal
2024-01-01 18:34:00,26.03,50.16,1197.2,3.35,54.81,2193.5,1.91,63.14,7.73,12.71,0,Normal
2024-01-01 18:35:00,25.36,53.63,1114.5,3.67,55.95,2244.9,1.78,63.13,7.58,12.42,0,Normal
2024-01-01 18:36:00,25.61,52.76,1121.4,3.65,57.15,2396.1,1.87,63.45,8.25,14.37,0,Normal
2024-01-01 18:37:00,26.21,49.78,1158.1,3.6,55.52,2191.3,1.63,62.29,7.63,13.0,0,Normal
2024-01-01 18:38:00,25.76,51.14,1121.3,3.36,56.81,2179.2,1.96,64.11,8.18,14.09,0,Normal
2024-01-01 18:39:00,25.54,50.9,1147.5,3.68,57.34,2281.1,2.01,65.1,8.34,13.87,0,Normal
2024-01-01 18:40:00,25.24,50.13,1106.9,3.19,56.75,2286.6,1.86,63.93,8.31,14.11,0,Normal
2024-01-01 18:41:00,25.2,51.05,1169.9,3.15,55.6,2299.1,1.97,64.7,7.72,12.95,0,Normal
2024-01-01 18:42:00,25.07,52.87,1130.1,3.24,56.19,2266.3,1.91,64.4,8.34,13.95,0,Normal
2024-01-01 18:43:00,25.2,52.82,1108.6,3.49,55.75,2060.0,1.81,63.37,7.2,13.3,0,Normal
2024-01-01 18:44:00,25.83,51.43,1121.9,3.64,57.2,2289.8,1.87,63.89,8.45,13.63,0,Normal
2024-01-01 18:45:00,25.32,51.68,1113.5,2.9,55.25,2041.0,2.07,65.29,7.9,14.03,0,Normal
2024-01-01 18:46:00,24.73,54.59,1148.9,3.76,54.47,2237.9,1.71,64.47,7.13,13.27,0,Normal
2024-01-01 18:47:00,26.26,50.52,1113.6,3.53,56.09,2128.3,1.68,62.04,7.77,12.88,0,Normal
2024-01-01 18:48:00,25.52,52.83,1113.6,3.19,56.52,2200.5,1.92,64.22,8.29,13.75,0,Normal
2024-01-01 18:49:00,24.63,50.71,1098.5,3.52,55.14,2162.0,1.76,62.26,8.02,14.07,0,Normal
2024-01-01 18:50:00,25.09,46.66,1121.4,3.72,55.48,2262.2,1.86,63.73,7.75,13.81,0,Normal
2024-01-01 18:51:00,25.34,52.51,1120.1,3.62,56.67,2178.6,1.78,62.96,7.86,13.43,0,Normal
2024-01-01 18:52:00,26.12,48.56,1105.0,3.72,58.4,2333.3,1.98,64.71,8.67,14.41,0,Normal
2024-01-01 18:53:00,24.69,52.95,1103.7,3.23,56.59,2226.8,1.89,64.14,8.23,14.01,0,Normal
2024-01-01 18:54:00,25.7,50.98,1131.6,3.42,56.07,2165.8,1.83,63.25,7.91,13.88,0,Normal
2024-01-01 18:55:00,25.89,53.47,1122.1,3.32,56.75,2250.0,1.88,62.74,7.93,14.61,0,Normal
2024-01-01 18:56:00,24.86,53.56,1134.3,3.84,57.45,2253.3,1.75,64.31,8.27,13.78,0,Normal
2024-01-01 18:57:00,25.01,52.94,1143.1,3.63,54.02,2146.9,1.85,64.07,7.93,14.0,0,Normal
2024-01-01 18:58:00,24.6,54.67,1110.1,4.07,54.07,2233.5,1.6,61.93,7.48,13.88,0,Normal
2024-01-01 18:59:00,25.0,53.26,1125.7,3.41,55.81,2196.1,1.83,62.99,7.6,13.91,0,Normal
2024-01-01 19:00:00,25.06,51.91,1067.1,3.36,56.03,2155.1,1.97,64.5,7.7,14.52,0,Normal
2024-01-01 19:01:00,25.38,53.62,1117.1,3.47,57.51,2293.5,2.03,65.23,8.78,15.24,0,Normal
2024-01-01 19:02:00,25.58,50.0,1156.6,3.78,54.77,2210.6,1.91,64.45,8.16,14.6,0,Normal
2024-01-01 19:03:00,24.63,53.85,1102.1,3.43,56.33,2177.9,1.92,64.75,7.92,14.39,0,Normal
2024-01-01 19:04:00,24.0,52.18,1081.6,3.52,55.68,2158.7,1.75,63.83,7.6,14.02,0,Normal
2024-01-01 19:05:00,24.95,53.1,1175.9,3.52,53.73,2191.9,1.98,62.97,7.31,14.91,0,Normal
2024-01-01 19:06:00,25.08,52.84,1167.2,3.51,53.55,2141.6,1.8,62.91,7.5,14.9,0,Normal
2024-01-01 19:07:00,25.04,55.14,1132.5,3.37,53.52,2038.4,1.7,63.27,6.86,13.64,0,Normal
2024-01-01 19:08:00,24.73,50.84,1143.0,3.47,56.32,2322.5,1.95,63.68,8.3,16.05,0,Normal
2024-01-01 19:09:00,24.93,51.92,1063.0,3.46,55.35,2112.8,1.81,64.25,7.96,14.85,0,Normal
2024-01-01 19:10:00,25.6,52.85,1112.4,3.5,55.25,2107.3,1.75,64.31,7.23,13.6,0,Normal
2024-01-01 19:11:00,25.01,53.18,1108.5,3.69,53.66,2105.0,1.53,62.43,7.24,13.25,0,Normal
2024-01-01 19:12:00,24.61,53.67,1106.4,3.85,54.8,2137.1,1.84,64.01,7.96,15.21,0,Normal
2024-01-01 19:13:00,24.53,52.12,1098.3,3.33,55.62,2121.2,1.84,63.31,7.75,14.62,0,Normal
2024-01-01 19:14:00,24.67,52.41,1049.6,3.42,57.86,2333.4,2.03,65.17,8.31,16.09,0,Normal
2024-01-01 19:15:00,25.55,53.58,1140.7,3.33,55.2,2221.4,2.1,64.12,8.14,16.32,0,Normal
2024-01-01 19:16:00,24.62,53.31,1125.9,3.54,55.07,2075.9,1.67,62.01,7.65,14.56,0,Normal
2024-01-01 19:17:00,24.68,53.84,1153.6,3.39,57.15,2380.9,2.09,64.76,8.66,16.71,0,Normal
2024-01-01 19:18:00,24.42,53.57,1088.8,3.55,55.34,2222.8,1.75,63.11,7.76,15.0,0,Normal
2024-01-01 19:19:00,25.19,50.58,1102.1,3.72,55.27,2108.4,1.74,62.75,7.87,13.7,0,Normal
2024-01-01 19:20:00,25.6,53.02,1065.0,2.99,55.09,2046.0,1.92,64.22,7.74,14.8,0,Normal
2024-01-01 19:21:00,24.82,53.78,1109.1,3.6,57.89,2319.3,2.03,65.6,8.08,16.44,0,Normal
2024-01-01 19:22:00,24.62,56.85,1134.8,3.41,53.66,2062.9,1.84,62.92,7.62,14.44,0,Normal
2024-01-01 19:23:00,24.57,51.95,1096.1,3.59,54.19,2140.6,1.67,62.6,7.72,14.44,0,Normal
2024-01-01 19:24:00,23.34,56.93,1140.3,3.32,54.16,2205.5,1.99,64.05,7.54,15.99,0,Normal
2024-01-01 19:25:00,24.88,50.95,1111.2,3.74,56.27,2321.7,2.01,64.84,7.64,16.88,0,Normal
2024-01-01 19:26:00,24.55,53.74,1114.7,3.68,57.69,2273.6,1.87,64.51,7.85,15.99,0,Normal
2024-01-01 19:27:00,24.68,54.75,1079.4,3.61,55.96,2222.2,1.83,64.24,7.86,15.94,0,Normal
2024-01-01 19:28:00,24.08,51.24,1108.9,3.66,55.64,2201.5,1.74,63.55,8.04,15.56,0,Normal
2024-01-01 19:29:00,24.23,53.79,1055.0,3.35,56.85,2210.9,1.9,64.39,7.74,16.61,0,Normal
2024-01-01 19:30:00,24.19,53.31,1121.1,3.38,56.05,2297.5,1.83,62.6,8.21,15.94,0,Normal
2024-01-01 19:31:00,24.88,51.86,1135.8,3.65,55.39,2219.5,1.88,63.06,7.03,16.8,0,Normal
2024-01-01 19:32:00,24.16,54.79,1137.2,3.35,54.69,2218.0,1.66,61.91,7.67,15.81,0,Normal
2024-01-01 19:33:00,25.37,53.71,1101.9,3.79,54.48,2180.7,1.64,62.6,7.38,15.83,0,Normal
2024-01-01 19:34:00,24.52,53.36,1114.5,3.44,54.06,2145.8,1.77,62.15,8.18,15.62,0,Normal
2024-01-01 19:35:00,23.65,55.44,1107.0,3.6,54.92,2202.4,1.92,64.24,7.31,16.19,0,Normal
2024-01-01 19:36:00,24.2,54.31,1115.0,3.92,53.88,2033.2,1.52,61.75,7.03,14.07,0,Normal
2024-01-01 19:37:00,23.92,54.66,1076.7,3.36,54.87,2192.2,1.9,62.51,7.26,17.03,0,Normal
2024-01-01 19:38:00,23.12,54.45,1022.6,3.51,54.2,2143.2,1.75,62.16,7.36,16.02,0,Normal
2024-01-01 19:39:00,25.0,54.37,1128.6,3.71,54.41,2164.6,1.82,64.07,7.14,15.51,0,Normal
2024-01-01 19:40:00,24.53,53.99,1106.7,3.69,53.8,2271.1,1.81,63.72,8.51,16.85,0,Normal
2024-01-01 19:41:00,24.42,54.34,1094.2,3.43,56.09,2292.7,2.01,64.07,8.14,17.14,0,Normal
2024-01-01 19:42:00,24.21,52.9,1123.4,3.4,56.68,2296.0,1.9,63.39,8.11,17.21,0,Normal
2024-01-01 19:43:00,23.42,54.86,1087.3,3.45,54.43,1983.5,1.58,60.28,7.03,15.01,0,Normal
2024-01-01 19:44:00,23.85,54.51,1064.0,3.79,55.15,2173.1,1.77,64.17,7.33,16.61,0,Normal
2024-01-01 19:45:00,24.49,51.32,1061.5,3.44,57.27,2232.3,1.87,64.05,8.37,17.05,0,Normal
2024-01-01 19:46:00,23.52,52.83,1062.2,3.52,53.49,2110.8,1.72,63.98,7.57,15.72,0,Normal
2024-01-01 19:47:00,22.76,55.83,1135.0,3.41,52.85,2189.3,1.81,62.96,7.86,16.51,0,Normal
2024-01-01 19:48:00,23.89,55.48,1115.9,3.64,55.03,2224.2,1.92,64.21,7.57,17.61,0,Normal
2024-01-01 19:49:00,23.91,53.68,1102.9,3.53,53.72,2127.2,1.81,63.82,7.86,16.6,0,Normal
2024-01-01 19:50:00,24.03,52.92,1096.0,3.3,55.11,2253.2,1.85,64.76,8.22,17.05,0,Normal
2024-01-01 19:51:00,24.3,52.73,1099.9,3.31,54.96,2080.5,1.69,63.04,7.32,15.01,0,Normal
2024-01-01 19:52:00,24.24,53.39,1133.9,3.1,53.77,2108.7,2.03,64.51,8.0,16.28,0,Normal
2024-01-01 19:53:00,24.03,53.92,1088.3,3.33,55.46,2276.5,1.77,63.23,7.99,17.13,0,Normal
2024-01-01 19:54:00,24.47,56.9,1123.9,3.66,54.04,2093.7,1.64,61.52,6.81,15.22,0,Normal
2024-01-01 19:55:00,23.1,57.71,1073.2,3.76,54.52,2289.0,1.85,63.28,7.89,17.28,0,Normal
2024-01-01 19:56:00,24.09,55.88,1150.2,3.64,53.66,2218.8,1.91,63.86,7.68,17.39,0,Normal
2024-01-01 19:57:00,24.13,56.03,1121.1,3.61,54.84,2183.5,1.75,64.0,7.68,17.75,0,Normal
2024-01-01 19:58:00,23.17,54.49,1114.6,3.47,54.44,2228.7,1.83,63.12,8.11,17.39,0,Normal
2024-01-01 19:59:00,23.02,54.43,1065.8,3.65,56.07,2253.8,1.75,63.91,7.39,17.67,0,Normal
2024-01-01 20:00:00,23.38,53.96,1114.0,3.56,54.3,2199.3,1.79,63.14,7.56,17.4,0,Normal
2024-01-01 20:01:00,23.4,57.58,1080.2,3.86,54.29,2156.4,1.56,62.71,7.1,15.16,0,Normal
2024-01-01 20:02:00,24.09,53.53,1104.5,3.48,54.56,2142.2,1.7,63.17,7.26,16.6,0,Normal
2024-01-01 20:03:00,23.38,53.74,1128.5,3.77,54.93,2200.7,1.82,63.86,7.52,17.04,0,Normal
2024-01-01 20:04:00,23.24,55.22,1058.7,3.67,55.22,2270.7,1.78,63.89,7.9,18.24,0,Normal
2024-01-01 20:05:00,23.34,55.33,1091.9,3.65,55.2,2201.3,1.88,64.37,8.01,17.03,0,Normal
2024-01-01 20:06:00,24.19,54.57,1114.7,3.1,53.69,2133.3,1.86,64.24,7.69,17.22,0,Normal
2024-01-01 20:07:00,23.61,55.57,1105.2,3.69,53.75,2205.7,1.6,63.48,7.5,16.56,0,Normal
2024-01-01 20:08:00,23.5,54.17,1078.6,3.47,53.81,2075.1,1.83,64.5,7.64,16.67,0,Normal
2024-01-01 20:09:00,23.51,56.41,1142.4,3.41,55.37,2312.8,1.79,63.65,8.71,18.37,0,Normal
2024-01-01 20:10:00,24.19,53.2,1071.4,3.2,55.2,2135.1,1.82,63.15,7.7,17.33,0,Normal
2024-01-01 20:11:00,23.15,55.8,1119.5,3.5,53.23,2126.1,1.7,62.79,7.68,17.06,0,Normal
2024-01-01 20:12:00,24.16,55.24,1133.6,3.51,54.39,2112.1,1.85,62.17,7.87,17.77,0,Normal
2024-01-01 20:13:00,23.59,54.28,1139.3,3.24,55.04,2175.6,1.84,64.11,8.28,18.18,0,Normal
2024-01-01 20:14:00,23.38,54.75,1048.0,3.21,55.38,2136.0,1.79,62.59,7.81,17.77,0,Normal
2024-01-01 20:15:00,24.69,54.14,1092.2,3.6,56.33,2246.7,1.87,64.7,7.77,19.1,0,Normal
2024-01-01 20:16:00,22.9,55.2,1115.2,3.67,53.85,2147.1,1.68,63.89,7.53,16.58,0,Normal
2024-01-01 20:17:00,23.23,55.31,1037.6,3.54,55.48,2188.7,1.77,62.18,7.8,18.23,0,Normal
2024-01-01 20:18:00,22.77,57.55,1035.2,3.73,54.75,2205.4,1.77,63.1,7.96,17.45,0,Normal
2024-01-01 20:19:00,23.84,57.87,1084.6,3.48,57.17,2307.4,1.83,63.03,7.89,18.82,0,Normal
2024-01-01 20:20:00,24.19,55.07,1108.6,3.49,53.93,2153.5,1.59,60.76,7.73,17.02,0,Normal
2024-01-01 20:21:00,24.16,54.92,1143.0,3.32,54.42,2220.0,2.08,64.82,8.06,19.73,0,Normal
2024-01-01 20:22:00,23.92,55.44,1093.7,3.19,55.25,2263.9,1.98,64.81,8.34,19.6,0,Normal
2024-01-01 20:23:00,23.19,54.35,1068.6,3.87,54.54,2245.9,1.75,63.51,7.85,18.03,0,Normal
2024-01-01 20:24:00,23.08,56.32,1089.5,3.73,55.33,2099.0,1.63,62.46,7.42,17.96,0,Normal
2024-01-01 20:25:00,22.41,57.31,1080.0,3.22,53.93,2180.2,1.95,62.91,7.87,18.85,0,Normal
2024-01-01 20:26:00,24.25,54.54,1116.0,3.53,54.95,2184.0,1.75,63.08,7.86,17.96,0,Normal
2024-01-01 20:27:00,23.44,55.68,1084.4,3.48,54.81,2139.8,1.5,60.54,7.88,16.58,0,Normal
2024-01-01 20:28:00,22.94,56.97,1030.0,3.45,57.24,2275.5,1.89,63.12,7.55,18.92,0,Normal
2024-01-01 20:29:00,23.83,54.33,1073.8,3.42,58.63,2409.2,2.05,64.51,8.86,20.36,0,Normal
2024-01-01 20:30:00,22.67,56.99,1108.8,3.58,53.55,2056.3,1.65,63.01,7.21,17.59,0,Normal
2024-01-01 20:31:00,23.34,53.85,1091.4,3.66,53.5,2072.7,1.63,62.54,7.15,17.57,0,Normal
2024-01-01 20:32:00,23.03,55.77,1072.5,3.58,54.19,2140.0,1.67,62.7,6.72,17.69,0,Normal
2024-01-01 20:33:00,23.41,57.64,1116.2,3.48,55.76,2378.3,1.88,63.28,8.42,19.94,0,Normal
2024-01-01 20:34:00,23.04,56.7,1052.6,3.47,53.58,2120.7,1.71,62.35,7.35,18.0,0,Normal
2024-01-01 20:35:00,22.33,57.47,1061.0,3.69,55.62,2286.8,1.67,61.7,7.58,19.12,0,Normal
2024-01-01 20:36:00,23.08,59.01,1085.0,3.59,54.95,2334.9,1.68,63.55,7.89,19.44,0,Normal
2024-01-01 20:37:00,23.54,53.28,1079.9,3.51,55.35,2207.4,1.84,65.13,7.74,18.79,0,Normal
2024-01-01 20:38:00,22.99,54.66,1082.3,3.49,55.47,2324.1,1.92,64.47,7.64,20.18,0,Normal
2024-01-01 20:39:00,23.37,58.2,1082.7,3.57,56.28,2281.4,1.97,64.99,8.22,21.21,0,Normal
2024-01-01 20:40:00,22.44,57.37,1033.9,3.41,55.61,2099.0,1.78,63.16,7.74,18.21,0,Normal
2024-01-01 20:41:00,22.93,56.06,1083.2,3.66,53.84,2194.9,1.62,60.98,7.29,18.4,0,Normal
2024-01-01 20:42:00,22.62,55.19,1039.1,3.28,54.3,2204.5,1.67,61.91,7.65,18.88,0,Normal
2024-01-01 20:43:00,23.28,56.46,1089.8,3.42,52.74,2145.4,1.65,61.87,7.35,17.94,0,Normal
2024-01-01 20:44:00,22.91,57.28,1112.5,3.62,53.95,2199.5,1.79,62.89,7.98,19.53,0,Normal
2024-01-01 20:45:00,23.22,54.26,1077.3,3.27,53.43,2094.0,1.92,63.42,7.53,18.85,0,Normal
2024-01-01 20:46:00,23.4,55.37,1058.7,3.19,55.54,2171.1,1.92,64.14,8.11,20.25,0,Normal
2024-01-01 20:47:00,23.18,55.47,1080.5,3.51,54.83,2138.6,1.65,61.84,7.36,18.54,0,Normal
2024-01-01 20:48:00,22.96,56.76,1058.3,3.16,56.2,2195.3,1.87,65.41,8.5,19.44,0,Normal
2024-01-01 20:49:00,22.3,55.88,1080.9,3.24,52.85,2101.2,1.69,61.48,7.15,18.77,0,Normal
2024-01-01 20:50:00,22.78,58.57,1072.0,3.65,55.29,2247.8,1.77,63.82,7.63,19.52,0,Normal
2024-01-01 20:51:00,22.5,58.57,1112.7,3.46,53.94,2286.7,1.96,63.95,8.0,21.0,0,Normal
2024-01-01 20:52:00,22.58,56.52,1100.6,3.76,53.3,2064.3,1.74,63.07,7.07,18.85,0,Normal
2024-01-01 20:53:00,22.54,56.8,1067.1,3.26,54.92,2225.5,1.89,64.19,7.52,20.11,0,Normal
2024-01-01 20:54:00,22.22,57.49,1082.4,3.48,55.27,2306.2,1.91,64.13,8.33,20.95,0,Normal
2024-01-01 20:55:00,21.72,57.44,1044.5,3.58,53.21,2034.2,1.56,60.94,6.11,18.43,0,Normal
2024-01-01 20:56:00,22.35,56.81,1067.8,3.27,56.72,2317.8,1.84,63.55,7.94,20.25,0,Normal
2024-01-01 20:57:00,22.76,56.33,1066.1,3.71,55.36,2222.0,1.96,64.43,7.6,21.62,0,Normal
2024-01-01 20:58:00,21.97,60.57,1078.6,3.6,53.87,2146.7,1.49,61.47,7.27,17.75,0,Normal
2024-01-01 20:59:00,22.64,58.38,1108.5,3.18,54.09,2182.9,1.7,61.93,6.89,19.38,0,Normal
2024-01-01 21:00:00,23.56,56.69,1111.2,3.49,54.93,2245.3,2.03,65.52,8.25,21.74,0,Normal
2024-01-01 21:01:00,23.11,56.66,1105.2,3.58,54.98,2175.4,1.78,61.47,7.88,20.38,0,Normal
2024-01-01 21:02:00,23.4,53.91,1111.1,3.38,55.13,2268.3,1.79,63.09,7.39,20.81,0,Normal
2024-01-01 21:03:00,22.76,56.68,1088.9,3.2,53.03,2140.3,1.89,62.94,7.65,20.4,0,Normal
2024-01-01 21:04:00,23.13,57.53,1054.1,3.56,54.94,2207.5,1.88,63.92,8.01,20.75,0,Normal
2024-01-01 21:05:00,22.17,55.92,1105.8,3.94,52.48,2063.8,1.41,61.48,7.16,18.4,0,Normal
2024-01-01 21:06:00,22.19,58.72,1108.9,3.42,54.04,2210.5,1.77,62.02,7.23,20.72,0,Normal
2024-01-01 21:07:00,21.12,63.16,1036.6,3.81,54.42,2132.2,1.76,64.69,7.05,20.42,0,Normal
2024-01-01 21:08:00,23.07,57.77,1072.1,3.35,53.27,2110.6,1.68,62.54,7.77,19.36,0,Normal
2024-01-01 21:09:00,23.23,58.0,1099.9,3.54,55.65,2277.0,1.9,64.25,7.81,20.86,0,Normal
2024-01-01 21:10:00,22.17,58.12,1077.1,3.65,55.46,2290.6,1.99,63.45,8.01,22.7,0,Normal
2024-01-01 21:11:00,22.3,59.01,1061.0,3.5,55.35,2253.2,1.62,62.3,7.87,20.44,0,Normal
2024-01-01 21:12:00,22.04,56.96,1029.5,3.44,54.71,2128.4,1.75,63.68,7.18,20.15,0,Normal
2024-01-01 21:13:00,22.59,58.24,1079.4,3.65,54.59,2170.5,1.77,63.27,7.55,20.36,0,Normal
2024-01-01 21:14:00,22.94,57.38,1092.7,3.88,54.96,2313.2,1.61,62.29,8.03,20.62,0,Normal
2024-01-01 21:15:00,21.49,59.45,1068.0,3.56,53.4,2243.5,1.73,62.66,7.22,20.63,0,Normal
2024-01-01 21:16:00,22.55,59.08,1079.8,3.4,56.67,2382.8,2.11,64.38,8.43,23.96,0,Normal
2024-01-01 21:17:00,22.2,56.94,1057.1,3.46,55.57,2197.8,1.78,62.28,7.42,20.62,0,Normal
2024-01-01 21:18:00,22.37,57.15,1092.3,4.0,54.31,2166.8,1.5,62.32,7.07,19.88,0,Normal
2024-01-01 21:19:00,22.53,57.29,1072.3,3.53,53.36,2148.7,1.84,63.99,7.94,21.96,0,Normal
2024-01-01 21:20:00,22.19,56.21,1052.2,3.38,54.21,2268.0,1.92,64.62,8.38,21.94,0,Normal
2024-01-01 21:21:00,22.22,58.05,1059.9,3.27,54.87,2188.9,1.87,63.15,7.88,20.97,0,Normal
2024-01-01 21:22:00,22.15,55.25,1019.3,3.13,55.76,2315.4,2.02,64.58,8.44,23.12,0,Normal
2024-01-01 21:23:00,22.73,58.36,1070.0,3.57,55.68,2254.7,1.95,65.16,8.23,22.79,0,Normal
2024-01-01 21:24:00,22.44,57.39,1085.9,3.63,54.18,2124.4,1.74,62.02,7.27,20.84,0,Normal
2024-01-01 21:25:00,22.32,56.74,1074.9,3.42,52.47,2091.6,1.77,63.61,7.39,21.21,0,Normal
2024-01-01 21:26:00,21.56,57.64,1089.2,3.5,51.65,2054.6,1.56,61.13,6.57,19.61,0,Normal
2024-01-01 21:27:00,21.99,57.76,1053.3,3.27,54.69,2199.5,1.69,62.05,7.32,20.46,0,Normal
2024-01-01 21:28:00,22.62,58.02,1084.5,3.53,53.64,2070.3,1.75,62.87,7.32,20.11,0,Normal
2024-01-01 21:29:00,22.17,58.62,1083.2,3.6,52.66,2052.5,1.74,61.92,6.91,20.43,0,Normal
2024-01-01 21:30:00,22.47,56.2,1127.9,3.39,52.87,2254.9,1.8,61.72,7.33,21.92,0,Normal
2024-01-01 21:31:00,23.01,55.02,1083.7,3.84,56.89,2455.1,2.03,64.92,8.43,25.35,0,Normal
2024-01-01 21:32:00,22.63,57.96,1046.4,3.33,55.68,2174.4,1.84,64.02,8.14,21.61,0,Normal
2024-01-01 21:33:00,22.14,56.77,1084.0,3.56,53.67,2238.0,1.78,63.87,8.17,22.56,0,Normal
2024-01-01 21:34:00,21.82,58.51,1103.1,3.67,53.46,2168.9,1.88,64.03,7.66,22.03,0,Normal
2024-01-01 21:35:00,20.79,60.47,1027.7,3.48,53.35,2222.3,1.76,64.25,7.81,21.99,0,Normal
2024-01-01 21:36:00,21.97,58.63,1080.4,3.46,54.42,2284.7,1.83,64.37,7.74,22.51,0,Normal
2024-01-01 21:37:00,21.87,59.62,1088.2,3.21,52.01,2138.4,1.6,62.3,6.57,20.93,0,Normal
2024-01-01 21:38:00,22.22,55.81,1089.8,3.77,55.06,2177.7,1.8,63.67,7.44,22.59,0,Normal
2024-01-01 21:39:00,21.93,55.36,1061.8,3.47,54.41,2246.5,1.77,63.92,7.67,22.46,0,Normal
2024-01-01 21:40:00,21.83,57.55,1039.2,3.61,53.64,2155.3,1.74,61.23,7.54,22.34,0,Normal
2024-01-01 21:41:00,21.09,62.44,1039.8,3.63,55.22,2288.0,1.81,63.06,7.92,22.74,0,Normal
2024-01-01 21:42:00,21.5,62.04,1061.4,3.37,53.24,2146.5,1.73,61.39,7.36,21.75,0,Normal
2024-01-01 21:43:00,22.19,60.5,1086.5,3.46,52.69,2069.9,1.67,62.76,7.01,21.29,0,Normal
2024-01-01 21:44:00,22.8,56.37,1084.3,3.77,55.92,2198.0,1.77,62.72,7.88,22.06,0,Normal
2024-01-01 21:45:00,21.88,55.65,1048.1,3.28,54.87,2149.4,1.97,66.42,7.42,23.04,0,Normal
2024-01-01 21:46:00,22.08,54.45,1075.4,3.93,53.84,2265.9,1.86,63.19,8.11,23.52,0,Normal
2024-01-01 21:47:00,22.38,56.5,1089.0,3.35,54.76,2174.3,1.91,63.98,7.62,23.48,0,Normal
2024-01-01 21:48:00,21.48,58.74,1059.1,3.26,55.22,2347.8,2.12,64.89,9.03,25.85,0,Normal
2024-01-01 21:49:00,22.06,59.95,1040.2,3.53,54.43,2253.2,1.91,63.55,7.84,23.38,0,Normal
2024-01-01 21:50:00,21.49,60.32,1045.3,3.94,53.76,2139.4,1.68,61.6,7.27,21.95,0,Normal
2024-01-01 21:51:00,22.28,57.94,1089.3,3.12,55.7,2256.4,2.14,64.51,8.12,24.7,0,Normal
2024-01-01 21:52:00,21.91,56.92,1023.7,3.47,55.45,2320.3,1.78,61.74,7.86,23.43,0,Normal
2024-01-01 21:53:00,21.97,56.71,1007.1,3.6,57.32,2145.3,1.76,63.75,7.94,22.54,0,Normal
2024-01-01 21:54:00,21.42,59.53,1086.1,3.51,53.13,2213.3,1.69,62.14,7.51,22.89,0,Normal
2024-01-01 21:55:00,22.15,58.87,1075.8,3.58,54.02,2136.6,1.7,63.97,7.74,22.06,0,Normal
2024-01-01 21:56:00,22.83,57.2,1091.7,3.36,53.29,2127.3,1.84,62.45,7.66,22.7,0,Normal
2024-01-01 21:57:00,21.27,57.86,1018.5,3.38,54.92,2165.9,1.72,63.88,7.6,22.64,0,Normal
2024-01-01 21:58:00,21.59,59.81,1070.3,3.47,54.21,2140.1,1.82,64.43,7.71,23.07,0,Normal
2024-01-01 21:59:00,21.86,58.98,1064.2,3.27,54.91,2168.4,1.81,64.26,8.05,23.25,0,Normal
2024-01-01 22:00:00,22.13,56.26,1023.0,3.49,49.46,1702.9,1.32,60.05,6.04,16.35,0,Normal
2024-01-01 22:01:00,21.45,57.92,1084.5,3.42,47.97,1754.1,1.38,59.82,5.99,16.95,0,Normal
2024-01-01 22:02:00,20.3,62.2,1029.9,3.41,48.14,1720.3,1.52,61.77,6.13,17.74,0,Normal
2024-01-01 22:03:00,22.38,57.06,1057.7,3.56,48.9,1779.0,1.29,59.1,5.58,16.67,0,Normal
2024-01-01 22:04:00,22.07,60.36,1051.9,3.14,49.34,1725.2,1.48,60.95,6.82,17.94,0,Normal
2024-01-01 22:05:00,20.81,61.0,985.8,3.45,47.28,1567.3,1.11,58.38,5.35,14.95,0,Normal
2024-01-01 22:06:00,21.36,58.52,1062.1,3.96,48.23,1699.0,1.12,57.95,5.72,15.56,0,Normal
2024-01-01 22:07:00,22.44,57.29,1075.3,3.28,48.48,1742.6,1.31,59.88,5.83,16.14,0,Normal
2024-01-01 22:08:00,22.37,57.53,1062.5,3.76,47.04,1634.0,1.19,59.37,4.71,15.16,0,Normal
2024-01-01 22:09:00,22.1,56.82,1094.0,3.51,49.69,1800.9,1.46,60.05,6.13,18.3,0,Normal
2024-01-01 22:10:00,21.53,57.57,1016.1,3.38,50.91,1834.4,1.58,61.89,6.52,18.89,0,Normal
2024-01-01 22:11:00,21.65,59.78,1038.1,3.24,50.19,1830.0,1.46,59.22,6.05,18.7,0,Normal
2024-01-01 22:12:00,21.53,60.21,1029.4,3.53,49.66,1758.8,1.44,59.83,5.84,18.03,0,Normal
2024-01-01 22:13:00,22.15,58.73,1056.1,3.79,50.95,1826.2,1.41,60.22,6.18,19.05,0,Normal
2024-01-01 22:14:00,21.14,61.92,1044.5,3.42,48.26,1709.7,1.34,60.09,6.02,17.92,0,Normal
2024-01-01 22:15:00,21.16,58.79,1054.0,3.48,47.85,1710.7,1.19,59.54,5.98,15.74,0,Normal
2024-01-01 22:16:00,22.06,60.5,1052.6,3.7,47.91,1648.1,1.23,59.24,5.58,16.06,0,Normal
2024-01-01 22:17:00,21.52,57.61,1028.5,3.57,48.05,1708.5,1.31,60.06,5.58,16.96,0,Normal
2024-01-01 22:18:00,22.23,56.18,1106.7,3.19,48.17,1702.2,1.43,60.22,5.76,17.37,0,Normal
2024-01-01 22:19:00,21.19,56.92,1104.1,3.52,47.82,1666.0,1.32,59.94,5.68,17.04,0,Normal
2024-01-01 22:20:00,21.49,58.35,1053.3,3.8,49.27,1770.1,1.38,60.42,6.09,17.88,0,Normal
2024-01-01 22:21:00,21.04,59.07,1022.0,3.49,49.74,1733.8,1.27,59.28,6.0,17.35,0,Normal
2024-01-01 22:22:00,21.5,59.79,1086.9,2.95,48.86,1812.8,1.57,61.01,6.16,20.0,0,Normal
2024-01-01 22:23:00,20.75,60.72,998.8,3.58,50.78,1833.3,1.5,61.5,6.55,19.43,0,Normal
2024-01-01 22:24:00,21.23,57.69,1036.3,3.46,48.41,1834.1,1.39,61.4,6.24,18.47,0,Normal
2024-01-01 22:25:00,20.75,59.77,1017.6,3.13,47.34,1674.7,1.49,61.45,5.7,17.41,0,Normal
2024-01-01 22:26:00,21.8,57.9,1027.1,3.16,47.81,1555.4,1.33,58.97,4.93,16.82,0,Normal
2024-01-01 22:27:00,21.8,55.79,1049.1,3.7,49.12,1807.2,1.16,58.09,5.58,17.59,0,Normal
2024-01-01 22:28:00,20.57,59.2,1009.8,3.35,47.71,1586.5,1.36,59.52,6.0,16.86,0,Normal
2024-01-01 22:29:00,22.09,56.77,1062.2,3.32,49.07,1767.2,1.43,60.5,5.55,18.33,0,Normal
2024-01-01 22:30:00,22.67,59.05,1074.0,3.49,48.38,1650.7,1.12,58.59,5.83,16.3,0,Normal
2024-01-01 22:31:00,21.43,59.41,1033.1,3.37,47.67,1575.1,1.24,60.05,4.85,15.79,0,Normal
2024-01-01 22:32:00,21.08,60.75,1032.3,3.52,49.62,1804.9,1.29,60.61,5.79,17.38,0,Normal
2024-01-01 22:33:00,22.8,54.41,1070.3,3.46,50.1,1718.4,1.47,60.82,5.97,18.94,0,Normal
2024-01-01 22:34:00,20.72,62.19,1054.7,3.26,46.69,1683.5,1.33,59.45,6.15,16.95,0,Normal
2024-01-01 22:35:00,21.38,61.16,1044.0,3.4,46.89,1591.8,1.15,58.93,5.26,15.41,0,Normal
2024-01-01 22:36:00,21.46,56.08,1069.7,3.59,48.01,1685.4,1.36,60.65,5.68,18.22,0,Normal
2024-01-01 22:37:00,22.03,56.99,1075.2,3.51,48.12,1743.1,1.38,60.45,5.61,17.78,0,Normal
2024-01-01 22:38:00,21.53,59.69,1064.9,3.48,48.0,1619.0,1.24,58.94,5.64,16.04,0,Normal
2024-01-01 22:39:00,21.09,60.7,1076.5,3.89,48.39,1682.9,1.08,57.94,5.31,16.6,0,Normal
2024-01-01 22:40:00,20.86,59.14,1009.1,3.65,48.24,1763.9,1.23,58.42,5.71,17.38,0,Normal
2024-01-01 22:41:00,21.15,59.17,1031.2,3.67,48.88,1777.4,1.25,59.52,5.76,18.15,0,Normal
2024-01-01 22:42:00,20.81,59.34,1080.3,3.47,47.39,1739.1,1.4,60.51,6.07,18.79,0,Normal
2024-01-01 22:43:00,21.33,59.47,1040.2,3.54,47.62,1660.5,1.09,58.85,5.61,16.33,0,Normal
2024-01-01 22:44:00,21.02,61.66,970.0,3.41,51.22,1826.6,1.5,61.95,6.14,19.88,0,Normal
2024-01-01 22:45:00,20.54,59.56,1025.8,3.66,47.79,1751.5,1.26,60.38,5.57,16.84,0,Normal
2024-01-01 22:46:00,21.91,59.76,1061.6,3.48,49.48,1736.2,1.48,59.87,5.87,19.41,0,Normal
2024-01-01 22:47:00,21.03,58.68,975.1,3.54,49.7,1625.1,1.33,60.21,5.76,16.76,0,Normal
2024-01-01 22:48:00,20.64,59.29,1066.1,3.53,47.76,1728.2,1.36,60.22,6.09,18.74,0,Normal
2024-01-01 22:49:00,21.18,60.81,1025.7,3.5,48.24,1693.7,1.26,59.33,5.73,17.41,0,Normal
2024-01-01 22:50:00,21.29,60.76,1054.0,4.09,48.92,1734.7,1.09,57.87,4.95,16.65,0,Normal
2024-01-01 22:51:00,20.37,62.3,1021.8,3.37,49.81,1900.9,1.49,61.92,6.68,21.18,0,Normal
2024-01-01 22:52:00,21.41,57.2,1015.9,3.36,47.72,1642.3,1.38,59.62,5.26,17.19,0,Normal
2024-01-01 22:53:00,20.71,59.72,1007.4,3.64,48.3,1662.7,1.33,58.28,5.48,17.55,0,Normal
2024-01-01 22:54:00,22.08,59.19,1038.3,3.38,50.91,1895.2,1.51,61.14,6.59,21.19,0,Normal
2024-01-01 22:55:00,21.48,59.1,1076.8,3.44,47.61,1745.3,1.26,59.11,5.7,18.17,0,Normal
2024-01-01 22:56:00,21.01,58.27,1036.6,3.28,47.81,1665.6,1.24,60.54,5.83,17.25,0,Normal
2024-01-01 22:57:00,20.83,60.89,1023.6,3.6,49.25,1810.3,1.37,60.48,5.91,19.43,0,Normal
2024-01-01 22:58:00,21.15,58.56,1019.6,3.6,49.77,1739.8,1.37,59.99,5.7,19.38,0,Normal
2024-01-01 22:59:00,21.5,61.69,1079.9,3.44,49.76,1819.1,1.6,61.39,6.31,21.86,0,Normal
2024-01-01 23:00:00,21.17,61.9,1080.1,3.64,48.6,1775.1,1.34,59.76,6.24,18.98,0,Normal
2024-01-01 23:01:00,21.07,60.68,1071.1,3.13,48.01,1692.9,1.49,62.22,6.09,19.96,0,Normal
2024-01-01 23:02:00,21.2,61.57,1056.4,3.36,49.57,1865.0,1.42,60.94,6.31,21.08,0,Normal
2024-01-01 23:03:00,20.87,60.24,1044.6,3.47,48.51,1726.9,1.35,58.97,6.26,18.95,0,Normal
2024-01-01 23:04:00,20.99,61.06,1009.4,3.27,49.47,1806.6,1.5,60.77,6.59,20.86,0,Normal
2024-01-01 23:05:00,20.11,63.71,1016.1,3.15,49.75,1736.7,1.48,60.84,6.34,19.55,0,Normal
2024-01-01 23:06:00,21.64,59.12,1035.7,3.44,50.1,1854.9,1.48,60.1,6.01,21.62,0,Normal
2024-01-01 23:07:00,21.3,58.98,1000.3,3.64,51.59,1846.9,1.48,59.79,6.69,21.45,0,Normal
2024-01-01 23:08:00,20.75,57.79,1061.5,3.76,46.49,1711.1,1.25,59.51,5.51,18.4,0,Normal
2024-01-01 23:09:00,22.08,57.82,1044.3,3.39,47.93,1660.8,1.43,59.78,5.66,19.15,0,Normal
2024-01-01 23:10:00,21.17,60.82,1073.4,3.65,48.27,1788.4,1.1,59.34,5.48,17.92,0,Normal
2024-01-01 23:11:00,20.61,62.03,1054.2,3.63,46.18,1724.1,1.34,59.62,5.63,18.67,0,Normal
2024-01-01 23:12:00,21.55,59.67,1064.9,3.74,50.62,1867.9,1.25,59.27,5.99,20.18,0,Normal
2024-01-01 23:13:00,21.31,58.52,1061.6,3.43,48.69,1768.9,1.42,58.68,6.08,19.7,0,Normal
2024-01-01 23:14:00,21.31,56.38,1030.8,3.14,48.07,1769.1,1.71,62.8,6.25,21.89,0,Normal
2024-01-01 23:15:00,20.89,59.35,1084.3,3.51,47.76,1709.2,1.3,59.75,5.78,18.94,0,Normal
2024-01-01 23:16:00,21.33,58.86,1047.6,3.3,47.97,1655.5,1.36,59.62,5.85,18.73,0,Normal
2024-01-01 23:17:00,20.97,59.49,1046.9,3.36,46.3,1699.1,1.27,58.58,5.47,18.72,0,Normal
2024-01-01 23:18:00,21.37,60.16,1031.2,3.44,49.32,1823.1,1.51,62.06,6.05,21.59,0,Normal
2024-01-01 23:19:00,20.14,64.43,999.4,3.43,47.96,1736.0,1.39,59.33,5.27,19.8,0,Normal
2024-01-01 23:20:00,20.87,60.33,1049.3,3.53,47.38,1741.6,1.24,58.89,5.91,17.68,0,Normal
2024-01-01 23:21:00,21.94,57.88,1064.2,3.64,49.23,1790.7,1.35,60.41,6.05,20.22,0,Normal
2024-01-01 23:22:00,20.69,60.07,1014.1,3.43,50.44,1817.2,1.36,61.25,6.13,20.56,0,Normal
2024-01-01 23:23:00,20.77,60.5,999.4,3.58,50.13,1826.0,1.41,60.34,6.59,20.98,0,Normal
2024-01-01 23:24:00,20.84,58.94,1005.1,3.5,50.45,1841.2,1.42,60.08,5.91,20.91,0,Normal
2024-01-01 23:25:00,20.46,61.06,1059.0,3.69,46.29,1597.4,1.16,58.47,5.24,17.72,0,Normal
2024-01-01 23:26:00,20.0,62.38,1004.7,3.46,47.37,1637.5,1.19,59.51,5.13,17.66,0,Normal
2024-01-01 23:27:00,20.94,60.32,1030.4,3.48,49.86,1834.3,1.43,61.34,6.45,21.08,0,Normal
2024-01-01 23:28:00,21.12,60.37,1078.7,3.43,48.49,1730.7,1.36,59.05,5.21,19.52,0,Normal
2024-01-01 23:29:00,21.02,60.51,1012.4,3.47,49.03,1715.2,1.37,60.17,6.13,20.08,0,Normal
2024-01-01 23:30:00,20.97,57.29,1021.3,3.34,49.7,1832.6,1.51,60.02,6.56,22.0,0,Normal
2024-01-01 23:31:00,21.07,60.74,1022.1,3.32,49.98,1749.8,1.44,61.22,5.82,20.75,0,Normal
2024-01-01 23:32:00,21.55,57.9,1091.5,3.66,48.7,1798.5,1.27,59.76,5.94,19.77,0,Normal
2024-01-01 23:33:00,20.94,58.36,1088.7,3.28,48.97,1953.8,1.57,60.59,6.31,23.93,0,Normal
2024-01-01 23:34:00,20.75,58.7,1053.8,3.44,47.34,1664.0,1.27,60.39,5.68,18.94,0,Normal
2024-01-01 23:35:00,20.89,60.74,1057.4,3.7,48.76,1757.9,1.41,60.56,6.25,20.42,0,Normal
2024-01-01 23:36:00,21.32,58.99,1031.9,3.43,49.76,1744.8,1.52,61.25,5.87,20.98,0,Normal
2024-01-01 23:37:00,21.73,56.06,1103.4,3.67,48.22,1758.3,1.17,58.71,5.31,18.99,0,Normal
2024-01-01 23:38:00,20.71,61.14,1040.9,3.38,50.12,1891.0,1.58,61.48,6.88,23.01,0,Normal
2024-01-01 23:39:00,21.07,57.61,1062.8,3.29,48.32,1733.5,1.49,60.43,6.59,20.42,0,Normal
2024-01-01 23:40:00,21.19,59.77,1041.2,3.18,49.37,1759.9,1.35,59.54,6.13,20.24,0,Normal
2024-01-01 23:41:00,20.52,61.12,1023.8,3.76,50.27,1742.1,1.39,61.22,6.22,20.77,0,Normal
2024-01-01 23:42:00,21.03,61.18,1082.1,3.27,47.22,1761.8,1.48,60.2,5.88,21.09,0,Normal
2024-01-01 23:43:00,20.28,63.86,1039.1,3.65,47.38,1688.3,1.15,58.24,5.53,18.5,0,Normal
2024-01-01 23:44:00,20.13,59.42,1058.9,3.3,45.81,1648.6,1.25,58.94,5.5,17.79,0,Normal
2024-01-01 23:45:00,21.2,59.47,1050.3,3.76,46.33,1552.1,1.12,59.31,5.04,16.51,0,Normal
2024-01-01 23:46:00,20.82,59.81,1015.2,3.94,50.54,1845.0,1.41,61.34,6.71,22.54,0,Normal
2024-01-01 23:47:00,21.11,60.35,1027.6,3.16,47.3,1675.1,1.28,59.12,5.65,18.9,0,Normal
2024-01-01 23:48:00,21.0,60.23,1042.5,3.28,49.12,1685.3,1.52,61.83,6.09,20.8,0,Normal
2024-01-01 23:49:00,20.52,60.24,1014.7,3.65,47.97,1723.7,1.08,58.35,5.46,18.01,0,Normal
2024-01-01 23:50:00,20.98,59.27,1012.0,3.6,49.87,1833.6,1.55,60.65,6.36,22.88,0,Normal
2024-01-01 23:51:00,20.39,59.33,1057.8,3.66,48.59,1786.6,1.39,59.84,6.39,21.33,0,Normal
2024-01-01 23:52:00,21.7,60.12,1040.4,3.39,49.87,1768.3,1.38,61.22,6.11,20.99,0,Normal
2024-01-01 23:53:00,20.32,61.8,1029.9,3.9,48.65,1711.4,1.32,61.21,5.85,20.19,0,Normal
2024-01-01 23:54:00,20.9,61.45,1045.5,3.52,46.89,1685.1,1.15,58.83,5.5,18.95,0,Normal
2024-01-01 23:55:00,20.48,60.37,1014.9,3.26,48.82,1820.5,1.49,60.41,6.11,21.88,0,Normal
2024-01-01 23:56:00,21.29,58.4,1082.0,3.45,47.08,1771.2,1.36,59.75,5.43,20.98,0,Normal
2024-01-01 23:57:00,20.83,58.58,1008.8,3.26,49.31,1850.0,1.54,60.58,6.83,22.92,0,Normal
2024-01-01 23:58:00,20.74,60.9,1041.4,3.82,48.07,1743.9,1.17,58.39,5.98,20.09,0,Normal
2024-01-01 23:59:00,21.43,57.57,1054.7,3.37,49.26,1778.0,1.38,59.72,6.42,22.08,0,Normal
2024-01-02 00:00:00,21.01,62.65,1038.9,3.6,48.76,1777.4,1.36,59.98,5.66,4.88,0,Normal
2024-01-02 00:01:00,21.26,57.47,1012.7,3.41,50.88,1837.9,1.43,60.79,6.77,5.46,0,Normal
2024-01-02 00:02:00,20.51,61.19,1052.0,3.38,48.0,1789.4,1.43,60.21,6.62,4.77,0,Normal
2024-01-02 00:03:00,20.3,63.51,1044.5,3.12,46.62,1610.4,1.28,59.13,5.72,5.03,0,Normal
2024-01-02 00:04:00,21.05,60.7,1024.2,3.62,49.09,1804.2,1.47,61.23,6.68,4.91,0,Normal
2024-01-02 00:05:00,20.84,60.45,1054.5,3.76,47.53,1714.7,1.39,59.88,6.04,5.15,0,Normal
2024-01-02 00:06:00,21.32,57.88,1055.7,3.32,47.78,1684.2,1.32,59.55,5.43,5.22,0,Normal
2024-01-02 00:07:00,20.96,57.89,1007.2,3.19,49.21,1744.2,1.56,61.13,6.32,5.26,0,Normal
2024-01-02 00:08:00,21.11,60.86,1020.8,3.66,50.72,1833.2,1.4,61.59,5.98,5.25,0,Normal
2024-01-02 00:09:00,20.19,63.61,1052.3,3.17,47.37,1704.4,1.31,59.19,5.5,5.34,0,Normal
2024-01-02 00:10:00,21.95,57.53,1066.7,3.74,48.79,1798.1,1.28,59.99,6.04,5.83,0,Normal
2024-01-02 00:11:00,20.92,58.33,1024.4,3.32,50.59,1823.2,1.52,60.67,6.44,4.62,0,Normal
2024-01-02 00:12:00,21.36,55.57,1025.7,3.28,49.53,1776.5,1.29,59.96,6.1,6.16,0,Normal
2024-01-02 00:13:00,20.59,59.17,1018.9,3.55,50.44,1924.5,1.56,61.79,6.08,5.39,0,Normal
2024-01-02 00:14:00,21.16,59.43,1032.2,3.29,49.81,1761.1,1.47,61.56,6.1,5.47,0,Normal
2024-01-02 00:15:00,20.36,63.45,1006.1,3.36,47.55,1609.6,1.38,59.74,5.75,5.99,0,Normal
2024-01-02 00:16:00,21.24,60.48,1001.2,3.57,50.3,1832.0,1.5,60.22,6.58,5.84,0,Normal
2024-01-02 00:17:00,20.84,60.65,1065.2,3.01,48.02,1725.7,1.5,60.21,6.23,5.82,0,Normal
2024-01-02 00:18:00,21.03,59.24,1064.9,3.83,48.99,1818.4,1.29,60.29,6.08,6.11,0,Normal
2024-01-02 00:19:00,21.37,58.36,1015.5,3.51,49.81,1762.2,1.55,62.7,6.12,5.64,0,Normal
2024-01-02 00:20:00,20.4,63.08,1031.5,3.24,47.44,1728.7,1.61,61.88,6.22,6.1,0,Normal
2024-01-02 00:21:00,20.68,60.78,1011.1,3.3,47.81,1627.9,1.29,58.61,5.45,5.12,0,Normal
2024-01-02 00:22:00,21.25,56.29,1038.5,3.7,49.15,1663.1,1.37,60.68,6.06,5.87,0,Normal
2024-01-02 00:23:00,22.08,56.95,1052.9,3.62,48.9,1641.8,1.2,58.42,5.67,5.88,0,Normal
2024-01-02 00:24:00,20.96,58.68,1028.5,3.78,48.04,1755.5,1.21,58.81,5.7,6.19,0,Normal
2024-01-02 00:25:00,21.33,58.49,1096.6,3.36,48.84,1791.0,1.39,60.34,5.82,6.15,0,Normal
2024-01-02 00:26:00,20.98,60.78,1028.6,3.56,51.4,1867.7,1.56,61.76,6.91,6.1,0,Normal
2024-01-02 00:27:00,22.01,57.92,1040.0,3.59,49.49,1758.5,1.26,59.55,6.05,5.74,0,Normal
2024-01-02 00:28:00,20.17,61.28,1004.3,3.64,48.03,1652.1,1.4,59.72,6.35,5.76,0,Normal
2024-01-02 00:29:00,21.09,61.71,1067.9,3.73,47.12,1757.0,1.35,60.49,5.97,5.85,0,Normal
2024-01-02 00:30:00,20.23,60.23,983.4,3.36,49.43,1844.6,1.55,60.82,6.56,5.63,0,Normal
2024-01-02 00:31:00,20.0,64.5,1000.9,3.48,48.12,1699.6,1.29,60.41,5.27,6.66,0,Normal
2024-01-02 00:32:00,21.2,58.53,1080.2,3.38,47.2,1689.4,1.4,59.1,5.83,6.46,0,Normal
2024-01-02 00:33:00,21.13,59.81,1048.6,3.49,49.73,1749.9,1.1,58.79,5.62,6.07,0,Normal
2024-01-02 00:34:00,20.92,59.63,1043.2,3.64,48.12,1597.4,1.26,58.48,5.71,6.31,0,Normal
2024-01-02 00:35:00,21.01,60.07,1093.5,3.17,48.66,1801.2,1.51,60.31,6.29,6.59,0,Normal
2024-01-02 00:36:00,22.62,57.66,1078.5,3.72,48.89,1682.0,1.07,58.02,5.78,5.61,0,Normal
2024-01-02 00:37:00,20.94,60.65,1021.1,3.27,48.68,1766.8,1.48,61.78,6.73,6.58,0,Normal
2024-01-02 00:38:00,21.33,58.18,1039.6,3.44,47.74,1634.3,1.34,60.69,5.36,6.68,0,Normal
2024-01-02 00:39:00,20.75,58.66,1006.7,3.75,48.82,1708.6,1.08,59.04,5.83,5.83,0,Normal
2024-01-02 00:40:00,21.23,63.24,1076.0,3.57,48.28,1812.3,1.25,59.33,6.1,5.7,0,Normal
2024-01-02 00:41:00,20.97,59.23,1053.7,3.57,48.35,1765.8,1.55,61.18,6.73,6.02,0,Normal
2024-01-02 00:42:00,20.89,61.15,1065.8,3.26,49.92,1810.4,1.49,61.79,6.48,6.53,0,Normal
2024-01-02 00:43:00,22.01,55.68,1090.4,3.29,47.97,1745.4,1.5,61.21,6.2,6.02,0,Normal
2024-01-02 00:44:00,21.69,58.24,1043.4,3.69,48.13,1760.8,1.41,60.24,6.22,6.45,0,Normal
2024-01-02 00:45:00,21.17,59.4,1019.9,3.38,50.96,1791.4,1.53,62.29,6.63,6.41,0,Normal
2024-01-02 00:46:00,20.0,62.41,1018.7,3.4,46.88,1664.5,1.39,60.51,6.09,6.45,0,Normal
2024-01-02 00:47:00,20.93,55.93,1016.9,3.69,49.06,1605.0,1.02,58.24,5.04,5.96,0,Normal
2024-01-02 00:48:00,22.47,57.5,1073.6,3.29,48.06,1655.3,1.33,59.42,5.54,6.45,0,Normal
2024-01-02 00:49:00,21.01,58.16,1068.5,3.55,49.0,1796.2,1.07,58.0,6.24,6.73,0,Normal
2024-01-02 00:50:00,21.68,59.16,1049.4,3.51,48.68,1678.1,1.14,58.49,4.95,6.04,0,Normal
2024-01-02 00:51:00,21.86,56.8,1060.9,3.5,49.84,1957.2,1.46,61.07,6.51,7.13,0,Normal
2024-01-02 00:52:00,21.25,58.17,1042.7,3.4,48.83,1751.4,1.33,60.43,5.95,6.35,0,Normal
2024-01-02 00:53:00,20.73,59.98,1054.6,3.38,49.78,1752.1,1.43,59.55,6.03,6.83,0,Normal
2024-01-02 00:54:00,20.0,60.12,1003.3,3.28,48.66,1753.5,1.43,59.03,6.48,6.89,0,Normal
2024-01-02 00:55:00,21.5,58.29,995.1,3.6,51.44,1877.5,1.5,60.51,6.67,7.28,0,Normal
2024-01-02 00:56:00,20.76,58.55,1046.9,3.37,50.01,1889.6,1.54,60.93,6.38,7.29,0,Normal
2024-01-02 00:57:00,21.26,56.69,1069.8,3.69,49.76,1818.9,1.41,61.28,6.0,7.55,0,Normal
2024-01-02 00:58:00,20.55,62.24,1042.2,3.46,50.36,1825.5,1.37,60.09,6.29,7.04,0,Normal
2024-01-02 00:59:00,21.05,57.87,1025.0,3.29,49.66,1766.0,1.39,60.49,6.41,6.78,0,Normal
2024-01-02 01:00:00,21.2,59.26,1015.7,3.45,51.18,1825.4,1.49,61.36,6.43,7.59,0,Normal
2024-01-02 01:01:00,21.33,60.44,1058.9,3.42,48.06,1659.5,1.31,58.92,5.6,7.02,0,Normal
2024-01-02 01:02:00,20.64,59.62,1036.4,3.7,47.93,1724.4,1.16,59.76,5.39,7.16,0,Normal
2024-01-02 01:03:00,21.8,57.21,1053.0,3.43,49.11,1794.0,1.53,60.57,6.34,7.26,0,Normal
2024-01-02 01:04:00,20.91,60.39,1083.9,3.44,48.22,1695.8,1.4,61.29,5.92,6.6,0,Normal
2024-01-02 01:05:00,20.38,62.69,1004.0,3.78,48.18,1675.4,1.14,58.56,5.28,7.75,0,Normal
2024-01-02 01:06:00,21.17,57.84,1087.8,3.6,48.85,1804.5,1.35,59.72,6.34,7.03,0,Normal
2024-01-02 01:07:00,21.25,59.22,1045.8,3.83,48.75,1767.2,1.48,59.95,6.61,6.96,0,Normal
2024-01-02 01:08:00,21.32,56.72,1000.5,3.75,49.51,1729.1,1.32,60.01,5.91,7.49,0,Normal
2024-01-02 01:09:00,21.93,57.64,1054.1,3.32,49.91,1885.0,1.57,62.96,6.6,7.35,0,Normal
2024-01-02 01:10:00,21.14,59.71,1066.7,3.7,47.19,1683.6,1.16,58.95,5.13,6.83,0,Normal
2024-01-02 01:11:00,21.2,58.25,1034.9,3.81,48.47,1795.4,1.27,59.63,6.12,7.35,0,Normal
2024-01-02 01:12:00,20.72,59.72,997.5,3.81,49.26,1694.4,1.41,59.91,6.05,7.31,0,Normal
2024-01-02 01:13:00,21.69,56.55,1049.6,3.7,46.73,1584.2,1.16,59.01,5.13,6.79,0,Normal
2024-01-02 01:14:00,21.38,59.34,1026.1,3.69,48.02,1735.8,1.27,59.52,5.53,7.98,0,Normal
2024-01-02 01:15:00,21.08,61.34,1053.9,3.44,47.44,1726.0,1.33,59.62,6.31,7.39,0,Normal
2024-01-02 01:16:00,20.35,59.43,1046.3,3.33,49.89,1844.2,1.76,62.81,6.75,7.83,0,Normal
2024-01-02 01:17:00,22.03,57.11,1034.2,3.43,49.44,1784.6,1.43,59.22,5.84,8.11,0,Normal
2024-01-02 01:18:00,20.7,61.19,1016.4,3.17,48.16,1633.6,1.3,59.52,5.84,7.06,0,Normal
2024-01-02 01:19:00,21.03,61.67,1059.5,3.77,49.66,1883.4,1.33,59.11,6.29,7.8,0,Normal
2024-01-02 01:20:00,21.51,56.74,1028.7,3.44,50.75,1778.6,1.53,61.28,6.33,7.63,0,Normal
2024-01-02 01:21:00,20.74,60.11,1007.8,3.76,49.4,1756.8,1.17,58.49,6.07,7.59,0,Normal
2024-01-02 01:22:00,20.6,61.04,1002.6,3.25,50.48,1719.5,1.52,60.68,5.38,7.91,0,Normal
2024-01-02 01:23:00,20.29,61.02,1034.7,3.72,48.45,1591.8,1.12,57.68,4.79,7.21,0,Normal
2024-01-02 01:24:00,21.73,54.88,1062.2,3.4,48.16,1740.1,1.18,59.69,6.08,7.59,0,Normal
2024-01-02 01:25:00,21.1,60.47,1024.9,3.24,49.64,1746.5,1.37,59.7,5.96,8.24,0,Normal
2024-01-02 01:26:00,22.85,58.86,1077.1,3.83,52.76,1899.1,1.49,60.79,6.52,8.61,0,Normal
2024-01-02 01:27:00,20.89,60.27,1076.1,3.72,48.49,1805.9,1.46,61.67,5.74,7.79,0,Normal
2024-01-02 01:28:00,20.94,58.46,1014.4,3.54,48.58,1690.6,1.4,60.62,5.9,7.62,0,Normal
2024-01-02 01:29:00,21.13,58.9,993.7,3.51,48.62,1677.6,1.28,58.13,5.78,8.07,0,Normal
2024-01-02 01:30:00,21.54,61.58,1062.2,3.59,48.66,1827.1,1.48,61.65,6.64,7.96,0,Normal
2024-01-02 01:31:00,21.19,60.92,1041.1,3.54,46.1,1616.7,1.15,59.66,5.36,7.66,0,Normal
2024-01-02 01:32:00,21.74,59.52,1037.1,3.34,49.77,1693.9,1.26,60.65,5.69,8.21,0,Normal
2024-01-02 01:33:00,20.96,60.51,1055.4,3.42,47.52,1762.8,1.36,60.33,5.99,7.45,0,Normal
2024-01-02 01:34:00,20.77,59.33,1056.3,3.89,48.52,1698.3,1.07,57.53,5.82,7.44,0,Normal
2024-01-02 01:35:00,20.57,60.38,976.1,4.03,47.25,1627.6,1.19,58.79,5.65,7.97,0,Normal
2024-01-02 01:36:00,20.36,60.93,1011.0,3.81,49.17,1796.5,1.4,59.27,6.28,8.3,0,Normal
2024-01-02 01:37:00,21.23,60.32,1102.5,3.6,45.7,1623.8,1.08,57.41,5.23,7.44,0,Normal
2024-01-02 01:38:00,21.34,61.54,1061.5,3.43,46.08,1656.0,1.26,58.34,5.27,8.24,0,Normal
2024-01-02 01:39:00,21.19,61.24,1060.7,3.34,45.6,1545.7,1.21,58.31,4.82,8.05,0,Normal
2024-01-02 01:40:00,22.14,55.72,1092.1,3.35,47.94,1780.8,1.49,60.78,5.72,8.3,0,Normal
2024-01-02 01:41:00,22.14,58.18,1063.2,3.39,51.4,1893.1,1.44,60.46,6.6,9.52,0,Normal
2024-01-02 01:42:00,21.37,60.34,1067.3,3.93,49.74,1802.7,1.37,59.85,6.26,7.9,0,Normal
2024-01-02 01:43:00,20.65,61.46,1050.9,3.86,48.47,1751.3,1.13,58.42,5.98,7.42,0,Normal
2024-01-02 01:44:00,21.27,58.46,1058.9,3.65,47.64,1712.4,1.34,60.82,5.92,8.16,0,Normal
2024-01-02 01:45:00,21.27,63.79,1037.3,3.31,49.61,1719.6,1.53,62.65,6.43,8.65,0,Normal
2024-01-02 01:46:00,21.25,57.54,1049.3,3.68,47.26,1670.1,1.15,58.32,5.4,7.88,0,Normal
2024-01-02 01:47:00,21.24,57.84,1030.1,3.45,48.74,1797.9,1.53,61.21,6.44,8.73,0,Normal
2024-01-02 01:48:00,21.27,59.76,1045.8,3.07,48.25,1752.7,1.33,59.22,5.57,8.33,0,Normal
2024-01-02 01:49:00,21.42,62.32,1019.1,3.56,50.59,1876.6,1.59,62.08,6.54,9.22,0,Normal
2024-01-02 01:50:00,21.3,58.1,1026.3,3.33,49.15,1679.8,1.53,60.7,5.45,8.61,0,Normal
2024-01-02 01:51:00,21.74,58.18,1047.7,3.34,49.26,1697.6,1.43,59.98,5.95,9.0,0,Normal
2024-01-02 01:52:00,21.82,60.03,1032.9,3.45,48.69,1643.8,1.29,61.01,6.0,8.39,0,Normal
2024-01-02 01:53:00,21.2,59.51,1031.4,3.4,49.39,1728.7,1.43,59.54,6.03,8.7,0,Normal
2024-01-02 01:54:00,22.3,57.05,1061.9,3.49,49.02,1706.5,1.28,57.9,5.99,8.55,0,Normal
2024-01-02 01:55:00,21.19,60.41,1053.8,3.48,49.36,1725.8,1.63,62.18,6.3,9.77,0,Normal
2024-01-02 01:56:00,20.88,60.52,1061.3,3.12,48.67,1821.4,1.47,60.37,6.01,9.06,0,Normal
2024-01-02 01:57:00,21.89,59.84,1046.2,3.8,47.87,1705.3,1.36,59.44,5.72,8.25,0,Normal
2024-01-02 01:58:00,21.3,61.29,1079.5,3.3,49.76,1870.8,1.45,62.58,6.69,9.03,0,Normal
2024-01-02 01:59:00,21.89,58.77,1081.2,3.31,48.12,1711.0,1.54,61.48,6.22,9.12,0,Normal
2024-01-02 02:00:00,20.54,61.17,1043.3,3.43,48.64,1747.4,1.58,61.22,5.97,9.6,0,Normal
2024-01-02 02:01:00,22.45,57.62,1072.7,3.48,48.56,1663.4,1.35,59.43,5.31,9.16,0,Normal
2024-01-02 02:02:00,22.1,58.66,1069.9,3.79,46.19,1624.1,1.16,58.85,5.34,8.92,0,Normal
2024-01-02 02:03:00,21.02,59.94,1070.1,3.55,49.41,1843.7,1.33,58.69,5.95,9.56,0,Normal
2024-01-02 02:04:00,21.05,59.82,1071.5,3.61,48.11,1831.0,1.25,58.94,5.87,8.77,0,Normal
2024-01-02 02:05:00,22.63,58.75,1106.1,3.55,48.61,1747.5,1.37,60.03,5.49,9.08,0,Normal
2024-01-02 02:06:00,21.44,61.38,1049.9,3.55,49.54,1763.0,1.52,61.22,6.5,8.69,0,Normal
2024-01-02 02:07:00,21.41,56.91,1062.0,3.56,48.66,1733.6,1.28,59.42,5.77,8.96,0,Normal
2024-01-02 02:08:00,20.7,60.45,1067.6,3.11,47.12,1649.7,1.6,60.73,5.89,9.19,0,Normal
2024-01-02 02:09:00,21.67,57.66,1037.9,3.45,48.9,1705.9,1.29,60.29,5.53,8.11,0,Normal
2024-01-02 02:10:00,21.75,58.09,1047.0,3.73,50.21,1841.4,1.42,59.38,6.19,10.53,0,Normal
2024-01-02 02:11:00,22.23,58.29,1065.0,4.29,47.39,1678.0,1.11,58.22,5.45,8.46,0,Normal
2024-01-02 02:12:00,21.19,60.57,1066.2,3.26,48.58,1780.4,1.44,60.1,5.88,8.81,0,Normal
2024-01-02 02:13:00,21.14,59.48,1065.7,3.58,46.13,1583.4,0.95,58.06,4.9,8.05,0,Normal
2024-01-02 02:14:00,22.14,54.98,1057.0,3.39,50.53,1770.5,1.4,60.14,6.55,10.29,0,Normal
2024-01-02 02:15:00,22.43,55.88,1030.9,3.91,48.59,1717.9,1.25,59.66,5.21,9.97,0,Normal
2024-01-02 02:16:00,21.15,60.97,1049.2,3.23,46.87,1632.5,1.31,59.74,5.56,9.08,0,Normal
2024-01-02 02:17:00,22.49,53.1,1046.9,3.62,50.02,1809.3,1.46,59.48,6.01,10.05,0,Normal
2024-01-02 02:18:00,21.99,59.91,1022.5,3.22,49.42,1677.5,1.5,60.88,6.39,10.2,0,Normal
2024-01-02 02:19:00,22.53,57.93,1038.9,3.44,50.18,1697.7,1.37,59.01,5.88,9.41,0,Normal
2024-01-02 02:20:00,21.96,60.15,1067.4,3.49,49.32,1739.3,1.28,59.85,5.54,9.67,0,Normal
2024-01-02 02:21:00,20.75,60.06,1069.0,3.71,50.59,1827.0,1.56,60.88,6.36,10.74,0,Normal
2024-01-02 02:22:00,21.95,55.1,1059.9,3.28,47.17,1613.7,1.16,59.52,5.43,8.5,0,Normal
2024-01-02 02:23:00,22.57,57.73,1076.6,3.63,48.29,1715.3,1.23,59.08,6.52,10.03,0,Normal
2024-01-02 02:24:00,21.6,60.73,1081.6,3.5,48.04,1793.8,1.28,58.93,5.25,9.4,0,Normal
2024-01-02 02:25:00,21.87,59.72,1018.8,3.55,50.33,1746.8,1.47,61.66,5.79,9.89,0,Normal
2024-01-02 02:26:00,21.99,57.12,1072.8,3.69,48.2,1796.3,1.45,59.87,6.47,10.23,0,Normal
2024-01-02 02:27:00,20.64,60.67,1032.6,3.24,47.68,1747.7,1.39,60.7,5.43,10.31,0,Normal
2024-01-02 02:28:00,22.94,55.6,1093.0,3.66,48.62,1671.0,1.29,59.91,5.68,9.79,0,Normal
2024-01-02 02:29:00,21.67,57.46,1041.3,3.39,48.38,1851.2,1.49,60.46,6.1,10.46,0,Normal
2024-01-02 02:30:00,22.39,58.83,1047.3,3.72,47.85,1706.3,1.43,59.37,5.66,10.07,0,Normal
2024-01-02 02:31:00,22.11,56.11,1065.7,3.57,46.45,1526.8,0.96,58.3,4.83,8.79,0,Normal
2024-01-02 02:32:00,22.79,55.33,1117.1,3.46,48.58,1797.5,1.47,60.99,6.03,10.48,0,Normal
2024-01-02 02:33:00,22.38,55.75,1089.2,3.38,50.03,1807.4,1.51,60.49,6.61,10.35,0,Normal
2024-01-02 02:34:00,22.08,55.72,1048.9,3.66,46.59,1542.7,1.09,58.35,5.46,8.54,0,Normal
2024-01-02 02:35:00,21.76,58.74,1021.8,3.75,48.19,1629.9,1.24,59.93,5.64,9.86,0,Normal
2024-01-02 02:36:00,22.62,58.72,1030.4,3.39,50.88,1819.4,1.57,61.59,6.38,10.62,0,Normal
2024-01-02 02:37:00,21.3,59.08,1079.0,3.27,50.31,1867.2,1.61,61.81,6.62,10.7,0,Normal
2024-01-02 02:38:00,22.58,54.8,1047.7,3.64,50.48,1737.9,1.58,62.24,6.51,10.68,0,Normal
2024-01-02 02:39:00,21.72,59.86,1046.3,3.21,48.63,1655.3,1.41,61.35,6.08,10.1,0,Normal
2024-01-02 02:40:00,22.91,58.99,1111.3,3.24,48.5,1700.6,1.41,60.19,5.98,10.68,0,Normal
2024-01-02 02:41:00,22.38,56.44,1027.3,3.29,51.42,1834.5,1.54,60.45,6.94,10.59,0,Normal
2024-01-02 02:42:00,22.64,56.23,1110.1,3.42,47.67,1707.1,1.38,59.11,5.61,10.43,0,Normal
2024-01-02 02:43:00,22.37,58.2,1061.1,3.23,48.31,1591.9,1.33,59.34,5.9,10.39,0,Normal
2024-01-02 02:44:00,21.47,61.48,1020.7,3.11,47.83,1705.8,1.44,59.7,6.07,10.18,0,Normal
2024-01-02 02:45:00,21.93,57.44,1052.5,3.27,48.72,1645.2,1.37,58.9,5.55,10.22,0,Normal
2024-01-02 02:46:00,22.72,54.81,1056.3,3.63,49.77,1797.9,1.37,61.5,6.18,9.82,0,Normal
2024-01-02 02:47:00,22.48,58.18,1080.6,3.25,50.77,1960.0,1.57,61.83,6.81,12.13,0,Normal
2024-01-02 02:48:00,23.0,57.49,1063.9,3.43,48.2,1750.7,1.41,59.86,5.9,11.09,0,Normal
2024-01-02 02:49:00,22.63,56.97,1024.8,3.89,49.85,1661.6,1.21,59.25,5.62,9.99,0,Normal
2024-01-02 02:50:00,21.96,57.33,1053.7,3.49,48.25,1723.1,1.39,58.91,5.42,10.13,0,Normal
2024-01-02 02:51:00,22.06,59.48,1027.4,3.57,49.15,1620.3,1.29,60.45,5.41,10.28,0,Normal
2024-01-02 02:52:00,22.53,57.94,1075.7,3.31,50.15,1872.6,1.5,59.62,6.35,11.4,0,Normal
2024-01-02 02:53:00,21.34,58.14,1017.1,3.93,49.36,1792.7,1.45,60.96,5.98,9.99,0,Normal
2024-01-02 02:54:00,23.35,55.75,1074.7,3.39,49.22,1757.3,1.4,59.03,5.77,11.22,0,Normal
2024-01-02 02:55:00,22.75,54.73,1079.5,3.45,52.14,1949.4,1.66,61.87,7.21,13.0,0,Normal
2024-01-02 02:56:00,23.16,57.05,1077.8,3.76,49.14,1785.2,1.25,60.31,5.88,11.23,0,Normal
2024-01-02 02:57:00,21.77,58.12,1061.7,3.46,48.0,1695.1,1.11,57.36,6.15,9.48,0,Normal
2024-01-02 02:58:00,23.2,55.29,1101.0,3.51,48.28,1717.7,1.27,59.33,5.8,9.78,0,Normal
2024-01-02 02:59:00,23.71,54.97,1065.2,3.44,52.47,1768.2,1.29,60.48,6.46,10.79,0,Normal
2024-01-02 03:00:00,21.95,58.25,1057.4,3.45,49.92,1785.3,1.41,60.77,6.07,11.45,0,Normal
2024-01-02 03:01:00,23.01,57.62,997.0,3.57,50.32,1640.2,1.47,60.88,5.74,10.51,0,Normal
2024-01-02 03:02:00,22.65,57.82,1079.1,3.61,48.94,1802.7,1.28,59.9,6.03,10.44,0,Normal
2024-01-02 03:03:00,21.89,58.06,1050.3,3.37,48.97,1670.9,1.15,58.39,5.94,10.5,0,Normal
2024-01-02 03:04:00,22.93,57.58,1053.9,3.35,51.5,1847.1,1.7,63.67,6.66,12.47,0,Normal
2024-01-02 03:05:00,23.11,56.7,1090.2,3.38,50.84,1828.9,1.46,59.73,6.48,12.05,0,Normal
2024-01-02 03:06:00,22.41,56.72,1097.6,3.22,48.28,1646.6,1.37,60.85,5.78,10.93,0,Normal
2024-01-02 03:07:00,23.31,55.55,1074.4,3.18,50.75,1859.9,1.67,62.18,6.6,12.53,0,Normal
2024-01-02 03:08:00,21.92,58.03,1034.7,3.56,49.57,1708.0,1.4,60.75,5.93,11.25,0,Normal
2024-01-02 03:09:00,22.02,58.82,1064.5,3.69,48.52,1729.3,1.36,60.57,5.58,11.24,0,Normal
2024-01-02 03:10:00,22.85,56.01,1043.7,3.67,49.86,1838.7,1.49,61.29,6.32,11.83,0,Normal
2024-01-02 03:11:00,22.81,56.05,1059.8,3.02,49.02,1649.0,1.3,59.11,5.87,10.36,0,Normal
2024-01-02 03:12:00,22.46,60.22,1099.8,3.45,48.59,1668.4,1.18,58.76,5.65,10.75,0,Normal
2024-01-02 03:13:00,23.24,57.27,1086.4,3.28,49.9,1853.9,1.64,60.79,6.59,13.21,0,Normal
2024-01-02 03:14:00,23.12,54.94,1035.4,3.53,49.94,1780.8,1.33,59.77,6.26,11.21,0,Normal
2024-01-02 03:15:00,23.3,56.61,1041.1,3.42,48.96,1657.3,1.27,59.75,5.72,11.67,0,Normal
2024-01-02 03:16:00,22.83,56.78,1080.7,3.62,49.17,1637.8,1.15,59.25,5.5,10.6,0,Normal
2024-01-02 03:17:00,23.21,56.51,1105.8,3.5,49.96,1739.6,1.35,60.39,6.2,11.68,0,Normal
2024-01-02 03:18:00,22.71,57.04,1033.7,3.12,52.19,1921.2,1.66,60.92,6.88,13.54,0,Normal
2024-01-02 03:19:00,23.97,56.33,1110.7,3.31,48.7,1720.5,1.31,59.32,5.74,11.63,0,Normal
2024-01-02 03:20:00,22.56,57.61,1104.4,3.5,49.41,1703.9,1.25,58.98,5.9,11.01,0,Normal
2024-01-02 03:21:00,24.04,54.34,1147.9,3.52,49.45,1891.2,1.49,59.96,6.4,12.93,0,Normal
2024-01-02 03:22:00,23.02,57.83,1088.7,3.22,48.5,1709.4,1.34,59.28,5.72,11.96,0,Normal
2024-01-02 03:23:00,22.33,57.85,1079.3,3.19,49.82,1784.3,1.45,60.68,6.22,12.07,0,Normal
2024-01-02 03:24:00,23.72,55.18,1041.1,3.51,50.26,1619.0,1.11,59.71,5.54,10.47,0,Normal
2024-01-02 03:25:00,23.12,56.55,1134.9,3.22,47.93,1766.6,1.63,60.82,5.87,12.51,0,Normal
2024-01-02 03:26:00,23.5,55.26,1075.6,3.17,49.25,1722.6,1.56,60.46,6.23,12.22,0,Normal
2024-01-02 03:27:00,23.71,55.04,1070.8,3.41,51.87,1799.9,1.46,60.56,6.91,12.38,0,Normal
2024-01-02 03:28:00,23.28,54.91,1079.3,3.4,50.79,1839.0,1.42,60.82,6.02,12.18,0,Normal
2024-01-02 03:29:00,22.84,55.47,1114.5,3.32,51.21,1891.2,1.58,62.42,6.47,13.44,0,Normal
2024-01-02 03:30:00,23.64,53.65,1148.0,3.36,48.21,1750.8,1.39,60.05,6.76,12.31,0,Normal
2024-01-02 03:31:00,23.17,53.9,1086.6,3.5,49.95,1778.8,1.29,58.72,5.74,12.09,0,Normal
2024-01-02 03:32:00,23.53,54.02,1115.6,3.36,48.28,1801.0,1.17,57.98,6.17,11.28,0,Normal
2024-01-02 03:33:00,22.13,57.6,1063.7,3.51,47.45,1713.8,1.24,59.32,5.57,11.31,0,Normal
2024-01-02 03:34:00,23.45,55.64,1063.1,3.42,50.69,1782.0,1.3,60.63,6.09,12.43,0,Normal
2024-01-02 03:35:00,22.93,56.02,1115.5,3.53,49.11,1745.3,1.38,61.43,5.92,11.92,0,Normal
2024-01-02 03:36:00,24.09,50.8,1086.3,3.68,49.96,1781.2,1.38,59.48,6.23,12.73,0,Normal
2024-01-02 03:37:00,23.6,57.59,1130.4,3.67,49.55,1801.5,1.27,59.7,5.52,12.0,0,Normal
2024-01-02 03:38:00,23.43,57.16,1121.0,3.76,48.92,1640.3,1.18,58.25,5.57,11.31,0,Normal
2024-01-02 03:39:00,23.57,55.94,1106.7,3.67,50.05,1797.9,1.56,60.7,6.21,13.61,0,Normal
2024-01-02 03:40:00,22.85,59.44,1122.6,3.55,49.43,1902.3,1.54,60.43,5.92,12.55,0,Normal
2024-01-02 03:41:00,24.18,52.72,1159.3,3.41,49.48,1749.3,1.36,59.89,6.32,12.71,0,Normal
2024-01-02 03:42:00,24.38,56.65,1103.2,3.42,47.77,1603.4,1.5,60.07,5.08,12.62,0,Normal
2024-01-02 03:43:00,23.6,53.77,1071.8,3.32,48.96,1709.1,1.28,61.3,6.42,11.8,0,Normal
2024-01-02 03:44:00,24.22,54.46,1057.8,3.5,52.26,1787.2,1.41,60.39,6.49,13.1,0,Normal
2024-01-02 03:45:00,23.16,54.1,1139.3,3.64,47.76,1806.2,1.31,60.33,5.51,12.17,0,Normal
2024-01-02 03:46:00,23.07,56.2,1070.3,3.35,48.55,1684.8,1.21,58.65,6.02,11.78,0,Normal
2024-01-02 03:47:00,23.5,55.97,1118.5,3.49,47.65,1729.0,1.5,62.24,5.73,13.9,0,Normal
2024-01-02 03:48:00,23.72,54.77,1075.9,3.36,50.75,1738.7,1.47,61.16,5.96,12.24,0,Normal
2024-01-02 03:49:00,23.33,56.78,1125.0,3.54,49.14,1806.7,1.32,60.39,5.48,12.54,0,Normal
2024-01-02 03:50:00,23.81,54.98,1078.8,3.39,50.28,1710.3,1.46,60.38,5.81,13.19,0,Normal
2024-01-02 03:51:00,23.72,54.22,1064.6,3.35,50.31,1667.3,1.42,61.23,5.71,13.1,0,Normal
2024-01-02 03:52:00,23.09,55.29,1076.5,3.36,49.4,1678.4,1.35,60.26,6.06,11.85,0,Normal
2024-01-02 03:53:00,23.87,55.96,1084.0,3.6,49.27,1629.3,1.15,58.62,5.85,11.23,0,Normal
2024-01-02 03:54:00,24.06,53.41,1116.1,3.48,50.72,1811.4,1.32,59.26,5.77,12.89,0,Normal
2024-01-02 03:55:00,23.73,56.35,1093.4,3.41,49.64,1718.9,1.61,61.43,6.29,13.36,0,Normal
2024-01-02 03:56:00,24.24,55.9,1120.6,3.55,49.8,1814.1,1.28,59.46,5.49,12.94,0,Normal
2024-01-02 03:57:00,23.08,53.65,1074.3,3.42,49.38,1861.2,1.64,62.33,6.59,14.0,0,Normal
2024-01-02 03:58:00,23.94,56.3,1082.2,3.73,51.51,1870.5,1.37,60.24,7.02,13.43,0,Normal
2024-01-02 03:59:00,23.14,59.13,1068.3,3.31,49.64,1704.4,1.5,59.59,5.52,12.9,0,Normal
2024-01-02 04:00:00,23.19,56.33,1135.0,3.46,48.6,1690.5,1.38,60.56,5.51,12.92,0,Normal
2024-01-02 04:01:00,23.46,56.38,1094.7,3.22,49.95,1729.8,1.54,62.12,6.39,13.37,0,Normal
2024-01-02 04:02:00,23.32,57.28,1036.8,3.43,49.14,1716.7,1.45,59.4,6.24,13.07,0,Normal
2024-01-02 04:03:00,23.54,54.92,1077.8,3.16,49.59,1760.3,1.34,61.27,5.7,12.7,0,Normal
2024-01-02 04:04:00,23.73,55.27,1097.0,3.65,47.94,1708.6,1.2,59.98,6.06,12.57,0,Normal
2024-01-02 04:05:00,24.27,52.04,1151.6,3.65,50.18,1841.4,1.28,59.28,5.88,13.24,0,Normal
2024-01-02 04:06:00,23.72,55.22,1120.0,3.66,47.65,1642.2,1.24,58.4,6.0,12.3,0,Normal
2024-01-02 04:07:00,23.1,56.86,1059.0,3.51,49.49,1758.3,1.25,60.23,6.02,12.83,0,Normal
2024-01-02 04:08:00,24.49,54.4,1170.2,3.32,49.01,1770.8,1.24,58.38,6.24,12.91,0,Normal
2024-01-02 04:09:00,23.52,56.96,1089.6,3.34,48.52,1759.2,1.39,59.67,6.07,13.39,0,Normal
2024-01-02 04:10:00,23.93,53.46,1129.8,3.81,49.1,1845.9,1.13,57.78,6.08,13.16,0,Normal
2024-01-02 04:11:00,24.2,53.33,1075.2,3.79,48.53,1737.6,1.29,59.62,6.03,12.87,0,Normal
2024-01-02 04:12:00,24.1,57.16,1042.1,3.52,51.99,1818.2,1.37,61.47,6.64,13.53,0,Normal
2024-01-02 04:13:00,24.57,53.25,1076.2,3.4,48.93,1666.8,1.26,59.74,5.66,12.54,0,Normal
2024-01-02 04:14:00,24.29,54.29,1024.4,3.77,50.8,1743.2,1.12,59.56,5.52,12.25,0,Normal
2024-01-02 04:15:00,23.64,55.05,1145.5,3.36,49.37,1828.4,1.63,61.44,6.41,15.2,0,Normal
2024-01-02 04:16:00,25.18,51.15,1128.9,3.55,48.8,1669.4,1.15,58.9,5.34,11.82,0,Normal
2024-01-02 04:17:00,24.21,56.56,1081.0,3.77,48.62,1704.0,1.22,58.33,5.49,13.13,0,Normal
2024-01-02 04:18:00,24.06,53.6,1112.5,3.33,51.04,1734.9,1.29,59.84,6.48,13.06,0,Normal
2024-01-02 04:19:00,24.64,51.66,1117.5,3.67,48.48,1799.4,1.25,58.84,6.08,13.88,0,Normal
2024-01-02 04:20:00,24.3,53.28,1121.5,3.6,49.46,1800.4,1.56,61.14,6.47,14.7,0,Normal
2024-01-02 04:21:00,24.4,50.78,1138.2,3.49,49.65,1727.2,1.41,60.24,6.32,14.25,0,Normal
2024-01-02 04:22:00,25.47,50.89,1122.1,3.3,50.38,1833.5,1.45,60.51,6.49,14.21,0,Normal
2024-01-02 04:23:00,24.1,52.86,1080.1,3.36,51.2,1809.1,1.51,62.66,6.94,14.03,0,Normal
2024-01-02 04:24:00,24.1,55.24,1122.8,3.56,49.13,1742.3,1.29,60.92,5.24,12.92,0,Normal
2024-01-02 04:25:00,24.34,52.87,1126.9,3.22,50.05,1760.4,1.49,61.91,5.88,15.36,0,Normal
2024-01-02 04:26:00,24.84,54.31,1119.4,3.53,49.79,1786.6,1.48,62.1,6.0,14.4,0,Normal
2024-01-02 04:27:00,23.58,57.36,1146.0,3.61,48.65,1943.3,1.41,61.29,5.95,15.61,0,Normal
2024-01-02 04:28:00,23.37,56.81,1076.4,3.7,48.73,1700.6,1.3,59.64,5.79,12.95,0,Normal
2024-01-02 04:29:00,24.08,54.03,1079.1,3.22,49.48,1609.2,1.41,60.32,5.8,13.56,0,Normal
2024-01-02 04:30:00,23.58,55.47,1102.0,3.76,50.17,1809.9,1.34,60.21,6.71,14.47,0,Normal
2024-01-02 04:31:00,24.21,51.84,1087.2,3.84,50.38,1759.0,1.25,59.43,6.21,14.71,0,Normal
2024-01-02 04:32:00,24.69,53.06,1126.2,3.58,48.01,1551.1,1.14,57.94,5.09,11.86,0,Normal
2024-01-02 04:33:00,24.02,53.18,1079.5,3.29,50.41,1754.5,1.55,61.52,6.41,14.81,0,Normal
2024-01-02 04:34:00,23.77,55.95,1085.4,3.43,48.98,1709.5,1.44,59.42,5.41,14.37,0,Normal
2024-01-02 04:35:00,24.54,57.38,1158.1,3.49,48.56,1682.3,1.2,59.18,5.65,12.85,0,Normal
2024-01-02 04:36:00,24.96,53.52,1109.1,3.55,51.59,1774.6,1.42,60.01,6.27,14.78,0,Normal
2024-01-02 04:37:00,23.7,52.05,1074.1,3.5,50.5,1741.8,1.33,60.01,5.73,14.1,0,Normal
2024-01-02 04:38:00,24.98,52.19,1148.9,3.56,51.14,1808.4,1.53,61.43,6.34,15.08,0,Normal
2024-01-02 04:39:00,25.01,52.87,1093.8,3.48,50.62,1660.2,1.32,59.77,5.63,13.91,0,Normal
2024-01-02 04:40:00,25.1,52.66,1104.6,3.55,50.77,1822.4,1.67,60.91,6.28,16.12,0,Normal
2024-01-02 04:41:00,25.25,51.15,1139.4,3.41,48.93,1714.9,1.4,59.41,6.11,14.64,0,Normal
2024-01-02 04:42:00,25.77,51.69,1158.8,3.43,50.54,1819.9,1.6,61.92,6.76,16.53,0,Normal
2024-01-02 04:43:00,24.51,51.72,1140.7,3.38,49.7,1817.9,1.36,59.76,6.29,14.64,0,Normal
2024-01-02 04:44:00,24.76,51.71,1096.6,3.88,49.39,1632.1,1.21,59.61,5.44,12.99,0,Normal
2024-01-02 04:45:00,24.52,54.53,1125.4,3.79,50.34,1849.1,1.45,60.74,6.14,14.98,0,Normal
2024-01-02 04:46:00,24.76,51.62,1103.5,3.61,48.42,1651.5,1.16,58.66,5.36,13.34,0,Normal
2024-01-02 04:47:00,25.54,52.53,1115.7,3.77,51.94,1750.2,1.39,60.8,6.12,14.6,0,Normal
2024-01-02 04:48:00,24.13,52.22,1132.6,3.66,49.36,1835.2,1.49,60.38,6.02,15.74,0,Normal
2024-01-02 04:49:00,24.39,56.44,1094.1,3.54,50.81,1911.3,1.48,61.22,6.84,16.64,0,Normal
2024-01-02 04:50:00,25.53,50.58,1137.6,3.2,50.12,1796.5,1.44,60.36,6.15,14.9,0,Normal
2024-01-02 04:51:00,25.38,51.68,1131.5,3.45,49.21,1701.9,1.54,62.9,6.29,15.09,0,Normal
2024-01-02 04:52:00,24.71,53.72,1087.4,3.43,50.73,1742.2,1.32,59.22,5.59,14.92,0,Normal
2024-01-02 04:53:00,25.34,51.24,1151.0,3.27,49.87,1736.6,1.47,60.56,5.9,15.46,0,Normal
2024-01-02 04:54:00,25.11,52.72,1136.2,3.2,51.05,1797.2,1.48,60.79,6.58,15.97,0,Normal
2024-01-02 04:55:00,25.71,52.28,1084.6,3.6,49.7,1597.5,1.18,58.12,5.75,12.88,0,Normal
2024-01-02 04:56:00,25.02,54.1,1127.4,3.56,48.67,1632.8,1.34,60.42,5.31,13.53,0,Normal
2024-01-02 04:57:00,25.52,52.95,1111.1,3.27,49.23,1670.6,1.38,59.9,5.92,14.17,0,Normal
2024-01-02 04:58:00,26.35,50.01,1174.5,3.35,50.3,1771.1,1.51,59.39,6.34,15.51,0,Normal
2024-01-02 04:59:00,25.35,51.85,1090.9,3.73,52.32,1824.8,1.22,60.14,5.97,15.23,0,Normal
2024-01-02 05:00:00,25.1,56.04,1113.1,3.32,49.97,1746.3,1.5,60.53,6.27,15.74,0,Normal
2024-01-02 05:01:00,25.46,53.3,1138.3,3.53,49.31,1724.5,1.28,59.55,5.36,14.28,0,Normal
2024-01-02 05:02:00,24.94,51.42,1120.2,3.46,49.3,1777.8,1.22,59.73,5.59,14.35,0,Normal
2024-01-02 05:03:00,26.34,50.44,1165.9,3.6,51.02,1808.8,1.62,61.57,6.68,17.05,0,Normal
2024-01-02 05:04:00,25.26,51.73,1087.2,3.33,49.75,1652.9,1.45,60.37,5.91,14.82,0,Normal
2024-01-02 05:05:00,25.06,52.4,1162.4,3.52,48.69,1772.0,1.39,61.91,6.03,15.22,0,Normal
2024-01-02 05:06:00,24.8,51.22,1129.1,3.53,51.0,1781.8,1.56,59.96,6.32,17.32,0,Normal
2024-01-02 05:07:00,25.79,50.66,1169.8,3.55,51.08,1753.0,1.44,59.88,6.35,15.55,0,Normal
2024-01-02 05:08:00,25.7,54.16,1155.8,3.52,50.53,1732.0,1.32,59.23,6.15,15.31,0,Normal
2024-01-02 05:09:00,25.04,53.5,1120.5,3.57,50.44,1804.7,1.41,61.75,6.45,16.14,0,Normal
2024-01-02 05:10:00,25.6,47.89,1099.9,3.94,48.6,1622.0,1.1,58.02,5.41,12.35,0,Normal
2024-01-02 05:11:00,24.58,55.28,1097.5,4.01,51.63,1740.6,1.26,59.95,5.89,14.72,0,Normal
2024-01-02 05:12:00,25.45,53.53,1168.7,3.37,48.06,1738.2,1.25,58.94,5.56,14.98,0,Normal
2024-01-02 05:13:00,25.61,51.07,1166.8,3.04,48.35,1634.0,1.34,60.27,5.33,14.38,0,Normal
2024-01-02 05:14:00,26.26,51.51,1129.7,3.62,50.31,1831.7,1.51,61.08,6.25,16.1,0,Normal
2024-01-02 05:15:00,25.04,51.34,1050.4,3.54,53.62,1948.7,1.65,62.45,6.8,18.25,0,Normal
2024-01-02 05:16:00,24.81,52.33,1110.9,3.71,49.64,1780.2,1.3,60.66,6.46,15.09,0,Normal
2024-01-02 05:17:00,25.03,54.9,1113.3,3.56,52.3,1841.0,1.4,61.0,6.09,16.57,0,Normal
2024-01-02 05:18:00,24.83,52.6,1110.3,3.51,52.5,1810.1,1.47,60.57,6.74,17.83,0,Normal
2024-01-02 05:19:00,26.19,47.75,1157.0,3.73,51.22,1793.2,1.23,59.78,5.96,15.63,0,Normal
2024-01-02 05:20:00,26.32,50.23,1168.3,3.75,51.01,1870.7,1.44,62.47,6.36,17.24,0,Normal
2024-01-02 05:21:00,25.73,51.27,1159.3,3.22,50.5,1734.0,1.59,61.94,6.39,16.85,0,Normal
2024-01-02 05:22:00,26.2,52.33,1155.2,3.34,50.13,1767.0,1.7,62.26,6.01,17.1,0,Normal
2024-01-02 05:23:00,25.68,51.49,1088.6,3.48,49.46,1549.9,1.16,57.97,5.12,13.91,0,Normal
2024-01-02 05:24:00,25.59,51.0,1123.3,3.52,49.14,1762.6,1.47,61.18,5.72,16.1,0,Normal
2024-01-02 05:25:00,25.5,53.37,1187.5,3.45,47.95,1668.0,1.23,59.78,5.45,14.53,0,Normal
2024-01-02 05:26:00,25.53,51.92,1140.0,3.59,51.22,1900.7,1.39,60.69,6.16,17.9,0,Normal
2024-01-02 05:27:00,24.94,51.69,1127.9,3.7,49.95,1701.1,1.2,59.31,6.13,14.68,0,Normal
2024-01-02 05:28:00,25.87,52.87,1146.3,3.84,50.8,1682.4,1.3,61.92,5.7,15.86,0,Normal
2024-01-02 05:29:00,25.74,51.66,1145.1,3.62,50.96,1822.9,1.34,60.79,5.5,16.5,0,Normal
2024-01-02 05:30:00,26.15,50.63,1083.5,3.33,51.81,1789.9,1.47,61.89,6.24,16.54,0,Normal
2024-01-02 05:31:00,25.85,51.43,1131.1,3.47,51.37,1849.7,1.46,60.98,6.67,17.57,0,Normal
2024-01-02 05:32:00,25.75,49.75,1134.0,3.48,49.83,1718.3,1.3,59.74,6.37,15.21,0,Normal
2024-01-02 05:33:00,25.42,51.16,1160.4,3.6,50.13,1740.3,1.29,60.2,5.86,16.08,0,Normal
2024-01-02 05:34:00,25.91,51.06,1139.5,3.58,49.27,1696.6,1.08,58.36,5.39,14.74,0,Normal
2024-01-02 05:35:00,26.27,50.12,1104.2,3.91,50.15,1671.5,1.26,59.55,5.75,14.97,0,Normal
2024-01-02 05:36:00,25.35,53.97,1137.8,3.41,49.26,1715.4,1.39,60.58,6.05,16.6,0,Normal
2024-01-02 05:37:00,25.99,51.24,1119.8,3.58,51.69,1784.3,1.37,60.06,5.87,16.49,0,Normal
2024-01-02 05:38:00,26.09,52.02,1111.4,3.97,51.1,1727.3,1.33,60.29,5.94,16.28,0,Normal
2024-01-02 05:39:00,25.64,51.57,1111.9,3.38,50.37,1691.1,1.55,61.37,6.12,18.06,0,Normal
2024-01-02 05:40:00,25.73,52.98,1148.1,3.53,47.69,1612.1,1.24,59.87,5.46,15.71,0,Normal
2024-01-02 05:41:00,26.16,51.21,1174.7,3.31,49.78,1717.3,1.56,60.9,6.12,17.22,0,Normal
2024-01-02 05:42:00,25.5,51.82,1142.1,3.52,48.49,1660.0,1.52,59.51,5.62,16.59,0,Normal
2024-01-02 05:43:00,26.27,50.4,1161.1,3.34,50.67,1742.2,1.72,62.09,6.54,18.09,0,Normal
2024-01-02 05:44:00,25.67,50.06,1145.2,3.71,49.11,1784.6,1.22,59.5,5.85,16.19,0,Normal
2024-01-02 05:45:00,26.67,50.45,1156.0,3.53,48.57,1625.2,1.15,59.48,5.43,14.6,0,Normal
2024-01-02 05:46:00,27.33,48.44,1184.1,3.31,50.13,1689.1,1.38,59.81,5.6,15.97,0,Normal
2024-01-02 05:47:00,25.76,50.58,1074.7,3.67,51.46,1647.4,1.35,60.64,6.09,16.3,0,Normal
2024-01-02 05:48:00,26.48,51.7,1152.4,3.54,50.36,1786.6,1.58,62.28,6.07,17.95,0,Normal
2024-01-02 05:49:00,25.87,49.25,1111.3,3.69,51.74,1836.0,1.51,61.78,6.96,18.01,0,Normal
2024-01-02 05:50:00,26.78,48.86,1184.7,3.27,49.44,1660.6,1.28,59.08,5.36,15.49,0,Normal
2024-01-02 05:51:00,25.65,53.07,1129.3,3.57,50.2,1704.1,1.29,59.33,6.09,15.97,0,Normal
2024-01-02 05:52:00,26.55,50.39,1151.7,3.65,50.28,1708.2,1.33,60.36,5.35,16.34,0,Normal
2024-01-02 05:53:00,25.9,51.02,1100.3,3.42,51.56,1785.1,1.34,61.4,5.5,17.71,0,Normal
2024-01-02 05:54:00,26.25,50.82,1170.5,3.25,49.29,1729.0,1.45,60.59,5.85,16.99,0,Normal
2024-01-02 05:55:00,25.86,51.41,1153.0,3.49,49.65,1686.1,1.23,59.27,5.05,15.9,0,Normal
2024-01-02 05:56:00,26.82,47.16,1170.2,3.75,49.66,1728.2,1.14,57.91,5.93,15.23,0,Normal
2024-01-02 05:57:00,26.01,50.36,1119.9,3.73,50.02,1699.6,1.21,59.06,5.75,15.24,0,Normal
2024-01-02 05:58:00,26.73,52.01,1135.2,3.41,52.18,1870.2,1.6,61.34,7.1,19.13,0,Normal
2024-01-02 05:59:00,26.3,49.36,1151.7,3.24,51.5,1695.9,1.53,61.37,6.15,18.77,0,Normal
2024-01-02 06:00:00,52.13,49.63,1131.5,3.41,76.47,2338.7,2.58,69.37,10.46,29.22,1,A3_Heatwave
2024-01-02 06:01:00,52.53,49.01,1162.8,3.41,75.73,2163.0,2.55,69.9,9.87,27.59,1,A3_Heatwave
2024-01-02 06:02:00,51.7,50.47,1089.3,3.59,76.01,2154.0,2.48,69.1,9.62,26.69,1,A3_Heatwave
2024-01-02 06:03:00,52.91,48.81,1141.4,3.48,74.27,2096.1,2.36,69.54,9.39,25.61,1,A3_Heatwave
2024-01-02 06:04:00,52.22,49.18,1212.1,3.35,72.82,2025.6,2.3,67.77,8.84,24.46,1,A3_Heatwave
2024-01-02 06:05:00,51.39,50.78,1155.6,3.72,74.15,2044.4,2.25,67.84,9.39,25.69,1,A3_Heatwave
2024-01-02 06:06:00,51.66,49.85,1168.8,3.53,74.27,2227.1,2.39,69.25,9.71,27.32,1,A3_Heatwave
2024-01-02 06:07:00,52.57,46.77,1218.0,3.59,74.78,2227.4,2.19,67.62,9.58,26.24,1,A3_Heatwave
2024-01-02 06:08:00,52.5,49.88,1087.3,3.16,75.6,2068.5,2.58,71.99,10.64,27.26,1,A3_Heatwave
2024-01-02 06:09:00,52.01,50.58,1119.4,3.02,76.85,2277.5,2.73,71.96,10.33,30.6,1,A3_Heatwave
2024-01-02 06:10:00,52.06,49.98,1147.8,3.21,75.25,2180.8,2.39,69.16,9.87,27.12,1,A3_Heatwave
2024-01-02 06:11:00,51.53,48.83,1171.3,3.4,74.58,2182.0,2.57,70.38,9.91,28.22,1,A3_Heatwave
2024-01-02 06:12:00,52.53,49.17,1196.3,3.62,76.32,2276.3,2.41,67.78,10.42,29.04,1,A3_Heatwave
2024-01-02 06:13:00,51.6,51.19,1134.9,3.03,75.37,2210.4,2.58,71.17,10.13,28.82,1,A3_Heatwave
2024-01-02 06:14:00,52.34,48.63,1173.6,3.82,74.77,2171.8,2.41,69.6,9.67,26.73,1,A3_Heatwave
2024-01-02 06:15:00,52.54,49.65,1135.6,3.53,74.75,2076.0,2.35,68.82,10.18,25.83,1,A3_Heatwave
2024-01-02 06:16:00,52.02,47.53,1198.9,3.77,71.53,2038.5,2.28,68.47,8.85,25.47,1,A3_Heatwave
2024-01-02 06:17:00,52.39,53.73,1126.6,3.32,74.94,2180.8,2.43,69.82,9.74,27.71,1,A3_Heatwave
2024-01-02 06:18:00,52.74,48.54,1156.0,3.6,75.54,2162.4,2.55,69.86,10.21,28.78,1,A3_Heatwave
2024-01-02 06:19:00,52.11,50.84,1156.4,3.52,74.47,2100.2,2.26,68.59,9.17,25.87,1,A3_Heatwave
2024-01-02 06:20:00,51.93,47.67,1181.1,3.66,73.57,2250.5,2.49,70.3,10.14,28.6,1,A3_Heatwave
2024-01-02 06:21:00,51.97,47.65,1146.5,3.45,74.68,2248.4,2.23,68.47,9.55,26.87,1,A3_Heatwave
2024-01-02 06:22:00,51.7,48.04,1159.3,3.59,74.95,2147.0,2.25,68.14,9.83,27.23,1,A3_Heatwave
2024-01-02 06:23:00,51.69,47.12,1180.5,3.72,74.02,2148.1,2.33,68.87,9.85,27.72,1,A3_Heatwave
2024-01-02 06:24:00,52.18,48.03,1181.0,3.37,75.32,2213.6,2.44,70.41,9.87,29.27,1,A3_Heatwave
2024-01-02 06:25:00,51.93,48.06,1181.9,3.55,75.65,2228.9,2.43,70.02,9.65,28.83,1,A3_Heatwave
2024-01-02 06:26:00,52.13,47.59,1168.4,3.12,74.22,2175.0,2.51,68.92,9.71,29.25,1,A3_Heatwave
2024-01-02 06:27:00,51.4,50.91,1148.8,3.64,75.7,2294.6,2.34,69.33,9.97,28.57,1,A3_Heatwave
2024-01-02 06:28:00,51.96,51.96,1139.9,3.89,75.28,2191.2,2.21,68.43,9.87,27.23,1,A3_Heatwave
2024-01-02 06:29:00,52.41,49.94,1167.1,3.25,76.1,2215.5,2.56,71.09,10.19,29.12,1,A3_Heatwave
2024-01-02 06:30:00,51.55,47.79,1189.5,3.48,76.28,2282.6,2.45,69.64,10.28,29.66,1,A3_Heatwave
2024-01-02 06:31:00,52.01,49.6,1152.3,3.68,75.57,2239.6,2.54,69.85,10.19,29.85,1,A3_Heatwave
2024-01-02 06:32:00,51.26,48.57,1158.1,3.51,75.57,2277.5,2.46,68.66,10.33,28.71,1,A3_Heatwave
2024-01-02 06:33:00,51.48,47.93,1119.1,3.53,76.04,2156.1,2.49,69.34,9.83,29.52,1,A3_Heatwave
2024-01-02 06:34:00,52.32,48.43,1190.2,3.42,74.04,2128.8,2.41,70.02,9.67,28.64,1,A3_Heatwave
2024-01-02 06:35:00,51.88,46.33,1175.7,3.41,75.53,2244.7,2.43,69.56,9.98,29.11,1,A3_Heatwave
2024-01-02 06:36:00,52.73,47.1,1190.7,3.48,74.46,2116.4,2.16,67.67,9.21,26.72,1,A3_Heatwave
2024-01-02 06:37:00,52.17,50.96,1158.5,3.51,75.39,2226.7,2.56,71.1,10.37,29.53,1,A3_Heatwave
2024-01-02 06:38:00,52.21,51.13,1125.6,3.26,75.55,2253.7,2.44,70.28,10.3,29.25,1,A3_Heatwave
2024-01-02 06:39:00,51.57,50.32,1144.0,3.49,73.83,2133.8,2.31,68.01,9.86,28.73,1,A3_Heatwave
2024-01-02 06:40:00,27.53,49.81,1165.5,3.81,56.79,2220.6,1.78,64.29,7.67,24.86,0,Normal
2024-01-02 06:41:00,27.91,47.09,1196.9,3.42,54.6,2042.9,1.73,61.72,7.44,23.57,0,Normal
2024-01-02 06:42:00,26.88,47.32,1105.8,3.25,56.24,2183.2,2.02,65.07,8.37,26.03,0,Normal
2024-01-02 06:43:00,26.76,50.45,1156.2,3.47,55.47,2195.2,1.84,63.84,8.27,25.88,0,Normal
2024-01-02 06:44:00,28.34,47.54,1199.6,3.36,56.92,2276.0,1.95,65.24,7.75,27.2,0,Normal
2024-01-02 06:45:00,27.27,48.73,1148.8,3.23,54.73,2120.6,1.95,64.42,7.74,26.11,0,Normal
2024-01-02 06:46:00,28.16,46.64,1185.2,3.53,57.84,2258.7,1.99,64.6,8.22,27.74,0,Normal
2024-01-02 06:47:00,27.54,49.57,1155.2,3.36,56.42,2142.3,1.8,63.36,8.21,25.67,0,Normal
2024-01-02 06:48:00,27.56,46.61,1153.0,3.38,57.92,2271.1,1.87,65.97,7.51,26.67,0,Normal
2024-01-02 06:49:00,27.89,46.34,1167.5,3.53,56.83,2260.6,1.82,63.71,7.71,25.95,0,Normal
2024-01-02 06:50:00,27.25,47.14,1147.2,3.19,55.3,2159.2,1.9,64.34,8.23,25.82,0,Normal
2024-01-02 06:51:00,27.78,47.82,1192.7,3.15,58.02,2404.4,2.02,63.55,8.47,28.45,0,Normal
2024-01-02 06:52:00,27.55,46.48,1152.6,3.63,56.4,2100.2,1.77,62.75,7.23,24.89,0,Normal
2024-01-02 06:53:00,27.1,47.89,1139.4,3.11,57.13,2252.7,2.03,65.26,8.71,28.0,0,Normal
2024-01-02 06:54:00,27.95,46.33,1223.3,3.3,56.81,2240.9,1.7,61.85,7.42,26.14,0,Normal
2024-01-02 06:55:00,27.68,47.49,1197.5,3.14,56.29,2144.7,1.8,63.87,8.04,24.96,0,Normal
2024-01-02 06:56:00,27.75,45.52,1128.5,3.4,58.8,2298.3,1.73,62.88,7.67,26.67,0,Normal
2024-01-02 06:57:00,27.25,48.78,1145.9,3.59,56.19,2181.8,1.78,62.65,7.35,26.41,0,Normal
2024-01-02 06:58:00,28.67,47.96,1199.5,3.52,57.52,2213.1,2.0,64.29,8.24,27.98,0,Normal
2024-01-02 06:59:00,28.34,46.89,1194.9,3.98,56.27,2187.4,1.54,63.01,7.27,23.82,0,Normal
2024-01-02 07:00:00,28.41,48.88,1150.8,3.72,56.52,2149.5,1.64,62.81,7.66,24.98,0,Normal
2024-01-02 07:01:00,27.79,49.67,1204.8,3.31,57.07,2235.2,1.94,63.76,8.66,27.51,0,Normal
2024-01-02 07:02:00,27.11,50.08,1182.7,3.26,56.25,2287.1,1.88,64.46,8.05,27.72,0,Normal
2024-01-02 07:03:00,28.97,45.67,1211.4,4.04,54.89,2111.6,1.52,62.25,7.74,23.44,0,Normal
2024-01-02 07:04:00,27.99,47.36,1213.6,3.71,56.61,2281.2,1.91,63.89,8.24,28.86,0,Normal
2024-01-02 07:05:00,27.66,49.05,1184.6,3.62,54.43,2037.3,1.62,62.89,7.48,24.01,0,Normal
2024-01-02 07:06:00,28.27,46.23,1196.6,3.51,58.15,2261.5,1.8,64.38,7.38,27.44,0,Normal
2024-01-02 07:07:00,28.67,43.27,1232.3,3.55,57.97,2344.3,1.77,64.1,8.4,27.67,0,Normal
2024-01-02 07:08:00,28.1,47.86,1209.5,3.2,56.13,2146.4,2.14,64.93,8.24,28.57,0,Normal
2024-01-02 07:09:00,28.77,44.22,1174.4,3.53,57.51,2179.7,1.99,63.87,7.98,27.74,0,Normal
2024-01-02 07:10:00,28.7,44.61,1209.7,3.51,55.76,2144.1,1.76,61.98,8.21,26.23,0,Normal
2024-01-02 07:11:00,27.64,47.95,1156.2,3.32,55.68,2228.4,1.92,63.64,7.84,27.68,0,Normal
2024-01-02 07:12:00,27.86,47.4,1189.9,3.39,55.84,2127.5,1.78,63.07,7.16,26.89,0,Normal
2024-01-02 07:13:00,28.7,43.92,1205.9,3.8,58.51,2232.4,1.91,64.19,8.42,28.42,0,Normal
2024-01-02 07:14:00,26.89,49.55,1123.2,3.47,57.72,2265.8,1.86,63.97,7.71,28.22,0,Normal
2024-01-02 07:15:00,28.19,48.4,1180.8,3.91,58.79,2311.0,1.84,65.2,8.3,28.79,0,Normal
2024-01-02 07:16:00,27.58,46.37,1178.1,3.15,55.78,2155.1,1.97,64.19,8.31,28.12,0,Normal
2024-01-02 07:17:00,28.08,49.07,1170.6,3.4,54.98,2201.4,2.0,64.42,8.12,28.84,0,Normal
2024-01-02 07:18:00,28.19,44.62,1191.6,3.19,55.34,2051.1,1.91,62.74,7.53,26.68,0,Normal
2024-01-02 07:19:00,28.18,50.15,1203.7,3.26,56.24,2180.0,2.04,66.44,7.96,28.54,0,Normal
2024-01-02 07:20:00,28.1,46.49,1181.3,3.33,57.4,2257.0,1.94,63.52,8.57,29.07,0,Normal
2024-01-02 07:21:00,27.86,47.78,1182.7,3.56,58.52,2330.6,1.92,63.96,8.03,29.36,0,Normal
2024-01-02 07:22:00,29.57,41.63,1246.0,3.55,54.3,2143.0,1.55,62.3,7.55,25.42,0,Normal
2024-01-02 07:23:00,29.38,44.72,1219.5,3.36,55.42,2186.4,1.87,63.96,8.49,28.34,0,Normal
2024-01-02 07:24:00,27.89,47.84,1182.8,3.05,56.49,2200.7,2.05,66.11,8.3,29.56,0,Normal
2024-01-02 07:25:00,29.28,44.86,1181.7,3.8,57.99,2238.8,1.82,64.31,7.99,28.67,0,Normal
2024-01-02 07:26:00,28.32,45.89,1203.1,3.44,56.4,2192.7,1.8,63.41,7.78,27.79,0,Normal
2024-01-02 07:27:00,28.6,44.8,1200.3,3.28,57.33,2238.5,2.11,66.1,8.18,30.15,0,Normal
2024-01-02 07:28:00,28.53,48.04,1222.7,3.55,54.94,2130.3,1.82,64.25,7.44,27.7,0,Normal
2024-01-02 07:29:00,28.25,46.89,1186.2,3.54,56.71,2209.4,1.99,64.19,8.14,28.75,0,Normal
2024-01-02 07:30:00,29.1,47.64,1156.5,3.44,58.66,2228.0,1.87,64.83,8.34,28.79,0,Normal
2024-01-02 07:31:00,28.69,45.27,1151.3,3.53,56.5,2108.3,1.73,62.93,8.08,26.4,0,Normal
2024-01-02 07:32:00,28.41,45.91,1206.6,3.27,55.89,2174.8,2.02,64.65,7.42,29.23,0,Normal
2024-01-02 07:33:00,28.02,48.49,1166.1,3.65,56.52,2186.2,1.81,63.65,7.11,27.4,0,Normal
2024-01-02 07:34:00,28.25,44.42,1195.8,3.3,55.92,2224.1,1.87,63.55,8.42,29.11,0,Normal
2024-01-02 07:35:00,27.89,45.67,1180.7,3.38,56.4,2137.1,1.81,63.24,7.75,27.54,0,Normal
2024-01-02 07:36:00,28.74,47.61,1190.7,3.63,55.95,2118.7,1.76,63.89,7.64,27.68,0,Normal
2024-01-02 07:37:00,28.16,45.25,1180.8,3.74,58.29,2311.0,2.02,63.91,8.59,30.99,0,Normal
2024-01-02 07:38:00,28.65,43.4,1171.3,3.82,58.01,2243.7,1.83,63.13,8.03,28.25,0,Normal
2024-01-02 07:39:00,29.49,47.42,1209.4,3.71,57.44,2172.0,1.9,64.64,8.56,28.57,0,Normal
2024-01-02 07:40:00,29.42,42.65,1193.9,3.44,57.25,2240.9,1.98,64.57,8.33,29.95,0,Normal
2024-01-02 07:41:00,28.83,46.08,1187.3,3.19,55.8,2128.6,1.81,64.18,7.54,27.96,0,Normal
2024-01-02 07:42:00,28.82,45.92,1188.4,3.78,58.18,2269.6,1.79,63.9,7.99,29.86,0,Normal
2024-01-02 07:43:00,29.83,39.79,1210.9,3.77,57.43,2204.4,1.77,62.53,7.86,29.18,0,Normal
2024-01-02 07:44:00,29.17,44.79,1226.5,3.37,58.12,2219.8,1.83,63.92,7.81,28.82,0,Normal
2024-01-02 07:45:00,28.77,46.59,1192.1,3.68,57.53,2235.5,1.81,64.07,8.52,28.61,0,Normal
2024-01-02 07:46:00,28.24,47.4,1210.4,3.43,54.75,2067.2,1.9,64.05,7.62,27.79,0,Normal
2024-01-02 07:47:00,29.17,46.54,1241.9,3.8,55.07,2169.2,1.72,62.52,7.25,27.76,0,Normal
2024-01-02 07:48:00,29.41,44.18,1229.6,3.4,54.81,2094.6,1.7,62.55,7.54,26.98,0,Normal
2024-01-02 07:49:00,28.7,47.1,1207.4,3.9,56.97,2219.8,1.98,64.19,8.55,29.7,0,Normal
2024-01-02 07:50:00,29.19,44.13,1211.9,3.66,58.25,2308.9,1.84,63.04,8.56,30.3,0,Normal
2024-01-02 07:51:00,28.88,43.6,1219.2,3.86,58.32,2407.7,1.85,62.99,8.23,31.93,0,Normal
2024-01-02 07:52:00,28.99,43.57,1202.0,3.41,57.44,2239.0,2.07,65.43,7.96,31.56,0,Normal
2024-01-02 07:53:00,27.86,45.36,1201.8,3.58,56.56,2230.1,1.93,63.63,8.49,30.37,0,Normal
2024-01-02 07:54:00,29.01,46.99,1215.6,3.31,53.94,2055.4,1.75,63.29,6.84,27.02,0,Normal
2024-01-02 07:55:00,29.63,42.09,1203.6,3.67,57.3,2157.8,1.9,63.75,8.05,29.25,0,Normal
2024-01-02 07:56:00,28.85,46.18,1219.4,3.68,55.17,2175.3,1.79,62.36,7.53,28.91,0,Normal
2024-01-02 07:57:00,29.21,44.72,1206.6,3.98,56.27,2174.9,1.6,62.02,7.96,27.43,0,Normal
2024-01-02 07:58:00,28.83,45.65,1194.0,3.6,57.49,2178.9,1.61,64.0,7.36,28.02,0,Normal
2024-01-02 07:59:00,29.41,46.81,1196.3,3.64,57.91,2215.6,1.82,63.7,7.77,29.65,0,Normal
2024-01-02 08:00:00,29.14,44.59,1207.0,3.41,59.58,2528.0,2.29,67.16,9.45,5.01,0,Normal
2024-01-02 08:01:00,28.8,46.78,1220.9,3.61,62.48,2678.5,2.26,66.98,9.97,5.22,0,Normal
2024-01-02 08:02:00,29.96,43.83,1241.4,3.42,61.49,2514.5,2.27,65.84,9.76,4.9,0,Normal
2024-01-02 08:03:00,29.78,43.87,1224.4,3.52,61.78,2642.7,2.3,68.04,9.8,5.19,0,Normal
2024-01-02 08:04:00,29.03,48.9,1215.6,3.53,64.39,2803.8,2.28,67.08,10.25,5.83,0,Normal
2024-01-02 08:05:00,29.6,42.25,1243.8,3.43,61.21,2594.7,2.22,65.6,9.75,5.34,0,Normal
2024-01-02 08:06:00,29.64,46.28,1209.1,3.51,60.56,2505.4,2.2,65.95,8.78,5.3,0,Normal
2024-01-02 08:07:00,29.72,45.2,1186.4,3.42,62.38,2581.1,2.21,66.45,9.22,5.55,0,Normal
2024-01-02 08:08:00,28.57,45.56,1223.9,3.42,62.79,2703.9,2.34,67.92,9.51,5.11,0,Normal
2024-01-02 08:09:00,29.94,46.26,1205.5,3.72,65.19,2739.8,2.43,67.71,9.43,5.75,0,Normal
2024-01-02 08:10:00,29.17,42.42,1186.1,3.54,61.77,2504.6,2.2,68.3,9.53,6.33,0,Normal
2024-01-02 08:11:00,29.3,44.18,1161.0,3.57,63.51,2653.8,2.43,67.34,10.38,5.47,0,Normal
2024-01-02 08:12:00,30.81,40.42,1250.6,3.21,62.05,2619.3,2.41,68.15,9.92,5.95,0,Normal
2024-01-02 08:13:00,29.67,44.92,1172.8,3.58,63.46,2659.4,2.23,65.44,9.85,5.88,0,Normal
2024-01-02 08:14:00,29.34,43.21,1188.1,3.61,65.23,2797.2,2.41,67.97,10.35,6.03,0,Normal
2024-01-02 08:15:00,28.45,47.13,1203.8,3.42,61.11,2503.5,2.21,66.69,9.25,5.95,0,Normal
2024-01-02 08:16:00,30.27,42.93,1243.5,3.92,62.39,2596.0,2.3,66.34,10.12,6.39,0,Normal
2024-01-02 08:17:00,28.92,44.92,1182.2,3.04,62.35,2681.2,2.44,68.94,10.39,5.79,0,Normal
2024-01-02 08:18:00,29.11,45.88,1198.9,3.66,63.65,2692.6,2.16,66.73,9.56,6.51,0,Normal
2024-01-02 08:19:00,29.47,44.25,1187.6,3.64,62.78,2705.3,2.36,67.27,10.25,6.38,0,Normal
2024-01-02 08:20:00,30.36,41.41,1213.5,3.61,63.87,2676.5,2.26,67.37,10.2,5.68,0,Normal
2024-01-02 08:21:00,30.06,47.79,1227.9,3.54,62.27,2605.8,2.14,65.76,9.64,6.54,0,Normal
2024-01-02 08:22:00,29.61,43.66,1199.8,3.61,63.47,2636.9,2.31,68.14,9.89,6.57,0,Normal
2024-01-02 08:23:00,29.87,40.61,1211.2,3.67,61.89,2563.0,2.29,67.71,9.61,6.21,0,Normal
2024-01-02 08:24:00,29.43,43.46,1172.0,3.35,63.89,2636.9,2.33,67.75,9.39,6.75,0,Normal
2024-01-02 08:25:00,29.82,42.12,1244.8,3.56,61.35,2591.6,2.28,67.27,9.03,6.17,0,Normal
2024-01-02 08:26:00,29.81,45.28,1228.9,3.46,62.0,2642.7,2.37,66.45,9.99,6.56,0,Normal
2024-01-02 08:27:00,30.28,43.69,1245.3,3.28,61.88,2602.9,2.41,68.74,9.38,6.92,0,Normal
2024-01-02 08:28:00,30.29,43.77,1258.1,3.64,62.85,2734.3,2.26,66.86,9.46,6.3,0,Normal
2024-01-02 08:29:00,30.08,43.01,1200.9,3.39,63.87,2654.3,2.28,67.88,9.18,6.54,0,Normal
2024-01-02 08:30:00,29.67,43.88,1204.4,3.2,60.88,2496.3,2.17,66.7,9.02,6.52,0,Normal
2024-01-02 08:31:00,30.24,42.72,1177.4,3.39,64.1,2798.6,2.56,69.54,10.54,7.4,0,Normal
2024-01-02 08:32:00,29.84,43.87,1295.3,3.34,60.38,2513.7,2.28,66.04,9.42,7.31,0,Normal
2024-01-02 08:33:00,29.36,46.1,1203.5,3.71,62.02,2595.0,2.11,65.34,9.63,6.79,0,Normal
2024-01-02 08:34:00,29.72,44.7,1240.4,3.53,61.29,2589.5,2.45,69.39,9.56,7.01,0,Normal
2024-01-02 08:35:00,29.98,44.48,1188.7,3.78,64.45,2719.7,2.23,65.89,9.96,7.51,0,Normal
2024-01-02 08:36:00,30.42,43.7,1253.2,3.37,61.08,2461.8,2.3,66.17,9.5,7.39,0,Normal
2024-01-02 08:37:00,29.89,45.23,1264.2,3.67,64.92,2865.7,2.62,69.29,10.82,7.66,0,Normal
2024-01-02 08:38:00,29.39,45.22,1206.4,4.07,63.82,2708.1,2.26,67.05,9.71,8.4,0,Normal
2024-01-02 08:39:00,30.05,44.16,1195.6,3.57,62.73,2642.4,2.22,66.3,9.73,7.73,0,Normal
2024-01-02 08:40:00,30.09,45.32,1218.4,3.67,64.51,2590.6,2.22,67.3,9.06,7.62,0,Normal
2024-01-02 08:41:00,30.15,42.44,1167.3,3.64,64.77,2603.9,2.29,67.96,9.78,7.66,0,Normal
2024-01-02 08:42:00,30.53,41.46,1229.7,3.22,63.7,2667.4,2.56,68.75,9.94,8.51,0,Normal
2024-01-02 08:43:00,30.6,40.84,1252.5,3.62,62.39,2672.4,2.17,66.17,10.08,8.14,0,Normal
2024-01-02 08:44:00,29.81,44.31,1215.3,3.56,63.73,2673.1,2.16,66.46,9.41,7.29,0,Normal
2024-01-02 08:45:00,29.82,41.25,1209.3,3.45,62.58,2642.6,2.36,67.15,9.82,7.88,0,Normal
2024-01-02 08:46:00,29.62,45.07,1225.7,3.32,62.04,2607.5,2.39,66.38,9.57,8.04,0,Normal
2024-01-02 08:47:00,30.51,42.62,1245.3,3.64,61.46,2621.7,2.42,67.92,9.56,8.32,0,Normal
2024-01-02 08:48:00,30.9,43.77,1196.6,3.31,62.96,2596.1,2.22,67.23,9.67,8.47,0,Normal
2024-01-02 08:49:00,30.04,42.62,1223.0,3.93,63.96,2775.0,2.31,67.23,9.96,8.1,0,Normal
2024-01-02 08:50:00,30.1,43.22,1282.8,3.52,62.67,2654.7,2.43,66.31,10.45,8.56,0,Normal
2024-01-02 08:51:00,30.97,43.64,1206.0,3.26,61.55,2415.3,2.23,66.22,8.52,8.89,0,Normal
2024-01-02 08:52:00,30.5,44.87,1227.9,3.4,63.91,2661.9,2.37,68.36,10.12,8.71,0,Normal
2024-01-02 08:53:00,30.49,41.8,1278.3,3.44,62.06,2628.1,2.38,66.54,9.72,8.46,0,Normal
2024-01-02 08:54:00,29.69,44.53,1241.4,3.98,61.8,2639.5,2.1,66.37,9.42,8.03,0,Normal
2024-01-02 08:55:00,30.64,42.98,1220.0,3.32,63.04,2608.4,2.44,67.71,9.93,8.7,0,Normal
2024-01-02 08:56:00,29.86,44.52,1222.3,3.48,64.05,2704.9,2.27,67.15,10.21,8.51,0,Normal
2024-01-02 08:57:00,29.77,43.72,1215.4,3.39,63.48,2698.3,2.25,66.48,9.92,8.83,0,Normal
2024-01-02 08:58:00,30.18,45.3,1204.9,3.6,63.21,2559.2,2.22,65.97,9.81,9.06,0,Normal
2024-01-02 08:59:00,30.08,40.72,1219.7,3.4,63.02,2683.4,2.12,67.17,9.65,8.98,0,Normal
2024-01-02 09:00:00,30.28,42.57,1218.6,3.27,61.52,2642.0,2.36,67.92,9.4,8.97,0,Normal
2024-01-02 09:01:00,29.69,44.94,1216.5,3.46,61.34,2510.0,2.03,65.88,9.04,8.08,0,Normal
2024-01-02 09:02:00,30.9,42.76,1219.3,3.44,62.93,2608.7,2.35,68.08,10.07,9.61,0,Normal
2024-01-02 09:03:00,31.0,43.92,1208.2,3.38,64.42,2703.7,2.46,68.62,10.02,9.47,0,Normal
2024-01-02 09:04:00,29.48,46.43,1208.6,3.39,64.17,2732.0,2.44,68.79,9.83,9.73,0,Normal
2024-01-02 09:05:00,30.96,41.54,1282.1,3.74,63.14,2701.3,2.34,66.98,10.1,9.25,0,Normal
2024-01-02 09:06:00,30.08,45.5,1223.7,3.44,62.49,2699.4,2.38,68.56,10.02,9.57,0,Normal
2024-01-02 09:07:00,30.93,40.95,1230.4,3.27,64.59,2675.8,2.43,69.05,9.84,9.6,0,Normal
2024-01-02 09:08:00,30.49,44.22,1248.6,3.41,60.31,2578.6,2.42,67.8,9.49,9.21,0,Normal
2024-01-02 09:09:00,30.55,45.42,1227.1,3.51,64.67,2644.3,2.41,67.82,9.93,9.56,0,Normal
2024-01-02 09:10:00,30.46,44.69,1276.0,3.23,62.48,2694.2,2.5,67.43,10.04,10.15,0,Normal
2024-01-02 09:11:00,31.18,41.74,1243.4,3.83,63.69,2649.3,2.37,67.82,10.08,10.15,0,Normal
2024-01-02 09:12:00,29.97,43.26,1236.9,3.67,63.37,2704.8,2.39,68.93,9.87,9.93,0,Normal
2024-01-02 09:13:00,30.91,39.77,1219.3,3.79,64.27,2729.7,2.54,67.93,10.49,9.97,0,Normal
2024-01-02 09:14:00,31.17,42.06,1256.0,3.58,63.19,2668.8,2.34,68.15,9.69,10.07,0,Normal
2024-01-02 09:15:00,30.99,40.24,1246.7,3.08,63.8,2748.3,2.55,68.4,10.79,10.96,0,Normal
2024-01-02 09:16:00,31.81,39.25,1254.9,3.81,64.15,2689.5,2.24,66.69,10.36,9.86,0,Normal
2024-01-02 09:17:00,30.4,41.19,1215.5,3.33,62.68,2570.3,2.3,66.31,9.32,10.21,0,Normal
2024-01-02 09:18:00,31.16,40.92,1227.3,3.34,62.73,2635.5,2.29,66.54,9.33,10.1,0,Normal
2024-01-02 09:19:00,30.64,42.5,1240.0,3.53,62.6,2575.8,2.33,67.76,9.91,10.84,0,Normal
2024-01-02 09:20:00,31.33,41.72,1262.3,3.78,62.6,2562.9,2.1,66.5,9.41,9.95,0,Normal
2024-01-02 09:21:00,30.72,41.49,1231.3,3.71,62.59,2596.2,2.23,66.91,9.72,10.73,0,Normal
2024-01-02 09:22:00,30.55,44.31,1238.2,3.68,62.55,2612.5,2.3,66.76,9.45,11.0,0,Normal
2024-01-02 09:23:00,31.41,40.85,1247.3,3.44,62.87,2625.1,2.34,66.64,9.71,11.38,0,Normal
2024-01-02 09:24:00,30.53,41.57,1233.0,3.43,61.06,2568.3,2.15,66.13,9.19,9.88,0,Normal
2024-01-02 09:25:00,30.08,43.89,1216.6,3.57,62.89,2689.4,2.4,67.49,10.03,10.52,0,Normal
2024-01-02 09:26:00,30.55,45.66,1231.4,3.47,61.45,2614.5,2.26,66.91,9.16,11.33,0,Normal
2024-01-02 09:27:00,31.13,42.17,1310.0,3.68,60.74,2610.6,1.9,64.36,9.05,10.78,0,Normal
2024-01-02 09:28:00,31.53,40.4,1258.4,3.67,64.11,2676.8,2.23,66.72,9.44,10.83,0,Normal
2024-01-02 09:29:00,30.9,39.78,1254.2,3.62,63.53,2750.1,2.51,68.58,10.07,10.35,0,Normal
2024-01-02 09:30:00,31.52,40.63,1261.4,2.99,60.85,2507.2,2.5,68.33,9.52,11.28,0,Normal
2024-01-02 09:31:00,30.2,43.69,1217.4,3.53,62.83,2548.2,2.31,68.06,9.71,10.54,0,Normal
2024-01-02 09:32:00,30.67,41.91,1265.8,3.48,61.46,2556.8,2.31,66.82,9.65,10.89,0,Normal
2024-01-02 09:33:00,30.76,39.83,1228.0,3.53,61.58,2546.3,2.14,66.44,9.5,11.08,0,Normal
2024-01-02 09:34:00,30.86,40.87,1263.7,3.35,64.55,2670.3,2.41,69.25,9.58,11.88,0,Normal
2024-01-02 09:35:00,30.98,44.12,1231.2,3.24,62.43,2606.0,2.49,68.63,10.22,12.43,0,Normal
2024-01-02 09:36:00,31.3,43.52,1221.9,3.59,63.95,2650.9,2.37,68.54,9.72,11.6,0,Normal
2024-01-02 09:37:00,30.74,41.04,1244.0,3.43,60.58,2558.6,2.23,66.04,9.16,10.96,0,Normal
2024-01-02 09:38:00,31.05,42.82,1213.3,3.61,64.28,2639.2,2.31,66.88,9.92,12.2,0,Normal
2024-01-02 09:39:00,30.97,40.19,1252.8,3.37,61.16,2595.0,2.4,67.42,9.53,12.0,0,Normal
2024-01-02 09:40:00,30.54,44.83,1201.0,3.78,62.82,2627.6,2.34,67.38,9.86,11.83,0,Normal
2024-01-02 09:41:00,30.96,42.34,1231.3,3.7,63.78,2672.1,2.37,68.46,10.11,12.18,0,Normal
2024-01-02 09:42:00,30.96,43.39,1203.4,3.56,65.22,2680.1,2.4,67.53,9.86,12.22,0,Normal
2024-01-02 09:43:00,30.96,39.39,1309.9,3.46,61.19,2564.1,2.2,66.32,9.3,12.04,0,Normal
2024-01-02 09:44:00,31.08,42.78,1200.2,3.67,61.25,2352.4,2.12,66.67,8.8,11.94,0,Normal
2024-01-02 09:45:00,31.11,41.69,1242.5,3.58,64.6,2664.2,2.25,67.25,10.14,11.94,0,Normal
2024-01-02 09:46:00,30.87,43.41,1266.0,3.55,64.2,2778.6,2.34,67.54,10.0,12.9,0,Normal
2024-01-02 09:47:00,31.74,41.95,1280.6,3.71,64.24,2735.9,2.21,67.0,9.77,11.88,0,Normal
2024-01-02 09:48:00,30.53,42.85,1251.8,3.79,61.85,2629.4,2.33,66.41,9.36,12.09,0,Normal
2024-01-02 09:49:00,30.77,41.42,1227.4,3.25,62.35,2623.8,2.3,66.3,9.39,12.7,0,Normal
2024-01-02 09:50:00,32.53,40.32,1304.3,3.29,63.96,2711.8,2.5,67.35,9.77,13.1,0,Normal
2024-01-02 09:51:00,30.63,42.47,1255.5,3.34,61.58,2562.6,2.27,66.97,9.24,11.99,0,Normal
2024-01-02 09:52:00,30.49,41.51,1235.1,3.2,63.32,2697.8,2.75,70.49,10.85,13.68,0,Normal
2024-01-02 09:53:00,31.54,39.54,1256.9,3.49,63.1,2673.0,2.39,68.27,10.12,13.42,0,Normal
2024-01-02 09:54:00,30.15,41.21,1215.4,3.62,63.94,2734.8,2.19,67.44,10.25,12.34,0,Normal
2024-01-02 09:55:00,31.08,40.98,1218.9,3.5,66.06,2834.3,2.65,70.59,10.44,14.82,0,Normal
2024-01-02 09:56:00,32.29,41.24,1296.7,3.39,62.54,2675.8,2.32,67.37,9.22,13.39,0,Normal
2024-01-02 09:57:00,30.45,43.15,1261.9,3.73,62.17,2623.5,2.21,66.49,9.64,13.09,0,Normal
2024-01-02 09:58:00,30.25,42.46,1202.9,3.53,62.21,2624.2,2.21,67.62,10.11,12.97,0,Normal
2024-01-02 09:59:00,30.5,44.0,1226.2,3.57,61.53,2469.4,2.18,65.79,9.01,13.27,0,Normal
2024-01-02 10:00:00,31.71,39.37,1250.7,3.73,63.84,2599.6,2.28,66.33,9.73,13.52,0,Normal
2024-01-02 10:01:00,31.84,40.54,1255.9,3.48,63.43,2652.2,2.29,66.91,9.31,13.18,0,Normal
2024-01-02 10:02:00,31.03,41.58,1242.2,3.91,63.0,2612.7,2.15,65.97,9.53,13.36,0,Normal
2024-01-02 10:03:00,31.64,41.92,1276.5,3.41,62.42,2662.1,2.36,67.47,9.77,13.37,0,Normal
2024-01-02 10:04:00,32.01,37.72,1241.4,3.9,64.14,2579.3,1.98,64.87,8.72,12.67,0,Normal
2024-01-02 10:05:00,32.22,38.44,1243.2,3.31,65.74,2746.6,2.39,68.26,9.93,14.68,0,Normal
2024-01-02 10:06:00,31.21,39.06,1275.1,3.6,62.02,2633.5,2.43,67.4,9.46,14.11,0,Normal
2024-01-02 10:07:00,30.19,42.96,1212.3,3.37,62.73,2623.4,2.38,68.45,9.3,14.17,0,Normal
2024-01-02 10:08:00,30.95,43.81,1207.3,3.72,64.15,2655.1,2.25,66.2,9.58,14.22,0,Normal
2024-01-02 10:09:00,31.15,40.86,1231.0,3.4,64.59,2632.6,2.22,66.84,9.91,13.99,0,Normal
2024-01-02 10:10:00,31.25,40.69,1236.7,3.56,63.29,2730.5,2.36,67.35,9.82,14.03,0,Normal
2024-01-02 10:11:00,31.3,42.68,1284.8,3.37,61.04,2616.3,2.39,67.61,10.0,14.78,0,Normal
2024-01-02 10:12:00,31.96,41.77,1282.3,3.69,62.28,2612.5,2.5,68.88,9.74,14.63,0,Normal
2024-01-02 10:13:00,32.05,39.88,1289.7,3.37,61.3,2574.4,2.46,68.1,9.77,14.62,0,Normal
2024-01-02 10:14:00,31.34,42.32,1267.2,3.84,61.61,2544.0,2.04,65.44,9.32,13.45,0,Normal
2024-01-02 10:15:00,31.98,38.52,1283.3,3.3,62.94,2573.9,2.29,67.62,10.06,14.57,0,Normal
2024-01-02 10:16:00,31.62,42.85,1235.2,3.23,62.35,2588.4,2.21,67.17,9.28,14.84,0,Normal
2024-01-02 10:17:00,31.49,44.25,1244.8,3.69,64.19,2708.0,2.26,67.29,10.05,14.46,0,Normal
2024-01-02 10:18:00,31.92,41.03,1233.6,3.38,63.77,2685.8,2.39,68.05,9.7,15.27,0,Normal
2024-01-02 10:19:00,31.51,37.85,1245.0,3.5,64.51,2637.9,2.33,67.99,10.39,14.71,0,Normal
2024-01-02 10:20:00,32.51,38.34,1287.4,3.44,63.67,2695.3,2.6,67.85,9.92,14.74,0,Normal
2024-01-02 10:21:00,30.78,43.22,1238.9,3.24,63.72,2621.7,2.29,66.93,9.85,14.11,0,Normal
2024-01-02 10:22:00,31.25,40.82,1277.7,3.48,62.49,2708.8,2.35,67.66,10.36,15.27,0,Normal
2024-01-02 10:23:00,31.45,43.0,1220.5,3.75,64.18,2623.6,2.07,65.8,9.18,14.74,0,Normal
2024-01-02 10:24:00,31.74,41.44,1267.4,3.7,63.47,2615.9,2.3,67.03,9.9,15.18,0,Normal
2024-01-02 10:25:00,32.17,38.74,1232.2,3.55,63.51,2543.0,2.13,66.53,9.1,14.7,0,Normal
2024-01-02 10:26:00,31.53,40.99,1253.0,3.72,60.59,2477.1,2.2,66.6,9.84,15.33,0,Normal
2024-01-02 10:27:00,30.84,40.84,1255.4,3.29,62.73,2603.7,2.33,67.65,9.11,15.36,0,Normal
2024-01-02 10:28:00,31.98,39.85,1254.3,3.43,64.51,2765.8,2.32,66.94,9.67,15.59,0,Normal
2024-01-02 10:29:00,31.95,39.36,1272.8,3.58,63.53,2660.1,2.12,65.19,9.28,14.97,0,Normal
2024-01-02 10:30:00,30.61,44.36,1208.2,3.47,65.15,2690.6,2.33,68.16,9.7,16.3,0,Normal
2024-01-02 10:31:00,31.59,44.01,1210.2,3.45,65.53,2682.4,2.46,67.91,10.34,15.54,0,Normal
2024-01-02 10:32:00,30.8,40.11,1250.0,3.26,63.19,2661.6,2.46,67.56,10.51,16.44,0,Normal
2024-01-02 10:33:00,31.28,38.52,1289.1,3.08,62.24,2676.9,2.41,67.1,10.23,15.95,0,Normal
2024-01-02 10:34:00,31.17,41.23,1218.4,3.66,62.98,2607.4,2.35,68.27,9.8,15.3,0,Normal
2024-01-02 10:35:00,32.03,37.77,1291.2,3.55,62.4,2579.2,2.14,66.33,9.4,14.59,0,Normal
2024-01-02 10:36:00,31.69,40.72,1254.9,3.68,64.04,2658.2,2.02,65.93,9.36,15.81,0,Normal
2024-01-02 10:37:00,31.0,43.02,1206.6,3.41,65.19,2734.9,2.5,69.08,10.42,16.35,0,Normal
2024-01-02 10:38:00,32.09,42.18,1233.5,3.36,63.88,2570.9,2.48,68.3,9.8,16.24,0,Normal
2024-01-02 10:39:00,30.94,42.3,1239.3,3.5,62.18,2599.1,2.4,68.39,9.77,15.73,0,Normal
2024-01-02 10:40:00,31.83,40.11,1246.6,3.67,64.03,2693.1,2.21,65.93,9.59,16.73,0,Normal
2024-01-02 10:41:00,31.27,38.45,1212.6,3.45,64.37,2677.0,2.35,66.85,9.6,16.44,0,Normal
2024-01-02 10:42:00,31.5,41.04,1207.7,3.66,61.96,2483.9,2.23,65.82,9.28,14.97,0,Normal
2024-01-02 10:43:00,31.94,40.31,1237.7,3.3,60.53,2453.4,2.14,66.23,9.01,15.0,0,Normal
2024-01-02 10:44:00,31.96,41.13,1264.1,3.47,63.01,2578.3,2.31,67.57,9.44,16.71,0,Normal
2024-01-02 10:45:00,32.38,38.36,1267.4,3.49,61.99,2627.0,2.22,66.25,9.32,15.63,0,Normal
2024-01-02 10:46:00,31.67,40.03,1241.0,3.75,63.37,2661.7,2.17,66.31,9.83,15.99,0,Normal
2024-01-02 10:47:00,31.88,38.11,1262.6,3.54,62.69,2654.9,2.22,67.57,9.8,16.83,0,Normal
2024-01-02 10:48:00,31.51,37.54,1276.2,3.85,62.42,2595.4,2.28,66.51,10.15,16.55,0,Normal
2024-01-02 10:49:00,31.83,38.74,1266.4,3.23,64.22,2786.6,2.53,68.89,10.79,17.34,0,Normal
2024-01-02 10:50:00,31.97,37.81,1256.3,3.53,64.81,2623.9,2.49,68.0,9.68,17.35,0,Normal
2024-01-02 10:51:00,31.7,41.14,1277.3,3.54,63.69,2699.3,2.42,68.73,9.98,17.26,0,Normal
2024-01-02 10:52:00,30.86,41.38,1213.2,3.62,64.86,2717.3,2.55,69.29,9.89,17.85,0,Normal
2024-01-02 10:53:00,31.93,39.41,1253.0,3.34,62.53,2552.7,2.39,66.65,9.08,17.24,0,Normal
2024-01-02 10:54:00,31.96,38.7,1254.1,3.84,64.92,2754.7,2.43,68.01,10.91,17.9,0,Normal
2024-01-02 10:55:00,31.44,36.26,1217.9,3.5,63.84,2618.9,2.32,65.95,10.22,17.07,0,Normal
2024-01-02 10:56:00,31.14,43.9,1232.4,3.28,64.81,2644.0,2.75,70.63,10.18,18.45,0,Normal
2024-01-02 10:57:00,32.53,37.64,1218.8,3.5,63.66,2597.1,2.33,68.86,10.11,17.51,0,Normal
2024-01-02 10:58:00,32.05,39.4,1308.7,3.44,60.28,2525.1,1.99,63.55,9.4,15.69,0,Normal
2024-01-02 10:59:00,31.69,38.47,1230.4,4.06,63.31,2720.0,2.27,66.02,9.31,16.71,0,Normal
2024-01-02 11:00:00,31.24,42.92,1284.5,3.71,63.7,2730.8,2.24,67.04,10.16,17.46,0,Normal
2024-01-02 11:01:00,31.41,41.38,1249.1,3.51,62.69,2549.8,2.36,67.47,9.45,17.5,0,Normal
2024-01-02 11:02:00,32.48,38.0,1283.6,3.48,62.87,2572.4,2.36,67.21,9.77,17.31,0,Normal
2024-01-02 11:03:00,31.9,39.69,1245.8,3.69,65.52,2776.0,2.41,66.89,11.21,18.24,0,Normal
2024-01-02 11:04:00,31.56,43.41,1256.4,3.7,61.13,2577.8,2.08,65.93,9.72,16.64,0,Normal
2024-01-02 11:05:00,32.1,39.82,1278.2,2.92,64.36,2733.8,2.64,69.94,10.36,19.23,0,Normal
2024-01-02 11:06:00,31.44,40.83,1265.4,3.63,61.96,2541.7,2.13,68.07,9.71,16.49,0,Normal
2024-01-02 11:07:00,32.6,37.6,1291.4,3.51,64.26,2667.5,2.45,69.14,9.48,18.81,0,Normal
2024-01-02 11:08:00,32.54,36.29,1261.5,3.24,63.09,2590.5,2.43,67.06,9.95,17.17,0,Normal
2024-01-02 11:09:00,31.63,40.52,1240.6,3.68,63.35,2691.7,2.61,69.0,10.37,19.42,0,Normal
2024-01-02 11:10:00,31.56,41.39,1211.3,3.95,62.86,2603.6,2.14,66.62,9.69,17.61,0,Normal
2024-01-02 11:11:00,30.57,44.33,1244.4,3.61,63.21,2638.1,2.27,66.52,9.56,18.28,0,Normal
2024-01-02 11:12:00,31.14,38.28,1269.8,3.72,62.17,2613.5,2.21,67.08,9.64,17.16,0,Normal
2024-01-02 11:13:00,31.22,39.83,1284.7,3.86,61.13,2565.4,2.11,66.37,9.51,17.57,0,Normal
2024-01-02 11:14:00,31.96,39.31,1266.8,3.33,64.29,2621.4,2.5,69.38,9.32,18.88,0,Normal
2024-01-02 11:15:00,31.73,40.58,1235.5,3.13,62.84,2608.1,2.39,68.26,9.67,19.26,0,Normal
2024-01-02 11:16:00,31.23,41.28,1202.1,3.63,62.78,2664.7,2.49,68.46,9.71,19.32,0,Normal
2024-01-02 11:17:00,31.76,40.34,1281.3,3.45,61.0,2518.5,2.26,66.28,9.51,17.57,0,Normal
2024-01-02 11:18:00,32.16,40.42,1218.3,3.23,62.09,2472.4,2.23,65.78,9.68,17.0,0,Normal
2024-01-02 11:19:00,32.18,38.43,1255.0,3.48,63.79,2604.9,2.26,67.17,9.49,18.26,0,Normal
2024-01-02 11:20:00,30.97,43.36,1233.7,3.65,65.18,2841.8,2.57,68.74,10.27,20.91,0,Normal
2024-01-02 11:21:00,31.86,41.01,1255.4,3.47,64.36,2702.0,2.41,67.78,10.12,20.0,0,Normal
2024-01-02 11:22:00,31.23,41.0,1245.6,3.34,62.15,2652.8,2.35,68.18,9.42,19.25,0,Normal
2024-01-02 11:23:00,32.38,41.82,1271.0,3.46,62.33,2623.3,2.25,67.74,9.53,18.82,0,Normal
2024-01-02 11:24:00,32.32,41.85,1206.1,3.5,66.12,2688.1,2.44,67.5,10.11,19.56,0,Normal
2024-01-02 11:25:00,31.49,42.42,1250.1,3.11,64.46,2691.6,2.46,68.14,10.3,19.91,0,Normal
2024-01-02 11:26:00,31.56,36.37,1195.4,3.47,63.81,2530.3,2.43,67.7,9.81,19.66,0,Normal
2024-01-02 11:27:00,31.71,42.99,1272.6,3.23,63.54,2723.7,2.55,68.89,10.26,20.38,0,Normal
2024-01-02 11:28:00,30.82,43.42,1222.5,3.63,63.78,2678.6,2.31,65.77,10.38,19.91,0,Normal
2024-01-02 11:29:00,32.12,42.9,1208.4,3.19,65.18,2697.4,2.5,67.6,10.31,20.19,0,Normal
2024-01-02 11:30:00,31.82,42.29,1236.0,3.7,64.94,2656.9,2.34,67.59,9.83,20.19,0,Normal
2024-01-02 11:31:00,32.44,41.67,1254.6,3.42,64.12,2617.7,2.37,68.25,9.76,19.99,0,Normal
2024-01-02 11:32:00,31.41,42.48,1278.0,3.39,63.53,2695.4,2.31,67.35,9.67,20.34,0,Normal
2024-01-02 11:33:00,31.65,42.75,1258.0,3.56,63.63,2684.6,2.16,66.92,9.41,20.24,0,Normal
2024-01-02 11:34:00,31.21,44.51,1252.8,3.33,63.14,2651.7,2.31,67.38,9.36,18.77,0,Normal
2024-01-02 11:35:00,31.47,41.39,1278.8,3.56,62.32,2584.2,2.24,67.64,9.86,19.72,0,Normal
2024-01-02 11:36:00,31.38,38.86,1245.2,3.35,63.37,2578.0,2.27,68.08,9.39,19.85,0,Normal
2024-01-02 11:37:00,32.47,38.79,1288.3,3.39,64.13,2738.8,2.53,68.13,10.37,21.51,0,Normal
2024-01-02 11:38:00,31.63,41.36,1269.6,3.58,61.79,2493.9,2.15,66.8,9.11,19.04,0,Normal
2024-01-02 11:39:00,32.04,40.14,1228.6,3.27,62.14,2548.9,2.5,68.6,9.71,20.44,0,Normal
2024-01-02 11:40:00,31.79,38.61,1292.6,3.25,62.74,2593.3,2.31,68.96,9.99,20.27,0,Normal
2024-01-02 11:41:00,31.35,38.83,1211.4,3.55,64.0,2609.1,2.33,66.94,9.84,20.68,0,Normal
2024-01-02 11:42:00,31.9,39.17,1280.9,3.49,61.64,2639.8,2.25,66.67,9.32,20.55,0,Normal
2024-01-02 11:43:00,32.28,40.8,1227.8,3.53,64.36,2711.6,2.44,67.44,9.96,21.16,0,Normal
2024-01-02 11:44:00,31.38,43.58,1262.7,3.57,62.01,2586.4,2.35,66.66,9.87,20.39,0,Normal
2024-01-02 11:45:00,32.39,40.77,1314.4,3.51,64.24,2747.7,2.48,68.65,10.39,21.78,0,Normal
2024-01-02 11:46:00,31.56,42.47,1246.0,3.62,62.35,2545.0,2.01,65.56,9.46,18.88,0,Normal
2024-01-02 11:47:00,31.75,40.43,1248.6,3.52,62.48,2632.3,2.35,67.77,9.67,21.42,0,Normal
2024-01-02 11:48:00,32.26,37.02,1280.4,3.1,63.45,2659.8,2.38,68.06,9.48,20.59,0,Normal
2024-01-02 11:49:00,31.66,40.03,1245.0,3.15,62.38,2560.0,2.34,67.17,9.73,20.76,0,Normal
2024-01-02 11:50:00,32.01,39.69,1305.7,3.89,62.23,2657.6,2.28,66.78,9.77,21.15,0,Normal
2024-01-02 11:51:00,31.84,39.65,1261.6,3.5,65.66,2717.3,2.34,67.03,10.2,21.42,0,Normal
2024-01-02 11:52:00,32.06,40.07,1253.2,3.69,63.19,2654.1,2.4,67.29,9.48,21.58,0,Normal
2024-01-02 11:53:00,30.81,42.91,1222.6,3.43,64.36,2686.3,2.38,67.75,9.82,22.09,0,Normal
2024-01-02 11:54:00,31.08,43.03,1218.3,3.49,62.33,2515.8,2.45,68.1,9.33,20.99,0,Normal
2024-01-02 11:55:00,32.31,39.13,1250.4,3.41,62.8,2575.3,2.31,67.72,9.73,21.51,0,Normal
2024-01-02 11:56:00,32.52,36.31,1261.6,3.99,63.24,2584.9,2.34,67.87,9.82,21.68,0,Normal
2024-01-02 11:57:00,31.54,40.2,1238.7,3.55,62.57,2644.2,2.42,68.9,9.83,21.51,0,Normal
2024-01-02 11:58:00,31.88,40.39,1241.1,3.39,65.31,2729.9,2.42,67.46,10.5,21.97,0,Normal
2024-01-02 11:59:00,32.15,41.67,1315.4,3.17,61.96,2668.9,2.29,66.81,10.16,21.73,0,Normal
2024-01-02 12:00:00,32.35,38.62,1241.2,3.89,63.92,2515.1,2.18,65.99,9.53,20.06,0,Normal
2024-01-02 12:01:00,30.99,42.69,1243.4,3.47,62.65,2655.4,2.27,67.87,9.92,20.5,0,Normal
2024-01-02 12:02:00,31.56,41.33,1265.9,3.65,63.91,2656.0,2.48,67.96,9.87,22.35,0,Normal
2024-01-02 12:03:00,31.83,40.47,1272.4,3.67,64.07,2730.6,2.34,68.33,9.82,23.31,0,Normal
2024-01-02 12:04:00,32.35,40.86,1265.5,3.41,65.13,2713.8,2.43,69.2,10.48,22.71,0,Normal
2024-01-02 12:05:00,33.25,36.86,1278.9,3.63,62.73,2573.1,2.1,66.26,9.1,20.91,0,Normal
2024-01-02 12:06:00,31.88,39.45,1269.0,3.38,62.66,2566.3,2.35,67.61,9.83,22.09,0,Normal
2024-01-02 12:07:00,31.29,41.35,1252.5,3.3,62.02,2505.7,2.16,66.26,9.76,20.84,0,Normal
2024-01-02 12:08:00,32.2,38.78,1257.5,3.73,62.54,2576.7,2.25,66.62,9.72,21.57,0,Normal
2024-01-02 12:09:00,32.66,39.68,1234.1,3.47,64.27,2632.4,2.42,67.74,9.93,23.26,0,Normal
2024-01-02 12:10:00,32.05,38.94,1249.3,3.6,64.22,2703.9,2.29,67.18,9.54,22.67,0,Normal
2024-01-02 12:11:00,31.54,41.27,1222.1,3.58,63.32,2638.8,2.4,69.09,9.92,22.71,0,Normal
2024-01-02 12:12:00,32.47,39.1,1252.8,3.63,64.39,2626.4,2.29,66.57,10.1,22.61,0,Normal
2024-01-02 12:13:00,32.32,39.84,1267.3,3.19,63.66,2661.7,2.31,67.45,9.79,22.22,0,Normal
2024-01-02 12:14:00,31.48,40.35,1258.5,3.38,61.86,2553.3,2.43,68.27,9.93,22.12,0,Normal
2024-01-02 12:15:00,32.18,39.27,1308.1,3.44,64.14,2827.5,2.4,67.68,10.41,23.4,0,Normal
2024-01-02 12:16:00,32.49,39.37,1256.3,3.33,62.15,2508.8,2.32,67.49,9.53,22.27,0,Normal
2024-01-02 12:17:00,32.58,39.37,1290.9,3.59,63.23,2669.1,2.36,66.53,9.79,23.11,0,Normal
2024-01-02 12:18:00,31.95,40.18,1266.6,3.74,64.39,2780.0,2.42,68.98,9.81,24.53,0,Normal
2024-01-02 12:19:00,31.8,43.01,1288.4,3.77,62.23,2653.6,2.27,67.71,9.55,22.87,0,Normal
2024-01-02 12:20:00,32.59,37.55,1286.3,3.43,63.64,2618.8,2.25,66.91,9.56,22.13,0,Normal
2024-01-02 12:21:00,31.37,41.13,1222.2,3.56,63.51,2628.0,2.48,67.69,10.13,23.55,0,Normal
2024-01-02 12:22:00,32.19,37.39,1220.8,3.59,64.1,2626.8,2.42,68.55,9.92,23.89,0,Normal
2024-01-02 12:23:00,31.29,41.94,1253.5,3.62,64.23,2767.3,2.45,67.38,10.57,24.41,0,Normal
2024-01-02 12:24:00,32.5,37.52,1256.8,3.32,61.89,2452.1,2.1,65.17,9.15,21.8,0,Normal
2024-01-02 12:25:00,31.84,39.97,1232.3,3.86,65.08,2688.5,2.22,66.92,9.74,23.28,0,Normal
2024-01-02 12:26:00,32.6,38.46,1240.3,3.69,63.33,2503.4,2.26,68.08,9.21,22.77,0,Normal
2024-01-02 12:27:00,32.21,40.15,1268.2,3.69,63.45,2658.2,2.09,66.48,9.4,21.9,0,Normal
2024-01-02 12:28:00,31.35,40.45,1284.6,3.74,61.12,2603.7,2.21,65.99,9.49,22.86,0,Normal
2024-01-02 12:29:00,32.67,38.0,1263.2,3.61,64.3,2685.6,2.23,65.73,9.73,23.41,0,Normal
2024-01-02 12:30:00,32.73,40.94,1289.3,3.29,61.08,2488.1,2.15,66.11,8.81,21.62,0,Normal
2024-01-02 12:31:00,32.39,39.82,1265.3,3.47,64.4,2675.6,2.25,67.25,10.16,24.21,0,Normal
2024-01-02 12:32:00,31.57,40.04,1219.1,3.17,66.16,2750.0,2.62,69.34,10.57,25.71,0,Normal
2024-01-02 12:33:00,31.79,40.1,1274.2,3.58,61.42,2511.2,2.29,68.17,9.44,22.78,0,Normal
2024-01-02 12:34:00,32.01,42.55,1232.9,3.47,64.07,2639.6,2.4,67.79,9.68,24.94,0,Normal
2024-01-02 12:35:00,31.58,40.5,1252.2,3.49,61.42,2607.9,2.3,65.42,9.26,23.85,0,Normal
2024-01-02 12:36:00,32.78,37.66,1267.0,3.74,64.83,2690.0,2.36,67.45,9.98,24.92,0,Normal
2024-01-02 12:37:00,32.0,39.07,1282.3,3.41,63.42,2661.6,2.44,68.38,9.36,24.19,0,Normal
2024-01-02 12:38:00,30.57,41.85,1205.0,3.45,63.58,2538.2,2.34,67.76,9.86,23.58,0,Normal
2024-01-02 12:39:00,32.09,39.05,1271.6,3.5,64.58,2674.9,2.12,66.19,9.51,24.56,0,Normal
2024-01-02 12:40:00,31.74,38.64,1233.9,3.13,64.61,2763.0,2.66,69.2,10.41,27.11,0,Normal
2024-01-02 12:41:00,31.87,38.64,1244.7,3.45,64.0,2572.6,2.41,66.53,9.92,24.19,0,Normal
2024-01-02 12:42:00,31.72,39.35,1163.6,3.0,66.67,2692.4,2.6,69.41,10.36,26.26,0,Normal
2024-01-02 12:43:00,32.31,40.43,1318.4,3.38,60.45,2538.1,2.02,65.03,8.7,22.29,0,Normal
2024-01-02 12:44:00,32.46,38.7,1282.9,3.67,62.37,2589.0,2.25,66.98,9.99,24.58,0,Normal
2024-01-02 12:45:00,32.04,39.72,1241.5,3.59,64.02,2676.9,2.38,68.12,9.52,24.41,0,Normal
2024-01-02 12:46:00,31.72,42.51,1226.3,3.38,65.71,2727.6,2.45,69.24,9.6,26.2,0,Normal
2024-01-02 12:47:00,31.86,42.29,1244.9,3.51,62.5,2698.0,2.36,66.79,10.15,25.52,0,Normal
2024-01-02 12:48:00,31.89,39.88,1275.7,3.29,63.84,2539.7,2.46,67.32,9.34,24.76,0,Normal
2024-01-02 12:49:00,31.47,40.1,1202.2,3.5,64.12,2637.7,2.59,68.62,10.51,26.21,0,Normal
2024-01-02 12:50:00,32.16,38.52,1259.6,4.09,63.0,2488.3,2.1,65.5,9.33,23.43,0,Normal
2024-01-02 12:51:00,32.09,40.97,1306.2,3.87,63.07,2651.6,2.27,66.42,9.82,24.44,0,Normal
2024-01-02 12:52:00,32.63,38.66,1244.2,3.51,65.28,2721.9,2.35,68.78,9.95,25.44,0,Normal
2024-01-02 12:53:00,32.48,38.65,1271.6,3.53,61.76,2562.9,2.18,66.44,9.12,24.25,0,Normal
2024-01-02 12:54:00,31.51,39.77,1305.2,3.3,61.51,2556.3,2.27,68.24,9.33,24.45,0,Normal
2024-01-02 12:55:00,32.25,38.49,1280.9,3.34,63.94,2742.5,2.58,68.91,10.06,26.98,0,Normal
2024-01-02 12:56:00,31.36,41.73,1250.4,3.57,62.93,2561.0,2.33,66.55,9.98,25.21,0,Normal
2024-01-02 12:57:00,32.18,37.81,1276.2,3.4,62.19,2693.0,2.55,68.0,9.85,26.57,0,Normal
2024-01-02 12:58:00,31.57,42.37,1241.3,3.68,65.36,2785.2,2.28,68.07,10.33,26.55,0,Normal
2024-01-02 12:59:00,31.31,40.55,1278.6,3.81,61.82,2603.8,2.05,64.79,9.61,24.42,0,Normal
2024-01-02 13:00:00,31.95,39.96,1249.1,3.57,62.75,2634.0,2.4,68.13,9.56,26.44,0,Normal
2024-01-02 13:01:00,30.47,40.85,1180.4,3.52,62.39,2640.2,2.44,67.69,9.97,25.86,0,Normal
2024-01-02 13:02:00,30.92,42.02,1228.7,3.16,64.27,2653.5,2.48,67.73,9.79,26.72,0,Normal
2024-01-02 13:03:00,31.7,40.14,1229.9,3.65,64.31,2609.1,1.85,65.73,9.23,23.9,0,Normal
2024-01-02 13:04:00,31.83,40.33,1249.5,3.27,64.21,2622.9,2.35,67.18,9.7,25.44,0,Normal
2024-01-02 13:05:00,31.6,43.04,1245.4,3.42,63.69,2745.2,2.47,67.64,9.97,27.65,0,Normal
2024-01-02 13:06:00,30.98,42.2,1269.6,3.69,64.18,2780.8,2.3,67.26,10.15,27.07,0,Normal
2024-01-02 13:07:00,31.36,40.06,1264.5,3.71,62.82,2614.8,2.26,66.59,9.27,24.79,0,Normal
2024-01-02 13:08:00,31.96,39.11,1265.7,3.41,61.29,2568.9,2.45,69.37,9.92,26.11,0,Normal
2024-01-02 13:09:00,32.04,40.91,1260.8,3.42,63.78,2718.8,2.56,69.53,9.91,28.32,0,Normal
2024-01-02 13:10:00,31.74,42.52,1228.3,3.36,62.61,2598.5,2.41,67.36,9.37,26.56,0,Normal
2024-01-02 13:11:00,32.32,39.95,1211.8,3.26,65.01,2708.2,2.49,68.21,10.15,27.73,0,Normal
2024-01-02 13:12:00,31.93,41.26,1261.4,3.37,61.73,2493.2,2.19,64.95,9.12,25.02,0,Normal
2024-01-02 13:13:00,31.35,42.19,1266.9,3.18,64.4,2734.0,2.6,69.19,10.46,29.13,0,Normal
2024-01-02 13:14:00,31.58,42.99,1248.8,3.64,62.93,2561.1,2.24,66.28,9.53,26.01,0,Normal
2024-01-02 13:15:00,31.01,38.96,1226.8,3.58,63.02,2720.2,2.35,67.56,9.47,27.26,0,Normal
2024-01-02 13:16:00,31.65,41.74,1264.5,3.61,62.61,2674.1,2.14,64.85,9.91,25.65,0,Normal
2024-01-02 13:17:00,32.25,41.13,1262.9,3.31,63.49,2586.3,2.29,67.18,9.58,26.65,0,Normal
2024-01-02 13:18:00,32.03,38.04,1302.7,3.26,61.79,2628.3,2.43,68.98,9.85,27.03,0,Normal
2024-01-02 13:19:00,32.38,38.09,1298.4,3.51,63.51,2654.1,2.23,66.89,10.39,26.73,0,Normal
2024-01-02 13:20:00,31.52,39.69,1274.3,3.51,61.85,2628.4,2.3,66.52,10.03,27.21,0,Normal
2024-01-02 13:21:00,32.33,38.41,1285.6,3.47,64.37,2711.6,2.46,68.24,10.21,28.9,0,Normal
2024-01-02 13:22:00,31.56,40.18,1218.8,3.44,64.51,2832.1,2.55,68.75,10.09,30.33,0,Normal
2024-01-02 13:23:00,32.38,39.78,1284.2,3.84,60.86,2459.5,2.11,67.38,8.62,25.27,0,Normal
2024-01-02 13:24:00,31.62,42.08,1261.9,3.59,65.16,2736.6,2.48,68.27,10.63,28.94,0,Normal
2024-01-02 13:25:00,31.98,41.76,1274.8,3.89,64.36,2648.3,2.2,65.93,9.62,26.56,0,Normal
2024-01-02 13:26:00,32.35,38.2,1279.4,3.75,62.34,2544.5,2.03,65.54,9.15,26.31,0,Normal
2024-01-02 13:27:00,31.51,39.71,1261.6,3.84,61.83,2515.4,2.03,65.63,8.77,25.27,0,Normal
2024-01-02 13:28:00,31.71,42.6,1321.7,3.29,62.35,2643.0,2.45,68.34,9.99,28.68,0,Normal
2024-01-02 13:29:00,32.23,40.65,1262.8,3.62,64.53,2761.7,2.29,67.82,10.42,28.53,0,Normal
2024-01-02 13:30:00,31.51,41.1,1273.7,3.41,62.45,2559.7,2.18,67.79,9.87,26.61,0,Normal
2024-01-02 13:31:00,30.91,42.77,1226.5,3.17,64.32,2742.8,2.43,67.66,10.04,29.16,0,Normal
2024-01-02 13:32:00,32.63,38.91,1292.5,3.8,61.03,2551.7,1.95,64.4,9.23,24.81,0,Normal
2024-01-02 13:33:00,31.32,42.11,1269.9,3.44,62.85,2666.4,2.24,65.5,9.68,28.26,0,Normal
2024-01-02 13:34:00,31.62,40.27,1261.6,3.29,61.95,2561.0,2.41,68.15,9.89,27.97,0,Normal
2024-01-02 13:35:00,32.11,40.3,1304.0,3.42,62.69,2727.8,2.32,66.63,9.91,29.33,0,Normal
2024-01-02 13:36:00,31.22,39.24,1222.3,3.34,63.77,2704.9,2.26,67.66,9.63,28.35,0,Normal
2024-01-02 13:37:00,31.01,40.85,1228.0,3.36,62.41,2655.6,2.31,66.8,10.13,28.19,0,Normal
2024-01-02 13:38:00,31.63,39.75,1257.9,3.46,61.27,2429.9,2.21,67.65,9.13,25.85,0,Normal
2024-01-02 13:39:00,30.6,42.06,1254.0,3.85,63.2,2656.4,2.06,64.82,9.42,27.18,0,Normal
2024-01-02 13:40:00,31.34,39.9,1251.3,3.37,63.29,2629.0,2.46,68.86,9.97,28.94,0,Normal
2024-01-02 13:41:00,31.6,40.03,1284.1,3.83,62.74,2700.6,2.12,66.72,9.42,28.15,0,Normal
2024-01-02 13:42:00,31.33,39.04,1230.0,3.67,64.1,2724.8,2.32,67.79,10.13,29.5,0,Normal
2024-01-02 13:43:00,30.68,43.3,1205.1,3.58,63.15,2575.4,2.22,65.98,9.48,28.34,0,Normal
2024-01-02 13:44:00,32.24,39.54,1272.5,3.65,63.97,2678.0,2.28,67.53,9.62,28.43,0,Normal
2024-01-02 13:45:00,31.48,38.47,1247.8,3.5,64.55,2746.4,2.43,68.18,10.91,30.82,0,Normal
2024-01-02 13:46:00,32.14,38.6,1276.3,3.76,61.85,2525.9,2.23,65.34,9.05,27.17,0,Normal
2024-01-02 13:47:00,31.28,41.9,1244.9,3.61,63.28,2628.2,2.29,68.23,9.83,29.1,0,Normal
2024-01-02 13:48:00,30.96,41.16,1230.7,3.17,62.09,2570.9,2.3,66.84,9.56,28.17,0,Normal
2024-01-02 13:49:00,31.52,39.91,1248.6,3.56,62.63,2633.2,2.34,68.38,9.43,29.36,0,Normal
2024-01-02 13:50:00,31.27,41.3,1246.1,3.66,64.14,2688.1,2.36,67.63,9.88,28.86,0,Normal
2024-01-02 13:51:00,30.78,42.81,1227.9,3.44,62.29,2670.1,2.27,67.61,9.31,28.86,0,Normal
2024-01-02 13:52:00,32.09,37.78,1256.7,3.53,62.72,2602.0,2.29,66.48,10.25,28.97,0,Normal
2024-01-02 13:53:00,31.03,42.66,1230.6,3.38,62.64,2677.7,2.3,67.27,9.71,30.29,0,Normal
2024-01-02 13:54:00,30.41,41.76,1249.7,3.22,60.75,2505.3,2.18,66.29,9.12,27.02,0,Normal
2024-01-02 13:55:00,31.99,40.1,1264.6,3.19,61.91,2632.3,2.47,67.78,10.41,30.16,0,Normal
2024-01-02 13:56:00,31.06,41.74,1297.6,3.19,63.58,2710.1,2.53,67.95,9.92,31.19,0,Normal
2024-01-02 13:57:00,30.99,41.12,1243.9,3.63,62.38,2555.6,2.29,64.91,9.91,28.18,0,Normal
2024-01-02 13:58:00,30.4,41.44,1214.3,3.0,63.41,2682.2,2.59,68.35,10.35,31.35,0,Normal
2024-01-02 13:59:00,32.15,39.41,1329.7,3.37,63.2,2634.6,2.28,67.56,9.12,29.61,0,Normal
2024-01-02 14:00:00,30.62,45.02,1242.7,3.35,61.12,2487.0,2.32,66.1,9.22,29.02,0,Normal
2024-01-02 14:01:00,31.28,39.35,1270.4,3.44,62.89,2658.1,2.32,66.44,9.92,30.01,0,Normal
2024-01-02 14:02:00,31.7,43.19,1268.7,3.13,65.4,2691.4,2.64,68.44,10.4,32.02,0,Normal
2024-01-02 14:03:00,31.44,40.72,1264.3,3.58,62.67,2534.1,2.21,66.78,9.42,28.1,0,Normal
2024-01-02 14:04:00,31.18,41.62,1257.1,3.25,62.52,2582.0,2.39,66.99,9.5,30.43,0,Normal
2024-01-02 14:05:00,30.35,41.44,1199.5,3.73,64.23,2631.3,2.33,68.33,9.62,30.39,0,Normal
2024-01-02 14:06:00,30.78,41.13,1244.9,3.38,63.51,2696.9,2.49,68.87,10.01,32.55,0,Normal
2024-01-02 14:07:00,31.27,40.66,1212.3,3.48,62.51,2660.0,2.16,66.46,10.18,29.48,0,Normal
2024-01-02 14:08:00,30.77,40.74,1231.1,3.5,62.16,2575.6,2.1,66.14,9.06,29.28,0,Normal
2024-01-02 14:09:00,31.25,41.13,1226.9,3.55,64.21,2694.3,2.44,67.63,9.95,32.23,0,Normal
2024-01-02 14:10:00,31.48,40.43,1258.5,3.51,64.19,2775.4,2.47,67.79,10.29,33.07,0,Normal
2024-01-02 14:11:00,31.61,43.58,1260.5,3.41,65.06,2708.5,2.37,68.35,9.66,31.87,0,Normal
2024-01-02 14:12:00,30.5,41.05,1242.0,3.57,63.41,2681.2,2.38,68.31,10.06,31.59,0,Normal
2024-01-02 14:13:00,32.2,39.9,1271.1,3.59,62.9,2565.9,2.11,66.54,8.99,28.16,0,Normal
2024-01-02 14:14:00,31.47,41.43,1234.2,3.35,63.3,2571.1,2.66,69.0,9.7,32.34,0,Normal
2024-01-02 14:15:00,31.07,40.16,1234.9,3.59,62.56,2672.4,2.44,67.64,9.58,31.78,0,Normal
2024-01-02 14:16:00,31.6,41.84,1275.1,3.74,63.63,2673.2,2.36,66.94,9.42,32.14,0,Normal
2024-01-02 14:17:00,32.23,39.09,1291.3,3.64,64.77,2727.2,2.4,68.48,10.52,32.07,0,Normal
2024-01-02 14:18:00,30.31,39.4,1197.6,3.69,62.64,2667.4,2.21,65.27,9.83,30.84,0,Normal
2024-01-02 14:19:00,30.91,43.06,1199.9,3.53,62.94,2467.0,2.08,64.33,9.42,28.9,0,Normal
2024-01-02 14:20:00,29.82,42.36,1198.2,3.31,63.1,2696.0,2.41,66.4,10.22,32.61,0,Normal
2024-01-02 14:21:00,31.09,40.17,1267.9,3.34,60.52,2593.2,2.18,64.71,9.29,30.21,0,Normal
2024-01-02 14:22:00,31.16,42.64,1273.6,3.56,62.98,2642.1,2.22,67.69,9.65,31.32,0,Normal
2024-01-02 14:23:00,30.94,41.48,1215.8,3.69,63.13,2641.5,2.13,66.78,9.87,30.67,0,Normal
2024-01-02 14:24:00,30.62,43.96,1240.1,4.06,64.12,2829.2,2.35,66.78,10.75,33.2,0,Normal
2024-01-02 14:25:00,29.91,45.68,1264.1,3.7,65.11,2862.9,2.43,68.1,10.1,33.9,0,Normal
2024-01-02 14:26:00,31.11,40.74,1252.5,3.27,63.26,2636.9,2.46,69.14,10.68,32.99,0,Normal
2024-01-02 14:27:00,31.63,41.95,1288.2,3.35,62.32,2569.0,2.35,67.75,9.21,31.36,0,Normal
2024-01-02 14:28:00,30.6,41.49,1256.9,3.96,62.78,2721.1,2.27,68.46,9.71,32.13,0,Normal
2024-01-02 14:29:00,31.1,45.07,1219.2,3.46,64.55,2690.9,2.68,69.48,10.39,35.17,0,Normal
2024-01-02 14:30:00,30.08,42.52,1216.8,3.51,62.43,2574.4,2.35,66.92,9.67,31.73,0,Normal
2024-01-02 14:31:00,31.08,43.3,1242.4,3.31,64.73,2690.2,2.34,66.85,10.59,32.87,0,Normal
2024-01-02 14:32:00,30.64,43.82,1235.4,3.81,62.8,2642.7,2.28,67.05,10.01,31.95,0,Normal
2024-01-02 14:33:00,30.44,43.39,1251.7,3.6,63.07,2690.0,2.32,67.96,9.99,32.61,0,Normal
2024-01-02 14:34:00,30.42,41.93,1238.7,3.35,63.44,2663.5,2.26,67.09,10.09,31.94,0,Normal
2024-01-02 14:35:00,30.59,42.41,1158.4,3.3,65.91,2633.5,2.33,67.43,10.06,33.24,0,Normal
2024-01-02 14:36:00,30.97,38.73,1206.5,3.56,64.23,2681.2,2.41,68.85,9.83,33.33,0,Normal
2024-01-02 14:37:00,30.1,43.85,1167.4,3.51,63.2,2639.1,2.4,68.13,10.0,33.19,0,Normal
2024-01-02 14:38:00,30.55,43.24,1235.3,3.67,62.48,2551.0,2.1,65.89,9.33,30.24,0,Normal
2024-01-02 14:39:00,30.71,42.63,1240.2,3.61,62.46,2538.3,2.31,66.64,9.26,32.02,0,Normal
2024-01-02 14:40:00,30.16,38.95,1230.4,3.45,62.37,2714.0,2.39,67.46,10.32,33.84,0,Normal
2024-01-02 14:41:00,31.6,38.93,1227.9,3.39,64.51,2713.4,2.56,69.23,10.27,35.04,0,Normal
2024-01-02 14:42:00,30.26,42.12,1242.0,3.47,61.38,2679.2,2.42,67.11,9.5,33.95,0,Normal
2024-01-02 14:43:00,30.33,43.54,1244.5,3.39,63.79,2737.9,2.42,67.12,9.84,34.84,0,Normal
2024-01-02 14:44:00,30.16,43.84,1191.9,3.47,64.05,2640.7,2.53,68.28,10.22,34.29,0,Normal
2024-01-02 14:45:00,31.53,40.68,1214.0,3.5,64.15,2669.3,2.26,67.06,10.15,33.05,0,Normal
2024-01-02 14:46:00,30.9,43.04,1237.9,3.32,62.18,2531.3,2.53,69.36,9.86,33.85,0,Normal
2024-01-02 14:47:00,30.14,41.92,1267.5,3.63,61.22,2574.3,2.11,65.03,9.42,30.98,0,Normal
2024-01-02 14:48:00,31.14,42.56,1285.3,3.43,62.37,2717.5,2.37,67.66,9.68,33.77,0,Normal
2024-01-02 14:49:00,30.67,43.2,1247.5,3.33,64.01,2699.0,2.38,67.59,10.05,34.47,0,Normal
2024-01-02 14:50:00,30.68,43.04,1215.4,3.43,62.44,2629.8,2.28,66.86,9.56,32.3,0,Normal
2024-01-02 14:51:00,30.37,42.77,1249.5,3.55,62.52,2640.2,2.59,69.86,9.96,34.59,0,Normal
2024-01-02 14:52:00,30.15,46.18,1211.6,3.52,61.85,2546.1,2.18,66.41,9.31,32.47,0,Normal
2024-01-02 14:53:00,30.67,43.22,1214.3,3.58,62.52,2605.4,2.35,66.76,9.49,34.2,0,Normal
2024-01-02 14:54:00,30.22,41.86,1170.7,3.68,64.75,2687.2,2.33,68.18,10.22,34.13,0,Normal
2024-01-02 14:55:00,31.38,41.59,1250.2,3.76,63.1,2652.9,2.36,68.09,9.53,34.71,0,Normal
2024-01-02 14:56:00,29.82,45.15,1200.7,3.56,63.73,2626.6,2.27,66.37,9.34,34.03,0,Normal
2024-01-02 14:57:00,31.21,40.64,1246.6,3.29,62.35,2604.3,2.37,66.7,9.47,34.33,0,Normal
2024-01-02 14:58:00,30.37,44.67,1169.9,3.45,63.81,2627.7,2.42,68.25,10.17,34.59,0,Normal
2024-01-02 14:59:00,30.56,43.27,1235.4,3.3,62.1,2536.4,2.22,66.61,9.49,32.94,0,Normal
2024-01-02 15:00:00,30.81,38.74,1175.3,3.84,65.51,2641.9,2.58,68.8,9.7,36.47,0,Normal
2024-01-02 15:01:00,30.06,44.05,1248.3,3.9,62.66,2706.8,2.32,67.97,10.05,34.99,0,Normal
2024-01-02 15:02:00,30.79,41.67,1248.8,3.63,63.75,2683.3,2.31,66.92,9.88,34.04,0,Normal
2024-01-02 15:03:00,28.98,46.33,1192.7,3.67,62.38,2586.3,2.15,66.55,9.3,33.63,0,Normal
2024-01-02 15:04:00,29.96,45.19,1233.3,3.55,60.86,2564.5,2.21,67.21,9.27,33.58,0,Normal
2024-01-02 15:05:00,29.84,44.28,1192.4,3.57,63.92,2661.3,2.22,66.59,9.36,33.56,0,Normal
2024-01-02 15:06:00,29.66,46.81,1215.0,3.18,62.76,2639.7,2.6,67.59,10.1,36.51,0,Normal
2024-01-02 15:07:00,30.16,43.14,1243.1,3.49,61.41,2574.0,2.28,66.61,9.1,34.59,0,Normal
2024-01-02 15:08:00,30.44,43.84,1151.5,3.32,64.0,2717.4,2.44,68.27,10.02,36.64,0,Normal
2024-01-02 15:09:00,30.58,43.85,1220.5,3.56,62.68,2615.6,2.39,68.35,9.66,35.4,0,Normal
2024-01-02 15:10:00,30.34,42.95,1226.2,3.49,64.06,2650.8,2.29,66.9,10.06,34.5,0,Normal
2024-01-02 15:11:00,29.87,45.11,1212.4,3.89,62.35,2687.8,2.11,67.23,9.6,34.33,0,Normal
2024-01-02 15:12:00,30.36,42.15,1263.7,3.68,62.19,2701.0,2.27,66.0,9.99,35.34,0,Normal
2024-01-02 15:13:00,30.22,42.66,1196.4,3.56,61.43,2464.9,2.17,66.33,8.77,32.9,0,Normal
2024-01-02 15:14:00,30.61,40.63,1216.7,3.45,64.79,2795.3,2.54,68.61,10.41,37.52,0,Normal
2024-01-02 15:15:00,30.51,43.14,1182.4,3.84,65.1,2669.7,2.17,67.6,9.96,33.99,0,Normal
2024-01-02 15:16:00,30.12,43.97,1260.2,3.49,61.56,2636.9,2.23,65.59,9.93,34.51,0,Normal
2024-01-02 15:17:00,29.64,46.11,1206.7,3.57,63.17,2609.5,1.98,65.65,9.0,32.75,0,Normal
2024-01-02 15:18:00,29.75,45.34,1203.9,3.51,61.6,2536.3,2.1,65.67,8.96,32.66,0,Normal
2024-01-02 15:19:00,29.78,43.67,1214.3,3.42,63.97,2707.6,2.49,69.46,10.3,37.0,0,Normal
2024-01-02 15:20:00,29.88,42.15,1233.5,3.51,61.07,2574.8,2.32,66.48,9.98,34.77,0,Normal
2024-01-02 15:21:00,30.15,44.08,1231.7,3.11,61.28,2542.3,2.23,66.85,9.43,33.72,0,Normal
2024-01-02 15:22:00,30.36,44.73,1293.3,3.19,59.98,2499.1,2.21,65.74,8.82,33.63,0,Normal
2024-01-02 15:23:00,29.95,44.92,1230.4,3.57,63.51,2712.5,2.36,67.74,9.66,36.3,0,Normal
2024-01-02 15:24:00,29.97,45.38,1207.8,3.81,63.9,2576.8,2.33,67.23,9.75,35.58,0,Normal
2024-01-02 15:25:00,30.01,43.36,1206.3,3.57,64.38,2770.4,2.58,68.67,10.51,39.09,0,Normal
2024-01-02 15:26:00,29.67,43.6,1203.5,3.36,61.82,2571.7,2.31,65.68,9.46,34.8,0,Normal
2024-01-02 15:27:00,29.44,43.6,1171.3,3.21,61.09,2536.8,2.27,67.06,9.04,35.06,0,Normal
2024-01-02 15:28:00,29.01,45.4,1201.2,3.66,62.13,2530.2,2.04,64.82,9.51,32.81,0,Normal
2024-01-02 15:29:00,29.52,44.45,1230.0,3.39,62.74,2719.8,2.41,66.99,9.9,38.18,0,Normal
2024-01-02 15:30:00,30.08,43.86,1206.4,3.63,63.32,2650.3,2.51,67.34,10.17,37.75,0,Normal
2024-01-02 15:31:00,29.48,44.45,1189.4,3.58,62.06,2575.9,2.36,66.69,9.08,36.47,0,Normal
2024-01-02 15:32:00,29.69,44.06,1251.7,3.6,61.24,2674.3,2.28,67.21,10.02,36.46,0,Normal
2024-01-02 15:33:00,30.02,42.49,1184.8,3.51,64.25,2695.5,2.42,68.35,9.87,37.93,0,Normal
2024-01-02 15:34:00,30.03,45.06,1168.9,3.58,64.37,2711.0,2.32,67.9,10.4,37.71,0,Normal
2024-01-02 15:35:00,29.21,45.23,1175.4,3.48,64.56,2785.0,2.43,67.39,10.46,39.51,0,Normal
2024-01-02 15:36:00,30.23,43.02,1186.1,3.37,63.56,2616.8,2.38,67.86,9.39,37.28,0,Normal
2024-01-02 15:37:00,30.28,42.08,1235.2,3.31,61.79,2583.1,2.33,66.76,9.64,36.2,0,Normal
2024-01-02 15:38:00,29.13,43.27,1193.6,3.02,62.08,2673.0,2.58,69.35,10.54,38.21,0,Normal
2024-01-02 15:39:00,29.26,46.99,1199.8,3.46,63.22,2650.3,2.44,68.33,9.75,36.96,0,Normal
2024-01-02 15:40:00,30.25,44.08,1253.8,3.8,60.83,2593.2,2.2,65.88,9.88,35.42,0,Normal
2024-01-02 15:41:00,29.56,42.05,1193.9,3.65,60.6,2548.8,2.05,66.2,9.24,33.93,0,Normal
2024-01-02 15:42:00,28.51,47.54,1209.5,3.55,62.54,2628.6,2.19,66.86,9.97,35.95,0,Normal
2024-01-02 15:43:00,28.9,47.07,1235.7,3.35,61.64,2629.7,2.23,65.65,9.6,36.41,0,Normal
2024-01-02 15:44:00,29.45,44.87,1197.6,3.7,62.42,2594.7,2.25,65.63,9.51,36.69,0,Normal
2024-01-02 15:45:00,28.97,47.94,1217.9,3.48,60.45,2552.6,2.0,64.18,9.61,33.9,0,Normal
2024-01-02 15:46:00,29.33,45.23,1200.5,3.81,61.19,2644.1,2.19,67.45,9.71,36.69,0,Normal
2024-01-02 15:47:00,29.53,42.42,1233.7,3.3,61.32,2555.5,2.42,66.98,9.52,37.38,0,Normal
2024-01-02 15:48:00,30.23,43.84,1185.2,3.35,65.36,2729.0,2.56,70.28,10.5,40.16,0,Normal
2024-01-02 15:49:00,29.33,45.27,1165.5,3.33,64.14,2725.0,2.43,67.3,9.96,40.0,0,Normal
2024-01-02 15:50:00,29.99,42.81,1210.0,3.2,61.08,2571.9,2.25,65.83,9.45,36.15,0,Normal
2024-01-02 15:51:00,30.15,44.29,1200.8,3.31,62.39,2591.4,2.41,68.38,10.08,37.78,0,Normal
2024-01-02 15:52:00,30.13,40.96,1209.7,3.52,63.02,2571.2,2.31,67.87,9.56,36.96,0,Normal
2024-01-02 15:53:00,29.54,46.02,1205.2,3.36,62.55,2607.3,2.31,67.56,9.39,38.07,0,Normal
2024-01-02 15:54:00,28.39,45.28,1205.8,2.73,61.17,2644.9,2.5,68.61,9.55,39.28,0,Normal
2024-01-02 15:55:00,29.58,42.97,1201.5,3.71,61.52,2576.4,2.19,65.79,9.41,36.29,0,Normal
2024-01-02 15:56:00,29.86,43.79,1196.5,3.16,62.48,2597.0,2.36,68.05,9.44,37.74,0,Normal
2024-01-02 15:57:00,29.27,45.66,1196.6,3.62,61.13,2575.1,2.27,66.96,9.02,36.98,0,Normal
2024-01-02 15:58:00,30.16,43.65,1204.0,3.51,63.8,2662.1,2.48,68.08,9.68,39.45,0,Normal
2024-01-02 15:59:00,29.7,43.12,1190.7,3.92,62.66,2663.8,2.08,65.92,9.87,36.42,0,Normal
2024-01-02 16:00:00,29.53,43.78,1170.4,3.7,61.83,2564.5,98.97,66.41,9.2,5.68,1,A4_Sensor_Glitch
2024-01-02 16:01:00,29.77,42.41,1217.2,3.4,62.81,2627.7,99.22,68.45,9.91,4.85,1,A4_Sensor_Glitch
2024-01-02 16:02:00,29.38,44.49,1193.3,3.36,62.26,2650.5,99.38,65.97,9.49,4.52,1,A4_Sensor_Glitch
2024-01-02 16:03:00,27.94,49.02,1203.0,3.8,61.28,2685.7,98.87,66.46,9.32,5.25,1,A4_Sensor_Glitch
2024-01-02 16:04:00,28.92,45.64,1162.2,3.2,64.08,2728.0,98.74,69.63,10.14,5.71,1,A4_Sensor_Glitch
2024-01-02 16:05:00,29.74,45.45,1201.3,3.54,63.71,2713.1,99.16,67.64,9.97,5.86,1,A4_Sensor_Glitch
2024-01-02 16:06:00,28.72,48.19,1239.7,3.47,60.9,2586.4,99.52,67.91,9.16,4.94,1,A4_Sensor_Glitch
2024-01-02 16:07:00,28.99,44.63,1176.3,3.43,63.84,2718.4,99.22,67.89,10.38,5.95,1,A4_Sensor_Glitch
2024-01-02 16:08:00,28.56,46.01,1185.3,3.57,62.48,2722.1,98.85,66.58,10.02,6.41,1,A4_Sensor_Glitch
2024-01-02 16:09:00,29.95,47.04,1188.7,3.54,61.14,2588.7,99.57,65.4,9.33,5.3,1,A4_Sensor_Glitch
2024-01-02 16:10:00,29.88,46.08,1183.9,3.59,63.53,2690.5,99.14,68.05,10.35,5.66,1,A4_Sensor_Glitch
2024-01-02 16:11:00,28.58,43.75,1230.2,3.53,62.9,2762.3,98.84,68.1,10.43,5.33,1,A4_Sensor_Glitch
2024-01-02 16:12:00,29.07,45.95,1205.7,3.58,60.95,2568.0,99.39,66.88,9.34,6.56,1,A4_Sensor_Glitch
2024-01-02 16:13:00,28.64,46.16,1196.0,3.52,60.95,2543.9,98.83,67.45,9.6,5.28,1,A4_Sensor_Glitch
2024-01-02 16:14:00,29.26,46.27,1162.8,3.37,63.86,2724.3,98.88,67.47,10.29,5.86,1,A4_Sensor_Glitch
2024-01-02 16:15:00,29.19,44.05,1212.7,3.5,62.46,2702.9,99.15,67.33,9.84,6.35,1,A4_Sensor_Glitch
2024-01-02 16:16:00,29.32,43.67,1235.3,3.36,62.86,2668.0,99.0,67.7,10.13,5.85,1,A4_Sensor_Glitch
2024-01-02 16:17:00,29.06,44.39,1229.8,3.34,62.12,2669.9,99.01,67.37,9.85,5.76,1,A4_Sensor_Glitch
2024-01-02 16:18:00,30.34,42.24,1243.4,3.43,62.89,2675.4,99.01,68.2,9.99,6.23,1,A4_Sensor_Glitch
2024-01-02 16:19:00,28.33,47.93,1158.4,3.48,61.4,2534.5,99.22,67.98,9.78,7.21,1,A4_Sensor_Glitch
2024-01-02 16:20:00,27.97,45.58,1187.2,3.51,62.48,2739.1,98.54,66.63,9.98,6.34,1,A4_Sensor_Glitch
2024-01-02 16:21:00,28.61,45.28,1208.8,3.68,63.47,2700.4,99.06,67.47,9.91,6.4,1,A4_Sensor_Glitch
2024-01-02 16:22:00,28.0,44.62,1135.1,3.4,63.16,2670.1,98.94,66.68,10.05,6.08,1,A4_Sensor_Glitch
2024-01-02 16:23:00,28.01,48.79,1152.2,3.54,63.78,2658.8,98.85,68.81,9.63,6.7,1,A4_Sensor_Glitch
2024-01-02 16:24:00,28.24,48.78,1206.9,3.52,60.68,2497.0,98.85,66.63,9.3,6.89,1,A4_Sensor_Glitch
2024-01-02 16:25:00,28.25,46.35,1207.0,3.38,61.83,2736.5,2.42,68.73,9.82,6.58,0,Normal
2024-01-02 16:26:00,28.22,46.46,1145.6,3.51,62.84,2687.1,2.24,67.13,9.08,7.02,0,Normal
2024-01-02 16:27:00,28.93,46.31,1218.5,3.7,62.47,2610.2,2.18,64.57,9.69,6.56,0,Normal
2024-01-02 16:28:00,28.4,48.8,1190.3,3.54,62.62,2759.6,2.53,67.9,9.74,6.35,0,Normal
2024-01-02 16:29:00,28.54,46.95,1210.3,3.55,62.01,2633.3,2.39,67.11,9.55,7.22,0,Normal
2024-01-02 16:30:00,29.05,44.36,1185.2,3.36,62.75,2618.6,2.2,66.28,9.81,7.86,0,Normal
2024-01-02 16:31:00,28.2,44.51,1200.1,3.89,61.08,2548.2,2.1,66.03,9.45,6.51,0,Normal
2024-01-02 16:32:00,28.43,44.86,1209.7,3.37,61.1,2648.1,2.46,68.2,10.15,7.37,0,Normal
2024-01-02 16:33:00,28.72,46.11,1185.6,3.17,62.77,2551.9,2.35,65.6,9.0,7.79,0,Normal
2024-01-02 16:34:00,27.54,47.14,1171.3,3.67,61.31,2659.2,2.21,66.28,9.65,7.28,0,Normal
2024-01-02 16:35:00,27.3,48.85,1149.8,3.48,61.94,2618.9,2.39,67.26,9.65,6.88,0,Normal
2024-01-02 16:36:00,28.64,45.31,1234.2,3.44,61.19,2589.1,2.35,68.25,9.87,7.51,0,Normal
2024-01-02 16:37:00,28.69,44.46,1190.9,3.39,63.12,2708.9,2.49,68.73,10.54,8.32,0,Normal
2024-01-02 16:38:00,29.46,42.91,1186.1,3.87,62.37,2608.8,2.16,66.16,9.09,7.31,0,Normal
2024-01-02 16:39:00,28.48,48.77,1171.8,3.57,60.89,2482.6,2.21,66.56,9.18,7.61,0,Normal
2024-01-02 16:40:00,28.79,47.21,1199.0,3.61,63.87,2798.2,2.56,67.62,10.65,7.65,0,Normal
2024-01-02 16:41:00,28.26,49.43,1204.0,3.53,62.35,2768.8,2.37,67.95,9.92,7.95,0,Normal
2024-01-02 16:42:00,28.48,47.24,1156.3,3.55,61.12,2536.8,2.15,65.8,9.76,7.86,0,Normal
2024-01-02 16:43:00,29.15,44.59,1249.1,3.78,61.89,2682.7,2.36,66.84,9.7,8.11,0,Normal
2024-01-02 16:44:00,27.23,50.67,1172.3,3.45,60.92,2629.2,2.47,68.85,9.67,7.97,0,Normal
2024-01-02 16:45:00,28.47,46.4,1201.2,3.21,61.59,2651.9,2.59,68.9,9.66,8.51,0,Normal
2024-01-02 16:46:00,29.31,45.27,1203.8,3.67,63.35,2593.6,2.22,66.29,9.63,8.37,0,Normal
2024-01-02 16:47:00,28.36,46.58,1187.7,3.6,61.74,2640.2,2.23,66.19,8.67,8.48,0,Normal
2024-01-02 16:48:00,29.02,41.03,1196.8,3.52,61.63,2555.1,2.12,66.24,9.2,7.99,0,Normal
2024-01-02 16:49:00,27.86,49.96,1202.7,3.59,60.06,2576.6,2.18,66.34,9.66,7.98,0,Normal
2024-01-02 16:50:00,28.14,47.79,1182.6,3.43,62.51,2625.1,2.21,66.64,9.16,9.13,0,Normal
2024-01-02 16:51:00,28.15,47.53,1202.1,3.5,62.42,2575.4,2.21,65.76,8.99,8.44,0,Normal
2024-01-02 16:52:00,27.0,49.01,1149.1,3.47,61.36,2635.2,2.35,66.53,10.0,8.53,0,Normal
2024-01-02 16:53:00,27.5,48.44,1174.9,3.38,61.86,2606.3,2.34,66.77,10.02,8.06,0,Normal
2024-01-02 16:54:00,27.51,47.28,1150.2,3.74,62.8,2706.8,2.11,65.92,9.24,8.28,0,Normal
2024-01-02 16:55:00,28.45,47.41,1219.4,3.22,63.85,2714.9,2.64,69.23,10.84,8.96,0,Normal
2024-01-02 16:56:00,28.45,44.53,1168.2,3.97,62.29,2596.1,2.04,65.5,9.45,8.77,0,Normal
2024-01-02 16:57:00,28.15,47.3,1175.0,3.68,62.51,2658.5,2.17,66.31,9.92,8.71,0,Normal
2024-01-02 16:58:00,28.38,47.46,1179.8,3.14,61.26,2685.5,2.29,68.23,9.46,9.06,0,Normal
2024-01-02 16:59:00,27.86,47.25,1168.4,3.46,62.04,2684.1,2.27,67.47,10.17,8.53,0,Normal
2024-01-02 17:00:00,28.52,46.91,1208.6,3.47,61.93,2736.0,2.27,67.7,9.74,9.76,0,Normal
2024-01-02 17:01:00,27.9,45.98,1170.2,3.58,62.92,2652.3,2.22,67.02,9.58,8.89,0,Normal
2024-01-02 17:02:00,27.91,46.02,1213.0,3.3,60.99,2709.0,2.12,65.94,9.68,9.28,0,Normal
2024-01-02 17:03:00,27.72,48.16,1154.0,3.51,60.81,2592.3,2.24,66.85,9.31,8.99,0,Normal
2024-01-02 17:04:00,28.17,48.01,1187.7,3.48,63.1,2719.8,2.4,67.95,9.56,9.51,0,Normal
2024-01-02 17:05:00,27.6,45.21,1152.5,3.35,62.22,2681.1,2.59,69.36,10.13,9.56,0,Normal
2024-01-02 17:06:00,28.27,47.59,1196.0,3.32,61.32,2643.3,2.38,66.74,9.62,9.73,0,Normal
2024-01-02 17:07:00,27.19,47.94,1163.5,3.68,62.53,2566.0,2.16,66.84,9.18,9.03,0,Normal
2024-01-02 17:08:00,27.19,48.47,1159.9,3.16,62.65,2665.3,2.32,67.36,10.16,9.9,0,Normal
2024-01-02 17:09:00,28.06,45.19,1210.9,3.6,61.47,2665.9,2.26,65.47,10.35,9.69,0,Normal
2024-01-02 17:10:00,27.65,46.66,1156.6,3.66,61.96,2704.3,2.33,67.29,9.55,10.24,0,Normal
2024-01-02 17:11:00,27.44,49.76,1183.5,3.46,63.12,2866.1,2.42,67.0,10.4,10.68,0,Normal
2024-01-02 17:12:00,28.09,47.19,1162.5,3.51,62.98,2530.5,2.26,66.57,9.36,9.66,0,Normal
2024-01-02 17:13:00,27.32,47.96,1169.1,3.73,60.15,2501.6,2.28,66.61,9.93,9.96,0,Normal
2024-01-02 17:14:00,27.5,48.03,1140.0,3.36,63.47,2643.3,2.34,66.43,9.97,10.01,0,Normal
2024-01-02 17:15:00,28.27,47.54,1168.9,3.38,62.72,2706.6,2.2,66.54,10.02,10.7,0,Normal
2024-01-02 17:16:00,28.32,47.39,1184.3,3.4,61.81,2615.6,2.39,67.6,10.06,10.18,0,Normal
2024-01-02 17:17:00,28.31,46.63,1231.6,3.73,62.82,2727.5,2.34,67.9,9.98,10.46,0,Normal
2024-01-02 17:18:00,27.36,50.09,1169.7,3.76,60.63,2593.3,1.98,64.73,9.08,9.69,0,Normal
2024-01-02 17:19:00,28.09,48.59,1223.2,3.22,62.07,2742.9,2.49,68.35,10.54,10.55,0,Normal
2024-01-02 17:20:00,26.98,49.75,1165.1,3.7,60.53,2581.9,2.06,65.41,9.42,10.94,0,Normal
2024-01-02 17:21:00,26.98,49.22,1149.9,3.66,62.69,2704.0,2.35,67.14,9.65,11.03,0,Normal
2024-01-02 17:22:00,26.23,51.47,1183.1,3.81,61.86,2707.9,2.44,66.66,9.73,11.07,0,Normal
2024-01-02 17:23:00,28.22,47.37,1195.3,3.58,60.89,2593.2,2.19,66.22,9.26,10.31,0,Normal
2024-01-02 17:24:00,26.93,50.82,1142.5,3.49,61.35,2623.4,2.37,67.93,10.02,11.3,0,Normal
2024-01-02 17:25:00,27.27,49.96,1177.2,3.73,62.91,2704.1,2.17,65.78,10.16,10.62,0,Normal
2024-01-02 17:26:00,26.86,47.83,1149.8,3.64,61.48,2609.6,2.07,65.5,9.96,10.62,0,Normal
2024-01-02 17:27:00,27.64,46.32,1123.0,3.95,63.14,2608.6,2.39,67.69,9.58,11.99,0,Normal
2024-01-02 17:28:00,27.08,47.91,1185.0,3.69,61.34,2664.8,2.27,67.55,9.68,10.69,0,Normal
2024-01-02 17:29:00,26.59,51.3,1179.2,3.53,58.63,2560.5,2.2,66.09,9.04,11.01,0,Normal
2024-01-02 17:30:00,27.44,45.95,1214.7,3.27,60.91,2561.4,2.4,67.72,9.49,11.39,0,Normal
2024-01-02 17:31:00,26.48,50.63,1160.1,3.38,60.75,2587.6,2.21,66.36,9.65,11.26,0,Normal
2024-01-02 17:32:00,26.75,50.09,1148.8,3.21,61.73,2570.5,2.42,67.36,9.63,11.3,0,Normal
2024-01-02 17:33:00,26.09,52.48,1162.7,3.46,61.57,2691.8,2.39,66.74,10.24,11.49,0,Normal
2024-01-02 17:34:00,26.41,50.43,1169.5,3.69,58.71,2510.0,1.93,64.35,8.62,10.8,0,Normal
2024-01-02 17:35:00,27.19,46.75,1204.7,3.5,61.74,2711.8,2.48,68.35,10.22,11.8,0,Normal
2024-01-02 17:36:00,26.09,49.29,1140.7,3.7,61.35,2634.1,2.34,67.32,9.53,10.75,0,Normal
2024-01-02 17:37:00,26.31,48.57,1142.1,3.57,61.16,2671.0,2.14,67.06,8.94,11.15,0,Normal
2024-01-02 17:38:00,27.03,48.25,1142.6,3.42,62.75,2697.2,2.39,68.36,9.63,11.93,0,Normal
2024-01-02 17:39:00,26.73,49.31,1168.1,3.52,62.14,2602.9,2.25,67.63,9.58,11.31,0,Normal
2024-01-02 17:40:00,27.98,45.6,1140.8,3.59,63.02,2672.7,2.46,66.67,10.56,12.31,0,Normal
2024-01-02 17:41:00,27.87,49.74,1196.9,3.53,62.28,2661.2,2.16,67.41,9.44,11.57,0,Normal
2024-01-02 17:42:00,26.5,48.02,1164.6,3.53,60.96,2573.9,2.57,68.71,9.71,12.36,0,Normal
2024-01-02 17:43:00,27.19,50.78,1178.4,3.35,60.18,2616.2,2.25,66.86,9.59,12.84,0,Normal
2024-01-02 17:44:00,27.26,50.41,1168.6,3.41,60.65,2568.7,2.31,67.58,9.26,12.52,0,Normal
2024-01-02 17:45:00,26.56,51.24,1189.5,3.95,59.99,2601.1,2.23,66.43,9.23,12.27,0,Normal
2024-01-02 17:46:00,26.09,49.7,1163.6,3.75,64.5,2839.8,2.4,67.19,10.38,13.73,0,Normal
2024-01-02 17:47:00,26.81,49.96,1140.9,3.21,62.83,2757.3,2.47,69.16,10.02,12.92,0,Normal
2024-01-02 17:48:00,26.7,47.72,1139.3,3.03,60.8,2528.3,2.3,66.38,8.83,12.18,0,Normal
2024-01-02 17:49:00,26.55,51.28,1128.9,3.52,61.34,2583.9,2.15,65.4,9.15,11.67,0,Normal
2024-01-02 17:50:00,26.96,49.06,1173.0,3.68,61.31,2686.8,2.28,66.68,9.87,13.19,0,Normal
2024-01-02 17:51:00,26.34,49.67,1121.8,3.4,63.25,2672.2,2.37,67.33,10.09,13.67,0,Normal
2024-01-02 17:52:00,26.12,48.86,1169.4,3.7,62.37,2686.9,2.22,66.67,10.11,13.09,0,Normal
2024-01-02 17:53:00,26.72,45.88,1187.5,3.51,60.67,2621.0,2.19,66.21,9.8,13.14,0,Normal
2024-01-02 17:54:00,26.84,47.84,1134.8,3.47,61.62,2686.8,2.38,68.4,9.55,11.99,0,Normal
2024-01-02 17:55:00,26.03,52.51,1136.0,3.65,62.69,2672.2,2.21,66.94,9.46,13.8,0,Normal
2024-01-02 17:56:00,27.06,48.39,1161.6,3.39,62.24,2646.1,2.31,66.55,9.5,13.02,0,Normal
2024-01-02 17:57:00,25.69,51.21,1155.8,3.44,58.87,2471.9,2.2,65.63,8.96,13.41,0,Normal
2024-01-02 17:58:00,26.26,51.42,1185.4,3.63,61.26,2653.0,2.27,66.5,9.42,13.79,0,Normal
2024-01-02 17:59:00,26.39,52.9,1105.8,3.49,62.35,2603.5,2.18,66.13,9.43,13.18,0,Normal
2024-01-02 18:00:00,26.18,52.56,1135.7,3.88,56.0,2193.0,1.74,62.74,7.48,10.86,0,Normal
2024-01-02 18:01:00,26.19,49.09,1137.2,3.64,58.8,2364.5,2.04,64.37,8.84,12.19,0,Normal
2024-01-02 18:02:00,27.39,45.49,1132.7,3.63,57.68,2184.9,1.95,64.73,7.79,10.74,0,Normal
2024-01-02 18:03:00,26.0,54.43,1127.9,3.49,55.81,2161.0,1.75,62.79,7.37,11.43,0,Normal
2024-01-02 18:04:00,27.62,51.38,1183.2,3.67,56.16,2303.6,1.81,62.85,8.21,10.56,0,Normal
2024-01-02 18:05:00,26.6,50.11,1145.0,3.44,56.04,2216.0,1.81,63.84,8.08,11.33,0,Normal
2024-01-02 18:06:00,26.4,48.27,1109.4,3.56,56.29,2199.5,1.78,63.93,7.75,12.01,0,Normal
2024-01-02 18:07:00,26.57,51.32,1223.3,3.32,55.42,2172.1,1.91,63.85,8.11,11.98,0,Normal
2024-01-02 18:08:00,27.57,47.91,1178.1,3.71,57.34,2391.0,2.01,66.04,8.76,11.83,0,Normal
2024-01-02 18:09:00,25.79,51.11,1138.5,3.56,54.81,2128.5,1.86,65.19,8.23,10.91,0,Normal
2024-01-02 18:10:00,25.7,52.78,1106.5,3.9,57.78,2252.0,1.82,64.12,8.29,11.55,0,Normal
2024-01-02 18:11:00,25.86,51.66,1143.7,3.98,55.69,2157.0,1.55,61.62,7.95,11.01,0,Normal
2024-01-02 18:12:00,26.23,48.71,1140.5,3.65,55.37,2224.2,1.87,63.95,7.92,12.3,0,Normal
2024-01-02 18:13:00,25.33,51.63,1079.3,3.51,54.96,2126.8,1.79,62.37,8.0,11.75,0,Normal
2024-01-02 18:14:00,26.18,51.58,1116.8,3.31,55.59,2212.1,1.91,63.41,8.36,11.6,0,Normal
2024-01-02 18:15:00,26.99,49.89,1179.6,3.68,54.81,2175.0,1.62,61.07,7.45,11.65,0,Normal
2024-01-02 18:16:00,26.19,50.95,1192.4,3.54,54.79,2280.8,1.83,63.02,7.72,12.51,0,Normal
2024-01-02 18:17:00,25.95,52.4,1148.1,3.61,56.42,2286.6,1.76,62.41,7.83,12.33,0,Normal
2024-01-02 18:18:00,25.76,50.79,1162.8,3.85,54.52,2122.8,1.71,63.2,7.59,12.55,0,Normal
2024-01-02 18:19:00,26.49,50.28,1146.0,3.34,56.7,2189.5,1.87,63.41,7.58,12.5,0,Normal
2024-01-02 18:20:00,25.61,46.54,1130.0,3.32,54.82,2137.7,1.78,63.38,7.46,12.28,0,Normal
2024-01-02 18:21:00,26.92,48.57,1185.7,3.45,54.33,2126.6,1.61,62.69,7.71,12.24,0,Normal
2024-01-02 18:22:00,26.94,50.35,1200.4,3.66,55.34,2201.5,1.89,64.68,8.07,12.73,0,Normal
2024-01-02 18:23:00,26.08,50.18,1174.1,3.61,54.86,2208.7,1.76,62.84,7.01,11.95,0,Normal
2024-01-02 18:24:00,25.92,50.35,1111.7,3.32,58.95,2384.0,2.11,65.82,8.34,14.14,0,Normal
2024-01-02 18:25:00,26.42,48.59,1146.7,3.65,56.64,2242.1,1.78,63.62,8.57,12.29,0,Normal
2024-01-02 18:26:00,26.42,51.64,1155.4,3.26,54.4,2075.2,1.64,63.19,7.63,11.26,0,Normal
2024-01-02 18:27:00,25.45,52.71,1122.5,3.33,54.15,2129.0,1.75,63.47,7.32,11.8,0,Normal
2024-01-02 18:28:00,25.57,52.92,1141.0,3.48,57.28,2290.9,1.91,65.15,7.77,13.57,0,Normal
2024-01-02 18:29:00,25.14,49.85,1143.4,3.39,56.54,2320.3,2.0,63.5,7.94,13.76,0,Normal
2024-01-02 18:30:00,25.99,50.68,1164.8,3.68,54.14,2075.1,1.63,61.78,7.41,12.23,0,Normal
2024-01-02 18:31:00,26.09,50.31,1184.0,3.56,52.21,2102.9,1.59,62.48,7.72,12.02,0,Normal
2024-01-02 18:32:00,25.06,52.17,1113.0,3.85,57.3,2367.4,1.74,63.67,8.76,13.22,0,Normal
2024-01-02 18:33:00,25.48,50.91,1095.6,3.45,56.73,2228.6,1.91,64.06,7.57,13.27,0,Normal
2024-01-02 18:34:00,25.01,52.16,1129.2,3.48,54.63,2117.1,1.69,62.28,7.34,12.52,0,Normal
2024-01-02 18:35:00,25.21,53.59,1171.4,3.74,56.89,2224.2,1.96,65.0,7.84,13.13,0,Normal
2024-01-02 18:36:00,25.92,48.18,1126.4,3.48,53.34,2030.6,1.69,61.08,7.21,11.49,0,Normal
2024-01-02 18:37:00,25.25,54.92,1142.2,3.8,55.71,2189.0,1.81,64.01,7.39,12.79,0,Normal
2024-01-02 18:38:00,25.44,52.63,1146.2,3.61,55.88,2194.1,1.79,63.41,7.62,13.24,0,Normal
2024-01-02 18:39:00,24.75,53.08,1119.9,3.03,55.7,2299.1,2.08,64.68,8.04,13.84,0,Normal
2024-01-02 18:40:00,25.64,52.91,1132.9,3.74,55.29,2123.4,1.63,62.7,7.58,13.27,0,Normal
2024-01-02 18:41:00,25.5,49.62,1106.9,3.68,56.09,2176.0,1.67,62.41,7.48,12.99,0,Normal
2024-01-02 18:42:00,25.13,51.46,1065.6,3.69,56.37,2140.1,1.77,63.34,7.58,12.98,0,Normal
2024-01-02 18:43:00,25.38,51.84,1099.8,3.12,57.57,2242.4,2.1,65.36,8.5,13.95,0,Normal
2024-01-02 18:44:00,25.54,53.78,1121.1,3.37,55.16,2090.3,1.6,62.72,7.82,12.85,0,Normal
2024-01-02 18:45:00,25.02,52.6,1147.8,3.38,54.41,2153.6,1.76,63.12,8.2,12.65,0,Normal
2024-01-02 18:46:00,24.67,53.98,1110.7,3.33,55.16,2109.7,2.01,63.19,7.94,13.78,0,Normal
2024-01-02 18:47:00,26.28,49.51,1132.7,3.85,57.59,2252.7,1.88,63.14,8.1,13.73,0,Normal
2024-01-02 18:48:00,25.04,53.36,1098.5,3.5,56.16,2273.9,2.05,64.16,8.65,14.53,0,Normal
2024-01-02 18:49:00,25.28,54.7,1142.1,3.49,54.77,2153.8,1.72,63.16,7.91,13.45,0,Normal
2024-01-02 18:50:00,25.82,52.73,1170.3,3.61,55.52,2140.5,1.72,63.32,7.85,12.84,0,Normal
2024-01-02 18:51:00,27.05,48.89,1187.6,3.61,54.31,2121.8,1.82,64.49,7.09,12.71,0,Normal
2024-01-02 18:52:00,24.64,54.36,1128.0,2.83,54.21,2129.2,2.06,64.01,8.2,13.87,0,Normal
2024-01-02 18:53:00,25.46,52.73,1092.4,3.37,56.66,2195.9,1.9,64.99,8.07,14.39,0,Normal
2024-01-02 18:54:00,24.86,53.71,1108.5,3.22,58.31,2374.1,1.99,63.44,8.27,15.25,0,Normal
2024-01-02 18:55:00,24.92,54.51,1167.1,3.58,53.3,2115.6,1.81,63.18,7.27,13.42,0,Normal
2024-01-02 18:56:00,24.81,54.7,1144.2,3.44,56.17,2353.2,2.21,66.03,8.77,16.43,0,Normal
2024-01-02 18:57:00,24.58,53.26,1073.2,3.5,56.63,2368.1,1.81,63.74,7.46,15.07,0,Normal
2024-01-02 18:58:00,25.1,53.48,1120.7,3.08,55.13,2153.0,2.07,64.7,7.93,15.16,0,Normal
2024-01-02 18:59:00,24.36,53.27,1116.3,3.44,56.32,2351.1,1.92,64.26,8.08,14.74,0,Normal
2024-01-02 19:00:00,25.55,50.33,1111.9,3.72,56.42,2211.3,1.77,62.47,7.62,14.57,0,Normal
2024-01-02 19:01:00,25.08,52.15,1063.9,3.78,56.12,2254.7,1.84,64.26,7.84,14.62,0,Normal
2024-01-02 19:02:00,25.24,52.15,1127.3,3.64,55.21,2219.7,1.68,62.8,7.22,13.65,0,Normal
2024-01-02 19:03:00,24.77,50.61,1095.8,3.23,56.92,2327.4,2.03,65.16,8.71,15.41,0,Normal
2024-01-02 19:04:00,24.8,54.35,1096.4,3.75,57.48,2278.9,1.71,62.9,7.34,14.02,0,Normal
2024-01-02 19:05:00,25.1,48.36,1113.2,3.64,54.95,2113.8,1.77,62.92,7.59,13.74,0,Normal
2024-01-02 19:06:00,24.36,57.93,1103.8,3.48,53.41,2127.5,1.96,64.41,7.41,14.1,0,Normal
2024-01-02 19:07:00,24.74,55.43,1114.5,3.09,55.08,2179.5,1.88,64.9,8.4,15.05,0,Normal
2024-01-02 19:08:00,24.46,53.28,1087.1,3.69,54.68,2124.2,1.69,61.69,7.47,13.92,0,Normal
2024-01-02 19:09:00,24.42,53.75,1103.0,3.38,55.66,2168.8,1.84,62.64,7.14,14.28,0,Normal
2024-01-02 19:10:00,23.79,55.33,1051.9,3.57,56.82,2314.3,2.02,65.0,8.51,15.99,0,Normal
2024-01-02 19:11:00,25.49,50.93,1137.6,3.51,53.46,2213.2,1.82,63.0,7.36,14.74,0,Normal
2024-01-02 19:12:00,24.46,53.97,1037.7,3.81,58.89,2145.1,1.91,64.52,8.33,15.37,0,Normal
2024-01-02 19:13:00,25.36,51.84,1119.9,3.47,55.88,2215.9,1.81,63.48,8.04,14.95,0,Normal
2024-01-02 19:14:00,25.29,52.04,1148.8,3.5,55.92,2238.1,1.91,64.52,8.46,14.85,0,Normal
2024-01-02 19:15:00,24.09,54.61,1075.3,3.82,52.78,1976.9,1.2,59.35,6.54,11.96,0,Normal
2024-01-02 19:16:00,24.17,52.23,1121.2,3.37,53.41,2151.5,1.85,62.57,7.84,14.44,0,Normal
2024-01-02 19:17:00,25.97,51.02,1168.2,3.66,55.37,2176.1,1.65,61.93,7.57,14.74,0,Normal
2024-01-02 19:18:00,25.54,51.97,1048.1,3.46,58.58,2221.2,1.92,64.32,8.0,16.1,0,Normal
2024-01-02 19:19:00,24.63,53.57,1108.7,3.3,55.41,2127.2,1.92,63.21,8.09,14.62,0,Normal
2024-01-02 19:20:00,24.75,52.83,1043.1,3.5,55.32,2018.9,1.57,61.97,6.78,13.62,0,Normal
2024-01-02 19:21:00,24.28,55.7,1102.7,3.64,55.12,2212.0,1.9,63.95,7.88,16.12,0,Normal
2024-01-02 19:22:00,24.79,52.55,1115.6,3.77,53.34,2097.8,1.62,61.83,7.06,13.71,0,Normal
2024-01-02 19:23:00,24.19,54.49,1041.8,3.79,55.33,2090.5,1.83,63.67,7.84,14.76,0,Normal
2024-01-02 19:24:00,23.51,57.32,1138.4,3.44,53.12,2120.1,1.64,61.05,7.0,14.55,0,Normal
2024-01-02 19:25:00,23.85,54.66,1104.1,3.3,54.01,2189.9,1.66,61.74,7.39,15.35,0,Normal
2024-01-02 19:26:00,24.49,53.93,1088.7,3.44,55.69,2167.2,1.84,62.81,7.79,15.63,0,Normal
2024-01-02 19:27:00,23.9,54.54,1134.6,3.26,51.47,2040.3,1.75,63.22,7.57,14.89,0,Normal
2024-01-02 19:28:00,24.41,55.63,1063.2,3.46,57.32,2246.3,2.0,66.35,8.06,16.72,0,Normal
2024-01-02 19:29:00,23.88,54.33,1066.9,3.43,55.97,2272.6,1.8,62.81,7.84,15.87,0,Normal
2024-01-02 19:30:00,24.0,56.42,1042.6,3.65,56.93,2207.6,1.68,62.68,7.36,16.05,0,Normal
2024-01-02 19:31:00,24.8,52.91,1161.0,3.06,54.06,2079.6,1.84,62.93,7.19,15.06,0,Normal
2024-01-02 19:32:00,24.47,52.36,1117.8,3.35,54.74,2200.1,1.91,64.07,7.97,15.0,0,Normal
2024-01-02 19:33:00,24.32,54.94,1123.0,3.35,55.92,2127.9,1.89,63.55,7.78,15.22,0,Normal
2024-01-02 19:34:00,24.75,52.7,1122.5,3.74,56.91,2230.3,1.99,64.83,8.16,16.64,0,Normal
2024-01-02 19:35:00,24.53,54.49,1124.8,3.28,55.75,2226.8,1.89,64.4,8.48,16.29,0,Normal
2024-01-02 19:36:00,24.99,48.63,1121.7,3.55,55.11,2158.1,1.6,61.31,6.95,14.85,0,Normal
2024-01-02 19:37:00,24.01,54.49,1107.0,3.47,55.7,2146.0,1.93,64.37,8.53,16.41,0,Normal
2024-01-02 19:38:00,24.0,53.8,1102.8,3.71,55.8,2223.4,1.82,62.27,8.23,16.77,0,Normal
2024-01-02 19:39:00,23.55,53.72,1075.7,3.62,56.81,2306.8,1.93,64.12,8.14,17.32,0,Normal
2024-01-02 19:40:00,23.96,53.74,1098.1,3.52,55.44,2174.1,1.89,63.64,7.94,16.78,0,Normal
2024-01-02 19:41:00,24.64,52.49,1119.6,3.39,54.89,2209.2,1.98,64.2,7.76,16.59,0,Normal
2024-01-02 19:42:00,24.78,53.02,1118.4,3.13,54.58,2192.8,1.92,63.75,7.94,16.5,0,Normal
2024-01-02 19:43:00,24.59,51.39,1074.9,3.55,58.74,2309.5,2.1,65.16,9.21,18.23,0,Normal
2024-01-02 19:44:00,23.19,56.43,1050.2,3.61,56.07,2225.9,1.89,63.79,7.78,16.9,0,Normal
2024-01-02 19:45:00,24.61,55.45,1139.3,3.19,53.89,2147.6,1.79,63.3,7.49,16.3,0,Normal
2024-01-02 19:46:00,23.13,56.49,1074.9,3.25,56.97,2253.3,1.96,64.69,7.95,17.71,0,Normal
2024-01-02 19:47:00,24.47,54.86,1124.1,3.55,55.16,2184.6,1.86,63.78,7.62,16.9,0,Normal
2024-01-02 19:48:00,23.82,56.47,1069.1,3.57,55.57,2161.1,1.72,62.53,7.51,16.75,0,Normal
2024-01-02 19:49:00,24.33,55.76,1069.8,3.3,55.6,2112.4,1.93,64.93,7.44,16.57,0,Normal
2024-01-02 19:50:00,23.29,58.58,1064.8,3.39,55.84,2181.1,1.88,64.97,7.78,16.66,0,Normal
2024-01-02 19:51:00,24.52,52.81,1104.9,3.13,55.63,2256.0,2.03,63.83,8.17,17.13,0,Normal
2024-01-02 19:52:00,23.19,54.89,1067.1,3.78,54.77,2210.8,1.89,63.91,7.73,17.48,0,Normal
2024-01-02 19:53:00,23.56,56.46,1123.6,3.24,54.11,2192.5,1.91,63.5,7.1,17.04,0,Normal
2024-01-02 19:54:00,23.38,56.68,1092.0,3.61,55.84,2288.0,1.87,64.49,8.02,18.24,0,Normal
2024-01-02 19:55:00,22.98,57.5,1125.8,3.49,54.78,2288.9,1.86,63.63,7.96,17.73,0,Normal
2024-01-02 19:56:00,23.88,57.55,1107.7,3.76,54.12,2211.1,1.71,62.76,8.19,16.62,0,Normal
2024-01-02 19:57:00,24.72,53.23,1054.0,3.34,56.66,2215.3,1.96,64.78,8.08,17.43,0,Normal
2024-01-02 19:58:00,25.13,53.11,1148.9,3.51,54.16,2047.5,1.83,63.21,7.71,16.9,0,Normal
2024-01-02 19:59:00,23.82,53.35,1058.6,3.16,56.09,2284.5,1.95,65.5,8.03,18.04,0,Normal
2024-01-02 20:00:00,24.31,57.15,1111.9,3.11,56.82,2277.5,1.98,64.93,8.62,18.55,0,Normal
2024-01-02 20:01:00,23.85,54.27,1077.5,3.62,55.24,2192.8,1.92,64.67,7.6,17.88,0,Normal
2024-01-02 20:02:00,23.96,54.11,1152.7,3.14,54.8,2181.8,1.86,63.5,7.92,17.44,0,Normal
2024-01-02 20:03:00,23.52,54.85,1126.3,3.45,53.74,2148.2,1.78,62.99,7.79,16.67,0,Normal
2024-01-02 20:04:00,23.76,53.96,1076.8,3.7,54.23,2090.5,1.61,62.72,7.48,16.35,0,Normal
2024-01-02 20:05:00,23.92,53.56,1095.1,3.65,54.53,2083.6,1.52,62.16,7.83,16.2,0,Normal
2024-01-02 20:06:00,23.34,54.91,1092.9,3.37,55.06,2112.9,1.83,62.62,7.44,17.41,0,Normal
2024-01-02 20:07:00,23.57,53.23,1112.9,3.18,53.28,2102.0,1.92,63.91,7.99,17.71,0,Normal
2024-01-02 20:08:00,23.56,54.12,1091.9,3.6,55.38,2241.9,1.82,63.81,8.23,18.12,0,Normal
2024-01-02 20:09:00,23.98,57.46,1073.9,3.77,56.66,2241.1,1.67,62.68,7.82,17.3,0,Normal
2024-01-02 20:10:00,23.01,57.38,1062.3,3.37,54.16,2105.2,1.79,63.42,8.04,17.01,0,Normal
2024-01-02 20:11:00,23.5,56.79,1089.9,3.34,56.36,2323.8,1.91,64.04,8.17,19.77,0,Normal
2024-01-02 20:12:00,24.46,55.44,1140.1,3.4,56.08,2202.8,1.62,60.85,7.64,17.74,0,Normal
2024-01-02 20:13:00,24.07,57.13,1112.0,3.61,55.99,2273.8,1.85,62.82,8.02,18.49,0,Normal
2024-01-02 20:14:00,24.14,51.59,1083.4,3.75,54.39,2144.1,1.75,63.65,7.16,17.68,0,Normal
2024-01-02 20:15:00,23.46,53.63,1105.3,3.25,55.17,2237.2,2.04,64.57,8.33,18.85,0,Normal
2024-01-02 20:16:00,23.58,54.04,1082.0,3.2,52.94,2110.8,1.98,64.22,7.8,17.98,0,Normal
2024-01-02 20:17:00,23.91,53.97,1120.4,3.97,55.51,2315.8,1.85,63.65,8.04,18.33,0,Normal
2024-01-02 20:18:00,24.16,53.75,1166.5,3.46,54.86,2223.5,1.93,63.49,8.46,18.89,0,Normal
2024-01-02 20:19:00,22.39,56.73,1058.8,3.55,54.42,2268.1,1.7,62.34,7.6,18.22,0,Normal
2024-01-02 20:20:00,22.69,57.19,1093.8,3.36,53.32,2073.2,1.9,63.91,6.97,18.39,0,Normal
2024-01-02 20:21:00,23.98,54.59,1081.0,3.6,55.29,2163.9,1.9,64.26,8.38,18.32,0,Normal
2024-01-02 20:22:00,23.17,54.91,1080.5,3.69,56.07,2255.4,1.79,64.94,8.23,19.03,0,Normal
2024-01-02 20:23:00,22.95,53.13,1079.8,3.56,54.68,2069.2,1.78,62.84,7.63,17.91,0,Normal
2024-01-02 20:24:00,22.64,55.46,1068.0,3.85,54.03,2242.2,1.78,64.26,7.64,19.56,0,Normal
2024-01-02 20:25:00,22.97,55.53,1141.0,3.43,52.63,2073.6,1.84,62.66,7.48,18.59,0,Normal
2024-01-02 20:26:00,22.53,56.78,1062.9,3.45,54.61,2197.0,1.81,63.65,7.34,19.3,0,Normal
2024-01-02 20:27:00,24.25,52.35,1119.8,3.55,53.24,2105.8,1.62,62.2,7.17,17.58,0,Normal
2024-01-02 20:28:00,23.18,55.24,1035.3,3.59,56.78,2248.6,1.83,63.59,7.73,18.66,0,Normal
2024-01-02 20:29:00,23.14,54.35,1093.6,3.55,55.25,2240.4,1.93,64.08,8.07,19.6,0,Normal
2024-01-02 20:30:00,23.45,55.31,1117.5,3.24,54.18,2136.0,1.65,61.89,7.67,18.6,0,Normal
2024-01-02 20:31:00,23.61,53.59,1079.1,3.56,55.21,2220.3,1.52,62.35,7.18,17.97,0,Normal
2024-01-02 20:32:00,23.59,53.97,1029.0,3.43,57.35,2295.1,2.06,64.51,8.61,20.01,0,Normal
2024-01-02 20:33:00,23.63,53.2,1091.7,3.38,54.95,2109.8,1.83,63.69,7.65,18.69,0,Normal
2024-01-02 20:34:00,22.76,56.5,1075.6,3.51,54.33,2147.9,1.77,63.58,7.77,18.0,0,Normal
2024-01-02 20:35:00,22.91,55.17,1096.3,3.31,52.01,2049.2,1.57,62.58,6.91,16.69,0,Normal
2024-01-02 20:36:00,23.42,56.9,1138.7,3.27,54.93,2185.3,1.71,63.46,7.83,18.81,0,Normal
2024-01-02 20:37:00,22.76,57.35,1065.6,2.98,53.31,2075.6,1.81,63.58,7.19,18.65,0,Normal
2024-01-02 20:38:00,23.0,56.2,1058.6,3.85,54.92,2148.1,1.73,62.45,7.06,18.33,0,Normal
2024-01-02 20:39:00,23.18,54.78,1054.5,3.61,55.57,2150.2,1.72,62.35,7.16,18.35,0,Normal
2024-01-02 20:40:00,23.36,56.23,1092.1,3.48,55.75,2237.3,1.96,63.54,7.9,19.65,0,Normal
2024-01-02 20:41:00,22.06,59.03,1073.1,3.37,53.43,2114.0,1.67,61.49,6.84,18.25,0,Normal
2024-01-02 20:42:00,23.29,56.0,1072.1,2.92,56.09,2184.0,1.99,64.56,8.47,19.29,0,Normal
2024-01-02 20:43:00,22.79,59.08,1095.3,3.35,56.05,2209.0,1.97,63.92,8.0,20.21,0,Normal
2024-01-02 20:44:00,23.25,56.55,1096.5,3.64,55.29,2163.3,1.73,63.77,7.89,19.07,0,Normal
2024-01-02 20:45:00,23.26,57.2,1086.3,3.69,55.38,2174.9,1.73,62.55,7.89,18.44,0,Normal
2024-01-02 20:46:00,23.66,55.31,1070.6,3.63,56.07,2299.9,1.81,63.57,8.04,19.67,0,Normal
2024-01-02 20:47:00,23.51,56.39,1078.2,3.53,52.91,2010.2,1.55,61.43,8.01,17.39,0,Normal
2024-01-02 20:48:00,23.49,54.22,1029.1,3.76,56.9,2259.8,1.88,63.0,8.96,20.3,0,Normal
2024-01-02 20:49:00,23.52,54.67,1096.4,3.43,55.44,2207.8,1.9,64.74,8.33,20.27,0,Normal
2024-01-02 20:50:00,22.93,56.95,1079.3,3.72,53.5,2104.5,1.68,62.92,7.05,18.72,0,Normal
2024-01-02 20:51:00,22.78,57.2,1080.4,3.42,54.2,2193.6,1.75,63.52,8.06,18.83,0,Normal
2024-01-02 20:52:00,23.19,56.73,1096.3,3.32,53.12,2206.6,1.8,63.52,7.11,20.15,0,Normal
2024-01-02 20:53:00,23.1,57.78,1091.6,3.3,53.84,2156.5,1.98,63.69,8.2,20.4,0,Normal
2024-01-02 20:54:00,22.56,54.96,1068.4,3.29,55.52,2166.5,1.74,62.51,6.89,19.37,0,Normal
2024-01-02 20:55:00,22.9,55.02,1079.2,3.63,57.01,2314.8,2.1,65.61,8.35,21.41,0,Normal
2024-01-02 20:56:00,22.66,57.25,1038.1,3.35,55.74,2287.2,1.95,65.35,8.5,21.22,0,Normal
2024-01-02 20:57:00,22.24,56.59,1050.1,3.29,53.75,2085.5,1.76,63.2,7.5,19.38,0,Normal
2024-01-02 20:58:00,23.29,60.84,1087.1,3.64,56.06,2250.3,1.94,64.92,7.63,21.18,0,Normal
2024-01-02 20:59:00,22.66,57.69,1054.7,3.57,55.88,2270.1,1.66,62.25,7.85,20.19,0,Normal
2024-01-02 21:00:00,23.64,55.04,1114.2,3.69,55.31,2188.9,1.91,64.74,7.98,20.66,0,Normal
2024-01-02 21:01:00,21.78,57.72,1039.2,3.6,55.62,2268.7,2.03,64.46,8.25,21.91,0,Normal
2024-01-02 21:02:00,22.3,56.84,1071.4,3.35,56.91,2353.0,2.12,65.59,8.42,22.51,0,Normal
2024-01-02 21:03:00,22.58,57.11,1074.4,3.52,54.7,2274.5,1.64,62.1,7.96,20.17,0,Normal
2024-01-02 21:04:00,23.11,56.27,1100.9,3.53,54.0,2225.8,1.87,64.25,8.16,20.77,0,Normal
2024-01-02 21:05:00,22.73,56.11,1097.1,3.32,55.32,2238.6,2.07,65.57,8.1,21.76,0,Normal
2024-01-02 21:06:00,22.67,56.49,1090.7,3.28,54.5,2255.8,2.06,63.74,8.57,22.38,0,Normal
2024-01-02 21:07:00,21.93,60.24,1006.0,3.36,55.44,2179.7,1.72,63.84,7.61,19.52,0,Normal
2024-01-02 21:08:00,21.9,60.36,1087.8,3.91,53.83,2160.5,1.75,64.58,7.39,20.41,0,Normal
2024-01-02 21:09:00,22.62,57.36,1110.6,3.42,54.7,2256.4,2.05,64.47,8.52,22.74,0,Normal
2024-01-02 21:10:00,21.76,56.51,1043.2,3.75,53.04,2124.3,1.65,62.12,7.69,19.32,0,Normal
2024-01-02 21:11:00,22.16,58.61,1069.2,3.41,55.41,2319.0,1.79,64.15,7.81,22.0,0,Normal
2024-01-02 21:12:00,22.66,59.24,1051.0,3.68,55.31,2252.7,1.89,63.94,7.75,21.44,0,Normal
2024-01-02 21:13:00,21.91,60.32,1009.4,3.68,53.96,2143.9,1.81,63.24,8.1,20.16,0,Normal
2024-01-02 21:14:00,23.18,57.07,1065.2,3.69,56.29,2234.7,1.81,64.87,7.89,20.77,0,Normal
2024-01-02 21:15:00,22.98,58.48,1066.0,3.58,53.65,2048.5,1.55,60.74,7.07,18.63,0,Normal
2024-01-02 21:16:00,21.56,58.97,1042.4,3.78,55.32,2219.4,1.86,63.17,7.8,21.22,0,Normal
2024-01-02 21:17:00,21.87,59.28,1033.4,3.58,55.77,2230.6,1.76,63.48,8.22,20.94,0,Normal
2024-01-02 21:18:00,21.17,58.56,1025.2,3.84,53.72,2181.3,1.72,61.55,8.18,20.51,0,Normal
2024-01-02 21:19:00,21.91,58.7,1057.9,3.18,54.0,2232.2,2.07,64.5,8.06,22.73,0,Normal
2024-01-02 21:20:00,22.67,58.89,1054.1,3.57,56.05,2293.0,1.72,62.71,8.65,22.22,0,Normal
2024-01-02 21:21:00,22.06,57.1,1074.9,3.56,53.31,2178.9,1.83,63.96,7.46,21.64,0,Normal
2024-01-02 21:22:00,22.49,55.93,1086.8,3.31,53.3,2136.5,1.77,63.41,7.38,20.9,0,Normal
2024-01-02 21:23:00,21.48,59.18,1109.1,3.62,53.66,2257.7,1.76,61.76,7.93,21.77,0,Normal
2024-01-02 21:24:00,22.62,56.64,1100.6,3.2,55.91,2350.2,2.08,64.59,8.18,23.87,0,Normal
2024-01-02 21:25:00,21.93,59.19,1064.7,3.37,54.17,2153.5,1.73,62.32,7.72,20.95,0,Normal
2024-01-02 21:26:00,22.2,57.06,1048.5,3.1,55.46,2177.8,1.83,63.42,7.62,21.67,0,Normal
2024-01-02 21:27:00,22.13,60.44,1070.0,3.81,56.2,2281.0,1.64,61.77,7.36,21.2,0,Normal
2024-01-02 21:28:00,21.53,57.01,1058.8,3.45,51.97,2145.6,1.83,63.46,6.94,21.4,0,Normal
2024-01-02 21:29:00,21.57,60.75,1038.7,3.93,53.88,2151.0,1.6,61.57,7.26,20.04,0,Normal
2024-01-02 21:30:00,22.62,55.84,1092.0,3.66,53.92,2379.0,1.91,64.21,8.27,23.09,0,Normal
2024-01-02 21:31:00,22.32,54.83,1031.5,3.59,56.86,2324.6,1.88,63.98,7.8,23.56,0,Normal
2024-01-02 21:32:00,22.63,57.32,1066.5,3.38,55.72,2235.7,1.78,62.62,7.9,21.53,0,Normal
2024-01-02 21:33:00,22.26,57.26,1079.0,3.29,52.65,2141.7,1.84,64.26,7.57,21.27,0,Normal
2024-01-02 21:34:00,22.15,56.17,1055.8,3.6,55.64,2317.6,1.91,65.03,8.1,24.09,0,Normal
2024-01-02 21:35:00,21.2,57.02,1038.9,3.49,52.76,2184.3,1.72,62.81,7.2,21.27,0,Normal
2024-01-02 21:36:00,21.92,58.24,1054.9,3.23,54.21,2178.5,1.9,63.62,7.83,22.97,0,Normal
2024-01-02 21:37:00,22.02,59.52,1039.6,3.2,54.95,2225.7,1.83,62.77,7.79,22.05,0,Normal
2024-01-02 21:38:00,23.0,57.18,1109.3,3.31,55.39,2280.1,2.04,65.53,8.5,24.26,0,Normal
2024-01-02 21:39:00,22.35,57.55,1041.6,3.86,55.59,2196.7,1.87,64.35,7.47,23.1,0,Normal
2024-01-02 21:40:00,22.76,57.45,1083.2,3.94,54.31,2202.3,1.76,62.43,7.7,21.82,0,Normal
2024-01-02 21:41:00,22.28,57.56,1075.9,3.54,55.4,2233.2,1.8,62.9,7.46,23.28,0,Normal
2024-01-02 21:42:00,21.61,56.65,1028.5,3.53,54.97,2177.6,1.8,63.64,7.63,22.15,0,Normal
2024-01-02 21:43:00,22.01,55.95,1062.1,3.43,54.17,2240.4,2.0,63.53,7.66,24.02,0,Normal
2024-01-02 21:44:00,22.06,57.69,1038.4,3.31,52.25,1999.7,1.8,62.57,6.88,20.68,0,Normal
2024-01-02 21:45:00,21.46,58.84,1083.9,3.78,52.76,2183.7,1.87,62.7,7.63,23.35,0,Normal
2024-01-02 21:46:00,21.72,59.88,1026.0,3.87,55.95,2173.2,1.65,61.88,7.43,21.85,0,Normal
2024-01-02 21:47:00,21.8,59.6,1039.6,3.32,54.09,2113.9,1.71,62.17,7.85,22.29,0,Normal
2024-01-02 21:48:00,22.69,57.77,1043.2,3.48,55.54,2195.4,1.85,64.31,8.19,23.52,0,Normal
2024-01-02 21:49:00,20.83,59.78,1002.7,3.41,55.54,2121.4,1.86,62.48,7.93,22.96,0,Normal
2024-01-02 21:50:00,22.46,55.19,1109.1,3.42,56.21,2310.6,1.93,64.54,8.44,24.11,0,Normal
2024-01-02 21:51:00,21.38,59.83,1061.2,3.74,55.18,2357.0,1.81,63.6,8.13,24.1,0,Normal
2024-01-02 21:52:00,21.15,60.42,1046.5,3.24,53.4,2105.4,1.92,64.52,7.98,22.89,0,Normal
2024-01-02 21:53:00,22.41,53.77,1051.8,3.59,54.55,2183.3,1.76,63.21,7.55,22.62,0,Normal
2024-01-02 21:54:00,22.18,56.53,1086.2,3.65,53.4,2212.6,1.62,61.79,8.1,22.07,0,Normal
2024-01-02 21:55:00,22.43,56.3,1047.9,3.47,55.63,2238.0,1.76,62.59,7.54,22.53,0,Normal
2024-01-02 21:56:00,22.19,57.94,1083.6,3.68,53.66,2186.8,1.75,63.54,7.23,22.72,0,Normal
2024-01-02 21:57:00,22.8,55.45,1054.3,3.53,55.0,2113.3,2.06,65.16,7.44,23.95,0,Normal
2024-01-02 21:58:00,22.04,57.97,1044.7,3.74,54.18,2067.8,1.55,61.43,6.79,20.46,0,Normal
2024-01-02 21:59:00,21.67,58.38,1072.4,3.2,54.3,2274.8,1.91,64.5,7.48,24.71,0,Normal
2024-01-02 22:00:00,21.91,58.03,1079.8,3.43,50.1,1755.0,1.67,61.64,6.43,19.02,0,Normal
2024-01-02 22:01:00,22.35,56.4,1081.9,3.49,47.1,1669.1,1.22,59.0,5.75,15.96,0,Normal
2024-01-02 22:02:00,21.32,58.36,1020.2,2.97,49.95,1739.8,1.62,61.26,6.29,18.94,0,Normal
2024-01-02 22:03:00,21.38,57.6,1036.3,3.28,48.08,1725.5,1.58,61.6,5.66,17.4,0,Normal
2024-01-02 22:04:00,21.54,59.51,1054.6,3.34,49.48,1798.8,1.37,59.45,5.94,17.15,0,Normal
2024-01-02 22:05:00,20.63,61.43,1011.3,3.69,49.8,1828.7,1.36,59.91,6.41,18.41,0,Normal
2024-01-02 22:06:00,21.74,57.42,1089.0,3.36,47.08,1681.4,1.26,58.81,5.47,16.62,0,Normal
2024-01-02 22:07:00,20.71,62.7,974.2,3.34,50.82,1794.0,1.35,60.38,5.91,16.86,0,Normal
2024-01-02 22:08:00,21.67,58.22,1033.9,3.66,49.04,1644.3,1.42,60.66,5.35,17.13,0,Normal
2024-01-02 22:09:00,22.07,60.28,1048.6,3.18,48.41,1727.9,1.38,59.34,5.76,16.95,0,Normal
2024-01-02 22:10:00,21.38,58.25,976.6,3.09,49.74,1732.4,1.43,60.83,5.83,16.77,0,Normal
2024-01-02 22:11:00,22.45,54.25,1034.1,3.43,48.34,1697.1,1.29,58.55,5.7,17.19,0,Normal
2024-01-02 22:12:00,20.87,60.74,1053.0,3.21,47.96,1746.0,1.52,62.39,6.18,18.31,0,Normal
2024-01-02 22:13:00,22.18,58.14,1064.4,3.22,47.7,1628.2,1.36,59.52,5.52,16.48,0,Normal
2024-01-02 22:14:00,21.92,58.3,1097.6,3.61,47.48,1636.0,1.14,59.34,5.43,14.98,0,Normal
2024-01-02 22:15:00,20.71,59.46,1072.8,3.68,47.18,1738.2,1.3,59.62,5.87,16.54,0,Normal
2024-01-02 22:16:00,22.91,56.41,1089.1,3.66,47.83,1725.0,1.36,60.05,5.44,16.68,0,Normal
2024-01-02 22:17:00,21.51,58.21,1058.1,3.72,48.59,1691.0,1.26,58.59,6.25,17.16,0,Normal
2024-01-02 22:18:00,21.1,59.27,1043.6,3.75,47.37,1680.6,1.19,59.44,5.28,15.54,0,Normal
2024-01-02 22:19:00,20.82,61.48,970.1,3.07,50.28,1828.4,1.7,62.2,6.72,20.83,0,Normal
2024-01-02 22:20:00,21.41,59.45,1013.2,3.59,49.1,1846.1,1.39,60.54,5.83,18.16,0,Normal
2024-01-02 22:21:00,21.44,60.02,1051.3,3.39,48.14,1717.9,1.52,60.79,6.03,17.81,0,Normal
2024-01-02 22:22:00,21.55,58.57,1066.3,3.35,47.4,1629.7,1.22,59.13,5.48,15.91,0,Normal
2024-01-02 22:23:00,21.34,58.78,1054.0,3.61,47.87,1576.9,1.12,57.9,5.76,14.87,0,Normal
2024-01-02 22:24:00,21.79,56.74,1033.5,3.15,49.39,1731.7,1.39,60.17,5.9,17.81,0,Normal
2024-01-02 22:25:00,21.27,58.86,1068.9,3.15,48.52,1727.5,1.43,60.11,6.34,17.7,0,Normal
2024-01-02 22:26:00,20.49,55.84,1066.8,3.63,46.01,1671.4,1.2,58.24,5.49,16.13,0,Normal
2024-01-02 22:27:00,21.37,58.35,1070.9,3.6,47.06,1686.0,1.11,58.47,5.96,15.39,0,Normal
2024-01-02 22:28:00,20.25,61.12,1049.8,3.53,48.62,1736.8,1.35,60.21,5.35,18.03,0,Normal
2024-01-02 22:29:00,21.6,59.66,1038.1,3.32,49.3,1759.2,1.49,61.04,6.28,19.1,0,Normal
2024-01-02 22:30:00,20.93,59.62,1065.5,3.65,48.04,1784.1,1.17,58.77,4.94,17.29,0,Normal
2024-01-02 22:31:00,21.49,59.54,1053.5,3.64,48.14,1701.6,1.22,59.44,5.62,17.2,0,Normal
2024-01-02 22:32:00,22.06,54.73,1073.9,3.52,48.1,1734.1,1.38,60.25,6.18,18.12,0,Normal
2024-01-02 22:33:00,20.92,59.96,1047.5,3.26,46.84,1643.3,1.21,58.96,5.84,16.39,0,Normal
2024-01-02 22:34:00,21.91,55.74,1055.2,3.41,49.45,1752.6,1.38,60.32,6.22,18.2,0,Normal
2024-01-02 22:35:00,21.16,57.8,1021.6,3.67,48.66,1646.7,1.36,60.83,5.63,17.08,0,Normal
2024-01-02 22:36:00,22.24,57.38,1062.8,3.77,48.75,1828.0,1.52,60.07,6.42,19.47,0,Normal
2024-01-02 22:37:00,21.17,61.5,1068.2,3.43,46.52,1630.0,1.29,59.1,6.21,16.68,0,Normal
2024-01-02 22:38:00,20.93,60.59,1027.5,3.45,48.11,1690.0,1.3,59.85,5.73,17.9,0,Normal
2024-01-02 22:39:00,21.68,58.7,1076.0,3.47,47.67,1764.5,1.3,58.41,6.1,18.3,0,Normal
2024-01-02 22:40:00,21.11,59.67,1060.7,3.55,47.56,1723.4,1.38,60.99,5.69,18.63,0,Normal
2024-01-02 22:41:00,20.9,59.0,1030.6,3.38,50.3,1986.5,1.7,62.34,7.2,22.12,0,Normal
2024-01-02 22:42:00,21.08,58.95,1076.3,2.92,48.18,1822.0,1.48,61.29,6.43,19.84,0,Normal
2024-01-02 22:43:00,21.29,60.03,1036.8,3.74,47.69,1692.1,1.32,60.44,5.51,17.42,0,Normal
2024-01-02 22:44:00,21.97,56.07,1097.2,3.86,47.5,1787.6,1.19,59.17,5.96,17.64,0,Normal
2024-01-02 22:45:00,20.32,62.0,1037.3,3.38,46.32,1617.4,1.16,57.0,5.52,16.21,0,Normal
2024-01-02 22:46:00,21.3,58.78,1045.5,3.29,49.06,1760.9,1.43,60.56,6.27,18.55,0,Normal
2024-01-02 22:47:00,21.59,60.08,1029.6,3.47,48.71,1722.9,1.45,60.69,5.96,18.82,0,Normal
2024-01-02 22:48:00,21.37,60.68,1045.1,3.46,50.15,1805.7,1.48,60.11,6.64,20.04,0,Normal
2024-01-02 22:49:00,21.92,55.74,1053.2,3.7,48.38,1702.9,1.29,58.34,5.46,18.19,0,Normal
2024-01-02 22:50:00,21.22,58.64,1012.9,3.51,50.14,1764.3,1.44,60.99,6.15,19.05,0,Normal
2024-01-02 22:51:00,21.16,58.34,1037.7,3.34,48.39,1716.9,1.43,59.48,5.94,18.73,0,Normal
2024-01-02 22:52:00,21.54,56.22,1030.6,3.24,50.4,1838.8,1.54,62.68,6.77,20.96,0,Normal
2024-01-02 22:53:00,21.28,57.84,1060.3,3.67,48.15,1640.3,1.29,59.74,5.3,17.42,0,Normal
2024-01-02 22:54:00,21.03,63.51,1073.3,3.62,48.8,1865.8,1.33,60.81,6.2,19.6,0,Normal
2024-01-02 22:55:00,21.48,59.95,1018.9,3.71,49.89,1725.2,1.39,60.33,5.84,18.89,0,Normal
2024-01-02 22:56:00,20.89,62.98,1080.5,3.31,48.36,1740.0,1.49,61.25,6.06,19.76,0,Normal
2024-01-02 22:57:00,20.9,61.32,1034.8,3.87,49.3,1735.9,1.34,60.01,6.04,19.51,0,Normal
2024-01-02 22:58:00,20.94,58.9,1014.3,3.15,49.14,1748.5,1.56,61.93,5.79,20.33,0,Normal
2024-01-02 22:59:00,21.87,57.76,1076.3,3.64,48.44,1629.9,1.29,58.13,5.97,17.42,0,Normal
2024-01-02 23:00:00,20.0,62.58,1008.8,3.12,48.1,1756.2,1.59,61.89,6.28,20.48,0,Normal
2024-01-02 23:01:00,21.38,59.87,1045.5,3.34,48.49,1818.7,1.22,59.62,5.63,18.61,0,Normal
2024-01-02 23:02:00,21.19,58.69,1033.7,3.81,49.53,1758.6,1.39,60.18,5.93,19.3,0,Normal
2024-01-02 23:03:00,20.33,58.84,1006.2,3.67,47.88,1661.8,1.43,60.05,6.22,18.97,0,Normal
2024-01-02 23:04:00,21.32,64.26,1064.5,3.39,48.42,1648.8,1.26,59.2,5.72,17.86,0,Normal
2024-01-02 23:05:00,21.4,58.98,1040.8,3.4,50.08,1863.1,1.43,60.76,6.03,20.72,0,Normal
2024-01-02 23:06:00,21.45,58.61,1013.0,3.52,50.78,1766.9,1.55,62.24,6.08,20.9,0,Normal
2024-01-02 23:07:00,20.0,61.87,1033.8,3.6,48.87,1753.4,1.24,58.99,6.0,18.06,0,Normal
2024-01-02 23:08:00,21.82,58.05,1026.3,3.75,50.42,1735.2,1.27,58.49,6.14,19.27,0,Normal
2024-01-02 23:09:00,20.77,60.5,1006.5,3.41,47.87,1707.3,1.35,61.61,5.88,18.72,0,Normal
2024-01-02 23:10:00,21.47,60.98,1079.3,3.18,44.57,1636.5,1.19,59.01,5.14,17.6,0,Normal
2024-01-02 23:11:00,21.5,58.82,1020.0,3.53,48.76,1634.3,1.37,59.81,5.95,18.58,0,Normal
2024-01-02 23:12:00,20.68,58.73,975.7,3.41,50.41,1886.2,1.44,61.52,6.31,21.8,0,Normal
2024-01-02 23:13:00,21.45,58.86,1064.5,3.24,48.12,1738.0,1.45,61.14,5.71,19.84,0,Normal
2024-01-02 23:14:00,20.92,59.35,1030.8,3.56,48.0,1735.8,1.34,60.16,6.3,18.89,0,Normal
2024-01-02 23:15:00,20.07,63.71,1016.0,3.46,47.57,1742.8,1.5,60.36,6.13,20.75,0,Normal
2024-01-02 23:16:00,21.68,60.42,1045.8,3.56,50.19,1864.5,1.57,61.89,6.26,22.04,0,Normal
2024-01-02 23:17:00,20.71,60.59,1040.0,3.32,49.38,1862.4,1.45,61.38,6.34,21.88,0,Normal
2024-01-02 23:18:00,20.66,58.59,1014.5,3.6,51.25,1900.1,1.37,59.18,6.43,21.51,0,Normal
2024-01-02 23:19:00,20.89,58.27,1074.6,3.24,48.0,1728.1,1.49,60.86,5.87,20.96,0,Normal
2024-01-02 23:20:00,21.22,59.53,1007.5,3.33,48.93,1737.8,1.34,60.16,5.97,19.2,0,Normal
2024-01-02 23:21:00,21.05,60.31,1052.1,3.45,46.39,1587.3,1.17,58.84,4.95,17.34,0,Normal
2024-01-02 23:22:00,21.35,58.71,1063.0,3.85,49.9,1834.5,1.25,59.54,6.32,19.63,0,Normal
2024-01-02 23:23:00,20.4,60.26,1009.0,3.66,48.35,1642.2,1.31,60.5,5.63,17.43,0,Normal
2024-01-02 23:24:00,20.7,59.56,1008.3,3.72,49.79,1729.8,1.26,59.39,5.36,19.38,0,Normal
2024-01-02 23:25:00,21.01,59.85,1065.5,3.78,46.5,1690.8,1.18,58.69,5.38,17.85,0,Normal
2024-01-02 23:26:00,22.01,54.51,1035.4,4.22,49.5,1656.6,1.15,59.11,5.38,18.03,0,Normal
2024-01-02 23:27:00,21.0,58.25,1024.8,3.51,47.08,1673.7,1.28,59.23,4.67,18.66,0,Normal
2024-01-02 23:28:00,21.6,57.89,1074.1,3.78,47.68,1737.1,1.31,58.63,5.73,19.32,0,Normal
2024-01-02 23:29:00,21.07,61.59,1042.3,3.7,48.4,1733.0,1.26,59.54,6.07,19.59,0,Normal
2024-01-02 23:30:00,20.81,59.03,991.2,3.7,47.68,1743.1,1.2,59.09,5.63,18.66,0,Normal
2024-01-02 23:31:00,20.92,60.31,1082.1,3.85,49.66,1779.3,1.13,58.51,6.01,18.63,0,Normal
2024-01-02 23:32:00,20.96,60.32,1025.9,3.42,48.65,1687.9,1.36,59.89,5.8,19.27,0,Normal
2024-01-02 23:33:00,21.34,61.23,1036.7,3.4,49.48,1718.7,1.38,57.99,5.8,20.18,0,Normal
2024-01-02 23:34:00,21.72,60.49,1060.8,3.56,49.19,1818.0,1.33,60.72,5.84,19.57,0,Normal
2024-01-02 23:35:00,21.21,59.43,1059.9,3.46,47.84,1696.7,1.32,60.3,5.33,19.58,0,Normal
2024-01-02 23:36:00,21.62,58.06,1101.5,3.56,47.66,1668.2,1.35,58.87,5.95,19.91,0,Normal
2024-01-02 23:37:00,20.55,59.72,989.4,3.81,48.37,1710.7,1.35,59.46,6.03,19.85,0,Normal
2024-01-02 23:38:00,20.82,59.87,1057.0,3.4,49.03,1807.7,1.28,60.6,5.89,20.27,0,Normal
2024-01-02 23:39:00,20.66,59.86,1051.8,3.44,48.8,1719.6,1.33,59.02,5.23,20.09,0,Normal
2024-01-02 23:40:00,21.18,60.41,1040.1,3.53,47.34,1731.7,1.39,60.38,5.97,20.99,0,Normal
2024-01-02 23:41:00,20.84,60.82,1056.5,3.45,48.75,1768.5,1.55,60.75,5.9,22.18,0,Normal
2024-01-02 23:42:00,21.38,60.1,1071.0,3.12,46.22,1667.7,1.28,59.54,5.54,19.03,0,Normal
2024-01-02 23:43:00,20.55,62.6,996.4,3.38,49.14,1794.8,1.57,61.33,5.82,22.34,0,Normal
2024-01-02 23:44:00,21.03,62.63,1084.4,3.64,47.77,1771.3,1.17,58.6,5.72,18.93,0,Normal
2024-01-02 23:45:00,21.36,59.45,1008.1,3.79,49.52,1721.1,1.4,60.63,5.93,20.55,0,Normal
2024-01-02 23:46:00,20.0,63.35,991.6,3.27,47.63,1668.9,1.32,59.33,4.93,19.5,0,Normal
2024-01-02 23:47:00,22.07,57.45,1054.8,3.27,48.38,1725.8,1.56,59.91,6.56,20.85,0,Normal
2024-01-02 23:48:00,20.87,61.92,1085.4,3.51,47.62,1805.1,1.31,58.96,5.81,20.49,0,Normal
2024-01-02 23:49:00,20.0,63.29,1012.3,3.08,49.14,1829.1,1.53,60.3,6.22,23.26,0,Normal
2024-01-02 23:50:00,21.08,61.26,1040.9,3.41,48.81,1678.5,1.33,58.75,5.92,19.7,0,Normal
2024-01-02 23:51:00,21.02,60.0,1076.2,3.15,47.58,1768.8,1.3,59.77,5.8,19.53,0,Normal
2024-01-02 23:52:00,20.96,58.97,1031.7,3.77,47.33,1604.4,0.98,57.52,5.23,16.92,0,Normal
2024-01-02 23:53:00,21.5,56.91,1020.5,3.35,48.82,1750.4,1.46,60.87,5.7,20.98,0,Normal
2024-01-02 23:54:00,21.38,59.16,1037.1,3.83,48.54,1689.7,1.33,60.18,5.72,19.99,0,Normal
2024-01-02 23:55:00,21.15,61.93,1077.3,3.72,46.41,1697.6,1.26,59.68,4.98,19.86,0,Normal
2024-01-02 23:56:00,21.23,59.03,1046.3,3.37,47.11,1712.0,1.2,59.2,5.49,18.83,0,Normal
2024-01-02 23:57:00,20.95,61.17,1087.2,3.29,46.56,1639.9,1.34,58.98,5.97,19.06,0,Normal
2024-01-02 23:58:00,21.89,59.57,1076.2,3.46,48.68,1754.7,1.27,59.92,5.39,20.51,0,Normal
2024-01-02 23:59:00,20.26,60.81,1009.1,3.48,48.84,1689.3,1.37,60.27,5.72,20.94,0,Normal
2024-01-03 00:00:00,21.07,61.75,1042.7,3.57,46.42,1593.9,1.29,60.87,4.74,4.81,0,Normal
2024-01-03 00:01:00,21.03,55.48,1019.3,3.34,47.01,1574.8,1.29,59.4,5.38,4.98,0,Normal
2024-01-03 00:02:00,21.41,57.33,1031.4,3.65,48.47,1691.8,1.42,60.61,6.0,4.59,0,Normal
2024-01-03 00:03:00,20.58,59.29,1143.5,3.55,46.88,1758.6,1.28,59.26,5.84,4.7,0,Normal
2024-01-03 00:04:00,20.13,60.24,1048.0,3.43,45.95,1585.2,1.18,58.65,5.02,4.98,0,Normal
2024-01-03 00:05:00,21.08,60.26,1063.1,3.36,46.9,1712.0,1.33,59.63,5.05,5.42,0,Normal
2024-01-03 00:06:00,21.14,60.08,1027.3,3.46,48.3,1710.2,1.2,58.74,5.27,5.22,0,Normal
2024-01-03 00:07:00,21.75,59.15,1094.2,3.34,50.01,1845.6,1.47,60.91,6.7,5.67,0,Normal
2024-01-03 00:08:00,20.37,61.93,1054.8,3.51,46.68,1732.3,1.25,59.59,5.89,5.91,0,Normal
2024-01-03 00:09:00,21.58,57.43,1098.7,3.52,48.22,1758.4,1.32,59.41,5.83,5.65,0,Normal
2024-01-03 00:10:00,22.19,55.93,1109.6,3.55,48.1,1809.7,1.39,60.69,6.08,4.71,0,Normal
2024-01-03 00:11:00,20.82,60.82,999.4,3.85,47.04,1543.4,0.94,57.9,4.63,5.13,0,Normal
2024-01-03 00:12:00,20.36,60.1,999.5,3.47,50.54,1734.9,1.3,59.26,6.34,5.74,0,Normal
2024-01-03 00:13:00,20.81,57.89,1011.0,3.7,49.22,1692.2,1.4,59.62,5.67,5.39,0,Normal
2024-01-03 00:14:00,21.02,61.33,1016.7,3.55,50.41,1703.8,1.17,59.42,5.87,4.77,0,Normal
2024-01-03 00:15:00,21.29,61.46,1054.0,3.45,51.97,2046.3,1.71,62.03,6.73,5.46,0,Normal
2024-01-03 00:16:00,20.72,62.74,1020.2,3.48,47.2,1609.2,1.2,58.17,5.31,4.53,0,Normal
2024-01-03 00:17:00,21.79,58.75,1107.7,3.49,48.99,1906.5,1.48,61.95,6.77,5.55,0,Normal
2024-01-03 00:18:00,20.46,61.81,1076.8,3.56,46.84,1682.3,1.4,59.36,5.42,5.32,0,Normal
2024-01-03 00:19:00,20.15,63.49,1022.8,3.31,48.78,1786.8,1.43,59.36,6.31,5.52,0,Normal
2024-01-03 00:20:00,21.57,57.9,1100.4,3.21,48.01,1738.7,1.49,60.13,5.67,6.18,0,Normal
2024-01-03 00:21:00,20.0,63.37,1057.2,3.63,47.47,1715.3,1.27,59.51,5.4,5.12,0,Normal
2024-01-03 00:22:00,20.92,60.45,1027.2,3.68,48.5,1720.9,1.27,59.55,5.76,5.4,0,Normal
2024-01-03 00:23:00,22.59,58.41,1021.5,3.65,49.62,1737.3,1.31,61.18,6.21,5.3,0,Normal
2024-01-03 00:24:00,21.02,60.14,1035.0,3.53,46.87,1721.3,1.35,59.19,5.64,6.19,0,Normal
2024-01-03 00:25:00,20.47,62.79,1013.3,3.65,49.88,1840.7,1.33,60.16,6.35,6.32,0,Normal
2024-01-03 00:26:00,21.01,60.22,1045.3,3.64,46.93,1691.4,1.12,59.19,5.76,5.88,0,Normal
2024-01-03 00:27:00,21.01,57.65,1042.5,3.66,47.72,1620.5,1.22,58.59,5.21,5.89,0,Normal
2024-01-03 00:28:00,21.12,61.86,1044.0,3.33,48.12,1704.5,1.39,60.59,5.37,5.44,0,Normal
2024-01-03 00:29:00,21.38,57.8,1060.6,3.28,50.06,1836.9,1.34,58.77,6.06,6.1,0,Normal
2024-01-03 00:30:00,20.53,62.63,1000.2,3.42,48.79,1738.8,1.38,61.36,6.31,5.54,0,Normal
2024-01-03 00:31:00,21.89,58.16,1068.2,3.5,48.6,1724.9,1.22,59.88,5.47,5.98,0,Normal
2024-01-03 00:32:00,21.18,61.35,1032.5,3.45,47.79,1697.4,1.38,59.53,6.08,5.9,0,Normal
2024-01-03 00:33:00,21.42,60.85,1053.4,3.12,48.98,1741.1,1.31,60.31,5.79,5.85,0,Normal
2024-01-03 00:34:00,20.75,61.0,1058.9,3.84,48.96,1804.6,1.5,61.78,6.73,6.26,0,Normal
2024-01-03 00:35:00,21.71,59.39,1023.5,3.45,49.68,1869.3,1.44,59.71,7.0,6.59,0,Normal
2024-01-03 00:36:00,20.94,60.64,1031.8,3.53,48.63,1795.1,1.29,59.17,6.24,6.89,0,Normal
2024-01-03 00:37:00,21.21,56.5,1041.2,3.75,48.77,1734.0,1.26,60.36,5.29,6.4,0,Normal
2024-01-03 00:38:00,20.61,60.78,1019.3,3.03,48.9,1795.0,1.61,61.52,5.58,7.35,0,Normal
2024-01-03 00:39:00,20.58,58.98,1054.1,3.4,49.33,1773.7,1.51,61.28,6.2,6.52,0,Normal
2024-01-03 00:40:00,21.43,59.39,1030.5,3.42,47.45,1641.8,1.25,59.29,5.78,6.9,0,Normal
2024-01-03 00:41:00,20.87,58.43,1023.4,3.43,49.33,1734.9,1.25,60.05,5.96,6.48,0,Normal
2024-01-03 00:42:00,20.67,58.73,1015.6,3.47,48.73,1734.7,1.24,59.68,5.55,6.4,0,Normal
2024-01-03 00:43:00,20.77,62.71,1062.8,3.79,47.95,1694.3,1.25,59.38,5.2,6.26,0,Normal
2024-01-03 00:44:00,21.45,60.69,1036.7,3.63,48.99,1699.4,1.4,58.8,6.17,6.59,0,Normal
2024-01-03 00:45:00,20.79,60.27,1047.3,3.69,47.76,1765.3,1.4,60.57,6.49,6.72,0,Normal
2024-01-03 00:46:00,21.05,60.08,1090.4,3.51,46.86,1747.4,1.32,60.05,5.54,5.93,0,Normal
2024-01-03 00:47:00,21.12,59.31,1040.6,3.22,48.02,1756.9,1.53,60.04,6.32,6.98,0,Normal
2024-01-03 00:48:00,20.16,62.26,1051.0,3.08,49.45,1847.9,1.77,61.66,7.41,6.44,0,Normal
2024-01-03 00:49:00,20.39,59.98,1069.6,3.19,48.32,1875.0,1.64,61.96,6.4,7.25,0,Normal
2024-01-03 00:50:00,21.3,60.85,1071.7,3.57,48.9,1807.7,1.47,60.82,6.13,7.06,0,Normal
2024-01-03 00:51:00,20.77,59.94,1034.9,3.51,47.08,1735.4,1.22,57.62,5.8,7.13,0,Normal
2024-01-03 00:52:00,21.67,58.07,1069.4,3.46,47.69,1681.0,1.4,59.53,5.67,6.34,0,Normal
2024-01-03 00:53:00,21.63,58.8,1020.4,3.43,50.66,1770.4,1.5,61.27,6.66,6.54,0,Normal
2024-01-03 00:54:00,21.51,58.09,1030.7,3.9,48.81,1822.3,1.37,60.53,5.96,7.33,0,Normal
2024-01-03 00:55:00,22.07,58.47,1046.2,3.34,50.23,1823.1,1.63,61.33,6.46,6.75,0,Normal
2024-01-03 00:56:00,21.12,58.87,1098.5,3.69,46.02,1693.3,1.23,58.83,5.05,6.22,0,Normal
2024-01-03 00:57:00,21.49,59.71,1029.6,3.5,48.7,1734.2,1.34,59.28,5.8,6.94,0,Normal
2024-01-03 00:58:00,20.88,61.93,1017.0,3.49,46.96,1554.0,1.09,59.14,4.81,6.44,0,Normal
2024-01-03 00:59:00,22.41,56.29,1042.1,3.74,49.47,1655.4,1.23,59.48,5.75,6.82,0,Normal
2024-01-03 01:00:00,22.18,57.58,1077.6,3.79,49.69,1843.6,1.39,59.82,5.71,7.36,0,Normal
2024-01-03 01:01:00,21.2,60.23,1047.6,3.45,48.94,1683.2,1.37,59.28,6.11,7.18,0,Normal
2024-01-03 01:02:00,21.39,58.54,1075.0,3.66,48.7,1764.5,1.35,59.05,5.68,7.07,0,Normal
2024-01-03 01:03:00,21.89,59.0,1074.5,3.57,48.58,1732.1,1.42,61.62,6.48,7.16,0,Normal
2024-01-03 01:04:00,21.14,60.48,1008.3,3.5,49.26,1749.8,1.46,60.55,6.49,7.23,0,Normal
2024-01-03 01:05:00,20.89,61.72,1017.6,3.54,47.27,1672.0,1.25,58.93,5.71,6.95,0,Normal
2024-01-03 01:06:00,21.66,57.8,1087.4,3.36,48.7,1744.3,1.31,59.59,5.4,6.6,0,Normal
2024-01-03 01:07:00,21.27,58.0,1040.4,3.44,47.32,1567.0,1.26,58.85,5.17,7.15,0,Normal
2024-01-03 01:08:00,21.33,58.84,1076.3,3.38,48.36,1702.0,1.58,61.17,5.78,7.87,0,Normal
2024-01-03 01:09:00,20.83,58.75,1032.9,3.68,47.23,1629.4,1.22,59.08,5.2,7.22,0,Normal
2024-01-03 01:10:00,20.4,61.83,1003.7,3.48,49.32,1865.5,1.42,60.47,6.74,7.8,0,Normal
2024-01-03 01:11:00,21.38,57.47,1040.0,3.24,50.23,1776.1,1.56,60.45,6.26,7.26,0,Normal
2024-01-03 01:12:00,21.72,62.1,1030.2,3.36,50.07,1805.6,1.54,61.83,6.13,7.11,0,Normal
2024-01-03 01:13:00,21.16,61.55,1029.1,2.86,51.47,1847.7,1.79,62.45,6.56,8.44,0,Normal
2024-01-03 01:14:00,22.0,58.11,1065.1,3.4,47.3,1697.4,1.45,59.92,5.66,7.48,0,Normal
2024-01-03 01:15:00,20.94,61.31,1051.6,3.51,50.35,1870.3,1.52,60.63,6.61,7.97,0,Normal
2024-01-03 01:16:00,20.77,57.85,995.7,3.47,50.44,1805.9,1.59,60.79,5.92,8.0,0,Normal
2024-01-03 01:17:00,21.27,63.19,1045.0,3.9,48.27,1735.2,1.26,59.55,5.78,7.52,0,Normal
2024-01-03 01:18:00,21.27,58.52,1030.8,3.61,50.78,1864.2,1.61,62.33,6.7,8.35,0,Normal
2024-01-03 01:19:00,21.71,58.44,1038.0,3.61,48.42,1668.6,1.39,59.66,5.26,7.49,0,Normal
2024-01-03 01:20:00,20.94,57.22,1042.2,3.17,47.2,1697.4,1.48,59.25,5.42,6.95,0,Normal
2024-01-03 01:21:00,22.02,58.79,1046.7,3.43,48.6,1683.3,1.42,59.61,5.83,7.94,0,Normal
2024-01-03 01:22:00,22.33,55.84,1101.2,3.4,47.32,1756.9,1.58,60.82,6.52,8.23,0,Normal
2024-01-03 01:23:00,21.34,59.45,1076.4,3.34,46.89,1686.3,1.42,59.3,6.1,7.2,0,Normal
2024-01-03 01:24:00,21.99,57.3,1089.3,3.34,49.83,1830.8,1.41,60.0,6.03,7.56,0,Normal
2024-01-03 01:25:00,20.85,58.56,1024.5,3.14,49.13,1717.1,1.5,60.47,6.46,8.32,0,Normal
2024-01-03 01:26:00,21.92,57.04,1034.3,3.24,49.82,1799.6,1.48,60.82,6.14,8.55,0,Normal
2024-01-03 01:27:00,21.92,58.59,1060.4,3.67,47.9,1677.7,1.45,59.42,5.72,6.84,0,Normal
2024-01-03 01:28:00,21.83,56.48,1052.9,3.47,47.57,1546.5,1.34,60.15,5.44,7.72,0,Normal
2024-01-03 01:29:00,21.4,58.05,1032.8,3.4,49.69,1762.0,1.63,62.86,6.57,8.29,0,Normal
2024-01-03 01:30:00,20.0,62.69,990.6,3.5,45.95,1644.0,1.14,59.39,5.09,7.46,0,Normal
2024-01-03 01:31:00,21.11,63.61,1041.1,3.73,48.64,1790.8,1.43,59.99,5.96,8.23,0,Normal
2024-01-03 01:32:00,21.12,60.39,1032.4,3.5,47.5,1637.7,1.12,58.94,4.98,7.18,0,Normal
2024-01-03 01:33:00,20.96,58.6,1056.4,3.61,50.54,1884.6,1.31,60.3,6.37,8.58,0,Normal
2024-01-03 01:34:00,21.52,58.42,1067.0,3.33,49.46,1823.8,1.44,60.53,6.49,8.13,0,Normal
2024-01-03 01:35:00,21.26,59.49,1072.6,3.38,48.5,1738.4,1.54,61.13,6.38,8.72,0,Normal
2024-01-03 01:36:00,21.06,59.26,1009.8,3.57,50.05,1849.1,1.34,60.54,5.79,8.77,0,Normal
2024-01-03 01:37:00,20.96,61.33,1049.1,3.88,47.62,1676.1,1.18,59.46,5.39,7.46,0,Normal
2024-01-03 01:38:00,21.14,59.98,1024.6,3.79,50.03,1814.5,1.48,60.3,6.65,8.24,0,Normal
2024-01-03 01:39:00,22.07,59.34,1030.8,3.62,49.7,1779.7,1.46,61.23,6.23,8.55,0,Normal
2024-01-03 01:40:00,21.18,59.1,1033.0,3.53,49.19,1787.4,1.61,62.68,6.32,9.4,0,Normal
2024-01-03 01:41:00,21.27,61.41,1072.1,3.78,48.33,1824.4,1.32,60.34,6.0,8.26,0,Normal
2024-01-03 01:42:00,21.31,59.1,1036.8,3.66,49.47,1860.1,1.36,61.18,6.36,8.45,0,Normal
2024-01-03 01:43:00,21.72,57.16,1093.4,3.04,47.09,1777.7,1.37,58.09,5.97,8.64,0,Normal
2024-01-03 01:44:00,21.78,61.75,1069.4,3.29,46.81,1629.5,1.26,59.62,5.27,8.27,0,Normal
2024-01-03 01:45:00,20.04,58.88,1011.0,3.57,47.63,1644.2,1.13,58.76,5.65,8.12,0,Normal
2024-01-03 01:46:00,22.09,56.83,1090.8,3.14,48.73,1727.8,1.28,60.3,5.44,8.38,0,Normal
2024-01-03 01:47:00,22.31,56.61,1077.3,3.32,48.29,1750.7,1.6,60.57,6.56,8.86,0,Normal
2024-01-03 01:48:00,21.07,63.53,1018.2,3.36,48.3,1631.1,1.32,59.4,5.35,8.41,0,Normal
2024-01-03 01:49:00,21.12,62.39,1089.0,3.45,50.69,1903.4,1.79,63.35,7.0,8.5,0,Normal
2024-01-03 01:50:00,21.4,61.43,1054.4,3.44,49.53,1843.4,1.37,59.45,6.14,9.7,0,Normal
2024-01-03 01:51:00,21.25,58.95,1045.6,3.44,48.26,1785.3,1.34,60.02,5.8,8.7,0,Normal
2024-01-03 01:52:00,21.76,62.18,1033.7,3.67,49.5,1683.5,1.22,59.28,6.1,8.47,0,Normal
2024-01-03 01:53:00,20.68,61.03,1063.1,3.45,46.97,1720.0,1.24,58.98,5.84,9.33,0,Normal
2024-01-03 01:54:00,21.11,61.17,1055.1,3.42,47.02,1658.3,1.36,60.24,5.61,8.29,0,Normal
2024-01-03 01:55:00,22.45,57.56,1084.7,3.23,49.39,1744.8,1.52,60.24,6.66,10.06,0,Normal
2024-01-03 01:56:00,21.23,59.42,1031.8,3.7,50.26,1794.8,1.46,60.26,6.53,9.45,0,Normal
2024-01-03 01:57:00,22.32,57.14,1087.3,3.37,46.93,1722.4,1.47,60.31,5.62,9.13,0,Normal
2024-01-03 01:58:00,21.89,57.98,1080.6,3.28,48.28,1787.8,1.55,60.21,5.5,9.63,0,Normal
2024-01-03 01:59:00,20.82,61.14,1019.7,3.54,48.45,1685.6,1.2,59.92,5.63,8.22,0,Normal
2024-01-03 02:00:00,22.05,58.55,1025.7,3.35,47.65,1590.5,1.23,58.55,5.8,7.67,0,Normal
2024-01-03 02:01:00,21.69,58.61,1068.3,3.39,48.93,1698.9,1.38,60.7,6.04,8.44,0,Normal
2024-01-03 02:02:00,21.53,61.2,1011.3,3.55,48.87,1727.1,1.71,61.44,6.75,10.1,0,Normal
2024-01-03 02:03:00,21.9,53.84,1061.7,3.43,50.24,1910.5,1.6,62.08,6.44,9.62,0,Normal
2024-01-03 02:04:00,22.02,58.82,1049.3,3.96,50.62,1776.7,1.32,58.91,6.04,8.5,0,Normal
2024-01-03 02:05:00,22.15,58.9,1093.5,3.49,47.54,1631.1,1.33,60.66,5.54,8.75,0,Normal
2024-01-03 02:06:00,22.4,59.1,1058.2,3.62,50.28,1836.3,1.36,61.02,6.28,9.63,0,Normal
2024-01-03 02:07:00,22.03,57.95,1088.2,3.11,46.48,1630.6,1.38,59.45,5.78,8.94,0,Normal
2024-01-03 02:08:00,21.15,59.95,1030.1,3.33,49.52,1782.4,1.55,60.65,6.75,10.05,0,Normal
2024-01-03 02:09:00,21.61,60.28,1077.2,3.28,47.25,1757.7,1.39,60.31,6.42,9.79,0,Normal
2024-01-03 02:10:00,23.33,57.94,1138.2,3.31,48.76,1680.9,1.3,58.62,6.23,9.32,0,Normal
2024-01-03 02:11:00,22.24,57.22,1038.0,3.58,51.44,1713.1,1.39,60.53,6.27,9.42,0,Normal
2024-01-03 02:12:00,23.07,56.57,1088.7,3.71,47.66,1674.3,1.19,58.36,5.42,8.58,0,Normal
2024-01-03 02:13:00,22.6,59.54,1140.7,3.57,46.31,1671.3,1.09,57.95,5.37,8.89,0,Normal
2024-01-03 02:14:00,22.03,54.85,1062.4,3.45,48.2,1712.5,1.28,59.03,5.92,9.28,0,Normal
2024-01-03 02:15:00,22.08,56.93,1063.1,3.37,48.91,1769.2,1.28,58.99,5.93,9.12,0,Normal
2024-01-03 02:16:00,21.92,60.44,1078.2,3.72,46.76,1628.5,1.04,59.14,4.92,9.01,0,Normal
2024-01-03 02:17:00,21.08,61.39,1042.7,3.91,46.85,1550.3,0.96,58.02,4.82,8.2,0,Normal
2024-01-03 02:18:00,21.98,58.93,1016.8,3.53,48.85,1688.7,1.41,59.31,6.13,9.82,0,Normal
2024-01-03 02:19:00,22.59,56.37,1100.0,3.69,49.11,1829.1,1.52,60.35,6.21,10.02,0,Normal
2024-01-03 02:20:00,21.69,57.33,1003.8,3.57,50.09,1789.8,1.25,60.15,5.99,10.08,0,Normal
2024-01-03 02:21:00,22.21,56.83,1053.9,3.65,48.71,1717.7,1.46,61.25,5.94,9.17,0,Normal
2024-01-03 02:22:00,22.45,59.62,1099.1,3.27,47.78,1752.2,1.29,58.55,5.52,10.22,0,Normal
2024-01-03 02:23:00,21.58,57.91,1042.7,3.4,49.24,1836.4,1.53,61.56,6.27,9.67,0,Normal
2024-01-03 02:24:00,21.82,58.57,1039.2,3.58,48.04,1648.8,1.28,59.67,5.45,8.68,0,Normal
2024-01-03 02:25:00,21.56,57.77,1073.1,3.74,48.5,1731.8,1.34,58.51,5.64,9.81,0,Normal
2024-01-03 02:26:00,21.67,59.96,1032.1,3.34,48.82,1768.7,1.31,59.44,5.6,9.59,0,Normal
2024-01-03 02:27:00,21.45,58.28,1018.4,3.09,49.61,1785.2,1.36,60.04,6.03,9.89,0,Normal
2024-01-03 02:28:00,21.66,58.57,1060.0,3.4,48.25,1724.8,1.28,59.53,5.94,9.43,0,Normal
2024-01-03 02:29:00,22.83,54.08,1072.1,3.7,48.25,1729.0,1.32,58.8,6.14,9.52,0,Normal
2024-01-03 02:30:00,21.68,56.26,1022.5,3.18,46.41,1515.3,1.45,59.71,4.97,9.59,0,Normal
2024-01-03 02:31:00,22.21,57.73,1080.2,3.26,48.87,1726.0,1.32,59.37,6.33,9.8,0,Normal
2024-01-03 02:32:00,21.91,56.27,1069.9,3.53,48.42,1813.3,1.37,59.66,6.13,10.63,0,Normal
2024-01-03 02:33:00,22.77,59.87,1066.4,3.48,49.26,1678.1,1.27,59.17,5.38,9.65,0,Normal
2024-01-03 02:34:00,22.85,53.48,1069.7,3.62,48.61,1725.1,1.31,59.6,5.69,9.79,0,Normal
2024-01-03 02:35:00,22.64,55.74,1084.6,3.25,49.7,1717.7,1.25,59.74,5.25,10.2,0,Normal
2024-01-03 02:36:00,22.38,57.44,1097.3,3.44,47.97,1718.3,1.49,61.91,5.47,9.68,0,Normal
2024-01-03 02:37:00,22.13,57.33,1055.4,3.74,49.16,1705.1,1.28,60.23,6.3,8.94,0,Normal
2024-01-03 02:38:00,21.66,57.06,1069.6,3.26,48.75,1618.6,1.45,61.46,5.55,9.47,0,Normal
2024-01-03 02:39:00,23.24,54.43,1099.0,3.8,48.14,1724.4,1.22,58.82,5.85,9.75,0,Normal
2024-01-03 02:40:00,21.91,56.78,1080.1,3.29,49.35,1757.2,1.47,60.02,6.07,10.85,0,Normal
2024-01-03 02:41:00,22.63,56.53,1073.7,3.67,49.6,1763.4,1.46,61.26,6.13,9.6,0,Normal
2024-01-03 02:42:00,22.85,59.5,1054.1,3.43,51.17,1692.2,1.43,60.73,6.18,10.39,0,Normal
2024-01-03 02:43:00,22.06,58.12,1049.6,3.27,48.73,1734.9,1.44,60.99,5.36,10.49,0,Normal
2024-01-03 02:44:00,22.87,58.31,1085.9,3.4,49.31,1731.8,1.32,59.22,6.28,10.46,0,Normal
2024-01-03 02:45:00,22.75,57.52,1120.4,3.61,46.96,1562.6,1.11,58.81,5.12,8.43,0,Normal
2024-01-03 02:46:00,23.24,57.53,1072.8,3.5,50.5,1794.9,1.34,59.99,5.97,11.77,0,Normal
2024-01-03 02:47:00,22.16,53.61,1083.4,3.72,48.01,1672.9,1.16,58.43,5.64,9.83,0,Normal
2024-01-03 02:48:00,21.77,58.06,1047.2,3.79,49.96,1759.1,1.45,60.43,5.91,10.43,0,Normal
2024-01-03 02:49:00,22.18,59.74,1066.3,3.26,49.83,1786.0,1.67,62.29,6.48,11.74,0,Normal
2024-01-03 02:50:00,22.55,56.25,1108.9,3.25,46.62,1635.5,1.18,59.28,5.31,10.36,0,Normal
2024-01-03 02:51:00,22.49,59.86,1088.9,3.24,48.53,1697.3,1.45,60.23,6.11,10.21,0,Normal
2024-01-03 02:52:00,22.28,59.82,1034.6,3.32,49.62,1690.3,1.38,60.45,5.82,10.0,0,Normal
2024-01-03 02:53:00,21.54,58.23,1036.5,3.72,48.17,1698.5,1.39,60.37,5.51,10.59,0,Normal
2024-01-03 02:54:00,22.75,56.0,1106.3,3.61,49.87,1817.3,1.42,61.0,6.31,11.32,0,Normal
2024-01-03 02:55:00,23.51,53.86,1093.8,3.39,48.08,1639.4,1.31,60.32,5.52,10.6,0,Normal
2024-01-03 02:56:00,22.78,55.76,1046.8,3.5,49.72,1696.0,1.28,60.96,5.26,11.05,0,Normal
2024-01-03 02:57:00,22.86,54.69,1056.8,3.78,49.6,1778.8,1.17,58.72,5.9,10.79,0,Normal
2024-01-03 02:58:00,22.86,57.19,1094.9,3.88,47.36,1683.8,1.25,60.26,5.42,9.77,0,Normal
2024-01-03 02:59:00,22.79,54.49,1100.7,3.55,47.59,1767.9,1.36,59.94,5.98,10.52,0,Normal
2024-01-03 03:00:00,23.08,57.07,1082.0,2.97,49.81,1749.7,1.61,60.86,6.03,11.45,0,Normal
2024-01-03 03:01:00,22.83,57.56,1138.4,3.56,47.38,1711.6,1.22,58.58,5.24,10.81,0,Normal
2024-01-03 03:02:00,22.49,54.73,1090.4,3.69,47.39,1697.1,1.22,59.38,5.93,10.77,0,Normal
2024-01-03 03:03:00,22.26,59.95,1059.2,3.54,47.95,1658.0,1.35,60.36,5.93,11.28,0,Normal
2024-01-03 03:04:00,22.55,57.87,1050.7,3.65,48.05,1639.0,1.33,59.05,5.62,10.8,0,Normal
2024-01-03 03:05:00,22.85,57.69,1052.7,3.57,49.87,1736.0,1.25,58.97,5.99,10.6,0,Normal
2024-01-03 03:06:00,22.56,55.96,1079.5,3.25,50.35,1909.5,1.52,60.76,6.78,12.23,0,Normal
2024-01-03 03:07:00,22.89,57.43,1065.6,3.32,49.27,1690.1,1.26,58.88,5.73,10.2,0,Normal
2024-01-03 03:08:00,22.97,58.05,1121.2,3.44,47.74,1773.2,1.38,58.72,5.57,11.68,0,Normal
2024-01-03 03:09:00,23.18,55.82,1120.3,3.71,48.69,1754.7,1.39,58.64,6.06,11.25,0,Normal
2024-01-03 03:10:00,23.43,58.54,1104.3,3.35,48.7,1619.9,1.3,59.4,5.9,11.14,0,Normal
2024-01-03 03:11:00,22.84,56.65,1047.3,3.59,51.93,1881.4,1.44,61.06,6.68,12.43,0,Normal
2024-01-03 03:12:00,22.17,59.51,1046.5,3.56,49.84,1730.9,1.33,60.44,5.95,12.07,0,Normal
2024-01-03 03:13:00,22.67,57.34,1104.7,3.82,50.26,1839.4,1.61,60.67,6.65,12.81,0,Normal
2024-01-03 03:14:00,22.88,57.4,1063.5,3.49,49.41,1658.8,1.45,59.67,5.82,11.56,0,Normal
2024-01-03 03:15:00,21.96,55.67,1087.2,3.15,49.28,1933.4,1.67,61.54,6.99,13.13,0,Normal
2024-01-03 03:16:00,23.59,55.8,1103.6,3.63,49.94,1774.2,1.41,60.43,6.52,11.7,0,Normal
2024-01-03 03:17:00,22.98,55.23,1080.9,3.93,49.06,1781.6,1.28,60.27,5.53,11.37,0,Normal
2024-01-03 03:18:00,23.12,54.82,1064.8,3.64,49.21,1749.8,1.24,59.9,6.17,11.67,0,Normal
2024-01-03 03:19:00,23.63,57.78,1090.2,3.34,49.54,1729.9,1.32,59.6,6.57,10.87,0,Normal
2024-01-03 03:20:00,22.65,56.61,1077.7,3.28,50.68,1804.9,1.46,61.1,6.44,12.34,0,Normal
2024-01-03 03:21:00,23.27,54.31,1111.2,3.31,48.86,1743.1,1.32,59.23,6.18,10.92,0,Normal
2024-01-03 03:22:00,22.95,55.86,1056.8,3.9,48.96,1612.2,1.12,58.69,5.21,10.45,0,Normal
2024-01-03 03:23:00,22.93,54.48,1072.0,3.43,48.53,1629.4,1.29,59.55,5.44,10.87,0,Normal
2024-01-03 03:24:00,22.65,59.08,1074.2,3.37,48.5,1764.7,1.4,61.21,5.92,12.15,0,Normal
2024-01-03 03:25:00,23.89,53.65,1114.4,3.47,48.88,1803.8,1.34,60.29,5.91,11.68,0,Normal
2024-01-03 03:26:00,22.89,57.29,1055.1,3.44,50.25,1757.2,1.48,60.35,5.79,12.16,0,Normal
2024-01-03 03:27:00,23.44,57.53,1056.0,3.81,51.24,1830.2,1.38,59.9,6.23,12.63,0,Normal
2024-01-03 03:28:00,22.18,57.03,1080.4,3.3,47.34,1494.8,1.25,58.98,5.45,10.62,0,Normal
2024-01-03 03:29:00,23.72,55.8,1056.5,3.74,48.82,1765.2,1.23,58.19,5.43,12.23,0,Normal
2024-01-03 03:30:00,23.68,53.53,1125.7,3.52,47.42,1595.4,1.29,59.29,5.5,10.87,0,Normal
2024-01-03 03:31:00,23.22,59.57,1080.5,3.74,49.79,1786.1,1.29,59.66,6.05,11.81,0,Normal
2024-01-03 03:32:00,23.08,57.57,1042.8,3.82,49.16,1666.8,1.4,60.62,5.74,12.44,0,Normal
2024-01-03 03:33:00,23.41,55.27,1076.2,3.52,49.99,1787.5,1.39,60.79,6.28,12.24,0,Normal
2024-01-03 03:34:00,24.37,52.67,1116.9,3.44,49.46,1627.1,1.32,59.93,5.81,11.34,0,Normal
2024-01-03 03:35:00,22.37,57.27,1054.0,3.51,51.81,1836.3,1.56,60.4,6.42,13.45,0,Normal
2024-01-03 03:36:00,23.66,54.61,1093.7,3.48,50.56,1846.7,1.56,60.54,6.79,13.26,0,Normal
2024-01-03 03:37:00,22.83,59.53,1095.1,3.17,48.93,1765.6,1.58,60.87,6.38,12.98,0,Normal
2024-01-03 03:38:00,23.3,53.93,1080.9,3.81,48.9,1773.2,1.47,61.15,6.58,12.43,0,Normal
2024-01-03 03:39:00,23.2,56.14,1060.6,3.55,50.9,1755.6,1.48,61.41,6.2,13.37,0,Normal
2024-01-03 03:40:00,23.13,56.04,1075.1,3.27,48.25,1710.1,1.39,59.95,5.75,12.14,0,Normal
2024-01-03 03:41:00,23.36,55.48,1122.6,3.09,49.82,1755.9,1.48,62.5,6.09,12.72,0,Normal
2024-01-03 03:42:00,22.82,56.47,1118.5,3.03,50.0,1894.9,1.63,62.83,6.96,13.92,0,Normal
2024-01-03 03:43:00,23.92,54.47,1047.9,3.65,51.66,1847.7,1.61,62.7,6.56,13.93,0,Normal
2024-01-03 03:44:00,22.53,58.46,1097.8,3.38,46.98,1703.9,1.18,59.25,5.49,12.16,0,Normal
2024-01-03 03:45:00,23.71,55.93,1100.5,3.41,49.5,1752.3,1.33,60.26,6.54,12.4,0,Normal
2024-01-03 03:46:00,23.3,56.39,1109.1,3.6,46.91,1597.8,1.16,58.93,4.88,10.82,0,Normal
2024-01-03 03:47:00,22.9,51.93,1064.2,3.4,49.67,1767.5,1.35,58.79,6.12,13.44,0,Normal
2024-01-03 03:48:00,23.61,55.66,1047.9,3.61,51.32,1811.3,1.4,59.84,6.26,13.07,0,Normal
2024-01-03 03:49:00,22.75,54.27,1089.5,3.52,47.99,1609.9,1.43,60.17,5.6,12.1,0,Normal
2024-01-03 03:50:00,23.56,56.25,1067.8,3.48,49.05,1602.0,1.26,59.54,5.25,11.67,0,Normal
2024-01-03 03:51:00,22.85,58.78,1042.4,3.19,49.33,1680.2,1.48,60.69,5.76,12.37,0,Normal
2024-01-03 03:52:00,23.82,53.44,1063.4,3.34,50.91,1762.2,1.32,60.22,5.94,12.55,0,Normal
2024-01-03 03:53:00,23.14,55.65,1097.9,3.62,47.61,1670.0,1.13,57.1,5.59,11.79,0,Normal
2024-01-03 03:54:00,23.4,54.68,1091.5,3.36,49.01,1724.8,1.49,61.15,6.29,13.75,0,Normal
2024-01-03 03:55:00,23.79,56.72,1115.4,3.74,49.8,1696.3,1.46,60.77,5.47,12.94,0,Normal
2024-01-03 03:56:00,23.28,55.94,1102.3,3.97,49.14,1704.1,1.25,59.27,5.38,12.34,0,Normal
2024-01-03 03:57:00,23.66,57.71,1082.7,3.63,48.73,1620.8,1.22,59.82,5.67,12.31,0,Normal
2024-01-03 03:58:00,22.95,57.01,1077.3,3.8,50.28,1810.1,1.41,59.77,6.4,13.52,0,Normal
2024-01-03 03:59:00,24.04,54.78,1088.1,3.64,51.62,1945.0,1.26,59.64,5.97,13.81,0,Normal
2024-01-03 04:00:00,24.63,53.46,1107.4,3.39,49.65,1649.3,1.38,60.46,6.08,12.85,0,Normal
2024-01-03 04:01:00,25.17,53.63,1099.2,3.54,50.25,1689.4,1.25,58.98,5.79,12.06,0,Normal
2024-01-03 04:02:00,23.84,52.19,1106.5,3.9,49.5,1821.3,1.4,58.94,6.39,13.17,0,Normal
2024-01-03 04:03:00,24.21,54.26,1131.0,3.4,49.16,1740.4,1.18,58.22,5.48,12.74,0,Normal
2024-01-03 04:04:00,22.94,56.3,1058.4,3.29,49.55,1724.8,1.37,60.14,5.53,12.01,0,Normal
2024-01-03 04:05:00,24.61,54.5,1144.2,3.27,49.56,1788.1,1.48,60.61,6.1,13.6,0,Normal
2024-01-03 04:06:00,24.26,53.74,1108.1,3.46,47.83,1562.1,1.16,58.72,5.19,10.9,0,Normal
2024-01-03 04:07:00,23.65,53.56,1099.1,3.3,50.48,1825.5,1.48,60.48,6.24,14.63,0,Normal
2024-01-03 04:08:00,24.54,53.55,1068.2,3.83,49.86,1753.8,1.4,59.45,5.94,13.99,0,Normal
2024-01-03 04:09:00,23.81,53.21,1051.1,3.54,49.72,1749.1,1.37,60.31,6.52,12.99,0,Normal
2024-01-03 04:10:00,23.73,52.1,1098.2,3.69,49.42,1711.9,1.21,59.12,5.23,13.71,0,Normal
2024-01-03 04:11:00,24.22,55.2,1124.1,3.44,48.46,1730.7,1.45,60.97,5.72,14.21,0,Normal
2024-01-03 04:12:00,23.47,56.32,1072.6,3.27,47.88,1582.1,1.33,59.22,5.37,12.48,0,Normal
2024-01-03 04:13:00,24.54,54.24,1152.5,3.24,51.72,1855.5,1.63,60.5,6.65,15.73,0,Normal
2024-01-03 04:14:00,23.52,57.32,1108.7,3.32,48.45,1770.4,1.33,57.99,6.13,13.18,0,Normal
2024-01-03 04:15:00,23.54,54.33,1068.1,3.57,50.08,1793.9,1.15,58.69,6.14,12.79,0,Normal
2024-01-03 04:16:00,23.63,53.01,1093.5,3.6,49.82,1767.6,1.28,59.79,6.28,13.65,0,Normal
2024-01-03 04:17:00,24.49,53.51,1171.7,3.62,47.59,1671.6,1.14,58.46,5.6,11.96,0,Normal
2024-01-03 04:18:00,23.82,54.3,1065.4,3.2,50.11,1750.4,1.44,60.23,5.59,13.49,0,Normal
2024-01-03 04:19:00,23.48,54.17,1102.8,3.5,48.8,1756.1,1.28,58.46,5.36,12.91,0,Normal
2024-01-03 04:20:00,23.87,54.61,1089.4,3.29,50.06,1795.3,1.5,59.68,6.61,14.49,0,Normal
2024-01-03 04:21:00,24.18,53.26,1121.3,3.58,48.1,1533.7,1.28,59.71,5.68,12.39,0,Normal
2024-01-03 04:22:00,23.63,52.41,1124.3,3.6,48.82,1725.2,1.43,60.27,6.15,13.78,0,Normal
2024-01-03 04:23:00,23.67,54.44,1083.6,3.27,48.57,1712.6,1.49,60.5,5.74,13.41,0,Normal
2024-01-03 04:24:00,25.32,50.42,1154.3,3.69,50.41,1779.7,1.29,58.7,5.92,13.87,0,Normal
2024-01-03 04:25:00,23.85,55.11,1152.6,3.97,48.3,1755.9,1.24,58.57,5.65,13.94,0,Normal
2024-01-03 04:26:00,24.15,53.25,1104.6,3.67,48.08,1668.6,1.4,60.21,5.46,13.35,0,Normal
2024-01-03 04:27:00,24.15,55.91,1122.5,3.47,48.65,1654.2,1.15,59.0,5.58,13.21,0,Normal
2024-01-03 04:28:00,24.14,56.65,1088.0,3.44,51.02,1718.2,1.56,61.36,6.89,15.01,0,Normal
2024-01-03 04:29:00,24.68,54.29,1114.2,3.46,47.97,1645.5,1.19,59.89,5.33,12.27,0,Normal
2024-01-03 04:30:00,24.87,50.61,1113.0,3.35,49.96,1834.6,1.52,60.71,6.75,14.91,0,Normal
2024-01-03 04:31:00,24.26,56.28,1125.2,3.55,49.45,1681.9,1.37,61.05,5.58,13.62,0,Normal
2024-01-03 04:32:00,23.82,57.19,1126.5,3.27,46.37,1564.3,1.27,59.36,4.83,12.43,0,Normal
2024-01-03 04:33:00,25.1,52.55,1119.2,3.12,50.1,1714.9,1.73,62.39,6.65,14.51,0,Normal
2024-01-03 04:34:00,24.44,55.7,1147.1,3.54,47.59,1698.3,1.25,59.91,5.56,12.98,0,Normal
2024-01-03 04:35:00,25.37,51.2,1165.7,3.5,47.99,1660.7,1.12,58.09,5.81,12.25,0,Normal
2024-01-03 04:36:00,23.41,52.77,1109.3,3.39,48.95,1675.3,1.39,60.0,6.27,14.58,0,Normal
2024-01-03 04:37:00,24.65,52.19,1100.1,3.24,49.49,1760.2,1.45,59.79,6.02,14.8,0,Normal
2024-01-03 04:38:00,25.53,54.33,1115.4,3.56,52.25,1799.0,1.53,62.1,6.87,15.16,0,Normal
2024-01-03 04:39:00,24.42,51.51,1088.1,3.3,50.86,1725.1,1.56,61.66,5.98,14.97,0,Normal
2024-01-03 04:40:00,24.51,53.59,1133.9,3.47,47.9,1666.7,1.29,60.28,5.36,13.76,0,Normal
2024-01-03 04:41:00,24.79,53.13,1085.5,3.85,51.24,1799.1,1.41,60.78,6.58,14.74,0,Normal
2024-01-03 04:42:00,24.38,53.04,1124.6,3.63,49.06,1709.5,1.32,60.62,5.36,13.76,0,Normal
2024-01-03 04:43:00,24.53,52.88,1083.6,3.23,49.79,1720.4,1.64,61.25,6.25,15.21,0,Normal
2024-01-03 04:44:00,24.54,53.64,1131.4,3.25,48.59,1692.0,1.37,60.72,6.18,14.23,0,Normal
2024-01-03 04:45:00,24.42,52.9,1108.8,3.53,48.01,1588.5,1.16,58.52,5.73,12.09,0,Normal
2024-01-03 04:46:00,25.37,49.9,1160.7,3.22,49.14,1713.0,1.53,61.03,5.93,14.63,0,Normal
2024-01-03 04:47:00,25.01,53.01,1148.7,3.1,49.69,1750.9,1.43,61.05,6.38,14.55,0,Normal
2024-01-03 04:48:00,24.93,54.44,1154.4,3.61,49.59,1721.6,1.38,61.85,5.61,14.11,0,Normal
2024-01-03 04:49:00,25.23,53.59,1161.1,3.56,48.04,1691.3,1.27,59.98,5.46,13.58,0,Normal
2024-01-03 04:50:00,24.71,52.0,1117.9,3.59,49.75,1713.4,1.33,60.62,5.96,14.56,0,Normal
2024-01-03 04:51:00,24.48,51.76,1080.7,3.55,50.22,1785.6,1.65,61.52,6.54,16.74,0,Normal
2024-01-03 04:52:00,24.59,53.01,1085.5,3.49,49.66,1645.6,1.45,60.78,5.57,14.58,0,Normal
2024-01-03 04:53:00,24.92,55.2,1066.1,3.37,51.72,1767.8,1.6,61.72,7.0,16.21,0,Normal
2024-01-03 04:54:00,24.41,54.73,1081.1,3.6,48.66,1691.5,1.35,60.92,5.23,14.03,0,Normal
2024-01-03 04:55:00,24.71,54.28,1115.9,3.81,49.49,1650.6,1.17,58.91,5.59,12.58,0,Normal
2024-01-03 04:56:00,24.73,54.53,1100.5,3.4,48.3,1650.3,1.34,60.8,5.74,14.14,0,Normal
2024-01-03 04:57:00,26.07,51.41,1136.9,3.3,50.64,1720.8,1.52,60.27,5.66,15.56,0,Normal
2024-01-03 04:58:00,23.64,55.32,1105.2,3.27,49.69,1795.8,1.51,61.97,6.65,15.75,0,Normal
2024-01-03 04:59:00,24.96,53.76,1111.7,3.33,49.67,1788.2,1.47,60.19,5.97,15.35,0,Normal
2024-01-03 05:00:00,25.94,50.19,1110.7,3.54,52.65,1816.9,1.47,61.7,6.48,15.48,0,Normal
2024-01-03 05:01:00,25.16,50.29,1121.9,3.07,50.63,1776.2,1.6,61.05,6.48,16.48,0,Normal
2024-01-03 05:02:00,25.5,52.89,1107.5,3.59,50.15,1661.0,1.27,60.11,5.32,14.08,0,Normal
2024-01-03 05:03:00,25.2,54.2,1117.2,3.63,49.38,1718.3,1.39,59.62,5.63,15.55,0,Normal
2024-01-03 05:04:00,24.84,51.32,1150.3,3.14,47.42,1688.4,1.2,59.66,6.01,13.63,0,Normal
2024-01-03 05:05:00,24.07,55.6,1094.7,3.3,51.96,1837.9,1.71,63.01,6.69,17.38,0,Normal
2024-01-03 05:06:00,25.32,54.65,1170.6,3.52,48.14,1615.2,1.13,58.17,4.55,13.26,0,Normal
2024-01-03 05:07:00,24.85,52.96,1152.8,3.47,50.29,1799.0,1.34,60.48,6.02,15.31,0,Normal
2024-01-03 05:08:00,24.86,51.72,1102.8,3.6,51.4,1813.6,1.49,61.75,6.37,16.7,0,Normal
2024-01-03 05:09:00,25.04,52.82,1093.0,3.47,51.95,1875.1,1.59,61.12,6.73,17.87,0,Normal
2024-01-03 05:10:00,26.18,49.75,1142.3,3.75,50.19,1743.9,1.54,60.51,5.61,15.65,0,Normal
2024-01-03 05:11:00,26.54,49.01,1179.5,3.44,51.52,1813.0,1.53,60.59,6.43,16.45,0,Normal
2024-01-03 05:12:00,25.47,52.51,1117.0,3.3,52.37,1873.8,1.6,61.0,6.45,18.15,0,Normal
2024-01-03 05:13:00,25.15,50.03,1145.7,3.29,49.59,1689.7,1.44,59.81,6.02,15.55,0,Normal
2024-01-03 05:14:00,24.81,50.87,1146.5,3.65,46.76,1618.6,1.34,60.31,5.66,14.51,0,Normal
2024-01-03 05:15:00,25.66,51.54,1113.9,3.51,49.61,1604.5,1.54,61.56,6.02,15.49,0,Normal
2024-01-03 05:16:00,26.34,50.25,1129.9,3.63,50.5,1791.2,1.38,59.18,6.58,16.26,0,Normal
2024-01-03 05:17:00,25.35,52.58,1144.8,3.62,48.69,1625.8,1.3,59.33,6.27,14.49,0,Normal
2024-01-03 05:18:00,24.31,56.76,1110.0,3.1,49.56,1719.4,1.49,60.08,5.73,16.14,0,Normal
2024-01-03 05:19:00,25.86,51.32,1120.0,3.27,50.95,1814.6,1.53,61.86,6.28,16.86,0,Normal
2024-01-03 05:20:00,26.04,51.73,1131.9,3.3,50.62,1761.8,1.68,61.76,6.65,17.89,0,Normal
2024-01-03 05:21:00,24.78,51.64,1113.8,3.34,50.15,1741.6,1.36,59.08,5.97,15.64,0,Normal
2024-01-03 05:22:00,25.68,52.63,1094.5,3.42,50.7,1739.7,1.21,59.47,5.06,14.96,0,Normal
2024-01-03 05:23:00,25.84,50.4,1156.0,3.7,50.89,1853.2,1.46,61.3,6.34,17.66,0,Normal
2024-01-03 05:24:00,25.6,51.72,1120.1,3.74,50.91,1614.9,1.4,59.84,6.22,15.32,0,Normal
2024-01-03 05:25:00,25.27,52.05,1055.8,3.44,51.65,1644.2,1.42,60.55,5.57,15.51,0,Normal
2024-01-03 05:26:00,26.2,52.1,1143.3,3.45,49.2,1684.7,1.4,59.68,5.94,15.86,0,Normal
2024-01-03 05:27:00,25.51,49.82,1111.6,3.36,51.42,1833.1,1.61,62.65,5.98,17.84,0,Normal
2024-01-03 05:28:00,24.99,49.29,1162.1,3.52,49.98,1850.6,1.46,60.47,6.59,16.84,0,Normal
2024-01-03 05:29:00,24.73,52.86,1100.0,3.54,50.49,1764.9,1.47,60.34,6.27,16.79,0,Normal
2024-01-03 05:30:00,26.41,50.86,1120.8,3.66,51.46,1862.3,1.52,61.23,6.35,17.29,0,Normal
2024-01-03 05:31:00,26.11,50.92,1155.0,3.66,49.34,1657.7,1.08,58.34,5.35,14.63,0,Normal
2024-01-03 05:32:00,25.87,52.98,1121.0,3.04,52.59,1806.4,1.68,62.8,6.21,18.48,0,Normal
2024-01-03 05:33:00,25.63,52.22,1113.2,3.47,51.43,1849.4,1.35,61.15,6.61,16.5,0,Normal
2024-01-03 05:34:00,25.61,50.75,1145.0,3.78,51.76,1771.3,1.38,61.38,5.97,16.38,0,Normal
2024-01-03 05:35:00,25.36,48.56,1101.3,3.41,53.1,1900.4,1.56,61.43,6.9,18.63,0,Normal
2024-01-03 05:36:00,25.71,51.07,1097.8,3.73,49.82,1619.8,1.36,60.34,5.45,14.75,0,Normal
2024-01-03 05:37:00,24.89,54.44,1160.9,3.44,47.87,1657.5,1.32,60.73,6.3,16.58,0,Normal
2024-01-03 05:38:00,25.6,51.02,1146.6,3.53,49.49,1634.6,1.35,61.12,6.21,14.94,0,Normal
2024-01-03 05:39:00,25.84,51.23,1130.2,3.27,51.21,1791.2,1.51,60.58,6.97,17.85,0,Normal
2024-01-03 05:40:00,26.33,50.95,1146.4,3.28,49.82,1579.7,1.47,61.17,6.44,15.67,0,Normal
2024-01-03 05:41:00,26.02,49.33,1153.1,3.65,51.7,1776.4,1.26,60.12,5.89,15.84,0,Normal
2024-01-03 05:42:00,26.47,51.0,1173.7,3.68,51.1,1846.8,1.35,60.9,6.01,17.35,0,Normal
2024-01-03 05:43:00,26.77,51.98,1136.4,3.51,52.81,1753.1,1.61,62.84,7.1,17.8,0,Normal
2024-01-03 05:44:00,26.65,49.48,1162.1,3.25,50.86,1795.2,1.49,60.27,6.26,18.07,0,Normal
2024-01-03 05:45:00,26.38,48.53,1134.8,3.51,49.67,1710.6,1.15,58.41,5.93,14.36,0,Normal
2024-01-03 05:46:00,26.17,50.49,1138.7,3.75,51.17,1643.4,1.45,61.44,5.79,16.52,0,Normal
2024-01-03 05:47:00,25.7,48.11,1138.0,3.85,51.74,1819.5,1.51,61.33,6.26,17.9,0,Normal
2024-01-03 05:48:00,26.58,50.36,1151.5,3.44,50.95,1830.9,1.57,59.91,6.72,18.42,0,Normal
2024-01-03 05:49:00,27.08,49.64,1179.9,3.17,50.35,1737.1,1.52,59.96,5.6,17.64,0,Normal
2024-01-03 05:50:00,26.43,52.64,1160.8,3.67,50.25,1661.1,1.47,61.31,6.21,16.07,0,Normal
2024-01-03 05:51:00,27.24,48.37,1127.1,3.44,49.64,1589.1,1.43,61.14,5.91,15.93,0,Normal
2024-01-03 05:52:00,25.55,52.33,1097.0,3.69,49.98,1633.0,1.43,59.63,5.7,16.73,0,Normal
2024-01-03 05:53:00,25.75,50.05,1125.9,3.56,51.62,1916.4,1.6,62.52,6.73,19.57,0,Normal
2024-01-03 05:54:00,26.78,48.95,1201.4,3.32,47.55,1669.0,1.34,59.64,5.72,15.85,0,Normal
2024-01-03 05:55:00,26.51,47.69,1129.0,3.51,51.16,1742.7,1.39,59.74,6.18,16.43,0,Normal
2024-01-03 05:56:00,27.06,48.7,1156.0,3.76,51.77,1817.5,1.29,59.6,6.41,17.29,0,Normal
2024-01-03 05:57:00,26.42,49.69,1135.0,3.47,49.95,1603.9,1.37,59.36,5.49,16.68,0,Normal
2024-01-03 05:58:00,26.02,51.32,1126.5,3.29,50.43,1726.9,1.52,60.72,6.99,18.04,0,Normal
2024-01-03 05:59:00,26.37,49.3,1151.8,3.18,50.39,1861.9,1.55,59.98,6.41,19.26,0,Normal
2024-01-03 06:00:00,25.73,51.5,1169.7,3.35,54.46,2192.8,1.91,63.82,7.78,24.25,0,Normal
2024-01-03 06:01:00,25.96,50.47,1150.6,3.42,58.74,2429.1,2.06,65.69,9.34,26.54,0,Normal
2024-01-03 06:02:00,27.03,48.54,1140.6,3.66,54.72,2078.0,1.78,62.21,6.91,22.29,0,Normal
2024-01-03 06:03:00,27.01,49.21,1229.0,3.28,55.47,2312.2,1.88,63.86,8.68,25.1,0,Normal
2024-01-03 06:04:00,26.78,49.56,1157.5,3.81,55.72,2107.6,1.6,61.66,7.42,21.2,0,Normal
2024-01-03 06:05:00,25.76,52.47,1120.8,3.23,56.34,2239.0,1.94,64.78,7.92,25.04,0,Normal
2024-01-03 06:06:00,26.46,49.88,1184.6,3.97,55.25,2279.3,1.84,61.94,7.63,24.83,0,Normal
2024-01-03 06:07:00,26.06,50.28,1129.4,3.85,54.91,2170.7,1.59,62.59,7.07,22.09,0,Normal
2024-01-03 06:08:00,27.28,48.32,1207.2,3.53,56.48,2252.9,1.99,63.34,8.07,25.47,0,Normal
2024-01-03 06:09:00,26.42,49.06,1126.7,3.17,55.18,2056.0,1.68,62.5,7.43,21.64,0,Normal
2024-01-03 06:10:00,26.2,50.01,1179.7,3.49,56.46,2214.6,1.85,63.29,8.12,24.35,0,Normal
2024-01-03 06:11:00,26.78,52.54,1160.6,3.42,57.13,2175.5,1.75,63.03,7.87,23.42,0,Normal
2024-01-03 06:12:00,26.47,48.69,1181.6,3.25,54.5,2197.6,1.62,61.16,7.36,23.21,0,Normal
2024-01-03 06:13:00,27.55,47.69,1218.6,3.56,56.56,2294.4,1.94,65.49,8.61,25.52,0,Normal
2024-01-03 06:14:00,26.47,49.48,1121.1,3.34,56.53,2234.4,1.92,63.29,8.86,24.32,0,Normal
2024-01-03 06:15:00,26.16,50.24,1175.1,3.36,56.04,2198.3,1.75,62.33,8.22,23.54,0,Normal
2024-01-03 06:16:00,25.81,50.75,1100.9,3.46,55.24,2144.3,1.75,64.33,7.5,24.1,0,Normal
2024-01-03 06:17:00,26.89,49.71,1131.7,3.39,55.4,2143.7,1.88,64.03,7.9,24.37,0,Normal
2024-01-03 06:18:00,26.65,47.16,1132.9,3.92,56.64,2309.1,1.79,62.56,8.24,24.19,0,Normal
2024-01-03 06:19:00,26.24,52.02,1157.4,3.39,56.74,2326.8,1.96,64.36,8.78,26.75,0,Normal
2024-01-03 06:20:00,27.57,49.02,1172.3,3.59,56.7,2135.6,1.77,63.16,7.6,23.26,0,Normal
2024-01-03 06:21:00,27.34,46.63,1162.6,3.53,56.57,2202.9,1.8,62.33,7.58,24.76,0,Normal
2024-01-03 06:22:00,27.01,45.67,1163.9,3.57,54.59,2066.5,1.65,61.85,7.63,23.08,0,Normal
2024-01-03 06:23:00,27.73,46.31,1189.4,3.59,58.46,2279.1,1.88,64.2,8.36,25.75,0,Normal
2024-01-03 06:24:00,27.41,48.0,1184.8,3.68,56.96,2259.1,1.79,64.37,7.66,24.55,0,Normal
2024-01-03 06:25:00,26.69,53.53,1181.1,3.55,57.69,2283.8,1.83,63.7,8.35,25.46,0,Normal
2024-01-03 06:26:00,26.6,50.63,1197.6,3.54,55.12,2112.2,1.72,62.78,8.04,23.68,0,Normal
2024-01-03 06:27:00,27.56,45.39,1170.6,3.51,55.06,2163.1,1.73,62.36,7.4,23.51,0,Normal
2024-01-03 06:28:00,27.37,47.4,1154.3,3.47,56.22,2214.9,1.77,64.03,7.56,24.43,0,Normal
2024-01-03 06:29:00,27.28,48.52,1180.9,3.32,57.03,2226.8,2.03,65.52,8.21,26.71,0,Normal
2024-01-03 06:30:00,26.79,49.85,1127.3,3.49,56.0,2133.4,1.94,64.78,8.04,24.99,0,Normal
2024-01-03 06:31:00,27.55,46.15,1153.9,3.55,55.77,2125.3,1.78,63.39,7.61,24.71,0,Normal
2024-01-03 06:32:00,26.89,49.1,1182.7,3.58,56.36,2195.6,1.84,62.6,8.22,24.99,0,Normal
2024-01-03 06:33:00,27.24,47.59,1161.7,3.54,56.19,2233.8,1.79,64.19,7.97,24.02,0,Normal
2024-01-03 06:34:00,28.04,45.58,1150.5,3.45,56.12,2108.6,1.92,64.18,8.08,24.71,0,Normal
2024-01-03 06:35:00,27.01,49.48,1122.9,3.49,58.66,2282.9,2.16,65.6,8.35,28.25,0,Normal
2024-01-03 06:36:00,26.57,51.03,1152.7,3.39,57.47,2254.7,1.94,64.76,7.82,27.0,0,Normal
2024-01-03 06:37:00,26.86,50.62,1185.7,3.56,56.34,2146.9,1.76,63.39,7.59,24.51,0,Normal
2024-01-03 06:38:00,27.9,48.33,1206.3,3.46,56.6,2182.9,1.9,63.37,7.54,25.71,0,Normal
2024-01-03 06:39:00,27.56,47.35,1173.9,3.54,57.05,2262.5,1.92,64.04,8.27,26.53,0,Normal
2024-01-03 06:40:00,27.39,49.47,1218.0,3.7,54.74,2172.1,1.69,61.31,6.95,24.94,0,Normal
2024-01-03 06:41:00,27.22,49.16,1161.9,3.36,56.48,2277.5,2.0,64.72,8.09,27.24,0,Normal
2024-01-03 06:42:00,27.74,47.96,1171.4,3.62,54.23,2094.2,1.79,64.11,7.39,24.0,0,Normal
2024-01-03 06:43:00,27.1,48.0,1097.8,3.51,57.65,2211.2,1.82,62.52,7.67,26.78,0,Normal
2024-01-03 06:44:00,27.7,47.09,1162.9,3.9,54.86,2063.3,1.88,63.86,7.46,24.86,0,Normal
2024-01-03 06:45:00,27.21,48.84,1185.4,3.46,56.95,2297.4,1.8,63.99,8.08,25.7,0,Normal
2024-01-03 06:46:00,27.15,52.49,1202.1,3.64,54.76,2163.2,1.66,63.08,7.89,23.93,0,Normal
2024-01-03 06:47:00,27.3,49.01,1145.3,3.5,56.76,2177.2,1.88,63.47,7.6,26.25,0,Normal
2024-01-03 06:48:00,27.46,47.36,1180.7,3.22,55.67,2229.1,2.17,64.77,8.37,27.39,0,Normal
2024-01-03 06:49:00,27.64,46.69,1199.0,3.4,55.81,2131.4,1.78,62.87,7.81,25.38,0,Normal
2024-01-03 06:50:00,27.81,46.91,1176.4,3.68,57.91,2267.2,1.79,64.45,8.07,26.26,0,Normal
2024-01-03 06:51:00,25.87,54.4,1080.3,3.41,55.45,2068.4,1.83,62.37,7.41,25.12,0,Normal
2024-01-03 06:52:00,27.33,47.9,1172.9,3.06,57.29,2260.4,2.05,64.18,7.96,28.34,0,Normal
2024-01-03 06:53:00,27.56,49.44,1190.3,3.49,56.89,2228.1,1.96,64.16,8.69,26.65,0,Normal
2024-01-03 06:54:00,28.54,45.77,1167.0,3.28,56.43,2139.3,1.89,63.31,7.85,26.28,0,Normal
2024-01-03 06:55:00,27.27,49.01,1159.0,3.53,56.13,2129.6,1.72,62.94,7.5,25.39,0,Normal
2024-01-03 06:56:00,27.91,48.65,1149.4,3.81,59.52,2317.4,2.18,67.03,9.35,29.27,0,Normal
2024-01-03 06:57:00,28.6,45.36,1127.8,3.65,57.53,2154.8,1.53,61.21,7.61,23.56,0,Normal
2024-01-03 06:58:00,27.22,47.74,1190.1,3.81,54.79,2075.7,1.84,63.4,8.29,25.65,0,Normal
2024-01-03 06:59:00,28.1,49.61,1181.9,3.39,57.62,2254.5,2.06,65.12,7.9,28.93,0,Normal
2024-01-03 07:00:00,27.52,49.64,1210.4,3.47,55.57,2233.1,1.79,63.09,7.77,27.52,0,Normal
2024-01-03 07:01:00,27.69,49.04,1195.3,3.29,54.86,2050.0,1.98,63.22,7.22,26.8,0,Normal
2024-01-03 07:02:00,27.57,49.26,1162.5,3.36,57.28,2255.2,1.82,63.29,8.01,27.96,0,Normal
2024-01-03 07:03:00,27.63,48.66,1170.5,3.31,54.96,2126.8,1.93,63.63,7.71,26.66,0,Normal
2024-01-03 07:04:00,29.38,47.85,1221.7,3.24,58.66,2274.6,1.85,64.48,8.07,27.8,0,Normal
2024-01-03 07:05:00,28.46,46.54,1213.4,3.77,57.05,2209.4,1.7,63.26,7.81,26.07,0,Normal
2024-01-03 07:06:00,28.61,47.06,1200.3,3.08,58.76,2183.3,1.95,63.53,8.02,27.5,0,Normal
2024-01-03 07:07:00,28.33,44.53,1214.3,3.77,55.99,2202.1,1.7,62.59,7.68,26.22,0,Normal
2024-01-03 07:08:00,27.3,47.31,1158.7,3.75,58.13,2345.1,1.93,64.11,8.18,28.8,0,Normal
2024-01-03 07:09:00,28.33,44.91,1161.6,3.6,56.93,2117.3,1.72,64.43,8.06,24.74,0,Normal
2024-01-03 07:10:00,28.69,47.97,1192.2,3.28,55.28,2132.5,1.65,62.71,7.14,24.84,0,Normal
2024-01-03 07:11:00,27.75,43.92,1180.1,3.18,57.37,2209.8,2.04,64.27,8.27,29.2,0,Normal
2024-01-03 07:12:00,28.68,45.47,1163.6,3.39,58.54,2332.4,2.04,64.61,8.17,30.07,0,Normal
2024-01-03 07:13:00,28.57,41.78,1158.1,3.63,56.1,2125.8,1.81,63.26,7.44,26.38,0,Normal
2024-01-03 07:14:00,29.17,43.94,1214.6,3.5,56.74,2173.4,1.87,64.2,7.68,26.99,0,Normal
2024-01-03 07:15:00,28.06,46.46,1171.0,3.29,57.56,2195.0,2.05,65.43,8.16,29.09,0,Normal
2024-01-03 07:16:00,27.74,49.84,1170.7,3.73,55.63,2208.0,1.77,63.37,7.83,27.67,0,Normal
2024-01-03 07:17:00,28.13,47.66,1173.7,3.84,56.24,2038.1,1.77,63.14,7.15,26.31,0,Normal
2024-01-03 07:18:00,29.05,44.15,1239.1,3.45,57.2,2255.0,1.85,63.8,7.95,28.47,0,Normal
2024-01-03 07:19:00,27.44,49.9,1200.4,3.52,57.19,2362.4,1.9,64.09,8.04,29.39,0,Normal
2024-01-03 07:20:00,27.35,48.5,1136.0,3.2,56.61,2192.0,2.1,63.99,7.86,30.15,0,Normal
2024-01-03 07:21:00,28.45,46.55,1175.6,3.42,54.93,2061.0,1.89,63.81,7.91,27.38,0,Normal
2024-01-03 07:22:00,28.2,45.13,1205.3,3.6,55.84,2105.0,1.81,63.1,7.22,25.93,0,Normal
2024-01-03 07:23:00,28.45,45.0,1204.1,3.57,57.22,2164.9,1.75,62.17,7.81,26.38,0,Normal
2024-01-03 07:24:00,28.94,44.36,1197.8,3.4,57.07,2267.1,1.85,65.58,8.6,28.15,0,Normal
2024-01-03 07:25:00,28.22,46.98,1155.9,3.45,58.07,2229.6,2.08,65.52,8.69,29.71,0,Normal
2024-01-03 07:26:00,27.58,48.17,1154.5,3.41,56.37,2190.5,2.01,64.7,8.18,29.45,0,Normal
2024-01-03 07:27:00,29.56,46.81,1198.3,3.44,57.36,2188.5,1.89,63.88,7.99,28.47,0,Normal
2024-01-03 07:28:00,28.06,47.77,1188.2,3.58,55.15,2109.5,1.98,64.89,8.0,28.28,0,Normal
2024-01-03 07:29:00,28.05,43.14,1223.7,3.11,56.21,2265.1,2.07,64.22,8.37,30.35,0,Normal
2024-01-03 07:30:00,29.16,45.61,1186.0,3.49,57.9,2253.8,1.83,63.63,8.52,29.68,0,Normal
2024-01-03 07:31:00,28.43,44.34,1163.0,3.57,55.44,2100.2,1.72,62.26,7.46,26.3,0,Normal
2024-01-03 07:32:00,28.62,44.74,1189.6,3.39,59.03,2353.2,2.07,65.86,8.93,31.3,0,Normal
2024-01-03 07:33:00,28.91,44.44,1224.0,3.4,57.37,2236.1,1.95,63.89,8.05,29.3,0,Normal
2024-01-03 07:34:00,29.23,44.08,1168.5,3.41,58.98,2318.1,2.16,66.66,9.23,32.73,0,Normal
2024-01-03 07:35:00,28.55,44.25,1227.3,3.4,55.42,2144.3,1.73,62.9,7.54,27.15,0,Normal
2024-01-03 07:36:00,29.5,44.91,1205.6,3.5,54.96,2139.2,1.65,62.97,6.97,25.85,0,Normal
2024-01-03 07:37:00,27.69,45.74,1155.5,3.53,55.92,2165.8,1.88,64.16,7.86,28.08,0,Normal
2024-01-03 07:38:00,29.16,45.75,1163.2,3.08,58.46,2262.5,2.05,65.92,8.62,29.97,0,Normal
2024-01-03 07:39:00,28.38,49.97,1205.3,3.63,58.33,2328.0,2.2,65.39,9.17,32.58,0,Normal
2024-01-03 07:40:00,29.51,42.59,1205.9,3.44,57.93,2279.9,2.07,65.85,8.11,30.45,0,Normal
2024-01-03 07:41:00,28.92,45.22,1202.6,3.89,55.42,2192.4,1.67,61.32,7.1,26.92,0,Normal
2024-01-03 07:42:00,28.53,42.56,1168.1,3.26,55.62,2125.7,1.99,64.52,8.0,29.49,0,Normal
2024-01-03 07:43:00,29.22,44.65,1196.4,3.33,58.44,2293.7,2.1,65.12,8.65,32.12,0,Normal
2024-01-03 07:44:00,29.36,45.82,1195.0,3.46,57.85,2129.5,1.94,63.47,7.54,29.43,0,Normal
2024-01-03 07:45:00,29.25,46.12,1202.6,3.58,59.18,2317.6,1.98,64.23,8.38,30.65,0,Normal
2024-01-03 07:46:00,28.44,46.63,1172.0,3.11,57.71,2164.0,2.05,64.64,8.06,29.8,0,Normal
2024-01-03 07:47:00,28.73,47.31,1156.3,3.33,59.15,2295.7,1.84,63.92,8.52,29.94,0,Normal
2024-01-03 07:48:00,28.99,49.33,1268.1,3.62,56.31,2300.6,2.02,64.36,8.16,31.91,0,Normal
2024-01-03 07:49:00,29.0,48.07,1165.9,3.31,56.82,2196.8,1.59,62.36,7.51,27.23,0,Normal
2024-01-03 07:50:00,29.41,43.97,1212.8,3.77,57.04,2132.5,1.72,62.52,7.71,28.44,0,Normal
2024-01-03 07:51:00,28.05,45.03,1136.8,3.41,57.09,2155.7,1.72,62.79,7.31,28.23,0,Normal
2024-01-03 07:52:00,29.25,44.44,1155.1,3.32,58.75,2257.8,1.97,64.56,8.89,30.75,0,Normal
2024-01-03 07:53:00,28.96,44.15,1201.6,3.62,56.9,2169.8,1.82,63.76,8.12,29.23,0,Normal
2024-01-03 07:54:00,28.71,46.71,1198.5,3.82,56.33,2095.4,1.59,62.85,7.19,25.97,0,Normal
2024-01-03 07:55:00,28.77,44.13,1227.0,3.58,55.97,2128.8,1.5,62.31,7.01,25.6,0,Normal
2024-01-03 07:56:00,29.06,45.28,1211.2,3.75,56.9,2135.1,1.79,63.65,7.43,28.83,0,Normal
2024-01-03 07:57:00,27.39,49.66,1164.0,3.84,55.11,1991.3,1.82,63.72,7.53,27.3,0,Normal
2024-01-03 07:58:00,28.86,45.61,1173.4,3.32,56.94,2181.7,1.89,64.28,7.64,30.78,0,Normal
2024-01-03 07:59:00,28.79,44.46,1233.3,3.69,54.29,2167.9,1.82,63.14,7.59,28.42,0,Normal
2024-01-03 08:00:00,29.52,46.33,1233.5,3.2,61.33,2555.3,2.47,68.6,9.13,5.15,0,Normal
2024-01-03 08:01:00,28.87,42.92,1166.2,3.58,62.33,2505.8,2.01,64.76,9.27,5.34,0,Normal
2024-01-03 08:02:00,29.18,44.68,1204.6,3.49,61.86,2460.3,2.14,64.68,9.3,5.26,0,Normal
2024-01-03 08:03:00,30.08,43.49,1225.3,3.75,60.75,2537.4,2.0,64.43,8.99,5.63,0,Normal
2024-01-03 08:04:00,29.83,44.03,1208.0,3.73,61.97,2528.1,2.08,66.76,9.26,5.0,0,Normal
2024-01-03 08:05:00,29.8,44.32,1235.4,3.61,63.1,2767.7,2.54,68.38,10.51,5.71,0,Normal
2024-01-03 08:06:00,29.12,46.19,1223.3,3.56,61.21,2674.4,2.29,67.13,9.73,5.64,0,Normal
2024-01-03 08:07:00,29.67,44.25,1208.6,3.6,63.53,2676.0,2.41,67.69,10.2,5.97,0,Normal
2024-01-03 08:08:00,29.3,44.41,1198.9,3.51,62.96,2661.5,2.33,67.72,9.46,5.36,0,Normal
2024-01-03 08:09:00,29.34,44.28,1244.2,3.49,61.63,2673.9,2.18,66.4,9.7,5.14,0,Normal
2024-01-03 08:10:00,29.66,43.39,1236.5,3.79,62.4,2616.2,2.28,66.94,9.69,5.43,0,Normal
2024-01-03 08:11:00,29.18,46.36,1205.3,3.81,60.87,2525.9,2.23,66.96,9.65,5.3,0,Normal
2024-01-03 08:12:00,30.24,42.29,1184.1,3.47,65.86,2804.1,2.55,68.63,10.55,5.69,0,Normal
2024-01-03 08:13:00,29.44,45.99,1217.3,3.55,63.95,2730.1,2.44,68.37,10.11,5.83,0,Normal
2024-01-03 08:14:00,29.84,44.01,1234.3,3.52,60.6,2506.5,2.04,65.27,8.85,5.5,0,Normal
2024-01-03 08:15:00,30.28,42.41,1156.8,3.18,63.65,2577.0,2.48,68.22,10.3,6.06,0,Normal
2024-01-03 08:16:00,30.09,44.46,1228.1,3.43,62.95,2587.1,2.44,67.44,9.08,5.66,0,Normal
2024-01-03 08:17:00,28.89,44.61,1187.4,3.82,62.65,2593.3,2.24,66.63,9.71,6.11,0,Normal
2024-01-03 08:18:00,29.84,44.95,1211.2,3.35,63.1,2665.7,2.21,66.28,9.69,6.03,0,Normal
2024-01-03 08:19:00,30.06,43.91,1198.5,3.92,63.21,2610.8,2.36,68.37,9.71,6.27,0,Normal
2024-01-03 08:20:00,30.1,42.62,1218.3,3.73,64.8,2816.4,2.32,66.35,10.15,6.63,0,Normal
2024-01-03 08:21:00,29.12,46.08,1237.2,3.58,62.4,2717.2,2.37,68.12,9.91,6.35,0,Normal
2024-01-03 08:22:00,29.37,45.66,1196.1,3.61,62.45,2715.2,2.41,66.56,10.12,6.28,0,Normal
2024-01-03 08:23:00,30.21,45.06,1248.4,3.32,62.56,2690.7,2.5,68.69,9.8,6.44,0,Normal
2024-01-03 08:24:00,29.35,46.32,1186.9,3.45,63.43,2766.8,2.25,66.34,10.01,7.11,0,Normal
2024-01-03 08:25:00,29.6,45.15,1231.0,3.79,62.38,2640.5,2.24,67.14,9.73,7.21,0,Normal
2024-01-03 08:26:00,30.56,41.0,1231.2,3.38,62.63,2643.2,2.36,67.37,9.5,6.6,0,Normal
2024-01-03 08:27:00,29.77,47.79,1224.1,3.71,61.79,2651.7,2.38,66.49,9.92,6.84,0,Normal
2024-01-03 08:28:00,29.45,42.59,1209.1,3.22,62.24,2674.4,2.45,68.93,10.03,6.35,0,Normal
2024-01-03 08:29:00,29.39,46.22,1223.8,3.26,61.65,2722.7,2.55,69.02,9.85,7.08,0,Normal
2024-01-03 08:30:00,30.01,44.32,1156.1,3.88,62.16,2514.7,2.18,66.71,8.94,6.35,0,Normal
2024-01-03 08:31:00,29.2,43.38,1168.5,3.5,62.27,2553.7,2.24,66.31,9.21,6.87,0,Normal
2024-01-03 08:32:00,29.76,43.94,1225.7,3.39,63.07,2628.0,2.37,68.16,9.84,7.67,0,Normal
2024-01-03 08:33:00,30.07,43.45,1170.3,3.77,63.38,2600.2,2.39,66.84,9.76,6.71,0,Normal
2024-01-03 08:34:00,30.57,44.63,1218.2,3.75,65.94,2800.4,2.31,66.02,10.69,7.12,0,Normal
2024-01-03 08:35:00,30.28,42.13,1224.2,3.68,60.62,2519.0,2.22,65.32,9.13,6.92,0,Normal
2024-01-03 08:36:00,29.6,44.02,1191.4,3.39,63.24,2666.3,2.32,66.66,9.56,6.86,0,Normal
2024-01-03 08:37:00,30.57,39.17,1214.1,3.44,65.05,2781.1,2.4,67.49,10.47,8.07,0,Normal
2024-01-03 08:38:00,29.85,46.57,1223.8,3.56,65.04,2825.4,2.58,68.74,10.27,8.06,0,Normal
2024-01-03 08:39:00,29.4,43.18,1233.2,3.64,61.45,2611.4,2.13,65.74,9.15,8.29,0,Normal
2024-01-03 08:40:00,29.95,44.28,1195.0,3.4,64.22,2681.4,2.45,67.76,9.84,7.5,0,Normal
2024-01-03 08:41:00,30.77,42.16,1221.1,3.53,64.27,2681.5,2.33,66.01,9.04,7.18,0,Normal
2024-01-03 08:42:00,30.15,43.27,1204.8,3.55,62.91,2639.0,2.07,65.96,9.65,8.13,0,Normal
2024-01-03 08:43:00,30.1,44.74,1161.4,3.76,64.07,2632.8,2.33,67.28,10.11,7.84,0,Normal
2024-01-03 08:44:00,30.93,44.54,1242.1,3.65,63.78,2688.6,2.35,67.05,10.22,7.93,0,Normal
2024-01-03 08:45:00,29.41,45.14,1231.6,3.2,59.46,2453.3,2.01,66.05,9.37,8.3,0,Normal
2024-01-03 08:46:00,29.5,45.58,1235.4,3.46,63.66,2703.8,2.32,67.23,10.39,8.33,0,Normal
2024-01-03 08:47:00,29.35,45.36,1185.3,3.31,62.54,2619.8,2.17,66.43,9.43,8.51,0,Normal
2024-01-03 08:48:00,30.37,44.57,1196.0,3.61,63.37,2602.8,2.35,68.08,10.08,8.08,0,Normal
2024-01-03 08:49:00,30.28,42.5,1226.2,3.68,63.86,2761.7,2.51,67.45,10.24,8.41,0,Normal
2024-01-03 08:50:00,30.99,43.54,1260.5,3.52,62.12,2571.6,2.33,67.26,9.45,8.27,0,Normal
2024-01-03 08:51:00,30.36,44.73,1231.0,3.45,61.78,2656.0,2.41,68.23,9.58,8.88,0,Normal
2024-01-03 08:52:00,30.05,45.24,1228.2,3.51,64.17,2808.8,2.4,67.86,10.19,8.89,0,Normal
2024-01-03 08:53:00,30.27,42.22,1253.9,3.54,60.56,2542.4,2.23,65.59,9.4,8.7,0,Normal
2024-01-03 08:54:00,30.34,42.83,1208.4,3.37,63.21,2615.7,2.35,67.17,10.24,7.7,0,Normal
2024-01-03 08:55:00,29.47,45.02,1203.8,3.26,62.73,2615.7,2.4,67.83,10.0,8.11,0,Normal
2024-01-03 08:56:00,31.68,38.63,1294.4,3.09,63.89,2676.6,2.6,67.57,9.98,8.34,0,Normal
2024-01-03 08:57:00,30.6,45.02,1227.0,3.75,63.01,2603.0,2.35,66.52,9.41,8.81,0,Normal
2024-01-03 08:58:00,30.46,42.85,1197.5,3.6,63.06,2580.9,2.22,68.11,9.71,8.28,0,Normal
2024-01-03 08:59:00,30.68,42.9,1216.9,3.57,62.85,2553.9,2.1,66.37,9.61,9.48,0,Normal
2024-01-03 09:00:00,30.74,41.5,1211.4,3.75,62.99,4790.8,3.52,75.32,15.76,26.39,1,A5_Spindle_Overload
2024-01-03 09:01:00,30.34,41.11,1235.6,3.25,63.86,4869.0,3.74,76.26,15.77,26.58,1,A5_Spindle_Overload
2024-01-03 09:02:00,30.11,42.6,1199.7,3.15,63.29,4831.9,3.79,76.12,15.92,26.14,1,A5_Spindle_Overload
2024-01-03 09:03:00,30.74,42.7,1241.6,3.58,63.95,4821.8,3.72,75.32,15.99,26.22,1,A5_Spindle_Overload
2024-01-03 09:04:00,30.65,43.54,1214.6,3.56,62.05,4792.9,3.38,73.58,14.76,27.38,1,A5_Spindle_Overload
2024-01-03 09:05:00,30.07,43.82,1168.3,3.15,64.4,4719.0,3.66,76.24,15.57,27.56,1,A5_Spindle_Overload
2024-01-03 09:06:00,31.2,42.06,1251.6,3.57,62.42,4767.7,3.46,74.44,15.51,27.11,1,A5_Spindle_Overload
2024-01-03 09:07:00,30.65,42.02,1236.8,3.42,63.48,4774.1,3.77,75.86,15.81,26.22,1,A5_Spindle_Overload
2024-01-03 09:08:00,30.89,42.85,1250.7,3.34,63.85,4789.0,3.67,75.09,15.58,26.95,1,A5_Spindle_Overload
2024-01-03 09:09:00,31.23,43.7,1227.9,3.43,65.5,4798.7,3.66,75.73,16.51,27.34,1,A5_Spindle_Overload
2024-01-03 09:10:00,30.57,43.74,1211.8,3.01,63.78,4826.2,3.88,76.05,16.48,27.21,1,A5_Spindle_Overload
2024-01-03 09:11:00,30.73,43.6,1244.6,3.38,64.05,4810.9,3.63,75.39,15.62,26.54,1,A5_Spindle_Overload
2024-01-03 09:12:00,30.99,42.35,1277.8,3.36,63.24,4846.4,3.7,74.81,15.65,28.22,1,A5_Spindle_Overload
2024-01-03 09:13:00,30.24,41.01,1225.1,3.61,62.76,4787.5,3.75,75.33,15.83,27.24,1,A5_Spindle_Overload
2024-01-03 09:14:00,30.65,40.97,1243.5,3.47,65.4,4810.3,3.88,75.94,15.97,27.12,1,A5_Spindle_Overload
2024-01-03 09:15:00,30.7,43.13,1225.9,3.63,64.09,4813.8,3.58,74.44,15.96,27.74,1,A5_Spindle_Overload
2024-01-03 09:16:00,30.17,43.37,1184.9,2.99,64.14,4809.8,3.82,75.63,15.45,28.31,1,A5_Spindle_Overload
2024-01-03 09:17:00,31.83,41.07,1280.7,3.33,61.34,4851.3,3.59,75.64,15.39,28.14,1,A5_Spindle_Overload
2024-01-03 09:18:00,29.98,46.25,1242.3,3.61,60.56,4832.2,3.34,72.3,15.3,27.49,1,A5_Spindle_Overload
2024-01-03 09:19:00,30.05,44.7,1238.7,3.44,60.75,4747.2,3.64,74.96,15.57,27.52,1,A5_Spindle_Overload
2024-01-03 09:20:00,31.37,43.12,1242.9,3.67,64.16,4795.4,3.85,75.62,15.39,27.32,1,A5_Spindle_Overload
2024-01-03 09:21:00,31.09,41.89,1256.6,3.14,62.18,4799.4,3.67,75.05,15.22,28.17,1,A5_Spindle_Overload
2024-01-03 09:22:00,30.23,42.07,1247.0,3.65,62.24,4886.1,3.52,74.39,15.02,28.19,1,A5_Spindle_Overload
2024-01-03 09:23:00,31.06,41.7,1281.8,3.37,62.51,4786.8,3.61,73.41,15.18,28.68,1,A5_Spindle_Overload
2024-01-03 09:24:00,31.51,39.78,1274.9,3.35,62.99,4760.7,3.65,74.02,15.08,28.29,1,A5_Spindle_Overload
2024-01-03 09:25:00,30.77,44.64,1237.1,3.7,61.5,4817.5,3.42,72.8,15.38,29.04,1,A5_Spindle_Overload
2024-01-03 09:26:00,32.1,41.1,1229.4,3.73,63.54,4819.9,3.54,73.51,15.57,29.0,1,A5_Spindle_Overload
2024-01-03 09:27:00,29.96,44.56,1223.0,3.71,62.12,4797.0,3.63,74.87,15.41,28.54,1,A5_Spindle_Overload
2024-01-03 09:28:00,31.18,43.43,1250.0,3.91,62.74,4791.2,3.51,74.34,15.36,29.08,1,A5_Spindle_Overload
2024-01-03 09:29:00,31.43,38.09,1266.4,3.75,61.69,4838.0,3.66,74.16,15.9,29.54,1,A5_Spindle_Overload
2024-01-03 09:30:00,31.31,42.23,1280.0,3.34,61.31,4765.9,3.63,74.79,15.03,28.72,1,A5_Spindle_Overload
2024-01-03 09:31:00,30.78,40.34,1233.1,3.53,61.16,4786.4,3.44,73.26,14.58,29.1,1,A5_Spindle_Overload
2024-01-03 09:32:00,30.75,42.34,1287.5,3.43,62.91,4779.1,3.57,74.45,15.62,29.19,1,A5_Spindle_Overload
2024-01-03 09:33:00,31.13,41.2,1198.6,3.91,64.4,4843.8,3.6,74.48,15.56,29.23,1,A5_Spindle_Overload
2024-01-03 09:34:00,31.33,42.3,1257.1,3.72,59.89,4811.4,3.36,73.29,14.72,29.78,1,A5_Spindle_Overload
2024-01-03 09:35:00,31.24,41.82,1224.8,3.46,64.18,4757.4,3.51,75.51,15.56,29.9,1,A5_Spindle_Overload
2024-01-03 09:36:00,31.47,43.07,1201.7,3.68,65.23,4761.4,3.49,74.91,14.86,29.8,1,A5_Spindle_Overload
2024-01-03 09:37:00,30.45,41.98,1224.0,3.25,62.68,4874.9,3.78,76.72,15.56,29.87,1,A5_Spindle_Overload
2024-01-03 09:38:00,30.86,43.21,1200.8,3.55,63.96,2669.3,2.32,66.42,9.17,11.62,0,Normal
2024-01-03 09:39:00,30.52,43.0,1226.4,3.31,62.4,2554.5,2.43,67.39,9.75,11.98,0,Normal
2024-01-03 09:40:00,30.81,39.78,1237.1,3.16,64.76,2772.6,2.47,68.8,10.79,11.98,0,Normal
2024-01-03 09:41:00,31.53,39.57,1278.5,3.66,63.7,2766.7,2.13,67.33,9.68,13.02,0,Normal
2024-01-03 09:42:00,31.09,41.52,1204.0,3.68,64.17,2614.2,2.28,67.65,9.51,12.54,0,Normal
2024-01-03 09:43:00,32.35,41.14,1289.7,3.59,64.51,2705.3,2.55,68.07,10.78,13.07,0,Normal
2024-01-03 09:44:00,31.16,42.31,1245.6,3.46,62.8,2616.8,2.32,66.95,9.89,12.36,0,Normal
2024-01-03 09:45:00,31.1,39.96,1267.8,3.25,61.6,2505.7,2.14,66.34,9.91,11.88,0,Normal
2024-01-03 09:46:00,31.14,41.44,1232.0,3.27,62.65,2652.5,2.23,66.62,9.71,11.53,0,Normal
2024-01-03 09:47:00,30.78,45.32,1202.3,3.31,64.98,2634.8,2.56,68.36,10.22,12.34,0,Normal
2024-01-03 09:48:00,31.08,41.92,1211.2,3.45,62.52,2581.3,2.21,66.37,9.92,11.74,0,Normal
2024-01-03 09:49:00,31.69,40.17,1221.5,3.72,64.46,2680.9,2.49,68.42,10.08,12.92,0,Normal
2024-01-03 09:50:00,31.2,42.29,1255.9,3.71,61.82,2661.9,2.31,66.32,9.78,12.53,0,Normal
2024-01-03 09:51:00,30.75,43.49,1272.0,3.17,63.26,2621.2,2.35,68.18,9.05,13.05,0,Normal
2024-01-03 09:52:00,30.7,41.75,1219.9,3.36,62.61,2658.7,2.48,67.88,10.47,12.71,0,Normal
2024-01-03 09:53:00,30.95,42.74,1254.8,3.36,61.92,2555.4,2.19,66.37,9.49,12.82,0,Normal
2024-01-03 09:54:00,31.23,41.0,1206.4,2.99,62.31,2564.1,2.29,67.74,9.49,12.36,0,Normal
2024-01-03 09:55:00,31.8,41.54,1260.5,3.61,61.32,2564.1,2.11,65.78,9.53,12.21,0,Normal
2024-01-03 09:56:00,30.54,42.98,1247.6,3.45,63.98,2699.1,2.48,69.02,9.77,13.88,0,Normal
2024-01-03 09:57:00,31.07,42.5,1205.1,3.48,62.59,2491.0,2.34,66.65,9.29,12.96,0,Normal
2024-01-03 09:58:00,31.31,40.2,1241.1,3.77,64.44,2758.8,2.32,67.8,10.27,12.99,0,Normal
2024-01-03 09:59:00,30.33,41.87,1244.6,3.52,64.15,2771.7,2.24,67.58,10.04,13.88,0,Normal
2024-01-03 10:00:00,30.85,43.59,1163.6,3.41,64.85,2599.0,2.22,66.38,9.84,13.1,0,Normal
2024-01-03 10:01:00,30.94,41.9,1272.1,3.61,59.68,2469.6,1.98,64.81,8.89,11.4,0,Normal
2024-01-03 10:02:00,30.89,42.53,1246.6,3.71,61.7,2574.5,2.06,65.5,9.44,12.49,0,Normal
2024-01-03 10:03:00,31.39,40.73,1265.8,3.56,62.79,2651.1,2.33,67.49,9.39,13.42,0,Normal
2024-01-03 10:04:00,31.23,42.83,1234.3,3.64,62.13,2572.4,2.41,68.05,10.05,13.12,0,Normal
2024-01-03 10:05:00,31.04,40.91,1197.8,3.47,63.73,2616.2,2.42,67.32,9.73,14.33,0,Normal
2024-01-03 10:06:00,31.55,40.71,1264.3,3.48,64.67,2739.8,2.32,67.48,10.1,13.92,0,Normal
2024-01-03 10:07:00,32.21,40.91,1262.1,3.52,63.71,2760.8,2.34,68.61,9.9,14.32,0,Normal
2024-01-03 10:08:00,32.18,41.54,1264.3,3.35,63.08,2541.9,2.26,67.71,9.42,13.61,0,Normal
2024-01-03 10:09:00,30.41,42.18,1255.3,3.39,61.31,2559.0,2.3,67.51,9.52,13.91,0,Normal
2024-01-03 10:10:00,31.67,43.64,1272.4,3.78,63.07,2580.3,2.37,67.47,9.92,14.67,0,Normal
2024-01-03 10:11:00,31.3,41.83,1294.0,3.9,61.79,2642.3,2.13,67.57,9.75,13.97,0,Normal
2024-01-03 10:12:00,31.48,39.48,1253.4,3.82,64.07,2695.9,2.46,68.94,10.23,15.3,0,Normal
2024-01-03 10:13:00,31.21,42.07,1227.0,3.24,63.34,2603.4,2.61,69.02,9.85,15.0,0,Normal
2024-01-03 10:14:00,31.48,40.46,1244.9,3.22,64.17,2659.5,2.43,68.2,10.11,14.67,0,Normal
2024-01-03 10:15:00,31.51,41.64,1260.6,3.26,65.75,2784.3,2.53,68.52,10.55,15.4,0,Normal
2024-01-03 10:16:00,31.15,41.56,1268.5,3.53,63.54,2708.1,2.34,67.73,9.97,13.64,0,Normal
2024-01-03 10:17:00,31.01,42.0,1203.4,2.94,63.4,2699.2,2.57,69.23,10.35,14.99,0,Normal
2024-01-03 10:18:00,31.24,40.1,1245.0,3.38,62.33,2596.3,2.28,67.45,9.2,14.34,0,Normal
2024-01-03 10:19:00,31.59,42.32,1292.1,3.78,62.84,2594.9,2.3,67.05,9.03,14.67,0,Normal
2024-01-03 10:20:00,31.78,38.75,1249.7,3.7,64.72,2735.0,2.22,65.9,10.32,14.8,0,Normal
2024-01-03 10:21:00,31.92,38.58,1281.7,3.4,63.38,2585.9,2.28,67.27,9.6,14.67,0,Normal
2024-01-03 10:22:00,31.26,41.99,1257.5,3.41,61.74,2639.8,2.34,67.78,9.82,14.39,0,Normal
2024-01-03 10:23:00,31.66,43.12,1277.0,3.61,63.42,2681.1,2.41,67.21,9.72,14.6,0,Normal
2024-01-03 10:24:00,32.01,39.56,1239.9,3.69,63.23,2505.2,2.42,67.82,9.99,14.44,0,Normal
2024-01-03 10:25:00,32.12,40.94,1242.2,3.39,62.45,2520.3,2.14,67.11,9.39,14.91,0,Normal
2024-01-03 10:26:00,31.51,42.58,1250.8,3.45,63.07,2602.3,2.25,66.06,9.56,14.44,0,Normal
2024-01-03 10:27:00,31.44,42.32,1210.6,3.39,64.48,2593.8,2.15,66.27,9.67,14.4,0,Normal
2024-01-03 10:28:00,31.66,40.25,1246.4,3.23,64.25,2760.2,2.41,68.98,9.66,15.82,0,Normal
2024-01-03 10:29:00,31.0,40.27,1246.3,3.46,61.79,2622.5,2.11,66.06,9.53,14.14,0,Normal
2024-01-03 10:30:00,31.48,37.72,1294.3,3.44,63.53,2761.2,2.38,67.32,10.55,15.58,0,Normal
2024-01-03 10:31:00,31.96,39.77,1269.3,3.25,62.86,2574.1,2.34,67.37,9.73,15.57,0,Normal
2024-01-03 10:32:00,31.92,42.01,1274.0,3.63,64.7,2789.8,2.47,68.97,10.41,16.25,0,Normal
2024-01-03 10:33:00,31.47,39.36,1278.6,3.6,61.79,2452.3,2.12,65.82,8.98,15.23,0,Normal
2024-01-03 10:34:00,31.73,41.64,1230.4,3.64,64.02,2707.6,2.4,68.31,10.38,15.41,0,Normal
2024-01-03 10:35:00,31.21,40.09,1240.1,3.35,62.3,2645.5,2.36,67.63,10.14,15.8,0,Normal
2024-01-03 10:36:00,31.99,40.28,1320.4,3.1,61.62,2564.1,2.26,67.03,9.32,15.28,0,Normal
2024-01-03 10:37:00,31.6,41.87,1250.1,3.59,63.81,2688.2,2.18,67.05,9.87,15.71,0,Normal
2024-01-03 10:38:00,31.51,39.99,1278.2,3.37,64.01,2743.2,2.51,68.33,10.32,16.33,0,Normal
2024-01-03 10:39:00,31.48,41.29,1273.7,3.32,61.47,2483.4,2.4,66.93,9.55,15.43,0,Normal
2024-01-03 10:40:00,31.64,40.13,1215.8,3.25,63.31,2628.5,2.66,69.63,9.9,17.32,0,Normal
2024-01-03 10:41:00,31.45,42.14,1256.8,3.44,60.74,2464.0,2.26,66.58,9.53,15.25,0,Normal
2024-01-03 10:42:00,32.01,40.43,1263.9,3.82,61.95,2604.1,2.33,66.92,9.8,15.66,0,Normal
2024-01-03 10:43:00,31.49,41.09,1258.1,3.4,63.79,2738.7,2.48,68.7,10.55,17.98,0,Normal
2024-01-03 10:44:00,32.5,41.54,1251.1,3.28,63.42,2644.1,2.44,68.91,9.59,16.65,0,Normal
2024-01-03 10:45:00,32.44,40.3,1240.9,3.63,63.53,2524.9,2.24,66.81,9.17,16.11,0,Normal
2024-01-03 10:46:00,31.27,40.38,1233.5,3.53,63.41,2626.0,2.31,67.27,10.37,16.75,0,Normal
2024-01-03 10:47:00,31.76,40.41,1252.7,3.08,64.8,2842.6,2.7,68.89,11.06,18.28,0,Normal
2024-01-03 10:48:00,31.41,41.06,1277.7,3.63,60.93,2484.3,2.08,65.48,8.79,15.14,0,Normal
2024-01-03 10:49:00,31.57,40.99,1296.9,3.93,62.0,2601.2,2.14,66.3,9.68,16.13,0,Normal
2024-01-03 10:50:00,32.75,42.54,1309.8,2.98,64.72,2816.9,2.54,68.77,10.34,17.72,0,Normal
2024-01-03 10:51:00,31.6,41.38,1273.5,3.25,64.16,2779.7,2.57,68.61,9.88,18.25,0,Normal
2024-01-03 10:52:00,31.94,37.15,1233.7,2.93,63.44,2614.1,2.42,68.46,9.23,17.09,0,Normal
2024-01-03 10:53:00,32.04,39.22,1250.5,3.48,61.52,2523.7,2.22,66.56,9.31,16.72,0,Normal
2024-01-03 10:54:00,31.27,38.51,1250.7,3.7,64.65,2836.6,2.49,70.26,10.92,17.81,0,Normal
2024-01-03 10:55:00,31.35,40.77,1231.2,3.52,63.88,2799.5,2.5,68.57,10.79,18.51,0,Normal
2024-01-03 10:56:00,31.18,38.59,1258.1,3.78,64.69,2739.6,2.43,66.24,10.58,18.11,0,Normal
2024-01-03 10:57:00,31.35,39.96,1265.0,3.67,61.61,2580.4,2.18,65.52,9.64,16.56,0,Normal
2024-01-03 10:58:00,30.37,40.74,1240.9,3.84,63.21,2672.8,2.31,67.61,9.92,17.69,0,Normal
2024-01-03 10:59:00,32.08,40.53,1287.2,3.73,63.89,2626.7,2.23,66.42,10.04,17.29,0,Normal
2024-01-03 11:00:00,32.84,38.59,1254.2,3.42,64.59,2632.9,2.19,66.34,9.12,17.44,0,Normal
2024-01-03 11:01:00,31.89,40.75,1281.2,3.51,64.14,2783.8,2.49,67.56,10.62,18.85,0,Normal
2024-01-03 11:02:00,31.12,41.53,1224.9,3.33,63.44,2760.5,2.49,68.01,9.89,18.57,0,Normal
2024-01-03 11:03:00,31.51,38.89,1226.7,3.45,62.47,2526.7,2.35,67.56,9.26,17.15,0,Normal
2024-01-03 11:04:00,31.61,41.58,1265.4,3.51,65.2,2702.7,2.42,68.41,10.36,18.17,0,Normal
2024-01-03 11:05:00,31.33,44.18,1277.1,3.48,63.07,2663.9,2.18,65.8,9.94,17.47,0,Normal
2024-01-03 11:06:00,32.28,40.21,1277.8,3.77,63.9,2722.9,2.32,67.95,9.8,18.55,0,Normal
2024-01-03 11:07:00,32.26,39.0,1265.7,3.43,65.58,2705.9,2.55,68.09,10.52,19.28,0,Normal
2024-01-03 11:08:00,31.28,39.25,1253.4,3.31,62.46,2567.9,2.37,67.82,9.8,18.27,0,Normal
2024-01-03 11:09:00,32.23,38.33,1267.9,3.33,63.32,2616.8,2.36,67.79,9.69,18.62,0,Normal
2024-01-03 11:10:00,32.63,39.64,1244.5,3.63,63.87,2626.3,2.14,65.69,9.64,17.46,0,Normal
2024-01-03 11:11:00,32.83,40.22,1245.5,3.22,62.49,2499.2,2.21,65.86,9.95,18.15,0,Normal
2024-01-03 11:12:00,33.31,38.13,1284.3,3.46,63.89,2692.0,2.44,68.37,9.98,18.84,0,Normal
2024-01-03 11:13:00,31.43,42.32,1250.7,3.77,65.27,2815.3,2.26,66.81,10.13,18.83,0,Normal
2024-01-03 11:14:00,33.3,38.82,1286.3,3.56,62.59,2474.7,2.16,66.2,9.27,17.44,0,Normal
2024-01-03 11:15:00,31.72,41.37,1271.2,3.49,62.21,2639.9,2.31,67.61,9.64,18.7,0,Normal
2024-01-03 11:16:00,31.6,39.83,1246.7,3.49,64.0,2618.3,2.46,68.54,10.18,18.78,0,Normal
2024-01-03 11:17:00,32.07,40.24,1275.4,3.29,63.04,2629.3,2.44,67.37,10.32,19.0,0,Normal
2024-01-03 11:18:00,31.62,39.52,1248.7,3.33,62.72,2643.7,2.47,68.07,9.84,19.03,0,Normal
2024-01-03 11:19:00,32.11,39.93,1307.8,3.46,61.18,2484.4,2.22,65.82,8.95,17.95,0,Normal
2024-01-03 11:20:00,31.26,41.93,1247.1,3.55,61.94,2566.8,2.15,66.77,9.94,18.5,0,Normal
2024-01-03 11:21:00,31.8,42.98,1314.5,3.69,61.06,2503.6,2.07,66.68,9.11,17.58,0,Normal
2024-01-03 11:22:00,32.57,37.11,1280.1,3.52,60.86,2528.8,2.09,65.13,8.63,17.92,0,Normal
2024-01-03 11:23:00,31.9,41.0,1252.7,3.77,64.38,2723.3,2.4,67.9,10.67,19.21,0,Normal
2024-01-03 11:24:00,32.0,42.32,1237.6,3.82,63.35,2690.4,2.21,67.33,10.1,19.45,0,Normal
2024-01-03 11:25:00,32.17,40.93,1227.4,3.66,64.37,2676.8,2.3,67.37,10.39,19.11,0,Normal
2024-01-03 11:26:00,32.52,40.4,1245.7,3.74,64.85,2642.3,2.31,67.88,10.32,19.15,0,Normal
2024-01-03 11:27:00,31.12,42.57,1220.3,3.3,64.43,2726.7,2.64,69.38,11.18,21.0,0,Normal
2024-01-03 11:28:00,32.24,41.62,1274.6,3.27,63.81,2657.1,2.5,67.67,9.73,20.29,0,Normal
2024-01-03 11:29:00,31.82,38.8,1243.2,3.6,64.11,2688.6,2.28,67.27,9.65,19.61,0,Normal
2024-01-03 11:30:00,32.04,37.96,1265.4,3.23,62.15,2628.9,2.39,68.39,9.61,19.39,0,Normal
2024-01-03 11:31:00,32.49,39.22,1301.8,3.44,64.11,2761.5,2.61,69.34,10.25,20.98,0,Normal
2024-01-03 11:32:00,31.36,38.01,1245.0,3.65,63.94,2656.6,2.38,68.89,9.96,20.06,0,Normal
2024-01-03 11:33:00,31.46,42.93,1301.1,3.78,61.57,2637.9,2.04,64.27,9.2,19.09,0,Normal
2024-01-03 11:34:00,31.0,43.74,1210.5,3.45,62.27,2536.6,2.16,66.56,8.97,18.51,0,Normal
2024-01-03 11:35:00,31.69,40.0,1250.1,3.37,63.5,2580.2,2.24,66.45,9.33,19.29,0,Normal
2024-01-03 11:36:00,32.64,38.4,1259.2,3.56,64.9,2590.0,2.48,67.81,9.88,20.37,0,Normal
2024-01-03 11:37:00,31.91,40.15,1281.7,3.29,62.5,2551.7,2.45,68.91,10.03,20.12,0,Normal
2024-01-03 11:38:00,31.3,41.43,1190.1,3.47,62.44,2603.3,2.23,66.54,9.38,19.67,0,Normal
2024-01-03 11:39:00,31.73,40.77,1218.6,3.5,61.82,2560.1,2.18,66.07,9.6,18.27,0,Normal
2024-01-03 11:40:00,31.24,42.31,1242.0,3.49,65.52,2796.7,2.5,68.87,10.05,21.59,0,Normal
2024-01-03 11:41:00,31.42,40.89,1287.2,3.52,65.11,2760.4,2.46,66.86,9.35,21.76,0,Normal
2024-01-03 11:42:00,32.18,41.2,1269.2,3.33,64.9,2745.8,2.4,68.93,10.15,21.08,0,Normal
2024-01-03 11:43:00,31.4,41.85,1214.2,3.35,62.61,2564.9,2.29,68.38,9.36,20.14,0,Normal
2024-01-03 11:44:00,32.54,38.21,1240.9,3.35,64.53,2654.5,2.28,67.88,9.59,19.99,0,Normal
2024-01-03 11:45:00,31.95,42.19,1300.9,3.18,60.95,2540.4,2.43,68.0,9.24,19.9,0,Normal
2024-01-03 11:46:00,32.03,38.0,1245.1,3.57,61.61,2557.4,2.04,65.33,8.97,19.49,0,Normal
2024-01-03 11:47:00,31.85,40.23,1233.5,3.68,63.66,2594.7,2.09,65.28,9.17,19.63,0,Normal
2024-01-03 11:48:00,32.38,40.87,1304.5,3.66,63.54,2753.9,2.41,68.7,9.85,21.57,0,Normal
2024-01-03 11:49:00,32.39,38.32,1293.0,3.45,63.34,2615.4,2.21,67.34,9.21,20.71,0,Normal
2024-01-03 11:50:00,32.16,40.27,1295.1,3.34,63.33,2679.5,2.36,67.86,9.26,21.29,0,Normal
2024-01-03 11:51:00,32.28,40.41,1241.8,3.65,64.6,2665.0,2.35,67.9,9.29,21.08,0,Normal
2024-01-03 11:52:00,31.89,39.01,1219.7,3.63,66.69,2803.8,2.56,69.36,11.35,22.61,0,Normal
2024-01-03 11:53:00,32.27,39.51,1268.7,3.54,62.79,2557.6,2.23,66.39,9.47,19.98,0,Normal
2024-01-03 11:54:00,31.83,40.17,1265.0,3.85,64.45,2675.2,2.47,70.1,10.56,22.33,0,Normal
2024-01-03 11:55:00,32.0,39.27,1269.1,3.49,64.36,2702.8,2.4,67.74,10.02,21.9,0,Normal
2024-01-03 11:56:00,31.86,43.8,1294.2,3.45,62.15,2555.8,2.38,67.25,9.56,21.65,0,Normal
2024-01-03 11:57:00,31.77,39.37,1212.1,3.42,65.38,2709.6,2.49,69.34,10.34,21.31,0,Normal
2024-01-03 11:58:00,31.66,42.23,1274.6,3.19,62.4,2618.7,2.61,68.86,10.18,22.96,0,Normal
2024-01-03 11:59:00,32.23,39.09,1237.3,3.63,63.09,2616.0,2.38,67.64,9.41,21.86,0,Normal
2024-01-03 12:00:00,32.66,37.29,1294.5,3.48,61.24,2569.8,2.24,67.6,9.29,20.96,0,Normal
2024-01-03 12:01:00,32.59,39.2,1259.8,3.6,63.69,2551.9,2.32,67.88,9.73,20.83,0,Normal
2024-01-03 12:02:00,31.37,42.2,1227.1,3.87,65.18,2783.5,2.35,68.24,9.65,22.09,0,Normal
2024-01-03 12:03:00,32.64,40.32,1257.6,3.42,64.45,2621.1,2.35,66.66,10.25,22.24,0,Normal
2024-01-03 12:04:00,31.84,42.73,1220.7,3.03,65.02,2713.7,2.46,68.61,10.52,22.95,0,Normal
2024-01-03 12:05:00,32.3,43.98,1267.0,3.6,62.21,2552.1,2.14,65.44,8.7,20.98,0,Normal
2024-01-03 12:06:00,31.55,41.29,1231.6,3.53,62.89,2587.0,2.48,67.92,9.57,22.37,0,Normal
2024-01-03 12:07:00,32.07,38.98,1281.0,3.35,63.74,2689.6,2.3,67.38,9.92,22.78,0,Normal
2024-01-03 12:08:00,32.15,40.5,1279.1,3.58,61.61,2521.8,2.12,65.95,9.46,20.58,0,Normal
2024-01-03 12:09:00,31.25,41.04,1287.3,3.66,62.5,2620.5,2.24,67.24,10.06,21.72,0,Normal
2024-01-03 12:10:00,32.3,40.95,1275.1,3.31,64.88,2650.7,2.44,68.75,9.85,22.81,0,Normal
2024-01-03 12:11:00,32.67,36.95,1286.3,3.44,64.17,2633.4,2.41,68.55,10.63,22.71,0,Normal
2024-01-03 12:12:00,31.91,43.82,1293.1,3.8,62.52,2617.7,2.17,65.41,9.5,22.33,0,Normal
2024-01-03 12:13:00,32.67,40.18,1257.7,3.36,65.08,2617.6,2.46,70.01,9.95,22.63,0,Normal
2024-01-03 12:14:00,31.89,37.76,1220.7,3.51,65.77,2739.0,2.58,69.09,10.6,23.35,0,Normal
2024-01-03 12:15:00,32.41,38.29,1273.3,2.98,63.28,2717.0,2.69,70.3,10.43,24.0,0,Normal
2024-01-03 12:16:00,30.88,43.34,1202.0,3.2,63.61,2591.8,2.38,65.96,9.85,22.96,0,Normal
2024-01-03 12:17:00,33.19,39.71,1345.2,3.53,62.83,2563.7,2.32,67.11,10.2,22.51,0,Normal
2024-01-03 12:18:00,32.73,36.88,1311.0,3.75,64.72,2705.2,2.23,65.96,9.99,22.37,0,Normal
2024-01-03 12:19:00,31.84,41.46,1310.9,3.23,63.56,2692.7,2.39,67.14,9.68,23.65,0,Normal
2024-01-03 12:20:00,30.99,38.99,1241.4,3.51,61.7,2473.6,2.06,65.68,8.8,21.04,0,Normal
2024-01-03 12:21:00,32.12,39.75,1276.2,3.42,64.72,2696.5,2.43,67.88,10.55,24.06,0,Normal
2024-01-03 12:22:00,31.25,43.11,1233.6,3.69,61.86,2548.5,2.09,66.77,9.46,21.89,0,Normal
2024-01-03 12:23:00,32.19,38.92,1286.0,3.26,62.83,2715.5,2.29,68.33,9.4,24.42,0,Normal
2024-01-03 12:24:00,32.18,37.52,1233.1,3.59,66.07,2740.0,2.41,67.52,9.8,23.97,0,Normal
2024-01-03 12:25:00,31.5,41.23,1186.4,3.37,64.27,2575.9,2.19,66.35,9.59,21.71,0,Normal
2024-01-03 12:26:00,32.53,38.25,1250.7,3.54,63.33,2626.2,2.44,67.33,10.08,24.03,0,Normal
2024-01-03 12:27:00,32.36,40.39,1230.9,3.51,65.19,2686.1,2.36,68.58,9.84,24.41,0,Normal
2024-01-03 12:28:00,32.45,37.97,1305.9,3.45,61.54,2509.1,2.31,67.2,8.89,22.31,0,Normal
2024-01-03 12:29:00,31.96,39.01,1304.6,3.6,61.55,2529.1,2.14,66.08,8.9,21.88,0,Normal
2024-01-03 12:30:00,31.25,38.43,1209.8,3.51,63.89,2722.6,2.28,67.37,10.44,24.13,0,Normal
2024-01-03 12:31:00,32.44,39.57,1301.1,3.47,61.53,2593.7,2.38,67.23,9.78,24.46,0,Normal
2024-01-03 12:32:00,31.81,40.2,1280.0,3.43,63.59,2597.5,2.34,66.91,10.05,23.45,0,Normal
2024-01-03 12:33:00,31.25,39.67,1205.7,3.52,64.47,2703.5,2.59,69.07,10.64,25.54,0,Normal
2024-01-03 12:34:00,32.62,39.28,1262.6,3.54,62.15,2675.7,2.26,66.65,9.52,23.23,0,Normal
2024-01-03 12:35:00,32.99,39.87,1265.2,3.3,64.53,2665.1,2.4,68.19,9.9,24.52,0,Normal
2024-01-03 12:36:00,31.91,39.94,1276.9,3.43,62.95,2608.0,2.42,66.75,9.76,24.39,0,Normal
2024-01-03 12:37:00,33.01,38.69,1249.4,3.29,63.6,2723.4,2.56,68.88,10.36,26.26,0,Normal
2024-01-03 12:38:00,31.97,40.56,1256.9,3.49,62.86,2626.4,2.33,66.84,10.06,23.99,0,Normal
2024-01-03 12:39:00,31.73,38.78,1237.5,3.38,63.55,2729.6,2.76,70.03,11.03,27.03,0,Normal
2024-01-03 12:40:00,31.6,43.9,1263.9,3.65,62.17,2624.0,2.22,67.23,9.8,23.53,0,Normal
2024-01-03 12:41:00,32.73,38.08,1269.2,3.63,64.36,2639.1,2.2,66.36,9.97,23.98,0,Normal
2024-01-03 12:42:00,31.52,41.95,1237.0,3.32,62.56,2564.8,2.22,67.51,10.05,24.5,0,Normal
2024-01-03 12:43:00,32.27,40.77,1260.1,3.5,63.34,2671.6,2.32,66.14,9.79,25.51,0,Normal
2024-01-03 12:44:00,31.62,40.58,1303.3,3.63,62.23,2585.6,2.38,68.65,10.03,25.42,0,Normal
2024-01-03 12:45:00,31.66,41.61,1242.9,3.46,62.83,2527.2,2.24,67.69,9.61,23.95,0,Normal
2024-01-03 12:46:00,32.4,39.74,1242.1,3.35,63.27,2624.8,2.52,67.88,10.16,25.7,0,Normal
2024-01-03 12:47:00,31.69,38.52,1268.5,3.28,62.84,2670.1,2.45,67.4,9.89,25.79,0,Normal
2024-01-03 12:48:00,31.68,40.18,1250.0,3.67,64.27,2664.6,2.44,67.07,9.61,25.98,0,Normal
2024-01-03 12:49:00,32.44,38.39,1233.4,3.68,63.35,2606.8,2.3,67.87,9.8,24.93,0,Normal
2024-01-03 12:50:00,32.67,38.2,1329.2,3.46,64.12,2706.4,2.45,67.93,10.22,25.79,0,Normal
2024-01-03 12:51:00,32.19,37.81,1254.9,3.65,64.22,2690.3,2.42,67.75,9.89,25.7,0,Normal
2024-01-03 12:52:00,31.53,42.63,1241.2,2.91,63.39,2646.7,2.49,67.55,9.96,25.96,0,Normal
2024-01-03 12:53:00,31.6,43.23,1256.0,3.77,61.8,2629.9,2.15,67.45,9.21,24.8,0,Normal
2024-01-03 12:54:00,31.89,41.77,1301.0,3.47,63.21,2669.9,2.39,67.05,9.65,26.38,0,Normal
2024-01-03 12:55:00,32.0,42.0,1218.1,3.53,64.2,2701.8,2.58,68.97,10.11,28.31,0,Normal
2024-01-03 12:56:00,31.34,40.77,1253.8,3.44,63.29,2561.2,2.15,66.49,9.04,24.63,0,Normal
2024-01-03 12:57:00,32.19,38.8,1316.0,3.78,59.92,2501.4,1.87,64.03,8.6,22.2,0,Normal
2024-01-03 12:58:00,31.87,39.17,1260.6,3.29,63.5,2681.0,2.4,67.41,10.18,26.1,0,Normal
2024-01-03 12:59:00,30.96,42.94,1208.3,3.79,65.24,2858.8,2.54,68.61,11.04,28.13,0,Normal
2024-01-03 13:00:00,31.35,41.61,1231.5,3.58,63.0,2562.8,2.26,67.34,10.16,25.77,0,Normal
2024-01-03 13:01:00,31.55,40.79,1256.3,3.62,62.05,2629.8,2.14,65.87,9.35,25.13,0,Normal
2024-01-03 13:02:00,31.76,42.47,1288.5,3.43,63.62,2724.4,2.42,69.09,10.44,26.34,0,Normal
2024-01-03 13:03:00,32.74,39.38,1266.3,3.24,63.83,2591.9,2.23,66.32,9.72,25.46,0,Normal
2024-01-03 13:04:00,31.91,39.01,1278.8,3.69,63.94,2742.6,2.42,68.54,10.08,26.71,0,Normal
2024-01-03 13:05:00,31.36,40.23,1211.3,3.56,62.75,2571.1,2.22,65.49,9.62,25.41,0,Normal
2024-01-03 13:06:00,31.88,41.33,1221.6,3.77,65.72,2681.2,2.35,67.23,10.39,26.44,0,Normal
2024-01-03 13:07:00,31.59,42.4,1239.7,3.46,64.58,2665.4,2.44,67.61,9.9,26.9,0,Normal
2024-01-03 13:08:00,31.92,41.07,1294.4,3.42,63.03,2653.1,2.38,66.86,9.7,25.95,0,Normal
2024-01-03 13:09:00,32.04,42.87,1262.6,3.78,62.76,2642.9,2.19,66.7,9.48,26.21,0,Normal
2024-01-03 13:10:00,32.35,41.92,1274.2,3.88,63.91,2706.5,2.39,67.75,9.85,27.88,0,Normal
2024-01-03 13:11:00,31.73,41.25,1261.5,3.5,64.67,2731.2,2.51,66.98,10.63,27.82,0,Normal
2024-01-03 13:12:00,32.55,37.85,1298.7,3.35,61.35,2619.1,2.13,67.39,9.17,25.33,0,Normal
2024-01-03 13:13:00,32.18,37.82,1248.3,3.66,64.56,2717.9,2.35,67.77,9.88,27.21,0,Normal
2024-01-03 13:14:00,31.36,40.67,1264.4,3.45,62.16,2640.0,2.2,66.53,9.67,26.14,0,Normal
2024-01-03 13:15:00,32.81,39.77,1255.5,3.62,63.61,2627.2,2.17,67.43,9.69,25.79,0,Normal
2024-01-03 13:16:00,31.86,43.09,1306.9,3.45,63.46,2609.9,2.39,68.43,9.68,26.74,0,Normal
2024-01-03 13:17:00,31.27,42.03,1225.5,3.81,63.87,2668.0,2.24,66.72,10.3,27.25,0,Normal
2024-01-03 13:18:00,32.51,40.93,1248.2,3.36,65.68,2720.4,2.48,67.18,10.1,27.46,0,Normal
2024-01-03 13:19:00,32.72,38.44,1288.0,3.6,63.8,2674.2,2.27,67.51,9.78,27.26,0,Normal
2024-01-03 13:20:00,31.65,41.66,1255.0,3.4,62.19,2547.9,2.31,66.47,8.93,26.64,0,Normal
2024-01-03 13:21:00,31.41,42.4,1256.3,3.44,62.29,2588.9,2.36,68.28,9.56,27.83,0,Normal
2024-01-03 13:22:00,31.57,37.91,1257.0,3.42,63.08,2667.6,2.58,68.29,9.72,28.77,0,Normal
2024-01-03 13:23:00,32.0,39.48,1232.8,3.65,64.94,2725.8,2.37,67.52,9.85,28.22,0,Normal
2024-01-03 13:24:00,32.27,41.03,1305.8,3.68,64.31,2641.2,2.17,65.62,9.1,26.55,0,Normal
2024-01-03 13:25:00,31.91,40.67,1280.6,3.61,61.4,2642.4,2.19,65.49,9.25,26.89,0,Normal
2024-01-03 13:26:00,31.67,38.9,1287.3,3.48,64.48,2797.0,2.55,68.75,10.41,29.83,0,Normal
2024-01-03 13:27:00,32.36,35.81,1253.9,3.53,63.5,2691.5,2.28,67.0,9.79,27.37,0,Normal
2024-01-03 13:28:00,31.44,40.55,1259.3,3.68,64.78,2761.3,2.25,66.77,9.93,27.97,0,Normal
2024-01-03 13:29:00,32.11,39.8,1267.1,3.69,64.34,2585.0,2.2,68.21,9.52,26.59,0,Normal
2024-01-03 13:30:00,31.44,39.79,1276.9,2.96,63.32,2643.3,2.47,68.61,9.8,28.43,0,Normal
2024-01-03 13:31:00,31.79,40.7,1284.8,3.45,63.74,2689.9,2.28,67.18,9.86,28.26,0,Normal
2024-01-03 13:32:00,31.51,41.75,1254.9,3.46,64.28,2697.4,2.43,66.16,10.06,29.12,0,Normal
2024-01-03 13:33:00,31.53,41.96,1212.6,3.63,65.21,2776.6,2.43,68.75,10.39,29.77,0,Normal
2024-01-03 13:34:00,31.36,37.73,1291.6,3.49,63.54,2695.8,2.46,70.24,10.0,29.44,0,Normal
2024-01-03 13:35:00,32.21,37.76,1278.0,3.64,63.2,2648.5,2.25,66.77,9.58,27.38,0,Normal
2024-01-03 13:36:00,31.16,41.16,1227.9,3.28,63.23,2616.8,2.44,67.45,10.1,27.88,0,Normal
2024-01-03 13:37:00,31.14,42.5,1253.1,3.55,63.68,2673.2,2.3,67.37,10.03,28.11,0,Normal
2024-01-03 13:38:00,32.57,39.82,1233.5,3.68,64.13,2708.6,2.23,65.93,9.87,28.87,0,Normal
2024-01-03 13:39:00,31.98,40.84,1286.1,3.21,62.7,2667.3,2.37,67.87,10.21,29.19,0,Normal
2024-01-03 13:40:00,30.29,42.6,1189.1,4.0,64.68,2687.8,2.11,67.33,9.77,28.38,0,Normal
2024-01-03 13:41:00,31.19,41.06,1238.3,3.74,64.78,2805.0,2.59,68.6,10.46,31.58,0,Normal
2024-01-03 13:42:00,30.56,41.6,1237.3,3.5,61.89,2529.0,2.24,66.23,9.35,28.01,0,Normal
2024-01-03 13:43:00,30.98,43.09,1265.5,3.33,61.91,2607.1,2.24,66.65,9.58,28.21,0,Normal
2024-01-03 13:44:00,29.87,42.55,1220.1,3.46,62.07,2580.7,2.23,66.32,9.21,28.83,0,Normal
2024-01-03 13:45:00,31.36,42.52,1263.2,3.52,62.09,2651.1,2.05,64.57,8.86,27.76,0,Normal
2024-01-03 13:46:00,30.85,42.48,1236.3,3.59,63.17,2605.5,2.42,67.66,9.9,30.12,0,Normal
2024-01-03 13:47:00,31.44,41.04,1248.0,3.8,63.75,2720.3,2.45,67.71,10.36,30.26,0,Normal
2024-01-03 13:48:00,30.59,41.66,1233.9,3.4,63.16,2664.2,2.38,68.63,9.59,29.48,0,Normal
2024-01-03 13:49:00,31.43,39.09,1243.9,3.61,62.91,2594.3,2.29,67.93,9.96,28.81,0,Normal
2024-01-03 13:50:00,31.17,40.62,1201.3,3.24,63.67,2502.1,2.22,67.75,8.92,27.71,0,Normal
2024-01-03 13:51:00,32.12,39.39,1243.2,3.42,62.64,2562.7,2.17,66.95,9.25,27.74,0,Normal
2024-01-03 13:52:00,32.06,36.44,1267.4,3.58,63.39,2661.3,2.16,66.53,10.16,28.93,0,Normal
2024-01-03 13:53:00,31.74,40.28,1248.5,3.64,62.03,2462.3,2.13,65.48,9.24,27.05,0,Normal
2024-01-03 13:54:00,31.17,42.98,1239.5,3.35,65.4,2759.3,2.62,70.24,10.41,31.84,0,Normal
2024-01-03 13:55:00,32.31,40.38,1258.2,3.41,63.8,2585.9,2.3,67.53,9.77,29.11,0,Normal
2024-01-03 13:56:00,30.53,41.99,1209.1,3.79,65.97,2860.8,2.5,67.82,10.97,33.12,0,Normal
2024-01-03 13:57:00,30.6,42.7,1219.6,3.73,65.63,2788.5,2.52,68.16,10.03,32.39,0,Normal
2024-01-03 13:58:00,31.25,40.62,1237.2,3.54,62.21,2648.5,2.13,65.21,9.91,28.12,0,Normal
2024-01-03 13:59:00,32.4,39.6,1268.2,3.05,63.5,2634.0,2.67,67.94,10.02,32.47,0,Normal
2024-01-03 14:00:00,31.16,43.92,1253.1,4.0,65.01,2707.9,2.41,68.33,10.35,31.29,0,Normal
2024-01-03 14:01:00,31.16,43.07,1238.7,3.5,64.81,2698.1,2.46,67.48,9.98,31.88,0,Normal
2024-01-03 14:02:00,30.52,43.55,1204.6,3.44,62.04,2552.3,2.35,66.84,10.06,29.85,0,Normal
2024-01-03 14:03:00,31.7,39.9,1219.0,3.4,62.46,2503.8,2.35,67.45,9.48,29.67,0,Normal
2024-01-03 14:04:00,31.69,41.78,1318.8,3.58,61.23,2599.3,2.25,66.56,9.08,29.17,0,Normal
2024-01-03 14:05:00,31.6,38.3,1223.7,3.58,64.55,2655.8,2.5,68.02,10.24,31.19,0,Normal
2024-01-03 14:06:00,30.87,41.75,1224.5,3.69,64.19,2644.1,2.26,68.17,10.18,31.21,0,Normal
2024-01-03 14:07:00,30.82,43.09,1249.4,3.31,63.5,2769.5,2.52,67.44,10.63,32.29,0,Normal
2024-01-03 14:08:00,30.52,43.88,1239.4,3.44,60.18,2491.6,2.3,65.8,9.27,29.55,0,Normal
2024-01-03 14:09:00,31.19,42.56,1256.9,3.91,61.12,2436.3,1.77,64.19,8.86,26.45,0,Normal
2024-01-03 14:10:00,30.6,43.07,1220.9,3.54,65.19,2753.6,2.49,68.09,10.2,32.3,0,Normal
2024-01-03 14:11:00,30.54,42.44,1236.7,3.47,61.84,2602.8,2.35,66.85,9.81,30.39,0,Normal
2024-01-03 14:12:00,30.9,42.89,1239.6,3.31,60.35,2483.3,2.04,64.58,9.06,28.23,0,Normal
2024-01-03 14:13:00,30.85,40.73,1229.3,3.6,63.71,2694.1,2.38,67.94,9.11,31.64,0,Normal
2024-01-03 14:14:00,30.82,40.96,1242.5,3.71,64.63,2712.7,2.28,67.41,9.68,31.52,0,Normal
2024-01-03 14:15:00,31.31,41.44,1272.5,3.67,62.86,2639.4,2.31,67.3,9.8,30.92,0,Normal
2024-01-03 14:16:00,31.1,41.98,1241.4,3.45,63.75,2614.9,2.34,67.07,9.83,30.76,0,Normal
2024-01-03 14:17:00,30.9,39.34,1237.7,3.57,63.38,2644.8,2.22,66.25,9.68,30.46,0,Normal
2024-01-03 14:18:00,31.12,42.36,1269.2,3.83,62.68,2631.0,2.33,67.2,9.76,31.65,0,Normal
2024-01-03 14:19:00,30.52,43.92,1254.5,3.71,60.93,2619.8,2.15,66.72,9.75,29.71,0,Normal
2024-01-03 14:20:00,31.06,41.68,1280.8,3.34,61.85,2581.7,2.33,68.3,9.68,31.13,0,Normal
2024-01-03 14:21:00,31.07,45.34,1197.4,2.99,64.42,2671.8,2.69,70.39,9.63,33.62,0,Normal
2024-01-03 14:22:00,30.23,42.27,1247.2,3.56,62.6,2619.9,2.19,66.85,10.13,31.56,0,Normal
2024-01-03 14:23:00,31.46,40.53,1264.3,3.66,62.93,2650.3,2.28,67.76,9.16,31.61,0,Normal
2024-01-03 14:24:00,30.51,42.19,1208.0,3.28,62.61,2633.6,2.33,66.45,10.02,31.54,0,Normal
2024-01-03 14:25:00,30.98,41.82,1245.9,3.5,62.0,2661.4,2.28,66.44,9.22,31.93,0,Normal
2024-01-03 14:26:00,31.5,40.5,1276.3,3.45,61.3,2464.2,2.4,67.91,9.8,30.58,0,Normal
2024-01-03 14:27:00,31.37,39.12,1226.7,3.52,63.25,2653.9,2.38,67.58,9.79,32.84,0,Normal
2024-01-03 14:28:00,30.91,41.24,1249.3,3.39,63.93,2697.5,2.45,68.39,10.2,32.84,0,Normal
2024-01-03 14:29:00,30.7,42.3,1255.7,3.76,61.43,2499.9,2.17,66.94,8.62,29.73,0,Normal
2024-01-03 14:30:00,31.34,43.14,1220.0,3.53,62.66,2603.0,2.32,67.86,9.89,31.45,0,Normal
2024-01-03 14:31:00,31.19,44.87,1240.2,3.32,62.32,2646.4,2.18,65.63,9.7,30.67,0,Normal
2024-01-03 14:32:00,30.52,44.76,1238.0,3.68,63.63,2693.6,2.55,68.73,10.35,34.1,0,Normal
2024-01-03 14:33:00,30.42,41.78,1208.5,3.25,62.02,2624.9,2.22,65.94,9.84,31.44,0,Normal
2024-01-03 14:34:00,29.77,43.07,1193.4,3.76,62.9,2587.3,2.39,67.15,9.78,31.9,0,Normal
2024-01-03 14:35:00,30.87,41.9,1234.0,3.7,60.67,2443.4,2.14,64.78,8.95,29.23,0,Normal
2024-01-03 14:36:00,30.73,45.06,1254.7,3.78,63.56,2574.8,2.24,67.01,9.34,31.73,0,Normal
2024-01-03 14:37:00,31.33,41.06,1262.6,3.47,64.66,2767.1,2.43,66.87,10.12,34.49,0,Normal
2024-01-03 14:38:00,30.92,40.05,1216.9,3.4,63.76,2604.4,2.61,69.37,10.43,34.28,0,Normal
2024-01-03 14:39:00,31.4,40.44,1264.2,3.52,61.68,2573.0,2.3,67.96,9.26,31.71,0,Normal
2024-01-03 14:40:00,30.36,44.18,1206.4,3.48,63.64,2702.7,2.39,68.13,9.45,33.48,0,Normal
2024-01-03 14:41:00,31.27,42.45,1205.1,3.37,63.92,2635.8,2.33,67.52,9.54,32.66,0,Normal
2024-01-03 14:42:00,30.42,42.65,1219.2,3.39,61.56,2572.2,2.21,67.54,9.58,31.64,0,Normal
2024-01-03 14:43:00,31.06,42.83,1269.2,3.43,63.31,2692.7,2.39,67.97,9.88,33.75,0,Normal
2024-01-03 14:44:00,29.92,40.43,1234.8,3.27,62.33,2616.4,2.27,66.32,9.79,32.67,0,Normal
2024-01-03 14:45:00,30.75,42.5,1235.0,3.64,62.87,2655.7,2.36,67.59,9.23,32.95,0,Normal
2024-01-03 14:46:00,29.63,45.66,1202.1,3.49,61.96,2565.2,2.19,67.76,8.5,31.09,0,Normal
2024-01-03 14:47:00,30.47,41.61,1219.7,3.44,63.95,2707.3,2.51,67.75,10.25,35.47,0,Normal
2024-01-03 14:48:00,30.81,40.99,1238.9,3.28,63.69,2666.6,2.53,67.61,10.39,35.33,0,Normal
2024-01-03 14:49:00,30.31,40.34,1199.5,3.27,62.83,2557.2,2.34,67.79,9.09,32.74,0,Normal
2024-01-03 14:50:00,30.03,46.03,1211.9,3.89,64.07,2697.9,2.35,67.41,10.14,34.28,0,Normal
2024-01-03 14:51:00,30.96,40.89,1233.8,3.37,62.41,2595.8,2.38,67.2,10.06,33.37,0,Normal
2024-01-03 14:52:00,30.47,43.21,1195.6,3.62,62.24,2568.6,2.08,64.91,9.3,31.85,0,Normal
2024-01-03 14:53:00,30.26,44.14,1204.3,3.53,62.14,2587.2,2.43,66.46,9.99,33.8,0,Normal
2024-01-03 14:54:00,30.51,45.05,1240.5,2.94,62.01,2509.7,2.38,66.52,9.56,32.72,0,Normal
2024-01-03 14:55:00,31.79,40.24,1256.1,3.86,64.34,2682.0,2.36,68.83,9.91,34.87,0,Normal
2024-01-03 14:56:00,31.03,41.03,1232.9,3.64,62.36,2541.2,2.28,66.97,9.72,32.21,0,Normal
2024-01-03 14:57:00,31.02,42.12,1217.6,3.35,63.23,2572.3,2.09,64.6,9.96,31.76,0,Normal
2024-01-03 14:58:00,30.64,44.47,1272.2,3.49,60.05,2524.0,2.1,66.5,8.92,30.9,0,Normal
2024-01-03 14:59:00,30.49,42.56,1208.8,3.27,63.42,2604.1,2.47,69.08,9.86,35.14,0,Normal
2024-01-03 15:00:00,29.19,43.72,1210.1,3.87,62.23,2611.4,2.19,67.32,9.21,33.45,0,Normal
2024-01-03 15:01:00,30.03,41.33,1208.5,3.32,63.09,2639.4,2.45,67.76,9.96,34.49,0,Normal
2024-01-03 15:02:00,30.11,41.66,1223.2,3.4,61.66,2588.4,2.29,66.79,9.49,32.95,0,Normal
2024-01-03 15:03:00,29.4,46.08,1219.4,3.35,61.31,2531.8,2.37,67.51,9.84,33.9,0,Normal
2024-01-03 15:04:00,29.74,43.68,1180.6,3.52,63.77,2694.8,2.39,68.75,10.42,36.13,0,Normal
2024-01-03 15:05:00,29.31,44.03,1206.1,3.77,62.32,2567.3,2.33,66.86,9.81,34.34,0,Normal
2024-01-03 15:06:00,30.27,42.15,1255.1,3.86,62.89,2679.6,2.15,65.77,9.96,33.7,0,Normal
2024-01-03 15:07:00,30.68,42.61,1277.6,3.42,61.36,2575.3,2.25,67.16,9.22,33.18,0,Normal
2024-01-03 15:08:00,30.8,41.89,1232.8,3.58,63.31,2604.6,2.23,67.65,9.33,33.49,0,Normal
2024-01-03 15:09:00,30.44,42.5,1229.9,3.52,64.14,2718.6,2.44,68.08,10.26,36.75,0,Normal
2024-01-03 15:10:00,29.73,46.2,1270.0,3.3,63.03,2758.6,2.43,68.39,10.13,36.85,0,Normal
2024-01-03 15:11:00,29.23,47.39,1233.0,3.98,60.49,2617.4,2.09,65.71,9.88,32.84,0,Normal
2024-01-03 15:12:00,29.3,42.54,1190.6,3.77,62.43,2739.0,2.22,66.47,9.23,34.9,0,Normal
2024-01-03 15:13:00,29.53,45.04,1195.1,3.54,63.06,2572.1,2.23,66.18,9.71,34.0,0,Normal
2024-01-03 15:14:00,29.7,43.07,1237.9,3.82,62.31,2666.8,2.23,65.89,9.85,35.44,0,Normal
2024-01-03 15:15:00,30.05,43.24,1195.7,3.74,63.12,2527.9,1.99,64.97,8.95,32.23,0,Normal
2024-01-03 15:16:00,29.6,44.88,1239.2,3.52,62.3,2628.2,2.06,65.02,9.11,32.99,0,Normal
2024-01-03 15:17:00,30.26,42.91,1233.6,3.57,62.96,2677.4,2.33,67.55,9.74,35.26,0,Normal
2024-01-03 15:18:00,29.96,44.13,1232.1,3.8,61.24,2597.8,1.89,65.42,8.58,31.51,0,Normal
2024-01-03 15:19:00,30.06,44.6,1214.8,3.31,62.36,2538.9,2.28,67.14,9.91,34.82,0,Normal
2024-01-03 15:20:00,30.61,43.05,1216.4,3.83,62.04,2576.4,2.13,65.42,10.17,33.63,0,Normal
2024-01-03 15:21:00,29.43,43.76,1245.1,3.45,60.12,2506.1,2.22,66.99,9.08,33.53,0,Normal
2024-01-03 15:22:00,30.21,42.38,1218.0,3.8,62.26,2546.6,2.09,66.11,9.08,32.03,0,Normal
2024-01-03 15:23:00,29.97,41.59,1209.2,3.5,63.45,2636.3,2.49,68.69,9.58,36.66,0,Normal
2024-01-03 15:24:00,29.79,42.79,1213.9,3.57,62.04,2535.9,2.3,66.68,9.13,34.91,0,Normal
2024-01-03 15:25:00,30.39,45.95,1232.5,3.49,64.25,2731.9,2.27,67.92,9.8,36.4,0,Normal
2024-01-03 15:26:00,30.36,41.86,1201.5,3.39,64.19,2644.2,2.36,68.49,10.27,36.48,0,Normal
2024-01-03 15:27:00,29.43,42.93,1194.5,3.45,61.68,2536.3,2.39,67.41,10.5,34.75,0,Normal
2024-01-03 15:28:00,29.8,44.55,1200.5,3.78,65.08,2723.7,2.29,67.88,9.83,36.71,0,Normal
2024-01-03 15:29:00,30.01,43.52,1241.3,3.04,62.93,2664.5,2.49,69.03,9.72,37.4,0,Normal
2024-01-03 15:30:00,29.71,43.93,1192.1,3.25,61.91,2611.0,2.49,67.83,9.47,36.98,0,Normal
2024-01-03 15:31:00,30.12,45.59,1178.5,3.35,64.53,2687.9,2.39,67.82,10.17,36.94,0,Normal
2024-01-03 15:32:00,29.95,44.61,1169.8,3.28,62.79,2541.9,2.44,68.01,9.78,36.79,0,Normal
2024-01-03 15:33:00,30.71,41.63,1197.4,3.8,63.8,2662.7,2.19,65.86,9.75,35.84,0,Normal
2024-01-03 15:34:00,29.01,44.85,1234.2,3.75,59.99,2513.2,1.8,64.22,8.59,31.57,0,Normal
2024-01-03 15:35:00,29.69,43.5,1214.2,3.62,61.39,2567.1,2.32,67.82,9.91,36.13,0,Normal
2024-01-03 15:36:00,29.28,46.31,1218.1,3.37,61.0,2640.9,2.35,67.11,9.88,36.6,0,Normal
2024-01-03 15:37:00,30.02,43.21,1233.7,3.77,62.3,2628.6,2.27,67.17,9.85,35.73,0,Normal
2024-01-03 15:38:00,28.89,43.02,1199.1,3.18,61.95,2655.6,2.29,68.0,9.8,37.02,0,Normal
2024-01-03 15:39:00,29.85,43.9,1215.1,3.93,61.41,2499.4,1.98,64.83,8.93,33.25,0,Normal
2024-01-03 15:40:00,29.34,42.58,1232.9,3.36,60.57,2585.0,2.37,67.57,9.33,36.75,0,Normal
2024-01-03 15:41:00,29.27,48.29,1209.0,3.45,61.57,2650.6,2.33,66.76,9.85,36.97,0,Normal
2024-01-03 15:42:00,28.89,44.25,1232.8,3.41,61.15,2715.0,2.33,66.69,9.92,37.8,0,Normal
2024-01-03 15:43:00,29.36,44.6,1222.8,3.29,62.68,2615.7,2.39,67.89,9.94,37.9,0,Normal
2024-01-03 15:44:00,30.12,43.88,1206.9,3.89,62.66,2532.0,2.3,67.29,9.03,35.86,0,Normal
2024-01-03 15:45:00,29.54,44.09,1198.4,3.66,63.83,2673.8,2.4,68.22,10.07,38.69,0,Normal
2024-01-03 15:46:00,29.85,43.54,1198.8,3.74,61.47,2587.0,2.13,66.07,9.25,35.36,0,Normal
2024-01-03 15:47:00,30.35,43.71,1257.4,3.26,62.87,2654.3,2.26,67.28,9.46,36.96,0,Normal
2024-01-03 15:48:00,29.63,46.66,1202.4,3.54,62.76,2719.5,2.41,68.96,10.22,39.09,0,Normal
2024-01-03 15:49:00,29.2,46.3,1184.0,3.6,61.83,2701.3,2.2,67.21,9.73,37.05,0,Normal
2024-01-03 15:50:00,29.69,46.48,1221.8,3.55,62.13,2619.9,2.15,66.45,10.18,36.7,0,Normal
2024-01-03 15:51:00,29.16,43.64,1200.8,3.27,61.69,2609.1,2.47,68.36,9.92,38.2,0,Normal
2024-01-03 15:52:00,29.16,45.68,1210.6,3.72,63.8,2733.3,2.43,67.82,10.04,40.17,0,Normal
2024-01-03 15:53:00,28.63,46.39,1239.9,3.52,60.14,2522.5,2.2,66.13,9.16,35.77,0,Normal
2024-01-03 15:54:00,29.84,44.52,1239.6,3.31,62.35,2564.3,2.19,66.83,9.07,35.47,0,Normal
2024-01-03 15:55:00,29.16,47.28,1203.9,3.13,61.74,2619.8,2.57,68.68,10.28,38.77,0,Normal
2024-01-03 15:56:00,29.42,44.41,1173.3,3.62,64.61,2759.5,2.51,69.15,10.42,40.61,0,Normal
2024-01-03 15:57:00,28.79,45.26,1183.4,3.99,62.74,2639.6,2.16,67.21,9.66,37.58,0,Normal
2024-01-03 15:58:00,29.51,45.38,1228.0,3.3,62.17,2464.6,2.2,66.46,8.91,36.37,0,Normal
2024-01-03 15:59:00,28.89,43.03,1168.5,3.53,62.53,2641.4,2.31,65.76,9.95,38.15,0,Normal
2024-01-03 16:00:00,29.18,44.82,1257.1,3.72,61.34,2628.2,2.16,67.57,9.16,4.71,0,Normal
2024-01-03 16:01:00,29.67,44.1,1213.7,3.25,61.33,2595.9,2.55,67.96,9.64,4.91,0,Normal
2024-01-03 16:02:00,29.6,43.03,1213.3,3.4,63.17,2719.9,2.37,67.72,10.02,5.23,0,Normal
2024-01-03 16:03:00,29.18,46.77,1186.9,3.33,61.51,2521.5,2.15,66.66,9.06,5.63,0,Normal
2024-01-03 16:04:00,28.28,45.2,1198.1,3.7,64.05,2773.3,2.54,69.67,10.1,5.53,0,Normal
2024-01-03 16:05:00,30.64,42.34,1203.9,3.77,62.94,2729.5,2.25,68.12,9.84,5.74,0,Normal
2024-01-03 16:06:00,30.0,44.14,1274.1,3.53,62.4,2720.5,2.42,67.56,10.3,5.7,0,Normal
2024-01-03 16:07:00,29.46,46.69,1242.2,3.33,61.25,2693.9,2.42,68.51,10.13,5.88,0,Normal
2024-01-03 16:08:00,28.71,46.01,1218.7,3.41,60.4,2574.5,2.23,66.58,9.56,4.63,0,Normal
2024-01-03 16:09:00,29.0,46.9,1165.3,3.37,61.53,2542.5,2.16,68.12,9.44,5.22,0,Normal
2024-01-03 16:10:00,28.77,46.97,1200.5,3.3,60.8,2561.1,2.27,67.49,9.25,5.23,0,Normal
2024-01-03 16:11:00,29.65,44.51,1243.2,3.48,61.03,2706.3,2.19,66.2,9.95,5.28,0,Normal
2024-01-03 16:12:00,29.13,43.63,1217.4,3.61,63.11,2678.0,2.31,66.72,9.32,5.85,0,Normal
2024-01-03 16:13:00,28.58,44.1,1166.6,3.6,61.58,2513.6,2.25,64.9,9.47,5.28,0,Normal
2024-01-03 16:14:00,28.72,46.17,1178.1,3.5,62.13,2591.5,2.44,68.36,9.99,5.61,0,Normal
2024-01-03 16:15:00,29.49,43.8,1198.6,3.51,62.79,2638.4,2.2,67.3,9.59,5.97,0,Normal
2024-01-03 16:16:00,29.71,45.6,1199.1,3.48,61.17,2518.7,2.17,66.76,9.01,5.39,0,Normal
2024-01-03 16:17:00,29.65,45.44,1251.3,3.24,63.43,2662.1,2.38,66.04,9.89,6.01,0,Normal
2024-01-03 16:18:00,29.25,44.78,1156.9,3.53,62.76,2581.5,2.3,66.26,9.38,6.48,0,Normal
2024-01-03 16:19:00,28.72,44.27,1210.8,3.38,62.55,2617.5,2.18,66.76,9.68,5.78,0,Normal
2024-01-03 16:20:00,27.2,49.5,1131.8,3.23,60.99,2659.5,2.27,68.0,9.89,6.69,0,Normal
2024-01-03 16:21:00,28.95,44.06,1175.0,3.57,61.64,2607.2,2.07,65.65,9.46,6.03,0,Normal
2024-01-03 16:22:00,28.78,44.76,1145.4,3.38,63.71,2628.1,2.23,67.62,9.81,6.6,0,Normal
2024-01-03 16:23:00,28.83,44.34,1182.9,3.55,62.26,2697.9,2.26,66.11,9.98,6.15,0,Normal
2024-01-03 16:24:00,28.76,45.72,1233.0,3.67,60.57,2630.4,2.36,67.4,9.88,6.86,0,Normal
2024-01-03 16:25:00,28.05,48.96,1187.7,3.31,60.17,2553.6,2.28,66.53,9.11,6.56,0,Normal
2024-01-03 16:26:00,28.97,45.54,1169.5,3.52,63.69,2672.0,2.36,68.46,9.46,7.03,0,Normal
2024-01-03 16:27:00,28.99,44.86,1225.2,3.14,63.71,2777.8,2.68,69.09,10.57,6.89,0,Normal
2024-01-03 16:28:00,28.99,43.23,1230.6,3.81,62.03,2626.0,2.24,67.89,9.86,7.13,0,Normal
2024-01-03 16:29:00,29.1,46.15,1204.6,3.23,62.94,2674.9,2.48,67.98,9.52,7.46,0,Normal
2024-01-03 16:30:00,28.91,44.5,1249.0,3.4,59.43,2542.9,2.14,65.08,9.14,6.98,0,Normal
2024-01-03 16:31:00,28.38,46.8,1208.1,3.77,61.85,2638.8,2.15,65.45,9.83,6.88,0,Normal
2024-01-03 16:32:00,28.52,45.82,1207.6,3.45,60.11,2612.8,2.1,65.25,9.23,6.98,0,Normal
2024-01-03 16:33:00,28.58,47.51,1171.6,3.26,60.88,2559.6,2.23,66.76,9.81,6.67,0,Normal
2024-01-03 16:34:00,28.57,46.04,1207.1,3.64,62.02,2564.3,2.18,65.94,9.79,7.32,0,Normal
2024-01-03 16:35:00,28.99,45.43,1205.3,3.64,62.2,2740.7,2.35,66.83,9.89,7.78,0,Normal
2024-01-03 16:36:00,28.79,46.6,1208.9,3.37,63.29,2752.8,2.43,68.61,10.02,8.27,0,Normal
2024-01-03 16:37:00,29.49,47.78,1192.6,3.4,64.0,2608.7,2.33,65.22,9.67,8.09,0,Normal
2024-01-03 16:38:00,29.53,45.88,1213.8,3.41,61.64,2493.8,2.13,65.72,9.2,7.02,0,Normal
2024-01-03 16:39:00,28.44,46.37,1168.4,3.46,62.65,2625.5,2.36,66.53,9.4,7.8,0,Normal
2024-01-03 16:40:00,26.46,50.07,1095.6,3.12,62.55,2663.0,2.4,67.08,9.45,7.8,0,Normal
2024-01-03 16:41:00,28.98,44.75,1224.5,3.46,61.63,2650.8,2.33,67.39,9.02,8.36,0,Normal
2024-01-03 16:42:00,28.07,45.76,1143.8,3.86,59.83,2496.4,1.85,64.07,8.73,7.19,0,Normal
2024-01-03 16:43:00,27.91,46.63,1180.9,3.32,61.18,2564.5,2.31,66.82,10.09,8.26,0,Normal
2024-01-03 16:44:00,28.09,45.98,1190.2,3.38,61.59,2648.8,2.4,68.4,9.17,7.72,0,Normal
2024-01-03 16:45:00,28.04,48.2,1189.1,3.26,61.93,2718.3,2.47,68.05,9.96,8.26,0,Normal
2024-01-03 16:46:00,28.55,44.7,1183.9,3.62,60.41,2465.0,2.09,66.89,8.91,7.49,0,Normal
2024-01-03 16:47:00,27.44,50.3,1175.6,3.74,61.59,2713.7,2.35,67.8,9.8,7.54,0,Normal
2024-01-03 16:48:00,27.66,49.04,1185.0,3.74,61.42,2718.9,2.13,65.33,9.98,7.89,0,Normal
2024-01-03 16:49:00,28.35,46.7,1205.3,3.25,63.49,2747.7,2.47,69.59,9.91,8.52,0,Normal
2024-01-03 16:50:00,28.47,46.46,1232.6,3.6,62.37,2711.7,2.3,67.29,9.25,9.1,0,Normal
2024-01-03 16:51:00,28.45,45.65,1194.9,3.79,63.12,2752.2,2.42,69.2,9.94,8.29,0,Normal
2024-01-03 16:52:00,27.71,48.22,1175.9,3.6,61.13,2572.3,1.99,65.0,8.94,8.03,0,Normal
2024-01-03 16:53:00,27.6,49.66,1149.3,3.6,60.96,2473.5,2.03,65.55,8.3,7.67,0,Normal
2024-01-03 16:54:00,27.81,46.59,1187.1,3.41,60.86,2593.3,2.43,68.0,9.72,9.26,0,Normal
2024-01-03 16:55:00,28.16,44.71,1199.9,3.54,63.03,2677.0,2.09,65.85,9.23,8.5,0,Normal
2024-01-03 16:56:00,28.76,46.99,1190.4,3.75,63.49,2744.6,2.41,68.79,10.08,8.97,0,Normal
2024-01-03 16:57:00,26.97,49.64,1173.0,3.57,61.4,2701.7,2.22,67.89,9.56,8.81,0,Normal
2024-01-03 16:58:00,27.86,45.87,1169.9,3.25,62.49,2677.9,2.43,66.29,9.61,8.4,0,Normal
2024-01-03 16:59:00,27.28,47.5,1182.4,3.41,61.6,2666.9,2.47,68.54,10.14,8.69,0,Normal
2024-01-03 17:00:00,27.1,47.64,1184.8,3.74,62.16,2604.6,2.24,66.1,9.46,8.66,0,Normal
2024-01-03 17:01:00,28.38,45.52,1210.1,3.56,61.86,2691.4,2.44,66.06,9.94,9.64,0,Normal
2024-01-03 17:02:00,28.15,46.55,1185.9,3.52,64.43,2781.9,2.39,68.26,10.4,8.57,0,Normal
2024-01-03 17:03:00,28.08,46.76,1155.6,3.39,62.42,2604.4,2.28,67.37,9.69,9.48,0,Normal
2024-01-03 17:04:00,28.29,45.8,1170.5,3.74,63.88,2762.9,2.44,68.55,10.24,9.88,0,Normal
2024-01-03 17:05:00,27.57,46.94,1186.2,3.83,61.03,2560.3,2.08,65.94,8.96,8.46,0,Normal
2024-01-03 17:06:00,27.57,47.74,1232.6,3.75,60.77,2671.9,2.27,67.32,9.28,9.49,0,Normal
2024-01-03 17:07:00,28.85,46.02,1188.6,3.79,60.73,2611.6,2.28,66.36,9.55,9.98,0,Normal
2024-01-03 17:08:00,27.61,47.52,1183.7,3.43,62.58,2663.6,2.43,68.08,9.61,9.47,0,Normal
2024-01-03 17:09:00,28.08,48.89,1167.7,3.4,61.5,2565.4,2.11,66.36,9.51,9.23,0,Normal
2024-01-03 17:10:00,27.69,48.61,1149.5,3.47,61.38,2546.7,2.19,67.31,9.28,10.67,0,Normal
2024-01-03 17:11:00,26.74,47.18,1137.9,3.51,60.9,2675.0,2.31,67.0,9.86,10.09,0,Normal
2024-01-03 17:12:00,26.62,50.57,1100.4,3.79,63.74,2736.4,2.3,67.12,9.69,10.02,0,Normal
2024-01-03 17:13:00,27.33,49.41,1200.4,3.73,61.03,2641.3,2.21,66.37,9.16,9.71,0,Normal
2024-01-03 17:14:00,28.12,46.42,1126.7,3.61,60.8,2584.6,2.22,65.63,9.89,10.04,0,Normal
2024-01-03 17:15:00,27.97,45.12,1172.7,3.21,62.29,2605.0,2.32,67.74,9.6,10.44,0,Normal
2024-01-03 17:16:00,28.01,47.3,1150.7,3.16,63.35,2667.6,2.44,67.01,10.25,9.59,0,Normal
2024-01-03 17:17:00,27.03,49.03,1138.5,3.55,63.62,2666.0,2.22,67.09,9.33,9.4,0,Normal
2024-01-03 17:18:00,28.31,45.06,1220.6,3.68,61.98,2703.6,2.23,66.73,9.64,10.03,0,Normal
2024-01-03 17:19:00,27.0,46.93,1165.0,3.48,61.99,2597.4,2.12,64.92,9.78,10.13,0,Normal
2024-01-03 17:20:00,27.56,47.96,1147.1,3.88,64.84,2714.3,2.33,66.55,9.58,10.79,0,Normal
2024-01-03 17:21:00,27.43,47.98,1153.8,3.28,62.56,2655.0,2.37,66.92,10.5,10.04,0,Normal
2024-01-03 17:22:00,27.32,47.9,1147.3,3.26,62.64,2581.6,2.26,66.67,9.62,10.45,0,Normal
2024-01-03 17:23:00,28.05,47.08,1180.0,3.37,60.63,2556.4,2.42,68.63,9.29,10.68,0,Normal
2024-01-03 17:24:00,27.01,47.43,1164.5,3.36,61.6,2611.3,2.28,66.83,9.67,10.4,0,Normal
2024-01-03 17:25:00,26.66,49.06,1200.6,3.61,59.94,2626.6,2.22,66.74,9.75,10.52,0,Normal
2024-01-03 17:26:00,27.32,49.32,1118.6,3.42,63.49,2757.0,2.37,68.53,9.84,10.95,0,Normal
2024-01-03 17:27:00,27.09,48.41,1160.9,3.19,62.39,2621.3,2.35,68.16,9.51,11.28,0,Normal
2024-01-03 17:28:00,28.95,43.07,1191.2,3.68,61.06,2529.7,2.18,66.25,9.33,10.72,0,Normal
2024-01-03 17:29:00,27.58,47.35,1195.3,3.15,61.42,2658.7,2.37,66.89,9.88,10.83,0,Normal
2024-01-03 17:30:00,27.01,47.47,1169.1,3.29,62.55,2699.3,2.41,68.12,9.89,11.88,0,Normal
2024-01-03 17:31:00,26.67,50.1,1168.1,3.18,63.84,2788.6,2.62,68.67,10.57,11.49,0,Normal
2024-01-03 17:32:00,26.23,50.96,1153.2,3.54,60.78,2734.3,2.25,67.89,9.97,10.78,0,Normal
2024-01-03 17:33:00,26.63,47.27,1129.4,3.54,63.87,2698.2,2.24,67.54,9.9,11.37,0,Normal
2024-01-03 17:34:00,27.18,49.91,1193.9,3.88,61.03,2654.9,2.02,65.46,9.11,11.01,0,Normal
2024-01-03 17:35:00,27.81,45.97,1196.2,3.68,62.48,2679.5,2.42,68.19,9.91,11.86,0,Normal
2024-01-03 17:36:00,27.64,50.29,1195.6,3.79,63.24,2678.5,2.37,67.73,10.43,11.41,0,Normal
2024-01-03 17:37:00,27.17,48.73,1194.9,3.56,60.87,2538.6,2.25,66.36,9.43,11.76,0,Normal
2024-01-03 17:38:00,26.87,47.47,1167.8,3.3,60.67,2623.5,2.26,67.02,9.87,12.36,0,Normal
2024-01-03 17:39:00,27.14,47.14,1199.8,3.53,60.17,2600.4,2.07,65.35,9.06,11.38,0,Normal
2024-01-03 17:40:00,26.72,50.13,1163.8,3.62,61.69,2634.9,2.22,67.9,9.63,11.93,0,Normal
2024-01-03 17:41:00,27.81,47.05,1170.8,3.64,62.94,2684.2,2.3,66.68,10.06,11.29,0,Normal
2024-01-03 17:42:00,26.84,49.25,1156.6,3.41,61.89,2588.8,2.17,66.67,9.87,11.56,0,Normal
2024-01-03 17:43:00,26.86,51.76,1156.7,3.6,59.49,2536.8,1.98,64.36,9.3,11.01,0,Normal
2024-01-03 17:44:00,25.78,50.25,1122.5,3.31,60.17,2581.6,2.09,65.05,8.86,11.39,0,Normal
2024-01-03 17:45:00,26.76,49.62,1196.0,3.29,61.2,2746.9,2.46,66.66,10.35,12.49,0,Normal
2024-01-03 17:46:00,27.25,50.77,1172.5,3.28,61.14,2734.2,2.27,67.09,10.27,12.24,0,Normal
2024-01-03 17:47:00,26.28,50.81,1147.9,3.5,61.61,2672.4,2.33,66.81,9.57,11.95,0,Normal
2024-01-03 17:48:00,26.41,47.75,1158.0,3.26,61.43,2596.0,2.28,67.66,9.26,12.16,0,Normal
2024-01-03 17:49:00,27.16,49.57,1237.7,3.42,58.72,2565.9,2.23,66.58,9.21,11.8,0,Normal
2024-01-03 17:50:00,26.0,49.15,1111.7,3.68,62.1,2683.9,2.31,67.21,9.82,13.04,0,Normal
2024-01-03 17:51:00,27.24,50.77,1143.8,3.29,61.28,2549.9,2.26,65.74,9.29,12.53,0,Normal
2024-01-03 17:52:00,26.43,48.9,1114.0,3.4,64.17,2774.2,2.48,68.78,9.93,13.58,0,Normal
2024-01-03 17:53:00,26.47,54.5,1143.7,3.51,62.42,2697.0,2.32,66.79,10.28,13.38,0,Normal
2024-01-03 17:54:00,26.08,52.95,1147.8,3.55,61.2,2630.9,2.19,65.31,9.21,12.29,0,Normal
2024-01-03 17:55:00,26.81,48.25,1144.5,3.4,62.66,2584.7,2.41,68.06,9.57,13.12,0,Normal
2024-01-03 17:56:00,27.83,47.64,1163.0,3.66,62.23,2630.9,2.21,65.67,9.6,13.26,0,Normal
2024-01-03 17:57:00,26.96,50.3,1162.8,3.62,61.82,2646.2,2.25,65.28,9.17,12.63,0,Normal
2024-01-03 17:58:00,26.12,51.87,1129.8,3.73,61.65,2714.4,2.12,66.89,9.13,12.23,0,Normal
2024-01-03 17:59:00,27.09,49.6,1169.6,3.48,61.49,2642.9,2.31,66.67,9.52,13.0,0,Normal
2024-01-03 18:00:00,26.34,52.16,1174.7,3.4,54.58,2110.9,1.72,61.6,7.7,11.13,0,Normal
2024-01-03 18:01:00,27.16,48.62,1180.2,3.36,56.95,2299.1,1.93,63.64,8.28,11.35,0,Normal
2024-01-03 18:02:00,26.86,48.81,1179.1,3.56,55.41,2287.0,1.78,62.76,7.31,11.13,0,Normal
2024-01-03 18:03:00,24.96,52.26,1146.3,3.42,55.53,2238.5,1.87,64.58,8.36,11.21,0,Normal
2024-01-03 18:04:00,25.9,52.36,1145.1,3.39,54.81,2194.0,1.64,61.22,7.79,10.86,0,Normal
2024-01-03 18:05:00,26.85,49.91,1153.1,3.41,58.08,2275.1,2.05,64.21,8.45,11.59,0,Normal
2024-01-03 18:06:00,26.43,50.56,1129.3,3.36,56.94,2206.0,1.92,64.93,8.08,11.09,0,Normal
2024-01-03 18:07:00,25.82,52.42,1126.6,3.54,55.5,2066.8,1.7,62.46,7.61,10.67,0,Normal
2024-01-03 18:08:00,25.99,47.84,1126.7,3.22,58.75,2338.7,1.95,64.8,9.15,12.13,0,Normal
2024-01-03 18:09:00,25.33,52.57,1144.9,3.56,55.98,2226.5,1.89,63.61,8.23,12.35,0,Normal
2024-01-03 18:10:00,26.22,50.84,1153.0,3.64,55.4,2107.1,1.67,64.05,7.54,11.18,0,Normal
2024-01-03 18:11:00,27.34,50.99,1184.2,3.38,54.72,2112.3,1.92,63.1,7.32,11.19,0,Normal
2024-01-03 18:12:00,26.61,47.5,1123.3,3.88,56.83,2200.2,1.82,63.86,7.95,11.5,0,Normal
2024-01-03 18:13:00,27.28,50.93,1201.5,3.5,55.05,2262.4,2.01,65.6,8.34,12.61,0,Normal
2024-01-03 18:14:00,26.61,49.92,1141.4,3.19,56.3,2207.3,1.98,64.24,8.02,12.06,0,Normal
2024-01-03 18:15:00,26.65,50.46,1125.6,3.44,56.99,2272.1,2.05,64.46,8.15,12.1,0,Normal
2024-01-03 18:16:00,27.1,51.43,1151.1,3.51,57.08,2209.8,1.93,64.86,8.22,12.29,0,Normal
2024-01-03 18:17:00,26.28,51.24,1207.7,3.59,56.11,2361.1,1.88,64.61,7.94,12.26,0,Normal
2024-01-03 18:18:00,25.97,51.55,1129.8,3.45,56.47,2248.6,1.93,63.67,8.35,12.63,0,Normal
2024-01-03 18:19:00,26.56,50.25,1143.1,3.3,55.78,2134.1,1.78,64.33,7.52,11.95,0,Normal
2024-01-03 18:20:00,26.75,48.83,1150.1,3.28,57.23,2270.2,2.2,65.96,7.85,12.82,0,Normal
2024-01-03 18:21:00,25.76,51.3,1131.4,3.37,58.09,2328.3,2.02,65.31,8.33,13.78,0,Normal
2024-01-03 18:22:00,25.61,50.53,1112.7,3.39,57.75,2476.2,2.1,66.45,8.81,13.7,0,Normal
2024-01-03 18:23:00,26.02,50.8,1143.9,3.27,55.17,2104.0,1.88,64.32,7.82,11.08,0,Normal
2024-01-03 18:24:00,26.34,46.78,1173.7,3.35,55.91,2195.6,1.78,63.31,7.91,12.44,0,Normal
2024-01-03 18:25:00,26.3,51.0,1153.9,3.63,53.54,2031.5,1.77,62.49,6.89,10.71,0,Normal
2024-01-03 18:26:00,25.17,52.22,1095.5,3.83,56.36,2286.5,1.72,64.92,7.97,12.89,0,Normal
2024-01-03 18:27:00,26.81,48.94,1147.6,3.65,56.08,2180.5,1.67,62.15,7.48,12.1,0,Normal
2024-01-03 18:28:00,25.51,52.11,1116.4,3.76,58.17,2379.2,1.93,64.7,8.37,13.34,0,Normal
2024-01-03 18:29:00,25.67,49.34,1134.8,3.69,53.95,2145.2,1.57,62.23,7.02,11.81,0,Normal
2024-01-03 18:30:00,25.33,55.0,1159.9,3.67,53.82,2069.8,1.81,63.65,7.41,12.42,0,Normal
2024-01-03 18:31:00,27.11,48.75,1158.4,3.43,55.6,2170.9,1.82,64.98,8.69,12.38,0,Normal
2024-01-03 18:32:00,25.86,50.94,1134.9,3.53,54.76,2085.2,1.41,61.07,7.63,11.31,0,Normal
2024-01-03 18:33:00,25.29,50.74,1170.1,3.42,54.24,2235.4,1.86,63.52,7.54,13.1,0,Normal
2024-01-03 18:34:00,26.12,50.72,1164.3,3.46,55.08,2089.2,1.82,64.55,7.58,11.24,0,Normal
2024-01-03 18:35:00,26.05,52.89,1155.3,3.51,55.05,2204.9,1.78,63.1,7.64,13.04,0,Normal
2024-01-03 18:36:00,25.55,53.27,1179.9,3.64,53.72,1956.2,1.46,61.79,6.84,11.62,0,Normal
2024-01-03 18:37:00,26.04,52.12,1153.0,3.58,55.27,2197.9,1.79,63.43,8.03,13.07,0,Normal
2024-01-03 18:38:00,25.18,53.2,1073.9,3.47,57.49,2263.8,1.89,64.8,8.11,13.71,0,Normal
2024-01-03 18:39:00,25.32,51.58,1147.3,3.51,55.65,2246.0,1.76,63.7,7.64,13.74,0,Normal
2024-01-03 18:40:00,24.54,51.35,1071.0,3.59,55.97,2159.4,1.69,62.53,7.96,12.62,0,Normal
2024-01-03 18:41:00,24.86,52.65,1128.5,3.63,54.24,2199.3,1.77,61.78,7.3,13.08,0,Normal
2024-01-03 18:42:00,26.4,49.82,1105.2,3.2,57.26,2210.3,2.08,64.05,8.29,13.68,0,Normal
2024-01-03 18:43:00,26.29,51.94,1134.2,3.28,56.57,2262.5,2.02,63.48,7.78,13.24,0,Normal
2024-01-03 18:44:00,25.48,52.29,1120.6,3.72,54.97,2074.2,1.51,61.56,6.87,12.29,0,Normal
2024-01-03 18:45:00,26.26,52.85,1125.9,3.49,56.83,2260.4,1.97,62.91,8.41,13.8,0,Normal
2024-01-03 18:46:00,25.32,53.91,1117.7,3.42,53.04,2036.0,1.76,62.76,7.04,11.85,0,Normal
2024-01-03 18:47:00,25.26,51.55,1151.0,3.45,53.83,2206.3,1.94,64.1,7.27,13.74,0,Normal
2024-01-03 18:48:00,25.38,49.31,1109.8,3.45,55.94,2116.1,1.72,63.55,7.34,13.0,0,Normal
2024-01-03 18:49:00,25.27,54.29,1139.0,3.61,56.25,2249.9,1.85,64.11,7.74,13.79,0,Normal
2024-01-03 18:50:00,25.2,54.38,1099.9,3.28,56.45,2158.0,1.96,65.07,7.57,14.01,0,Normal
2024-01-03 18:51:00,25.86,49.11,1132.4,3.5,54.89,2053.7,1.67,62.86,7.48,12.18,0,Normal
2024-01-03 18:52:00,25.34,54.36,1134.9,3.55,55.13,2131.6,1.82,63.24,7.18,13.89,0,Normal
2024-01-03 18:53:00,25.6,52.2,1107.0,3.58,57.2,2207.0,1.86,63.88,7.81,14.15,0,Normal
2024-01-03 18:54:00,25.73,51.62,1101.8,3.54,55.19,2224.4,1.74,62.41,7.79,14.2,0,Normal
2024-01-03 18:55:00,25.39,54.43,1140.0,3.6,53.45,2136.2,1.63,62.3,7.22,12.95,0,Normal
2024-01-03 18:56:00,24.68,55.29,1141.8,3.39,55.41,2150.7,1.96,63.19,7.74,14.36,0,Normal
2024-01-03 18:57:00,24.47,54.63,1107.4,3.31,55.14,2247.5,1.81,64.14,7.65,13.45,0,Normal
2024-01-03 18:58:00,25.2,53.05,1112.5,3.99,54.67,2122.6,1.52,60.98,6.9,12.64,0,Normal
2024-01-03 18:59:00,25.01,53.6,1124.2,3.44,55.15,2158.3,1.85,63.74,7.54,13.55,0,Normal
2024-01-03 19:00:00,25.12,51.88,1123.8,3.46,56.41,2385.3,1.98,64.76,8.61,15.46,0,Normal
2024-01-03 19:01:00,25.05,52.54,1127.0,3.64,53.89,2068.3,1.54,62.47,6.99,12.47,0,Normal
2024-01-03 19:02:00,26.32,48.97,1083.2,3.82,55.0,2098.1,1.62,61.1,7.4,13.04,0,Normal
2024-01-03 19:03:00,24.34,53.38,1080.1,3.39,56.33,2267.7,1.85,63.54,8.37,14.69,0,Normal
2024-01-03 19:04:00,23.99,53.97,1078.6,3.3,55.11,2087.0,1.75,63.44,7.66,13.65,0,Normal
2024-01-03 19:05:00,25.13,51.52,1126.3,3.25,54.96,2185.7,2.14,66.51,7.71,14.76,0,Normal
2024-01-03 19:06:00,24.75,53.36,1119.6,3.82,54.37,2152.0,1.65,62.38,7.58,14.43,0,Normal
2024-01-03 19:07:00,25.07,52.08,1137.4,3.29,55.11,2186.1,1.79,62.86,8.03,14.42,0,Normal
2024-01-03 19:08:00,25.18,53.12,1130.1,3.49,57.44,2300.1,2.16,67.1,8.34,16.71,0,Normal
2024-01-03 19:09:00,25.51,49.35,1097.7,3.3,57.97,2214.9,2.07,65.78,7.8,15.1,0,Normal
2024-01-03 19:10:00,24.09,54.16,1138.0,3.21,55.06,2299.2,2.05,65.71,8.09,15.58,0,Normal
2024-01-03 19:11:00,24.54,53.72,1142.7,3.44,54.53,2084.5,1.67,61.66,7.4,13.83,0,Normal
2024-01-03 19:12:00,25.01,52.21,1088.8,3.31,55.62,2076.2,1.94,64.57,7.88,15.29,0,Normal
2024-01-03 19:13:00,25.16,52.15,1131.6,3.36,52.13,2001.6,1.74,61.85,6.93,14.34,0,Normal
2024-01-03 19:14:00,25.85,48.79,1122.1,3.9,54.6,2105.7,1.66,61.54,6.77,13.87,0,Normal
2024-01-03 19:15:00,25.21,52.86,1127.7,3.58,55.97,2225.7,1.67,63.07,7.34,14.38,0,Normal
2024-01-03 19:16:00,24.68,54.25,1140.0,3.69,56.16,2214.1,1.81,63.96,7.98,15.06,0,Normal
2024-01-03 19:17:00,24.24,54.81,1158.1,3.66,53.65,2150.8,1.88,63.26,8.24,15.53,0,Normal
2024-01-03 19:18:00,24.38,55.37,1126.4,3.48,53.73,2156.5,1.78,64.07,7.55,14.91,0,Normal
2024-01-03 19:19:00,24.35,54.18,1114.3,3.41,54.35,2168.6,1.77,62.81,8.0,14.93,0,Normal
2024-01-03 19:20:00,24.95,53.51,1110.4,3.55,54.62,2200.8,1.77,62.91,7.38,15.55,0,Normal
2024-01-03 19:21:00,24.72,53.43,1119.1,3.53,55.33,2289.0,1.86,63.66,7.82,16.13,0,Normal
2024-01-03 19:22:00,23.91,55.69,1132.2,3.39,52.64,2043.7,1.61,61.76,6.36,14.4,0,Normal
2024-01-03 19:23:00,24.33,51.53,1105.6,3.53,55.62,2151.1,1.8,64.27,7.8,15.47,0,Normal
2024-01-03 19:24:00,24.97,51.42,1097.2,3.36,57.34,2262.3,2.11,64.69,8.12,17.23,0,Normal
2024-01-03 19:25:00,24.68,55.65,1073.2,3.47,56.22,2225.1,2.01,64.18,8.3,15.64,0,Normal
2024-01-03 19:26:00,24.77,49.43,1128.2,3.43,55.05,2259.0,1.8,62.49,7.72,16.64,0,Normal
2024-01-03 19:27:00,24.65,53.11,1119.3,3.25,57.48,2505.2,2.28,67.74,9.67,18.8,0,Normal
2024-01-03 19:28:00,25.25,54.0,1108.9,3.03,55.84,2194.1,2.08,64.79,8.64,16.38,0,Normal
2024-01-03 19:29:00,24.54,53.4,1136.4,3.31,54.99,2226.6,1.96,63.68,7.28,16.72,0,Normal
2024-01-03 19:30:00,24.2,53.53,1093.5,3.86,54.6,2061.4,1.67,62.32,7.48,14.61,0,Normal
2024-01-03 19:31:00,23.92,54.85,1094.9,3.44,54.29,2218.0,1.73,63.44,7.44,15.78,0,Normal
2024-01-03 19:32:00,24.48,53.11,1109.1,3.66,55.01,2229.0,1.75,63.51,7.95,16.01,0,Normal
2024-01-03 19:33:00,23.11,56.15,1073.4,3.08,54.92,2189.8,2.04,64.27,7.58,16.97,0,Normal
2024-01-03 19:34:00,24.21,53.09,1110.2,3.3,52.33,2111.8,1.63,61.72,7.63,14.71,0,Normal
2024-01-03 19:35:00,24.18,55.84,1132.4,3.23,55.18,2202.5,1.81,62.37,8.09,16.35,0,Normal
2024-01-03 19:36:00,23.58,57.39,1063.1,3.46,56.01,2289.0,1.94,64.38,7.73,16.79,0,Normal
2024-01-03 19:37:00,23.78,54.7,1107.8,3.98,55.61,2295.4,1.69,63.65,7.81,16.3,0,Normal
2024-01-03 19:38:00,24.62,51.3,1116.8,3.59,56.46,2246.3,1.95,63.94,8.15,16.87,0,Normal
2024-01-03 19:39:00,24.31,53.15,1110.1,3.84,54.62,2178.9,1.63,62.72,7.71,14.71,0,Normal
2024-01-03 19:40:00,24.23,53.82,1126.3,3.45,56.03,2229.9,1.91,63.66,8.0,16.47,0,Normal
2024-01-03 19:41:00,24.31,54.71,1107.4,3.77,55.9,2237.5,1.83,62.81,8.15,16.83,0,Normal
2024-01-03 19:42:00,24.18,52.67,1115.6,3.91,53.93,2127.7,1.59,62.42,7.27,15.05,0,Normal
2024-01-03 19:43:00,24.73,52.03,1132.5,3.48,55.05,2203.1,1.8,65.0,7.95,16.9,0,Normal
2024-01-03 19:44:00,24.15,54.99,1090.4,3.39,55.22,2051.2,1.7,63.15,6.95,14.94,0,Normal
2024-01-03 19:45:00,23.34,57.1,1094.2,3.24,54.33,2152.9,1.85,63.25,7.66,16.66,0,Normal
2024-01-03 19:46:00,24.86,52.02,1110.9,3.44,56.35,2192.8,1.78,63.1,8.15,16.4,0,Normal
2024-01-03 19:47:00,24.21,52.12,1100.9,3.52,54.09,2209.3,1.77,64.37,8.1,16.41,0,Normal
2024-01-03 19:48:00,23.71,59.95,1086.1,3.91,54.2,2063.0,1.68,62.74,7.34,15.08,0,Normal
2024-01-03 19:49:00,23.35,56.84,1098.9,3.24,54.64,2316.1,1.85,63.01,7.98,17.43,0,Normal
2024-01-03 19:50:00,24.16,53.81,1105.2,3.51,55.63,2261.2,1.82,63.48,8.35,16.66,0,Normal
2024-01-03 19:51:00,23.88,56.02,1107.5,3.14,54.69,2189.3,1.97,64.44,7.87,16.97,0,Normal
2024-01-03 19:52:00,24.7,53.04,1113.7,3.41,55.07,2119.4,1.59,62.44,7.71,15.47,0,Normal
2024-01-03 19:53:00,23.72,56.3,1054.4,3.56,55.14,2200.3,1.99,65.5,7.94,17.38,0,Normal
2024-01-03 19:54:00,23.46,55.72,1089.9,3.6,54.21,2117.9,1.82,64.24,7.57,17.05,0,Normal
2024-01-03 19:55:00,24.3,54.09,1107.6,3.62,55.24,2262.7,1.68,62.77,7.42,15.67,0,Normal
2024-01-03 19:56:00,24.3,53.8,1112.0,3.58,54.2,2131.4,1.52,61.57,6.87,15.61,0,Normal
2024-01-03 19:57:00,23.9,52.51,1083.1,3.62,54.21,2036.1,1.67,62.73,7.51,15.54,0,Normal
2024-01-03 19:58:00,24.13,57.17,1072.7,3.51,55.38,2186.8,1.71,62.4,8.17,16.64,0,Normal
2024-01-03 19:59:00,23.75,53.53,1110.7,3.29,54.53,2194.5,1.96,64.89,7.92,17.48,0,Normal
2024-01-03 20:00:00,23.87,52.7,1090.5,3.13,56.14,2255.7,2.05,64.75,8.16,18.84,0,Normal
2024-01-03 20:01:00,24.31,53.62,1110.5,3.39,54.49,2125.7,1.8,63.63,7.88,16.81,0,Normal
2024-01-03 20:02:00,24.02,53.02,1093.4,3.47,56.26,2289.6,1.86,65.02,8.19,18.18,0,Normal
2024-01-03 20:03:00,23.6,55.14,1091.9,3.75,53.27,2141.1,1.82,63.63,6.82,17.27,0,Normal
2024-01-03 20:04:00,24.34,54.91,1095.6,3.48,56.11,2283.0,1.98,64.68,8.49,18.64,0,Normal
2024-01-03 20:05:00,22.46,58.76,1045.1,3.46,54.94,2168.2,1.87,63.35,7.36,17.07,0,Normal
2024-01-03 20:06:00,24.65,54.55,1124.9,3.58,56.47,2226.9,1.98,64.47,8.1,18.26,0,Normal
2024-01-03 20:07:00,22.75,56.29,1060.0,3.45,54.36,2204.3,1.72,61.96,7.49,17.21,0,Normal
2024-01-03 20:08:00,23.27,55.88,1089.5,3.66,54.87,2279.0,1.95,64.52,7.87,17.99,0,Normal
2024-01-03 20:09:00,23.54,55.93,1101.2,3.9,54.45,2161.5,1.65,60.88,7.48,16.58,0,Normal
2024-01-03 20:10:00,23.47,52.81,1074.8,3.94,53.81,2124.3,1.66,63.02,7.63,16.67,0,Normal
2024-01-03 20:11:00,24.03,55.31,1070.5,3.52,57.01,2354.0,1.95,64.94,8.37,19.94,0,Normal
2024-01-03 20:12:00,22.98,54.16,1140.2,3.57,53.65,2161.0,1.55,61.76,7.72,16.81,0,Normal
2024-01-03 20:13:00,23.61,58.25,1079.1,3.82,54.16,2207.5,1.81,62.9,8.18,18.03,0,Normal
2024-01-03 20:14:00,23.18,55.38,1099.1,3.47,56.03,2256.2,1.71,62.91,8.29,18.65,0,Normal
2024-01-03 20:15:00,23.59,54.96,1140.3,3.64,52.4,2126.0,1.56,60.38,7.14,16.8,0,Normal
2024-01-03 20:16:00,23.39,54.44,1107.6,3.27,55.03,2213.0,1.85,64.21,7.69,18.68,0,Normal
2024-01-03 20:17:00,23.45,54.54,1081.5,3.44,54.17,2129.1,1.57,61.8,7.29,16.64,0,Normal
2024-01-03 20:18:00,23.11,59.51,1080.5,3.73,54.4,2129.4,1.58,63.06,7.67,16.47,0,Normal
2024-01-03 20:19:00,23.11,57.51,1061.4,3.36,56.31,2198.6,1.93,64.48,8.3,18.8,0,Normal
2024-01-03 20:20:00,23.49,53.1,1111.8,3.47,53.38,2097.0,1.68,62.6,6.52,17.82,0,Normal
2024-01-03 20:21:00,23.8,57.12,1110.1,3.19,54.63,2199.0,1.88,64.03,7.9,19.06,0,Normal
2024-01-03 20:22:00,23.01,58.08,1067.3,3.9,56.31,2303.7,1.72,62.35,7.25,18.89,0,Normal
2024-01-03 20:23:00,22.85,56.14,1051.0,3.75,56.4,2238.1,1.82,63.28,7.94,18.48,0,Normal
2024-01-03 20:24:00,23.57,55.73,1058.4,3.54,55.83,2137.9,1.76,63.3,7.48,17.42,0,Normal
2024-01-03 20:25:00,23.23,55.86,1109.3,3.6,54.73,2164.8,1.6,61.89,7.19,17.22,0,Normal
2024-01-03 20:26:00,23.64,58.1,1095.9,3.58,55.35,2123.5,1.74,62.61,7.81,18.03,0,Normal
2024-01-03 20:27:00,22.76,55.54,1080.5,3.78,55.87,2353.4,1.74,62.86,7.85,18.94,0,Normal
2024-01-03 20:28:00,22.3,57.78,1045.4,3.4,56.14,2185.6,1.97,64.45,7.98,19.64,0,Normal
2024-01-03 20:29:00,22.9,55.83,1041.5,3.65,56.25,2186.3,1.77,64.91,7.49,17.94,0,Normal
2024-01-03 20:30:00,22.77,54.57,1099.4,3.72,54.54,2238.9,2.02,64.32,8.06,19.98,0,Normal
2024-01-03 20:31:00,23.09,59.42,1082.9,3.74,54.0,2104.1,1.76,62.5,7.73,17.8,0,Normal
2024-01-03 20:32:00,22.8,54.9,1098.6,3.05,55.86,2280.9,2.03,64.66,7.96,20.83,0,Normal
2024-01-03 20:33:00,23.47,55.79,1079.7,3.38,53.81,2125.9,1.83,64.42,7.75,18.67,0,Normal
2024-01-03 20:34:00,22.93,53.81,1072.7,3.3,56.72,2306.3,1.79,64.56,8.09,19.27,0,Normal
2024-01-03 20:35:00,23.13,55.46,1100.5,3.53,54.62,2112.5,1.84,64.88,7.61,19.11,0,Normal
2024-01-03 20:36:00,23.12,56.72,1100.7,3.1,53.42,2253.4,1.86,63.49,7.7,18.78,0,Normal
2024-01-03 20:37:00,23.12,54.85,1102.3,3.09,53.52,2014.0,1.81,63.64,7.52,17.33,0,Normal
2024-01-03 20:38:00,22.99,57.2,1072.4,3.93,54.22,2136.6,1.57,61.16,7.52,17.45,0,Normal
2024-01-03 20:39:00,23.24,55.47,1100.1,3.62,53.28,2161.0,1.65,61.97,7.34,17.36,0,Normal
2024-01-03 20:40:00,22.57,58.82,1099.1,3.52,53.17,2160.8,1.72,61.83,7.51,18.55,0,Normal
2024-01-03 20:41:00,23.65,57.18,1090.3,3.57,55.42,2163.7,1.8,63.68,7.93,19.07,0,Normal
2024-01-03 20:42:00,22.81,55.76,1063.4,3.53,55.65,2215.9,1.84,63.64,8.03,19.59,0,Normal
2024-01-03 20:43:00,22.25,57.76,1098.6,3.7,53.63,2171.1,1.7,62.76,7.4,19.11,0,Normal
2024-01-03 20:44:00,22.99,56.6,1063.4,3.37,55.11,2180.4,1.69,62.08,7.94,18.63,0,Normal
2024-01-03 20:45:00,22.45,58.22,1084.7,3.54,52.23,2111.4,1.9,64.19,7.75,18.88,0,Normal
2024-01-03 20:46:00,23.19,55.98,1082.3,3.55,53.59,2133.3,1.75,61.15,8.09,18.54,0,Normal
2024-01-03 20:47:00,23.94,54.89,1052.8,3.29,56.86,2314.3,2.05,64.83,7.92,21.06,0,Normal
2024-01-03 20:48:00,22.43,56.97,1096.7,3.76,53.2,2135.7,1.62,62.0,7.51,18.19,0,Normal
2024-01-03 20:49:00,22.97,56.53,1010.4,3.41,58.0,2272.5,1.89,62.8,8.55,20.98,0,Normal
2024-01-03 20:50:00,21.91,60.22,1008.5,3.7,55.5,2182.8,1.78,63.54,8.03,18.84,0,Normal
2024-01-03 20:51:00,22.99,57.28,1093.1,3.52,55.27,2235.0,1.87,63.63,7.84,20.12,0,Normal
2024-01-03 20:52:00,22.31,58.6,1079.3,3.83,55.83,2261.4,1.92,64.52,7.66,21.26,0,Normal
2024-01-03 20:53:00,22.42,58.43,1052.4,3.29,55.69,2275.2,2.16,66.88,8.8,22.54,0,Normal
2024-01-03 20:54:00,22.16,57.58,1067.0,3.28,54.32,2184.9,2.0,64.65,7.75,20.54,0,Normal
2024-01-03 20:55:00,23.06,56.67,1018.0,3.32,55.7,2201.2,1.72,63.62,7.62,20.44,0,Normal
2024-01-03 20:56:00,23.18,54.34,1101.3,3.53,53.15,2154.7,1.68,63.38,8.02,18.89,0,Normal
2024-01-03 20:57:00,22.67,58.79,1079.7,3.81,54.1,2265.1,1.78,63.45,7.41,20.26,0,Normal
2024-01-03 20:58:00,22.21,53.54,1063.1,3.82,55.21,2268.9,1.74,62.39,8.08,19.87,0,Normal
2024-01-03 20:59:00,23.42,55.41,1089.0,3.04,54.81,2191.3,1.96,63.08,7.67,21.1,0,Normal
2024-01-03 21:00:00,22.24,59.39,1077.0,3.55,55.11,2277.0,1.64,62.66,7.5,21.06,0,Normal
2024-01-03 21:01:00,21.51,56.93,1049.5,2.86,55.99,2266.6,2.21,65.54,8.45,23.62,0,Normal
2024-01-03 21:02:00,22.81,57.25,1029.3,3.66,54.92,2235.7,1.61,63.08,7.8,20.0,0,Normal
2024-01-03 21:03:00,22.01,57.06,1115.1,3.72,53.92,2227.5,1.58,61.6,7.78,19.31,0,Normal
2024-01-03 21:04:00,23.04,55.68,1110.8,3.49,52.96,2047.9,1.57,61.71,7.37,18.32,0,Normal
2024-01-03 21:05:00,22.34,58.91,1034.6,3.52,53.24,2016.7,1.64,61.38,6.87,18.86,0,Normal
2024-01-03 21:06:00,22.81,56.93,1067.6,3.51,55.86,2227.9,1.69,62.57,7.41,20.55,0,Normal
2024-01-03 21:07:00,23.19,52.9,1078.0,3.34,54.79,2176.9,1.74,62.29,7.52,20.24,0,Normal
2024-01-03 21:08:00,21.87,56.86,1084.4,3.59,54.14,2183.1,1.87,63.04,7.84,20.89,0,Normal
2024-01-03 21:09:00,22.18,59.24,1009.6,3.45,55.25,2187.5,1.82,63.43,7.7,21.24,0,Normal
2024-01-03 21:10:00,22.41,58.04,1055.7,3.69,54.2,2195.1,1.78,62.7,6.58,21.17,0,Normal
2024-01-03 21:11:00,23.2,58.57,1039.9,3.48,56.97,2266.6,1.8,65.4,7.47,20.75,0,Normal
2024-01-03 21:12:00,22.08,60.47,1054.5,3.33,54.45,2174.7,1.83,64.04,7.63,21.04,0,Normal
2024-01-03 21:13:00,22.1,57.41,1050.2,3.19,54.2,2153.8,1.85,64.28,7.92,21.04,0,Normal
2024-01-03 21:14:00,22.62,60.74,1074.4,3.13,56.67,2254.0,1.94,64.28,7.86,21.92,0,Normal
2024-01-03 21:15:00,22.08,58.0,1046.4,3.76,54.8,2122.8,1.69,62.73,7.68,20.6,0,Normal
2024-01-03 21:16:00,22.43,55.89,1049.7,3.41,55.54,2164.9,1.65,62.23,7.11,20.19,0,Normal
2024-01-03 21:17:00,21.56,57.95,1066.6,3.57,53.02,2183.2,1.77,64.77,7.63,21.33,0,Normal
2024-01-03 21:18:00,23.42,52.15,1099.9,3.86,53.1,2100.5,1.57,61.66,7.24,19.28,0,Normal
2024-01-03 21:19:00,21.63,61.18,1066.4,3.39,54.05,2205.8,1.8,62.8,7.84,21.38,0,Normal
2024-01-03 21:20:00,22.13,60.27,1058.1,3.37,55.21,2192.8,1.94,63.65,7.61,22.06,0,Normal
2024-01-03 21:21:00,22.26,56.12,1050.8,3.47,55.03,2211.6,1.88,64.01,7.4,22.54,0,Normal
2024-01-03 21:22:00,23.21,55.58,1081.3,3.51,54.91,2239.1,1.81,64.34,8.05,21.81,0,Normal
2024-01-03 21:23:00,21.58,59.0,1064.1,3.88,53.27,2064.1,1.47,61.98,6.54,18.56,0,Normal
2024-01-03 21:24:00,23.22,54.47,1029.9,3.81,56.4,2185.3,1.9,63.54,7.7,21.71,0,Normal
2024-01-03 21:25:00,22.59,54.41,1081.6,3.62,55.39,2257.1,1.7,62.21,8.19,21.32,0,Normal
2024-01-03 21:26:00,22.4,57.06,1075.8,3.79,54.25,2160.5,1.76,63.85,7.62,21.12,0,Normal
2024-01-03 21:27:00,21.69,58.18,1055.3,3.46,53.16,2171.6,1.6,63.39,7.45,20.02,0,Normal
2024-01-03 21:28:00,22.45,56.7,1065.3,3.56,55.15,2312.1,1.96,64.19,8.35,23.23,0,Normal
2024-01-03 21:29:00,21.79,58.81,991.6,3.44,54.84,2176.8,1.92,64.84,8.0,22.62,0,Normal
2024-01-03 21:30:00,22.77,58.86,1064.4,3.24,53.05,2147.2,1.62,61.01,7.3,20.77,0,Normal
2024-01-03 21:31:00,21.64,58.3,1097.5,3.74,53.41,2186.2,1.74,62.2,7.28,20.8,0,Normal
2024-01-03 21:32:00,22.05,58.26,1061.3,3.61,55.16,2124.4,1.78,62.54,8.4,20.66,0,Normal
2024-01-03 21:33:00,21.82,59.52,1048.6,3.5,54.57,2105.0,1.82,63.66,7.46,21.13,0,Normal
2024-01-03 21:34:00,21.59,59.68,1052.1,3.5,54.26,2135.8,1.79,63.08,7.66,20.91,0,Normal
2024-01-03 21:35:00,22.44,56.39,1077.6,3.2,55.3,2252.2,1.86,63.87,8.07,22.2,0,Normal
2024-01-03 21:36:00,22.32,57.67,1082.8,3.3,53.76,2168.8,1.8,64.04,7.44,22.09,0,Normal
2024-01-03 21:37:00,22.64,57.77,1067.1,3.57,55.91,2105.2,1.94,63.76,7.65,22.49,0,Normal
2024-01-03 21:38:00,21.13,57.97,1053.3,3.39,54.57,2406.8,1.85,63.63,8.64,23.16,0,Normal
2024-01-03 21:39:00,22.54,59.02,1112.7,3.46,54.02,2145.3,1.8,62.28,7.35,22.38,0,Normal
2024-01-03 21:40:00,23.25,58.0,1110.1,3.48,54.9,2189.9,1.93,64.88,7.99,22.84,0,Normal
2024-01-03 21:41:00,21.76,57.46,1113.6,3.36,52.27,2211.8,1.69,63.1,7.73,21.45,0,Normal
2024-01-03 21:42:00,22.91,56.74,1061.9,3.31,54.2,2086.8,1.65,62.58,7.23,21.23,0,Normal
2024-01-03 21:43:00,21.82,59.38,1098.3,3.18,52.33,2187.7,1.71,62.55,7.41,21.91,0,Normal
2024-01-03 21:44:00,21.25,58.62,1025.3,3.47,53.48,2135.0,1.78,62.68,7.78,21.96,0,Normal
2024-01-03 21:45:00,21.77,59.23,1064.3,3.62,53.53,2169.5,1.59,60.97,7.32,21.17,0,Normal
2024-01-03 21:46:00,22.44,57.56,1087.1,3.17,56.74,2418.8,2.1,65.45,8.01,26.04,0,Normal
2024-01-03 21:47:00,21.48,56.83,1036.9,3.5,54.59,2170.8,1.93,64.54,8.25,22.85,0,Normal
2024-01-03 21:48:00,21.59,59.53,1053.9,3.56,52.57,2192.2,1.72,63.98,7.18,22.02,0,Normal
2024-01-03 21:49:00,22.17,56.14,1086.2,3.3,55.08,2198.3,1.8,63.08,7.82,22.27,0,Normal
2024-01-03 21:50:00,21.86,59.76,1039.5,3.78,55.07,2239.5,1.78,63.4,7.42,23.43,0,Normal
2024-01-03 21:51:00,22.14,56.84,1104.6,3.42,54.05,2165.9,1.79,63.9,7.45,23.3,0,Normal
2024-01-03 21:52:00,21.95,57.94,1024.5,3.48,55.35,2286.4,1.93,64.93,7.96,24.45,0,Normal
2024-01-03 21:53:00,22.06,60.05,1109.7,3.47,52.13,1982.8,1.77,62.39,7.14,20.96,0,Normal
2024-01-03 21:54:00,21.59,59.57,1076.9,3.15,51.8,1969.5,1.74,62.39,6.74,21.33,0,Normal
2024-01-03 21:55:00,21.91,56.64,1056.0,3.7,54.69,2168.7,1.94,63.71,8.41,23.78,0,Normal
2024-01-03 21:56:00,21.32,57.8,1036.4,3.31,56.09,2309.5,2.02,64.11,8.3,24.98,0,Normal
2024-01-03 21:57:00,22.42,56.45,1055.7,3.45,54.25,2063.9,1.65,63.4,7.53,21.72,0,Normal
2024-01-03 21:58:00,21.44,59.69,1045.5,3.62,51.26,1966.0,1.76,62.69,6.97,20.91,0,Normal
2024-01-03 21:59:00,22.31,58.07,1065.1,3.79,54.94,2191.3,1.72,62.79,7.94,22.39,0,Normal
2024-01-03 22:00:00,21.62,57.52,1083.8,3.28,48.01,1757.8,1.31,59.79,5.2,16.77,0,Normal
2024-01-03 22:01:00,21.83,56.66,1105.7,3.41,47.46,1688.1,1.54,60.97,5.71,17.94,0,Normal
2024-01-03 22:02:00,21.47,59.48,1054.3,3.78,47.97,1696.7,1.16,58.59,5.39,15.44,0,Normal
2024-01-03 22:03:00,21.19,59.28,1022.7,3.59,48.85,1689.3,1.22,58.71,5.51,15.31,0,Normal
2024-01-03 22:04:00,20.82,63.46,1022.7,3.63,49.55,1726.3,1.28,60.73,6.0,16.42,0,Normal
2024-01-03 22:05:00,21.15,59.68,1038.4,3.29,47.13,1672.2,1.35,59.36,5.82,17.03,0,Normal
2024-01-03 22:06:00,21.5,61.71,1024.3,3.42,50.51,1803.4,1.56,60.75,6.36,18.87,0,Normal
2024-01-03 22:07:00,21.76,56.77,1025.7,3.47,47.8,1588.4,0.98,57.65,5.11,13.58,0,Normal
2024-01-03 22:08:00,22.15,55.47,1115.4,3.33,46.95,1672.3,1.41,61.58,6.43,16.87,0,Normal
2024-01-03 22:09:00,21.41,57.48,1055.8,3.17,47.79,1644.0,1.32,59.11,5.7,16.69,0,Normal
2024-01-03 22:10:00,21.18,61.36,1022.8,3.4,48.75,1762.4,1.36,60.51,5.28,17.73,0,Normal
2024-01-03 22:11:00,20.89,62.73,1058.2,3.77,48.02,1688.7,1.4,59.99,6.03,16.59,0,Normal
2024-01-03 22:12:00,21.84,57.22,1027.3,3.51,49.94,1823.6,1.46,60.9,6.44,18.94,0,Normal
2024-01-03 22:13:00,22.28,56.9,1038.2,3.77,48.22,1601.3,1.23,59.82,5.79,15.61,0,Normal
2024-01-03 22:14:00,22.21,55.97,1044.1,3.54,49.48,1706.6,1.34,58.8,6.05,17.79,0,Normal
2024-01-03 22:15:00,21.92,55.52,1099.8,3.35,48.3,1836.6,1.52,60.28,5.98,19.03,0,Normal
2024-01-03 22:16:00,21.88,59.4,1051.2,3.76,50.76,1877.9,1.59,62.23,6.84,20.5,0,Normal
2024-01-03 22:17:00,22.39,57.72,1006.9,3.54,51.48,1680.4,1.14,59.15,5.77,15.98,0,Normal
2024-01-03 22:18:00,21.7,58.65,1084.3,3.69,48.09,1714.7,1.37,60.17,6.14,17.16,0,Normal
2024-01-03 22:19:00,21.85,56.27,1049.3,3.29,47.29,1565.0,1.43,60.73,6.0,17.01,0,Normal
2024-01-03 22:20:00,21.35,61.72,1000.9,3.71,47.12,1554.7,1.19,58.2,5.2,15.31,0,Normal
2024-01-03 22:21:00,20.82,59.46,1028.6,3.71,49.08,1868.2,1.31,60.53,6.4,18.01,0,Normal
2024-01-03 22:22:00,21.15,60.42,1056.1,3.56,48.85,1719.1,1.21,59.76,6.02,16.81,0,Normal
2024-01-03 22:23:00,21.48,56.85,1059.7,3.34,50.01,1875.5,1.76,62.66,6.76,22.0,0,Normal
2024-01-03 22:24:00,21.51,58.7,1095.1,3.49,46.64,1636.5,1.14,58.83,5.9,15.32,0,Normal
2024-01-03 22:25:00,22.43,57.76,1047.3,3.62,50.57,1736.1,1.52,62.01,6.52,19.2,0,Normal
2024-01-03 22:26:00,21.5,59.5,1051.1,3.55,50.85,1858.0,1.51,60.75,6.29,19.45,0,Normal
2024-01-03 22:27:00,22.04,58.27,1043.2,3.62,49.56,1725.4,1.54,61.63,6.21,18.77,0,Normal
2024-01-03 22:28:00,21.22,60.25,1005.8,3.7,48.75,1730.0,1.26,60.66,6.04,17.63,0,Normal
2024-01-03 22:29:00,21.27,57.71,1067.6,3.37,48.73,1709.6,1.22,59.62,6.26,16.98,0,Normal
2024-01-03 22:30:00,20.75,60.64,1046.7,3.27,46.98,1560.3,1.27,59.11,5.51,15.91,0,Normal
2024-01-03 22:31:00,21.04,60.0,1047.9,3.49,49.65,1890.5,1.33,61.55,6.32,19.63,0,Normal
2024-01-03 22:32:00,21.66,59.05,1063.9,3.43,47.78,1703.4,1.59,61.4,6.4,18.71,0,Normal
2024-01-03 22:33:00,21.4,59.3,1030.8,3.66,49.95,1752.3,1.42,61.47,6.01,18.55,0,Normal
2024-01-03 22:34:00,21.85,56.45,1031.9,3.29,48.21,1635.2,1.42,60.01,5.43,17.66,0,Normal
2024-01-03 22:35:00,21.46,57.09,1050.2,3.7,47.54,1625.8,1.27,60.11,5.71,16.27,0,Normal
2024-01-03 22:36:00,21.19,56.24,1072.8,3.77,48.59,1749.8,1.21,58.76,5.64,17.9,0,Normal
2024-01-03 22:37:00,22.43,58.55,1108.8,3.5,48.61,1818.5,1.38,60.37,6.9,19.09,0,Normal
2024-01-03 22:38:00,21.3,60.6,1065.9,3.51,49.92,1851.3,1.46,60.34,6.4,19.84,0,Normal
2024-01-03 22:39:00,21.92,59.51,1059.2,3.35,48.97,1713.8,1.59,62.69,6.33,19.24,0,Normal
2024-01-03 22:40:00,21.13,60.12,1049.4,3.39,45.27,1539.7,1.05,57.63,4.73,14.58,0,Normal
2024-01-03 22:41:00,21.68,55.48,1053.9,3.42,49.57,1751.9,1.34,59.22,6.35,17.43,0,Normal
2024-01-03 22:42:00,21.78,56.96,1029.9,3.79,48.7,1755.4,1.25,59.43,5.8,17.96,0,Normal
2024-01-03 22:43:00,21.41,59.41,1048.9,3.49,48.95,1842.9,1.36,60.42,6.09,19.25,0,Normal
2024-01-03 22:44:00,20.12,61.68,989.1,3.24,49.41,1768.2,1.33,59.9,5.95,18.32,0,Normal
2024-01-03 22:45:00,21.3,59.02,1042.9,3.55,47.81,1589.9,0.95,56.97,4.71,13.91,0,Normal
2024-01-03 22:46:00,21.9,58.83,1098.9,3.67,48.48,1804.7,1.16,59.53,5.72,18.03,0,Normal
2024-01-03 22:47:00,21.54,58.94,1071.4,3.49,50.91,1913.9,1.64,62.76,6.87,21.71,0,Normal
2024-01-03 22:48:00,21.49,59.2,1026.8,3.79,49.03,1798.4,1.32,58.65,5.54,18.97,0,Normal
2024-01-03 22:49:00,20.4,60.02,1026.2,3.66,48.08,1751.5,1.38,59.45,6.21,18.76,0,Normal
2024-01-03 22:50:00,20.89,61.56,1017.0,3.29,49.95,1764.7,1.41,60.36,6.02,18.77,0,Normal
2024-01-03 22:51:00,21.45,58.44,1047.5,3.39,48.58,1713.2,1.36,59.61,5.91,19.05,0,Normal
2024-01-03 22:52:00,21.45,57.1,1074.9,3.55,48.83,1737.2,1.5,61.23,5.4,20.1,0,Normal
2024-01-03 22:53:00,21.84,57.23,1073.1,3.17,47.27,1683.9,1.54,62.17,5.96,19.56,0,Normal
2024-01-03 22:54:00,21.15,59.1,1105.2,3.57,48.37,1708.5,1.4,59.94,5.55,19.03,0,Normal
2024-01-03 22:55:00,21.42,60.63,1078.3,3.15,48.48,1808.4,1.52,62.04,6.1,20.06,0,Normal
2024-01-03 22:56:00,21.22,59.44,1049.5,3.7,49.09,1673.6,1.32,58.8,5.29,18.28,0,Normal
2024-01-03 22:57:00,20.71,60.14,1051.2,3.68,50.61,1870.3,1.48,61.23,6.16,21.65,0,Normal
2024-01-03 22:58:00,20.07,59.7,1016.4,3.6,48.21,1757.0,1.3,59.21,5.79,18.63,0,Normal
2024-01-03 22:59:00,21.41,60.34,1020.0,3.36,49.19,1640.7,1.31,60.11,5.6,17.81,0,Normal
2024-01-03 23:00:00,21.27,58.43,1078.1,3.53,48.66,1862.5,1.53,59.75,6.6,20.62,0,Normal
2024-01-03 23:01:00,20.87,59.98,1062.7,3.4,48.38,1678.6,1.21,58.2,5.03,16.71,0,Normal
2024-01-03 23:02:00,20.37,63.26,1021.3,3.29,49.04,1832.9,1.63,61.97,6.4,21.44,0,Normal
2024-01-03 23:03:00,21.48,59.79,1056.5,3.43,47.58,1699.7,1.29,59.02,5.64,18.85,0,Normal
2024-01-03 23:04:00,21.03,57.4,1071.6,3.64,45.79,1741.4,1.1,57.91,5.28,17.85,0,Normal
2024-01-03 23:05:00,21.44,56.46,1069.9,3.51,48.58,1783.4,1.32,61.04,5.66,19.21,0,Normal
2024-01-03 23:06:00,22.08,57.85,1025.1,3.79,50.11,1767.9,1.25,59.62,6.27,18.81,0,Normal
2024-01-03 23:07:00,20.08,59.74,1027.6,3.65,47.17,1619.9,1.13,59.15,5.92,15.87,0,Normal
2024-01-03 23:08:00,20.79,61.25,1031.6,3.63,47.62,1673.0,1.18,58.33,4.99,17.34,0,Normal
2024-01-03 23:09:00,21.03,59.91,1068.4,3.18,49.45,1834.3,1.47,59.82,5.99,20.64,0,Normal
2024-01-03 23:10:00,21.86,58.6,1082.9,3.44,47.97,1746.7,1.32,59.65,5.52,19.04,0,Normal
2024-01-03 23:11:00,20.31,60.09,1059.1,3.29,47.01,1658.0,1.31,58.5,5.49,18.25,0,Normal
2024-01-03 23:12:00,22.09,60.55,1033.8,3.46,48.95,1651.6,1.4,59.76,6.16,18.53,0,Normal
2024-01-03 23:13:00,21.18,63.83,1024.1,3.36,46.6,1642.5,1.25,59.29,5.6,18.12,0,Normal
2024-01-03 23:14:00,21.06,59.37,1069.1,3.42,46.27,1555.6,1.23,58.86,5.17,17.57,0,Normal
2024-01-03 23:15:00,21.01,60.42,1025.3,3.71,48.54,1722.6,1.28,59.77,5.78,18.7,0,Normal
2024-01-03 23:16:00,20.88,60.26,999.6,3.6,49.58,1703.3,1.38,60.68,5.83,19.81,0,Normal
2024-01-03 23:17:00,21.62,58.39,1065.7,3.7,47.36,1679.1,1.23,58.23,5.76,17.43,0,Normal
2024-01-03 23:18:00,20.56,59.45,1017.5,3.18,48.94,1772.1,1.42,59.72,6.31,20.08,0,Normal
2024-01-03 23:19:00,21.26,57.8,1090.0,3.51,48.64,1812.0,1.3,58.13,6.16,19.19,0,Normal
2024-01-03 23:20:00,20.89,58.39,1045.2,3.69,49.34,1902.5,1.44,60.28,5.7,21.65,0,Normal
2024-01-03 23:21:00,20.7,61.05,1038.0,3.8,46.98,1649.2,1.29,59.93,5.53,18.45,0,Normal
2024-01-03 23:22:00,22.37,56.66,1058.1,3.19,50.0,1826.8,1.52,62.15,6.29,22.14,0,Normal
2024-01-03 23:23:00,21.28,55.53,1085.4,3.43,49.3,1836.9,1.38,60.34,6.46,20.44,0,Normal
2024-01-03 23:24:00,21.37,59.89,1056.5,3.71,48.25,1700.9,1.23,60.19,5.73,18.56,0,Normal
2024-01-03 23:25:00,21.63,58.7,1042.4,3.46,49.04,1752.7,1.33,60.13,6.08,20.18,0,Normal
2024-01-03 23:26:00,20.35,63.09,1007.1,3.32,47.71,1782.4,1.34,59.85,5.75,20.21,0,Normal
2024-01-03 23:27:00,21.93,58.78,1056.8,3.19,49.72,1734.3,1.34,59.57,6.22,19.81,0,Normal
2024-01-03 23:28:00,20.0,59.48,995.6,3.31,50.0,1899.6,1.52,59.44,6.86,22.24,0,Normal
2024-01-03 23:29:00,20.67,57.16,1059.0,3.16,47.51,1736.2,1.45,61.24,5.42,20.44,0,Normal
2024-01-03 23:30:00,20.82,59.15,991.1,3.51,48.94,1805.1,1.29,59.59,5.58,19.66,0,Normal
2024-01-03 23:31:00,21.33,58.36,1043.2,3.68,48.65,1759.3,1.23,60.2,6.02,18.99,0,Normal
2024-01-03 23:32:00,21.15,61.04,1058.3,3.25,46.25,1566.4,1.16,57.9,5.12,16.72,0,Normal
2024-01-03 23:33:00,20.95,59.97,1047.6,3.55,49.32,1729.9,1.21,60.93,6.07,19.13,0,Normal
2024-01-03 23:34:00,21.03,61.55,1022.7,3.67,49.44,1851.9,1.3,59.58,6.19,20.82,0,Normal
2024-01-03 23:35:00,20.54,58.73,1047.4,3.5,46.74,1638.9,1.21,58.45,5.61,18.02,0,Normal
2024-01-03 23:36:00,20.28,62.64,1003.5,3.18,47.93,1677.3,1.26,59.21,5.4,17.98,0,Normal
2024-01-03 23:37:00,21.39,60.28,1047.3,3.58,48.4,1753.9,1.32,59.84,5.97,20.0,0,Normal
2024-01-03 23:38:00,21.37,56.2,1063.7,3.49,46.17,1630.8,1.14,58.41,5.38,17.48,0,Normal
2024-01-03 23:39:00,21.82,60.42,1067.9,3.47,48.05,1765.8,1.27,59.03,5.6,20.33,0,Normal
2024-01-03 23:40:00,20.63,60.71,1015.6,3.39,47.96,1691.9,1.37,58.74,6.07,19.42,0,Normal
2024-01-03 23:41:00,21.37,59.83,1077.2,3.52,46.97,1656.9,1.18,58.21,4.85,17.97,0,Normal
2024-01-03 23:42:00,20.88,58.83,1039.7,3.6,47.56,1647.2,1.19,59.63,5.51,18.34,0,Normal
2024-01-03 23:43:00,21.61,60.71,1070.8,3.98,49.19,1711.0,1.36,59.44,5.49,20.02,0,Normal
2024-01-03 23:44:00,21.52,57.18,1088.7,3.52,47.78,1613.5,1.15,57.49,5.05,18.43,0,Normal
2024-01-03 23:45:00,21.12,60.94,1070.3,3.8,46.32,1574.3,1.26,58.39,5.59,18.9,0,Normal
2024-01-03 23:46:00,20.84,61.42,1064.8,3.57,47.12,1732.8,1.25,59.1,5.33,19.04,0,Normal
2024-01-03 23:47:00,21.49,57.56,1054.6,3.48,48.29,1771.5,1.25,58.81,5.48,19.93,0,Normal
2024-01-03 23:48:00,21.33,62.28,1066.5,3.53,48.0,1707.8,1.25,59.09,5.84,20.32,0,Normal
2024-01-03 23:49:00,20.66,60.85,1038.6,3.26,48.19,1669.3,1.38,59.51,5.42,20.68,0,Normal
2024-01-03 23:50:00,20.34,62.07,996.6,3.56,48.7,1746.5,1.47,61.33,6.34,21.3,0,Normal
2024-01-03 23:51:00,20.86,57.86,1044.8,3.1,47.09,1589.2,1.43,60.55,5.76,19.76,0,Normal
2024-01-03 23:52:00,21.76,61.71,1061.6,3.33,49.04,1810.4,1.47,62.22,5.95,21.52,0,Normal
2024-01-03 23:53:00,21.58,57.03,1066.1,3.52,48.04,1778.2,1.48,60.34,6.36,22.83,0,Normal
2024-01-03 23:54:00,20.45,62.44,1025.7,3.74,48.27,1690.5,1.06,58.01,4.86,18.05,0,Normal
2024-01-03 23:55:00,20.42,59.46,1009.3,3.79,49.51,1842.2,1.39,61.09,6.34,22.21,0,Normal
2024-01-03 23:56:00,21.64,57.82,1069.2,3.45,47.55,1659.1,1.32,59.89,5.24,19.2,0,Normal
2024-01-03 23:57:00,20.43,62.1,995.8,3.53,49.69,1822.0,1.46,60.02,6.09,22.02,0,Normal
2024-01-03 23:58:00,21.25,60.98,1081.6,3.7,47.68,1699.9,1.08,58.67,5.31,18.76,0,Normal
2024-01-03 23:59:00,20.69,58.55,1028.1,3.23,48.38,1713.3,1.31,59.97,6.16,21.01,0,Normal
