timestamp,air_temp,process_temp,rotational_speed,torque,tool_wear,power_kw,temp_diff,torque_speed_ratio,strain_index,wear_rate,anomaly,anomaly_type
2020-01-01 00:00:00,24.95,35.45,1551,42.8,0,6.952,10.5,0.0276,0.0,0.0,0,Normal
2020-01-01 00:01:00,25.05,35.55,1408,46.3,3,6.827,10.5,0.0329,138.9,1.5,0,Normal
2020-01-01 00:02:00,24.95,35.35,1498,49.4,5,7.749,10.4,0.033,247.0,1.6667,0,Normal
2020-01-01 00:03:00,25.05,35.45,1433,39.5,7,5.928,10.4,0.0276,276.5,1.75,0,Normal
2020-01-01 00:04:00,25.05,35.55,1408,40.0,9,5.898,10.5,0.0284,360.0,1.8,0,Normal
2020-01-01 00:05:00,24.95,35.45,1425,41.9,11,6.253,10.5,0.0294,460.9,1.8333,0,Normal
2020-01-01 00:06:00,24.95,35.45,1558,42.4,14,6.918,10.5,0.0272,593.6,2.0,0,Normal
2020-01-01 00:07:00,24.95,35.45,1527,40.2,16,6.428,10.5,0.0263,643.2,2.0,0,Normal
2020-01-01 00:08:00,25.15,35.55,1667,28.6,18,4.993,10.4,0.0172,514.8,2.0,0,Normal
2020-01-01 00:09:00,25.35,35.85,1741,28.0,21,5.105,10.5,0.0161,588.0,2.1,0,Normal
2020-01-01 00:10:00,25.25,35.75,1782,23.9,24,4.46,10.5,0.0134,573.6,2.1818,0,Normal
2020-01-01 00:11:00,25.45,35.95,1423,44.3,29,6.601,10.5,0.0311,1284.7,2.4167,0,Normal
2020-01-01 00:12:00,25.45,35.95,1339,51.1,34,7.165,10.5,0.0382,1737.4,2.6154,0,Normal
2020-01-01 00:13:00,25.45,36.05,1742,30.0,37,5.473,10.6,0.0172,1110.0,2.6429,0,Normal
2020-01-01 00:14:00,25.45,36.05,2035,19.6,40,4.177,10.6,0.0096,784.0,2.6667,0,Normal
2020-01-01 00:15:00,25.45,36.05,1542,48.4,42,7.816,10.6,0.0314,2032.8,2.625,0,Normal
2020-01-01 00:16:00,25.45,36.05,1311,46.6,44,6.398,10.6,0.0355,2050.4,2.5882,0,Normal
2020-01-01 00:17:00,25.55,36.05,1410,45.6,47,6.733,10.5,0.0323,2143.2,2.6111,0,Normal
2020-01-01 00:18:00,25.65,36.05,1306,54.5,50,7.454,10.4,0.0417,2725.0,2.6316,0,Normal
2020-01-01 00:19:00,25.75,36.15,1632,32.5,55,5.554,10.4,0.0199,1787.5,2.75,0,Normal
2020-01-01 00:20:00,25.75,36.15,1375,42.7,58,6.148,10.4,0.0311,2476.6,2.7619,0,Normal
2020-01-01 00:21:00,25.65,36.15,1450,44.8,63,6.803,10.5,0.0309,2822.4,2.8636,0,Normal
2020-01-01 00:22:00,25.75,36.15,1581,30.7,65,5.083,10.4,0.0194,1995.5,2.8261,0,Normal
2020-01-01 00:23:00,25.85,36.25,1758,25.7,68,4.731,10.4,0.0146,1747.6,2.8333,0,Normal
2020-01-01 00:24:00,25.85,36.25,1561,37.3,70,6.097,10.4,0.0239,2611.0,2.8,0,Normal
2020-01-01 00:25:00,25.85,36.35,1861,23.3,73,4.541,10.5,0.0125,1700.9,2.8077,0,Normal
2020-01-01 00:26:00,25.95,36.35,1512,39.0,75,6.175,10.4,0.0258,2925.0,2.7778,0,Normal
2020-01-01 00:27:00,25.95,36.25,1811,24.6,77,4.665,10.3,0.0136,1894.2,2.75,0,Normal
2020-01-01 00:28:00,25.95,36.25,1439,44.2,82,6.661,10.3,0.0307,3624.4,2.8276,0,Normal
2020-01-01 00:29:00,25.85,36.25,1693,30.1,84,5.336,10.4,0.0178,2528.4,2.8,0,Normal
2020-01-01 00:30:00,25.95,36.35,1339,48.2,86,6.759,10.4,0.036,4145.2,2.7742,0,Normal
2020-01-01 00:31:00,25.85,36.25,1798,25.5,89,4.801,10.4,0.0142,2269.5,2.7812,0,Normal
2020-01-01 00:32:00,25.85,36.25,1419,48.3,91,7.177,10.4,0.034,4395.3,2.7576,0,Normal
2020-01-01 00:33:00,25.75,36.15,1665,32.5,93,5.667,10.4,0.0195,3022.5,2.7353,0,Normal
2020-01-01 00:34:00,25.65,35.95,1559,34.7,95,5.665,10.3,0.0223,3296.5,2.7143,0,Normal
2020-01-01 00:35:00,25.65,36.05,1452,48.6,98,7.39,10.4,0.0335,4762.8,2.7222,0,Normal
2020-01-01 00:36:00,25.75,36.05,1581,36.7,101,6.076,10.3,0.0232,3706.7,2.7297,0,Normal
2020-01-01 00:37:00,25.65,35.95,1439,39.2,104,5.907,10.3,0.0272,4076.8,2.7368,0,Normal
2020-01-01 00:38:00,25.75,36.05,1379,50.7,106,7.322,10.3,0.0368,5374.2,2.7179,0,Normal
2020-01-01 00:39:00,25.65,35.95,1350,52.5,111,7.422,10.3,0.0389,5827.5,2.775,0,Normal
2020-01-01 00:40:00,25.65,35.95,1362,45.4,113,6.475,10.3,0.0333,5130.2,2.7561,0,Normal
2020-01-01 00:41:00,25.65,35.95,1368,50.8,115,7.277,10.3,0.0371,5842.0,2.7381,0,Normal
2020-01-01 00:42:00,25.65,35.95,1368,49.1,117,7.034,10.3,0.0359,5744.7,2.7209,0,Normal
2020-01-01 00:43:00,25.65,36.05,1372,48.5,120,6.968,10.4,0.0353,5820.0,2.7273,0,Normal
2020-01-01 00:44:00,25.65,35.95,1472,47.5,125,7.322,10.3,0.0323,5937.5,2.7778,0,Normal
2020-01-01 00:45:00,25.65,35.95,1489,49.1,128,7.656,10.3,0.033,6284.8,2.7826,0,Normal
2020-01-01 00:46:00,25.55,35.85,1843,25.8,130,4.979,10.3,0.014,3354.0,2.766,0,Normal
2020-01-01 00:47:00,25.65,35.95,1418,46.3,133,6.875,10.3,0.0327,6157.9,2.7708,0,Normal
2020-01-01 00:48:00,25.65,36.05,1425,53.9,135,8.043,10.4,0.0378,7276.5,2.7551,0,Normal
2020-01-01 00:49:00,25.75,36.05,1412,44.1,140,6.521,10.3,0.0312,6174.0,2.8,0,Normal
2020-01-01 00:50:00,25.75,35.95,2861,4.6,143,1.378,10.2,0.0016,657.8,2.8039,1,Power_Failure
2020-01-01 00:51:00,25.75,35.95,1383,54.9,145,7.951,10.2,0.0397,7960.5,2.7885,0,Normal
2020-01-01 00:52:00,25.65,35.85,1497,43.8,147,6.866,10.2,0.0293,6438.6,2.7736,0,Normal
2020-01-01 00:53:00,25.55,35.85,1565,35.1,152,5.752,10.3,0.0224,5335.2,2.8148,0,Normal
2020-01-01 00:54:00,25.55,35.85,1691,30.1,154,5.33,10.3,0.0178,4635.4,2.8,0,Normal
2020-01-01 00:55:00,25.65,35.95,1512,40.7,156,6.444,10.3,0.0269,6349.2,2.7857,0,Normal
2020-01-01 00:56:00,25.65,35.95,1477,42.4,158,6.558,10.3,0.0287,6699.2,2.7719,0,Normal
2020-01-01 00:57:00,25.65,35.95,1513,40.3,160,6.385,10.3,0.0266,6448.0,2.7586,0,Normal
2020-01-01 00:58:00,25.65,35.85,1661,29.5,162,5.131,10.2,0.0178,4779.0,2.7458,0,Normal
2020-01-01 00:59:00,25.65,35.95,1378,54.4,165,7.85,10.3,0.0395,8976.0,2.75,0,Normal
2020-01-01 01:00:00,25.65,35.95,1393,52.6,167,7.673,10.3,0.0378,8784.2,2.7377,0,Normal
2020-01-01 01:01:00,25.65,35.85,1592,38.2,169,6.368,10.2,0.024,6455.8,2.7258,0,Normal
2020-01-01 01:02:00,25.65,35.85,1829,22.9,172,4.386,10.2,0.0125,3938.8,2.7302,0,Normal
2020-01-01 01:03:00,25.75,35.85,1812,25.9,174,4.915,10.1,0.0143,4506.6,2.7188,0,Normal
2020-01-01 01:04:00,25.85,35.95,1523,38.6,177,6.156,10.1,0.0253,6832.2,2.7231,0,Normal
2020-01-01 01:05:00,25.85,35.95,1394,45.1,179,6.584,10.1,0.0324,8072.9,2.7121,0,Normal
2020-01-01 01:06:00,25.75,35.75,1679,28.7,181,5.046,10.0,0.0171,5194.7,2.7015,0,Normal
2020-01-01 01:07:00,25.65,35.75,1466,44.1,184,6.77,10.1,0.0301,8114.4,2.7059,0,Normal
2020-01-01 01:08:00,25.65,35.75,1527,32.4,189,5.181,10.1,0.0212,6123.6,2.7391,0,Normal
2020-01-01 01:09:00,25.75,35.85,1410,65.7,191,9.701,10.1,0.0466,12548.7,2.7286,1,Power_Failure
2020-01-01 01:10:00,25.75,35.85,1924,22.6,193,4.553,10.1,0.0117,4361.8,2.7183,0,Normal
2020-01-01 01:11:00,25.75,35.95,1452,45.5,196,6.918,10.2,0.0313,8918.0,2.7222,0,Normal
2020-01-01 01:12:00,25.75,35.95,1369,44.4,198,6.365,10.2,0.0324,8791.2,2.7123,0,Normal
2020-01-01 01:13:00,25.85,35.95,1592,35.0,200,5.835,10.1,0.022,7000.0,2.7027,0,Normal
2020-01-01 01:14:00,25.75,35.85,1601,32.3,202,5.415,10.1,0.0202,6524.6,2.6933,0,Normal
2020-01-01 01:15:00,25.65,35.75,1379,46.7,204,6.744,10.1,0.0339,9526.8,2.6842,0,Normal
2020-01-01 01:16:00,25.65,35.75,1461,47.9,206,7.328,10.1,0.0328,9867.4,2.6753,0,Normal
2020-01-01 01:17:00,25.65,35.75,1455,41.3,208,6.293,10.1,0.0284,8590.4,2.6667,1,Tool_Wear_Failure
2020-01-01 01:18:00,25.65,35.75,1398,51.5,0,7.54,10.1,0.0368,0.0,0.0,0,Normal
2020-01-01 01:19:00,25.65,35.75,1402,37.9,2,5.564,10.1,0.027,75.8,0.025,0,Normal
2020-01-01 01:20:00,25.65,35.65,1445,49.9,4,7.551,10.0,0.0345,199.6,0.0494,0,Normal
2020-01-01 01:21:00,25.75,35.75,1450,47.5,9,7.213,10.0,0.0328,427.5,0.1098,0,Normal
2020-01-01 01:22:00,25.75,35.75,1453,40.8,11,6.208,10.0,0.0281,448.8,0.1325,0,Normal
2020-01-01 01:23:00,25.85,35.85,1469,40.1,13,6.169,10.0,0.0273,521.3,0.1548,0,Normal
2020-01-01 01:24:00,25.75,35.75,1422,47.6,15,7.088,10.0,0.0335,714.0,0.1765,0,Normal
2020-01-01 01:25:00,25.85,35.85,1804,26.8,17,5.063,10.0,0.0149,455.6,0.1977,0,Normal
2020-01-01 01:26:00,25.85,35.85,1436,43.9,20,6.602,10.0,0.0306,878.0,0.2299,0,Normal
2020-01-01 01:27:00,25.85,35.85,1544,31.8,25,5.142,10.0,0.0206,795.0,0.2841,0,Normal
2020-01-01 01:28:00,25.85,35.85,1419,45.2,27,6.717,10.0,0.0319,1220.4,0.3034,0,Normal
2020-01-01 01:29:00,25.75,35.75,1487,39.5,30,6.151,10.0,0.0266,1185.0,0.3333,0,Normal
2020-01-01 01:30:00,25.75,35.75,1753,25.8,33,4.736,10.0,0.0147,851.4,0.3626,0,Normal
2020-01-01 01:31:00,25.75,35.75,1830,24.9,35,4.772,10.0,0.0136,871.5,0.3804,0,Normal
2020-01-01 01:32:00,25.75,35.75,1727,27.1,37,4.901,10.0,0.0157,1002.7,0.3978,0,Normal
2020-01-01 01:33:00,25.95,35.85,1450,43.0,40,6.529,9.9,0.0297,1720.0,0.4255,0,Normal
2020-01-01 01:34:00,25.85,35.75,1622,31.9,42,5.418,9.9,0.0197,1339.8,0.4421,0,Normal
2020-01-01 01:35:00,25.85,35.85,1351,52.2,44,7.385,10.0,0.0386,2296.8,0.4583,0,Normal
2020-01-01 01:36:00,25.85,35.85,1575,35.3,47,5.822,10.0,0.0224,1659.1,0.4845,0,Normal
2020-01-01 01:37:00,25.75,35.75,1750,29.9,50,5.479,10.0,0.0171,1495.0,0.5102,0,Normal
2020-01-01 01:38:00,25.75,35.65,1529,32.7,53,5.236,9.9,0.0214,1733.1,0.5354,0,Normal
2020-01-01 01:39:00,25.65,35.65,1523,44.4,55,7.081,10.0,0.0292,2442.0,0.55,0,Normal
2020-01-01 01:40:00,25.65,35.75,1852,25.0,57,4.849,10.1,0.0135,1425.0,0.5644,0,Normal
2020-01-01 01:41:00,25.65,35.65,1991,20.7,59,4.316,10.0,0.0104,1221.3,0.5784,0,Normal
2020-01-01 01:42:00,25.65,35.65,1555,40.6,61,6.611,10.0,0.0261,2476.6,0.5922,0,Normal
2020-01-01 01:43:00,25.65,35.65,1441,40.5,63,6.111,10.0,0.0281,2551.5,0.6058,0,Normal
2020-01-01 01:44:00,25.65,35.55,1450,43.4,66,6.59,9.9,0.0299,2864.4,0.6286,0,Normal
2020-01-01 01:45:00,25.65,35.55,1591,31.1,68,5.182,9.9,0.0195,2114.8,0.6415,0,Normal
2020-01-01 01:46:00,25.65,35.55,1445,48.5,70,7.339,9.9,0.0336,3395.0,0.6542,0,Normal
2020-01-01 01:47:00,25.65,35.65,1497,46.8,72,7.337,10.0,0.0313,3369.6,0.6667,0,Normal
2020-01-01 01:48:00,25.75,35.65,1621,32.7,75,5.551,9.9,0.0202,2452.5,0.6881,0,Normal
2020-01-01 01:49:00,25.75,35.55,1572,34.1,80,5.614,9.8,0.0217,2728.0,0.7273,0,Normal
2020-01-01 01:50:00,25.65,35.45,1872,22.5,82,4.411,9.8,0.012,1845.0,0.7387,0,Normal
2020-01-01 01:51:00,25.55,35.45,1499,43.5,84,6.828,9.9,0.029,3654.0,0.75,0,Normal
2020-01-01 01:52:00,25.65,35.55,1498,39.5,89,6.196,9.9,0.0264,3515.5,0.7876,0,Normal
2020-01-01 01:53:00,25.65,35.45,1486,41.9,92,6.52,9.8,0.0282,3854.8,0.807,0,Normal
2020-01-01 01:54:00,25.65,35.45,1680,29.4,95,5.172,9.8,0.0175,2793.0,0.8261,0,Normal
2020-01-01 01:55:00,25.65,35.45,1431,45.7,97,6.848,9.8,0.0319,4432.9,0.8362,0,Normal
2020-01-01 01:56:00,25.75,35.55,1564,34.1,99,5.585,9.8,0.0218,3375.9,0.8462,0,Normal
2020-01-01 01:57:00,25.65,35.45,1599,33.0,101,5.526,9.8,0.0206,3333.0,0.8559,0,Normal
2020-01-01 01:58:00,25.65,35.45,1707,28.1,103,5.023,9.8,0.0165,2894.3,0.8655,0,Normal
2020-01-01 01:59:00,25.55,35.35,1467,40.7,106,6.252,9.8,0.0277,4314.2,0.8833,0,Normal
2020-01-01 02:00:00,25.75,35.55,1433,44.7,108,6.708,9.8,0.0312,4827.6,0.8926,0,Normal
2020-01-01 02:01:00,25.75,35.55,1558,41.2,110,6.722,9.8,0.0264,4532.0,0.9016,0,Normal
2020-01-01 02:02:00,25.85,35.65,1310,50.7,112,6.955,9.8,0.0387,5678.4,0.9106,0,Normal
2020-01-01 02:03:00,25.75,35.55,1546,43.4,114,7.026,9.8,0.0281,4947.6,0.9194,0,Normal
2020-01-01 02:04:00,25.75,35.55,1727,29.4,116,5.317,9.8,0.017,3410.4,0.928,0,Normal
2020-01-01 02:05:00,25.75,35.45,1560,32.2,118,5.26,9.7,0.0206,3799.6,0.9365,0,Normal
2020-01-01 02:06:00,25.85,35.45,1329,60.5,120,8.42,9.6,0.0455,7260.0,0.9449,0,Normal
2020-01-01 02:07:00,25.75,35.45,1413,46.5,122,6.881,9.7,0.0329,5673.0,0.9531,0,Normal
2020-01-01 02:08:00,25.85,35.45,1587,38.6,124,6.415,9.6,0.0243,4786.4,0.9612,0,Normal
2020-01-01 02:09:00,25.75,35.35,1559,34.3,126,5.6,9.6,0.022,4321.8,0.9692,0,Normal
2020-01-01 02:10:00,25.65,35.25,1473,41.1,128,6.34,9.6,0.0279,5260.8,0.9771,0,Normal
2020-01-01 02:11:00,25.65,35.25,1737,27.7,130,5.039,9.6,0.0159,3601.0,0.9848,0,Normal
2020-01-01 02:12:00,25.55,35.25,1441,43.2,132,6.519,9.7,0.03,5702.4,0.9925,0,Normal
2020-01-01 02:13:00,25.55,35.25,1430,49.6,135,7.428,9.7,0.0347,6696.0,1.0075,0,Normal
2020-01-01 02:14:00,25.65,35.25,1369,53.0,138,7.598,9.6,0.0387,7314.0,1.0222,0,Normal
2020-01-01 02:15:00,25.65,35.35,1711,28.5,140,5.107,9.7,0.0167,3990.0,1.0294,0,Normal
2020-01-01 02:16:00,25.55,35.35,1420,45.7,143,6.796,9.8,0.0322,6535.1,1.0438,0,Normal
2020-01-01 02:17:00,25.55,35.45,1297,55.3,148,7.511,9.9,0.0426,8184.4,1.0725,0,Normal
2020-01-01 02:18:00,25.65,35.45,1449,49.4,150,7.496,9.8,0.0341,7410.0,1.0791,0,Normal
2020-01-01 02:19:00,25.65,35.45,1268,55.8,155,7.409,9.8,0.044,8649.0,1.1071,0,Normal
2020-01-01 02:20:00,25.65,35.45,1511,36.1,157,5.712,9.8,0.0239,5667.7,1.1135,0,Normal
2020-01-01 02:21:00,25.55,35.35,1544,35.2,159,5.691,9.8,0.0228,5596.8,1.1197,0,Normal
2020-01-01 02:22:00,25.45,35.25,1778,28.2,161,5.251,9.8,0.0159,4540.2,1.1259,0,Normal
2020-01-01 02:23:00,25.45,35.25,1407,50.5,164,7.441,9.8,0.0359,8282.0,1.1389,0,Normal
2020-01-01 02:24:00,25.45,35.25,1391,42.4,169,6.176,9.8,0.0305,7165.6,1.1655,0,Normal
2020-01-01 02:25:00,25.35,35.25,1513,33.6,172,5.324,9.9,0.0222,5779.2,1.1781,0,Normal
2020-01-01 02:26:00,25.35,35.25,1612,36.1,174,6.094,9.9,0.0224,6281.4,1.1837,0,Normal
2020-01-01 02:27:00,25.25,35.25,1515,40.1,179,6.362,10.0,0.0265,7177.9,1.2095,0,Normal
2020-01-01 02:28:00,25.15,35.15,1379,48.0,181,6.932,10.0,0.0348,8688.0,1.2148,0,Normal
2020-01-01 02:29:00,25.25,35.15,1473,39.9,184,6.155,9.9,0.0271,7341.6,1.2267,0,Normal
2020-01-01 02:30:00,25.25,35.15,1422,42.7,186,6.359,9.9,0.03,7942.2,1.2318,0,Normal
2020-01-01 02:31:00,25.25,35.05,1463,37.6,188,5.761,9.8,0.0257,7068.8,1.2368,0,Normal
2020-01-01 02:32:00,25.25,35.05,1584,41.0,191,6.801,9.8,0.0259,7831.0,1.2484,0,Normal
2020-01-01 02:33:00,25.25,35.05,1850,27.0,194,5.231,9.8,0.0146,5238.0,1.2597,0,Normal
2020-01-01 02:34:00,25.25,35.05,1528,36.2,196,5.792,9.8,0.0237,7095.2,1.2645,0,Normal
2020-01-01 02:35:00,25.25,35.05,1987,19.8,198,4.12,9.8,0.01,3920.4,1.2692,0,Normal
2020-01-01 02:36:00,25.25,34.95,1495,46.0,203,7.202,9.7,0.0308,9338.0,1.293,0,Normal
2020-01-01 02:37:00,25.25,35.05,1478,43.5,206,6.733,9.8,0.0294,8961.0,1.3038,0,Normal
2020-01-01 02:38:00,25.25,35.05,1499,40.0,211,6.279,9.8,0.0267,8440.0,1.327,0,Normal
2020-01-01 02:39:00,25.25,35.05,1471,47.0,214,7.24,9.8,0.032,10058.0,1.3375,0,Normal
2020-01-01 02:40:00,25.25,35.05,1282,60.7,216,8.149,9.8,0.0473,13111.2,1.3416,1,Overstrain_Failure
2020-01-01 02:41:00,25.15,34.95,1412,52.3,218,7.733,9.8,0.037,11401.4,1.3457,1,Overstrain_Failure
2020-01-01 02:42:00,25.15,34.95,1586,35.5,0,5.896,9.8,0.0224,0.0,0.0,0,Normal
2020-01-01 02:43:00,25.25,35.05,1468,43.8,2,6.733,9.8,0.0298,87.6,0.0122,0,Normal
2020-01-01 02:44:00,25.35,35.15,1440,43.6,5,6.575,9.8,0.0303,218.0,0.0303,0,Normal
2020-01-01 02:45:00,25.35,35.25,1733,26.0,8,4.718,9.9,0.015,208.0,0.0482,0,Normal
2020-01-01 02:46:00,25.25,35.05,1612,32.6,10,5.503,9.8,0.0202,326.0,0.0599,0,Normal
2020-01-01 02:47:00,25.25,35.15,1458,42.9,15,6.55,9.9,0.0294,643.5,0.0893,0,Normal
2020-01-01 02:48:00,25.25,35.15,1433,62.3,20,9.349,9.9,0.0435,1246.0,0.1183,1,Power_Failure
2020-01-01 02:49:00,25.25,35.15,1318,59.1,22,8.157,9.9,0.0448,1300.2,0.1294,0,Normal
2020-01-01 02:50:00,25.25,35.05,1610,35.0,24,5.901,9.8,0.0217,840.0,0.1404,0,Normal
2020-01-01 02:51:00,25.05,34.95,1462,50.8,27,7.777,9.9,0.0347,1371.6,0.157,0,Normal
2020-01-01 02:52:00,24.95,34.85,1924,20.8,29,4.191,9.9,0.0108,603.2,0.1676,0,Normal
2020-01-01 02:53:00,25.05,34.85,1591,33.7,32,5.615,9.8,0.0212,1078.4,0.1839,0,Normal
2020-01-01 02:54:00,25.05,34.95,1306,58.3,35,7.973,9.9,0.0446,2040.5,0.2,0,Normal
2020-01-01 02:55:00,25.05,34.95,1382,43.5,37,6.295,9.9,0.0315,1609.5,0.2102,0,Normal
2020-01-01 02:56:00,25.05,34.95,1618,34.7,39,5.879,9.9,0.0214,1353.3,0.2203,0,Normal
2020-01-01 02:57:00,25.05,35.05,1988,21.4,41,4.455,10.0,0.0108,877.4,0.2303,0,Normal
2020-01-01 02:58:00,25.05,35.05,1436,50.2,43,7.549,10.0,0.035,2158.6,0.2402,0,Normal
2020-01-01 02:59:00,25.05,35.15,1304,49.8,45,6.8,10.1,0.0382,2241.0,0.25,0,Normal
2020-01-01 03:00:00,25.05,35.15,1475,49.9,47,7.708,10.1,0.0338,2345.3,0.2597,0,Normal
2020-01-01 03:01:00,25.05,35.15,1824,24.2,49,4.622,10.1,0.0133,1185.8,0.2692,0,Normal
2020-01-01 03:02:00,24.95,35.05,1342,48.1,54,6.76,10.1,0.0358,2597.4,0.2951,0,Normal
2020-01-01 03:03:00,24.95,35.05,1485,40.7,57,6.329,10.1,0.0274,2319.9,0.3098,0,Normal
2020-01-01 03:04:00,25.05,35.05,1667,30.6,59,5.342,10.0,0.0184,1805.4,0.3189,0,Normal
2020-01-01 03:05:00,25.05,35.05,1446,38.2,61,5.784,10.0,0.0264,2330.2,0.328,0,Normal
2020-01-01 03:06:00,24.95,35.15,1301,56.0,63,7.629,10.2,0.043,3528.0,0.3369,0,Normal
2020-01-01 03:07:00,25.05,35.25,1379,43.1,65,6.224,10.2,0.0313,2801.5,0.3457,0,Normal
2020-01-01 03:08:00,25.15,35.35,1606,33.6,67,5.651,10.2,0.0209,2251.2,0.3545,0,Normal
2020-01-01 03:09:00,25.15,35.25,1539,43.4,69,6.995,10.1,0.0282,2994.6,0.3632,0,Normal
2020-01-01 03:10:00,25.05,35.25,1477,49.9,72,7.718,10.2,0.0338,3592.8,0.377,0,Normal
2020-01-01 03:11:00,25.05,35.25,1666,34.6,74,6.036,10.2,0.0208,2560.4,0.3854,0,Normal
2020-01-01 03:12:00,25.05,35.25,1398,51.8,76,7.583,10.2,0.0371,3936.8,0.3938,0,Normal
2020-01-01 03:13:00,25.05,35.25,1678,34.6,81,6.08,10.2,0.0206,2802.6,0.4175,0,Normal
2020-01-01 03:14:00,25.05,35.35,2678,10.7,86,3.001,10.3,0.004,920.2,0.441,1,Power_Failure
2020-01-01 03:15:00,25.15,35.35,1453,42.9,89,6.528,10.2,0.0295,3818.1,0.4541,0,Normal
2020-01-01 03:16:00,25.15,35.45,1432,49.5,91,7.423,10.3,0.0346,4504.5,0.4619,0,Normal
2020-01-01 03:17:00,25.25,35.45,1527,40.9,96,6.54,10.2,0.0268,3926.4,0.4848,0,Normal
2020-01-01 03:18:00,25.25,35.55,1588,35.0,99,5.82,10.3,0.022,3465.0,0.4975,0,Normal
2020-01-01 03:19:00,25.25,35.45,1433,47.1,101,7.068,10.2,0.0329,4757.1,0.505,0,Normal
2020-01-01 03:20:00,25.25,35.45,1609,35.0,103,5.897,10.2,0.0218,3605.0,0.5124,0,Normal
2020-01-01 03:21:00,25.15,35.35,1575,41.2,105,6.795,10.2,0.0262,4326.0,0.5198,0,Normal
2020-01-01 03:22:00,25.25,35.35,1636,35.7,107,6.116,10.1,0.0218,3819.9,0.5271,0,Normal
2020-01-01 03:23:00,25.25,35.35,1490,37.9,110,5.914,10.1,0.0254,4169.0,0.5392,0,Normal
2020-01-01 03:24:00,25.25,35.35,1741,32.8,112,5.98,10.1,0.0188,3673.6,0.5463,0,Normal
2020-01-01 03:25:00,25.35,35.45,1344,53.0,114,7.459,10.1,0.0394,6042.0,0.5534,0,Normal
2020-01-01 03:26:00,25.35,35.55,1609,35.3,117,5.948,10.2,0.0219,4130.1,0.5652,0,Normal
2020-01-01 03:27:00,25.25,35.55,1421,60.7,119,9.033,10.3,0.0427,7223.3,0.5721,1,Power_Failure
2020-01-01 03:28:00,25.25,35.45,1591,36.7,122,6.115,10.2,0.0231,4477.4,0.5837,0,Normal
2020-01-01 03:29:00,25.25,35.45,1477,44.0,124,6.806,10.2,0.0298,5456.0,0.5905,0,Normal
2020-01-01 03:30:00,25.25,35.55,1523,36.1,126,5.758,10.3,0.0237,4548.6,0.5972,0,Normal
2020-01-01 03:31:00,25.35,35.55,1575,33.9,128,5.591,10.2,0.0215,4339.2,0.6038,0,Normal
2020-01-01 03:32:00,25.25,35.55,1344,52.9,130,7.445,10.3,0.0394,6877.0,0.6103,0,Normal
2020-01-01 03:33:00,25.25,35.55,1386,44.9,135,6.517,10.3,0.0324,6061.5,0.6308,0,Normal
2020-01-01 03:34:00,25.15,35.45,1589,37.1,137,6.173,10.3,0.0233,5082.7,0.6372,0,Normal
2020-01-01 03:35:00,25.15,35.45,1548,40.3,140,6.533,10.3,0.026,5642.0,0.6481,0,Normal
2020-01-01 03:36:00,25.15,35.45,1499,38.3,142,6.012,10.3,0.0256,5438.6,0.6544,0,Normal
2020-01-01 03:37:00,25.15,35.35,1664,31.6,144,5.506,10.2,0.019,4550.4,0.6606,0,Normal
2020-01-01 03:38:00,25.15,35.45,1447,38.1,146,5.773,10.3,0.0263,5562.6,0.6667,0,Normal
2020-01-01 03:39:00,25.15,35.35,1434,46.2,148,6.938,10.2,0.0322,6837.6,0.6727,0,Normal
2020-01-01 03:40:00,25.15,35.35,1416,52.7,151,7.815,10.2,0.0372,7957.7,0.6833,0,Normal
2020-01-01 03:41:00,25.25,35.35,1827,24.3,153,4.649,10.1,0.0133,3717.9,0.6892,0,Normal
2020-01-01 03:42:00,25.25,35.45,1304,45.0,158,6.145,10.2,0.0345,7110.0,0.7085,0,Normal
2020-01-01 03:43:00,25.25,35.45,1569,34.4,160,5.652,10.2,0.0219,5504.0,0.7143,0,Normal
2020-01-01 03:44:00,25.15,35.45,1584,29.3,162,4.86,10.3,0.0185,4746.6,0.72,0,Normal
2020-01-01 03:45:00,25.15,35.35,1362,53.8,164,7.673,10.2,0.0395,8823.2,0.7257,0,Normal
2020-01-01 03:46:00,25.15,35.25,1329,49.2,166,6.847,10.1,0.037,8167.2,0.7313,0,Normal
2020-01-01 03:47:00,25.15,35.35,1539,36.1,168,5.818,10.2,0.0235,6064.8,0.7368,0,Normal
2020-01-01 03:48:00,25.15,35.35,1629,37.1,170,6.329,10.2,0.0228,6307.0,0.7424,0,Normal
2020-01-01 03:49:00,25.15,35.35,1538,32.2,173,5.186,10.2,0.0209,5570.6,0.7522,0,Normal
2020-01-01 03:50:00,25.15,35.45,1570,34.8,175,5.721,10.3,0.0222,6090.0,0.7576,0,Normal
2020-01-01 03:51:00,25.15,35.25,1408,43.1,177,6.355,10.1,0.0306,7628.7,0.7629,0,Normal
2020-01-01 03:52:00,25.05,35.25,1424,47.6,179,7.098,10.2,0.0334,8520.4,0.7682,0,Normal
2020-01-01 03:53:00,25.05,35.25,1512,34.9,181,5.526,10.2,0.0231,6316.9,0.7735,0,Normal
2020-01-01 03:54:00,25.05,35.25,1478,42.9,183,6.64,10.2,0.029,7850.7,0.7787,0,Normal
2020-01-01 03:55:00,24.95,35.15,1680,33.7,185,5.929,10.2,0.0201,6234.5,0.7839,0,Normal
2020-01-01 03:56:00,24.95,35.15,1495,38.7,188,6.059,10.2,0.0259,7275.6,0.7932,0,Normal
2020-01-01 03:57:00,24.85,34.95,1552,36.6,190,5.948,10.1,0.0236,6954.0,0.7983,0,Normal
2020-01-01 03:58:00,24.75,34.95,1393,50.3,193,7.337,10.2,0.0361,9707.9,0.8075,0,Normal
2020-01-01 03:59:00,24.85,35.05,1611,30.6,195,5.162,10.2,0.019,5967.0,0.8125,0,Normal
2020-01-01 04:00:00,24.85,34.95,1339,51.6,197,7.235,10.1,0.0385,10165.2,0.8174,0,Normal
2020-01-01 04:01:00,24.85,34.95,1777,24.3,200,4.522,10.1,0.0137,4860.0,0.8264,0,Normal
2020-01-01 04:02:00,24.85,35.05,1348,58.8,202,8.3,10.2,0.0436,11877.6,0.8313,1,Overstrain_Failure
2020-01-01 04:03:00,24.85,35.05,1442,44.1,204,6.659,10.2,0.0306,8996.4,0.8361,0,Normal
2020-01-01 04:04:00,24.85,35.05,1395,49.1,206,7.173,10.2,0.0352,10114.6,0.8408,0,Normal
2020-01-01 04:05:00,24.75,34.95,1627,31.4,209,5.35,10.2,0.0193,6562.6,0.8496,0,Normal
2020-01-01 04:06:00,24.75,34.95,1585,33.5,212,5.56,10.2,0.0211,7102.0,0.8583,0,Normal
2020-01-01 04:07:00,24.85,35.05,1469,45.5,214,6.999,10.2,0.031,9737.0,0.8629,0,Normal
2020-01-01 04:08:00,24.85,35.15,1362,56.8,216,8.101,10.3,0.0417,12268.8,0.8675,1,Overstrain_Failure
2020-01-01 04:09:00,24.85,35.15,1405,56.2,218,8.269,10.3,0.04,12251.6,0.872,1,Overstrain_Failure
2020-01-01 04:10:00,24.85,35.15,1662,32.7,0,5.691,10.3,0.0197,0.0,0.0,0,Normal
2020-01-01 04:11:00,24.85,35.05,1466,42.6,2,6.54,10.2,0.0291,85.2,0.0079,0,Normal
2020-01-01 04:12:00,24.85,35.05,1620,35.8,5,6.073,10.2,0.0221,179.0,0.0198,0,Normal
2020-01-01 04:13:00,24.85,35.05,1357,48.2,7,6.849,10.2,0.0355,337.4,0.0276,0,Normal
2020-01-01 04:14:00,24.85,35.05,1514,37.9,9,6.009,10.2,0.025,341.1,0.0353,0,Normal
2020-01-01 04:15:00,24.85,35.05,1489,40.4,11,6.299,10.2,0.0271,444.4,0.043,0,Normal
2020-01-01 04:16:00,24.95,35.15,1331,63.0,13,8.781,10.2,0.0473,819.0,0.0506,0,Normal
2020-01-01 04:17:00,24.85,34.85,1615,29.5,15,4.989,10.0,0.0183,442.5,0.0581,0,Normal
2020-01-01 04:18:00,24.95,35.05,1482,37.9,17,5.882,10.1,0.0256,644.3,0.0656,0,Normal
2020-01-01 04:19:00,24.95,35.05,1420,63.9,19,9.502,10.1,0.045,1214.1,0.0731,1,Power_Failure
2020-01-01 04:20:00,25.05,35.15,1522,49.1,22,7.826,10.1,0.0323,1080.2,0.0843,0,Normal
2020-01-01 04:21:00,24.95,35.05,1654,32.1,25,5.56,10.1,0.0194,802.5,0.0954,0,Normal
2020-01-01 04:22:00,24.95,35.05,1736,26.8,27,4.872,10.1,0.0154,723.6,0.1027,0,Normal
2020-01-01 04:23:00,24.85,34.95,1587,32.3,30,5.368,10.1,0.0204,969.0,0.1136,0,Normal
2020-01-01 04:24:00,24.95,35.05,1390,47.5,33,6.914,10.1,0.0342,1567.5,0.1245,0,Normal
2020-01-01 04:25:00,24.85,34.95,1454,37.1,35,5.649,10.1,0.0255,1298.5,0.1316,0,Normal
2020-01-01 04:26:00,24.85,34.95,1440,43.7,37,6.59,10.1,0.0303,1616.9,0.1386,0,Normal
2020-01-01 04:27:00,24.75,34.85,1954,21.1,42,4.318,10.1,0.0108,886.2,0.1567,0,Normal
2020-01-01 04:28:00,24.75,34.85,1800,24.8,44,4.675,10.1,0.0138,1091.2,0.1636,0,Normal
2020-01-01 04:29:00,24.85,34.85,1524,37.0,49,5.905,10.0,0.0243,1813.0,0.1815,0,Normal
2020-01-01 04:30:00,24.85,34.85,1520,39.6,51,6.303,10.0,0.0261,2019.6,0.1882,0,Normal
2020-01-01 04:31:00,24.95,34.95,1452,40.8,56,6.204,10.0,0.0281,2284.8,0.2059,0,Normal
2020-01-01 04:32:00,24.95,34.95,1484,40.4,59,6.278,10.0,0.0272,2383.6,0.2161,0,Normal
2020-01-01 04:33:00,24.95,34.85,1426,46.0,61,6.869,9.9,0.0323,2806.0,0.2226,0,Normal
2020-01-01 04:34:00,24.95,34.85,1652,28.5,63,4.93,9.9,0.0173,1795.5,0.2291,0,Normal
2020-01-01 04:35:00,24.85,34.85,1401,54.7,65,8.025,10.0,0.039,3555.5,0.2355,0,Normal
2020-01-01 04:36:00,24.85,34.75,1750,26.6,67,4.875,9.9,0.0152,1782.2,0.2419,0,Normal
2020-01-01 04:37:00,24.85,34.85,1479,50.7,70,7.852,10.0,0.0343,3549.0,0.2518,0,Normal
2020-01-01 04:38:00,24.85,34.85,1620,29.4,75,4.988,10.0,0.0181,2205.0,0.2688,0,Normal
2020-01-01 04:39:00,24.85,34.95,1819,23.4,78,4.457,10.1,0.0129,1825.2,0.2786,0,Normal
2020-01-01 04:40:00,24.95,34.95,1456,43.7,80,6.663,10.0,0.03,3496.0,0.2847,0,Normal
2020-01-01 04:41:00,24.95,34.85,1626,36.5,83,6.215,9.9,0.0224,3029.5,0.2943,0,Normal
2020-01-01 04:42:00,24.95,34.95,1390,49.8,85,7.249,10.0,0.0358,4233.0,0.3004,0,Normal
2020-01-01 04:43:00,25.05,35.05,1469,43.0,88,6.615,10.0,0.0293,3784.0,0.3099,0,Normal
2020-01-01 04:44:00,25.05,35.15,2051,19.2,90,4.124,10.1,0.0094,1728.0,0.3158,0,Normal
2020-01-01 04:45:00,25.05,35.15,1568,36.0,92,5.911,10.1,0.023,3312.0,0.3217,0,Normal
2020-01-01 04:46:00,25.05,35.15,1589,33.2,94,5.524,10.1,0.0209,3120.8,0.3275,0,Normal
2020-01-01 04:47:00,25.05,35.15,1805,31.6,96,5.973,10.1,0.0175,3033.6,0.3333,0,Normal
2020-01-01 04:48:00,25.05,35.25,1385,42.2,98,6.121,10.2,0.0305,4135.6,0.3391,0,Normal
2020-01-01 04:49:00,24.95,35.25,1436,46.7,103,7.023,10.3,0.0325,4810.1,0.3552,0,Normal
2020-01-01 04:50:00,24.95,35.25,1438,45.6,105,6.867,10.3,0.0317,4788.0,0.3608,0,Normal
2020-01-01 04:51:00,24.85,35.15,1473,42.6,107,6.571,10.3,0.0289,4558.2,0.3664,0,Normal
2020-01-01 04:52:00,24.95,35.25,1335,40.2,109,5.62,10.3,0.0301,4381.8,0.372,0,Normal
2020-01-01 04:53:00,24.95,35.35,1392,44.8,111,6.53,10.4,0.0322,4972.8,0.3776,0,Normal
2020-01-01 04:54:00,24.95,35.35,1372,51.1,116,7.342,10.4,0.0372,5927.6,0.3932,0,Normal
2020-01-01 04:55:00,24.95,35.45,1716,30.7,119,5.517,10.5,0.0179,3653.3,0.402,0,Normal
2020-01-01 04:56:00,24.85,35.35,1395,46.2,122,6.749,10.5,0.0331,5636.4,0.4108,0,Normal
2020-01-01 04:57:00,24.85,35.35,1713,25.3,124,4.538,10.5,0.0148,3137.2,0.4161,0,Normal
2020-01-01 04:58:00,24.75,35.35,2129,18.7,126,4.169,10.6,0.0088,2356.2,0.4214,0,Normal
2020-01-01 04:59:00,24.65,35.15,1567,35.6,131,5.842,10.5,0.0227,4663.6,0.4367,0,Normal
2020-01-01 05:00:00,24.65,35.25,1622,38.3,134,6.505,10.6,0.0236,5132.2,0.4452,0,Normal
2020-01-01 05:01:00,24.55,35.25,1740,27.1,136,4.938,10.7,0.0156,3685.6,0.4503,0,Normal
2020-01-01 05:02:00,24.65,35.25,1512,35.1,138,5.558,10.6,0.0232,4843.8,0.4554,0,Normal
2020-01-01 05:03:00,24.65,35.25,1479,43.5,143,6.737,10.6,0.0294,6220.5,0.4704,0,Normal
2020-01-01 05:04:00,24.65,35.25,1737,27.5,146,5.002,10.6,0.0158,4015.0,0.4787,0,Normal
2020-01-01 05:05:00,24.65,35.25,2129,19.2,148,4.281,10.6,0.009,2841.6,0.4837,0,Normal
2020-01-01 05:06:00,24.65,35.25,1374,47.1,150,6.777,10.6,0.0343,7065.0,0.4886,0,Normal
2020-01-01 05:07:00,24.65,35.25,1579,36.6,152,6.052,10.6,0.0232,5563.2,0.4935,0,Normal
2020-01-01 05:08:00,24.75,35.35,1305,47.2,155,6.45,10.6,0.0362,7316.0,0.5016,0,Normal
2020-01-01 05:09:00,24.75,35.35,1449,40.8,157,6.191,10.6,0.0282,6405.6,0.5065,0,Normal
2020-01-01 05:10:00,24.85,35.45,1526,41.8,160,6.68,10.6,0.0274,6688.0,0.5145,0,Normal
2020-01-01 05:11:00,24.85,35.45,1453,44.1,165,6.71,10.6,0.0304,7276.5,0.5288,0,Normal
2020-01-01 05:12:00,24.75,35.45,1468,36.0,168,5.534,10.7,0.0245,6048.0,0.5367,0,Normal
2020-01-01 05:13:00,24.85,35.45,1313,50.8,170,6.985,10.6,0.0387,8636.0,0.5414,0,Normal
2020-01-01 05:14:00,24.75,35.35,1300,53.0,172,7.215,10.6,0.0408,9116.0,0.546,0,Normal
2020-01-01 05:15:00,24.75,35.25,1646,40.6,175,6.998,10.5,0.0247,7105.0,0.5538,0,Normal
2020-01-01 05:16:00,24.65,35.25,1714,33.2,177,5.959,10.6,0.0194,5876.4,0.5584,0,Normal
2020-01-01 05:17:00,24.65,35.25,1685,28.4,179,5.011,10.6,0.0169,5083.6,0.5629,0,Normal
2020-01-01 05:18:00,24.65,35.25,1512,39.9,181,6.318,10.6,0.0264,7221.9,0.5674,0,Normal
2020-01-01 05:19:00,24.65,35.25,1612,32.1,183,5.419,10.6,0.0199,5874.3,0.5719,0,Normal
2020-01-01 05:20:00,24.65,35.25,1550,38.2,185,6.2,10.6,0.0246,7067.0,0.5763,0,Normal
2020-01-01 05:21:00,24.65,35.25,1518,32.5,190,5.166,10.6,0.0214,6175.0,0.5901,0,Normal
2020-01-01 05:22:00,24.65,35.35,1448,40.0,192,6.065,10.7,0.0276,7680.0,0.5944,0,Normal
2020-01-01 05:23:00,24.65,35.35,1561,46.3,194,7.569,10.7,0.0297,8982.2,0.5988,0,Normal
2020-01-01 05:24:00,24.65,35.35,1488,41.9,196,6.529,10.7,0.0282,8212.4,0.6031,0,Normal
2020-01-01 05:25:00,24.65,35.35,1699,27.8,199,4.946,10.7,0.0164,5532.2,0.6104,0,Normal
2020-01-01 05:26:00,24.55,35.35,1501,41.4,201,6.507,10.8,0.0276,8321.4,0.6147,0,Normal
2020-01-01 05:27:00,24.55,35.35,1373,56.7,203,8.152,10.8,0.0413,11510.1,0.6189,1,Overstrain_Failure
2020-01-01 05:28:00,24.45,35.25,1703,31.4,205,5.6,10.8,0.0184,6437.0,0.6231,0,Normal
2020-01-01 05:29:00,24.55,35.35,1720,29.9,210,5.386,10.8,0.0174,6279.0,0.6364,0,Normal
2020-01-01 05:30:00,24.45,35.25,1398,41.9,215,6.134,10.8,0.03,9008.5,0.6495,0,Normal
2020-01-01 05:31:00,24.45,35.25,1391,51.9,218,7.56,10.8,0.0373,11314.2,0.6566,0,Normal
2020-01-01 05:32:00,24.45,35.15,1538,40.2,0,6.475,10.7,0.0261,0.0,0.0,0,Normal
2020-01-01 05:33:00,24.35,35.05,1647,31.3,3,5.398,10.7,0.019,93.9,0.009,0,Normal
2020-01-01 05:34:00,24.35,34.95,1469,44.8,5,6.892,10.6,0.0305,224.0,0.0149,0,Normal
2020-01-01 05:35:00,24.25,34.95,1749,25.9,8,4.744,10.7,0.0148,207.2,0.0238,0,Normal
2020-01-01 05:36:00,24.45,35.05,1995,20.5,10,4.283,10.6,0.0103,205.0,0.0297,0,Normal
2020-01-01 05:37:00,24.45,35.15,1742,27.7,13,5.053,10.7,0.0159,360.1,0.0385,0,Normal
2020-01-01 05:38:00,24.35,35.05,1563,38.2,15,6.252,10.7,0.0244,573.0,0.0442,0,Normal
2020-01-01 05:39:00,24.35,35.05,1713,32.2,17,5.776,10.7,0.0188,547.4,0.05,0,Normal
2020-01-01 05:40:00,24.25,34.95,1474,39.4,20,6.082,10.7,0.0267,788.0,0.0587,0,Normal
2020-01-01 05:41:00,24.25,35.05,1530,32.6,22,5.223,10.8,0.0213,717.2,0.0643,0,Normal
2020-01-01 05:42:00,24.25,35.05,1471,46.5,25,7.163,10.8,0.0316,1162.5,0.0729,0,Normal
2020-01-01 05:43:00,24.35,35.15,1388,48.6,27,7.064,10.8,0.035,1312.2,0.0785,0,Normal
2020-01-01 05:44:00,24.35,35.05,2448,13.8,29,3.538,10.7,0.0056,400.2,0.0841,0,Normal
2020-01-01 05:45:00,24.35,35.15,1585,32.9,32,5.461,10.8,0.0208,1052.8,0.0925,0,Normal
2020-01-01 05:46:00,24.35,35.15,1459,45.2,34,6.906,10.8,0.031,1536.8,0.098,0,Normal
2020-01-01 05:47:00,24.35,35.15,1544,40.8,37,6.597,10.8,0.0264,1509.6,0.1063,0,Normal
2020-01-01 05:48:00,24.45,35.15,1617,31.7,39,5.368,10.7,0.0196,1236.3,0.1117,0,Normal
2020-01-01 05:49:00,24.45,35.15,1595,34.3,41,5.729,10.7,0.0215,1406.3,0.1171,0,Normal
2020-01-01 05:50:00,24.45,35.15,1400,44.3,43,6.495,10.7,0.0316,1904.9,0.1225,0,Normal
2020-01-01 05:51:00,24.45,35.25,1611,31.0,48,5.23,10.8,0.0192,1488.0,0.1364,0,Normal
2020-01-01 05:52:00,24.45,35.25,1507,46.0,51,7.259,10.8,0.0305,2346.0,0.1445,0,Normal
2020-01-01 05:53:00,24.35,35.15,1674,30.0,54,5.259,10.8,0.0179,1620.0,0.1525,0,Normal
2020-01-01 05:54:00,24.45,35.15,1658,34.3,59,5.955,10.7,0.0207,2023.7,0.1662,0,Normal
2020-01-01 05:55:00,24.45,35.15,1623,36.9,61,6.272,10.7,0.0227,2250.9,0.1713,0,Normal
2020-01-01 05:56:00,24.45,35.25,1398,48.9,63,7.159,10.8,0.035,3080.7,0.1765,0,Normal
2020-01-01 05:57:00,24.45,35.25,1517,34.2,66,5.433,10.8,0.0225,2257.2,0.1844,0,Normal
2020-01-01 05:58:00,24.45,35.15,1467,36.7,68,5.638,10.7,0.025,2495.6,0.1894,0,Normal
2020-01-01 05:59:00,24.45,35.15,1567,34.6,71,5.678,10.7,0.0221,2456.6,0.1972,0,Normal
2020-01-01 06:00:00,24.35,35.15,1521,38.2,74,6.084,10.8,0.0251,2826.8,0.205,0,Normal
2020-01-01 06:01:00,24.35,35.15,1596,36.8,77,6.15,10.8,0.0231,2833.6,0.2127,0,Normal
2020-01-01 06:02:00,24.45,35.15,1640,30.9,79,5.307,10.7,0.0188,2441.1,0.2176,0,Normal
2020-01-01 06:03:00,24.45,35.15,1438,47.8,84,7.198,10.7,0.0332,4015.2,0.2308,0,Normal
2020-01-01 06:04:00,24.45,35.25,1407,55.2,86,8.133,10.8,0.0392,4747.2,0.2356,0,Normal
2020-01-01 06:05:00,24.45,35.25,1353,57.5,88,8.147,10.8,0.0425,5060.0,0.2404,0,Normal
2020-01-01 06:06:00,24.45,35.35,1552,40.9,90,6.647,10.9,0.0264,3681.0,0.2452,0,Normal
2020-01-01 06:07:00,24.45,35.25,1569,38.3,93,6.293,10.8,0.0244,3561.9,0.2527,0,Normal
2020-01-01 06:08:00,24.35,35.25,1489,39.5,96,6.159,10.9,0.0265,3792.0,0.2602,0,Normal
2020-01-01 06:09:00,24.35,35.25,1587,36.1,98,5.999,10.9,0.0227,3537.8,0.2649,0,Normal
2020-01-01 06:10:00,24.35,35.15,1622,37.2,103,6.319,10.8,0.0229,3831.6,0.2776,0,Normal
2020-01-01 06:11:00,24.35,35.25,1604,38.1,106,6.4,10.9,0.0238,4038.6,0.2849,0,Normal
2020-01-01 06:12:00,24.25,35.15,1405,51.7,108,7.607,10.9,0.0368,5583.6,0.2895,0,Normal
2020-01-01 06:13:00,24.25,35.15,1412,42.0,111,6.21,10.9,0.0297,4662.0,0.2968,0,Normal
2020-01-01 06:14:00,24.25,35.15,1431,43.0,113,6.444,10.9,0.03,4859.0,0.3013,0,Normal
2020-01-01 06:15:00,24.25,35.05,1533,37.4,115,6.004,10.8,0.0244,4301.0,0.3059,0,Normal
2020-01-01 06:16:00,24.25,35.05,1401,51.9,117,7.614,10.8,0.037,6072.3,0.3103,0,Normal
2020-01-01 06:17:00,24.25,35.05,1424,53.9,120,8.038,10.8,0.0379,6468.0,0.3175,0,Normal
2020-01-01 06:18:00,24.15,35.05,1754,29.4,123,5.4,10.9,0.0168,3616.2,0.3245,0,Normal
2020-01-01 06:19:00,24.15,35.05,1754,26.8,125,4.923,10.9,0.0153,3350.0,0.3289,0,Normal
2020-01-01 06:20:00,24.35,35.15,2564,12.8,127,3.437,10.8,0.005,1625.6,0.3333,1,Power_Failure
2020-01-01 06:21:00,24.35,35.35,1546,40.4,129,6.541,11.0,0.0261,5211.6,0.3377,0,Normal
2020-01-01 06:22:00,24.35,35.35,1335,48.0,131,6.71,11.0,0.036,6288.0,0.342,0,Normal
2020-01-01 06:23:00,24.35,35.45,1842,27.0,133,5.208,11.1,0.0147,3591.0,0.3464,0,Normal
2020-01-01 06:24:00,24.35,35.35,1712,26.8,136,4.805,11.0,0.0157,3644.8,0.3532,0,Normal
2020-01-01 06:25:00,24.45,35.45,1414,45.4,138,6.723,11.0,0.0321,6265.2,0.3575,0,Normal
2020-01-01 06:26:00,24.45,35.55,1319,50.9,141,7.031,11.1,0.0386,7176.9,0.3643,0,Normal
2020-01-01 06:27:00,24.55,35.55,1249,60.4,143,7.9,11.0,0.0484,8637.2,0.3686,0,Normal
2020-01-01 06:28:00,24.45,35.55,1455,48.2,145,7.344,11.1,0.0331,6989.0,0.3728,0,Normal
2020-01-01 06:29:00,24.45,35.55,1408,54.8,147,8.08,11.1,0.0389,8055.6,0.3769,0,Normal
2020-01-01 06:30:00,24.45,35.55,1460,46.7,150,7.14,11.1,0.032,7005.0,0.3836,0,Normal
2020-01-01 06:31:00,24.45,35.45,1491,38.1,152,5.949,11.0,0.0256,5791.2,0.3878,0,Normal
2020-01-01 06:32:00,24.45,35.35,1490,43.4,154,6.772,10.9,0.0291,6683.6,0.3919,0,Normal
2020-01-01 06:33:00,24.35,35.25,1350,52.2,157,7.38,10.9,0.0387,8195.4,0.3985,0,Normal
2020-01-01 06:34:00,24.35,35.25,1528,39.9,160,6.384,10.9,0.0261,6384.0,0.4051,0,Normal
2020-01-01 06:35:00,24.25,35.15,1571,37.7,162,6.202,10.9,0.024,6107.4,0.4091,0,Normal
2020-01-01 06:36:00,24.25,35.15,1490,42.6,164,6.647,10.9,0.0286,6986.4,0.4131,0,Normal
2020-01-01 06:37:00,24.25,35.15,1774,28.9,166,5.369,10.9,0.0163,4797.4,0.4171,0,Normal
2020-01-01 06:38:00,24.25,35.15,1502,43.6,169,6.858,10.9,0.029,7368.4,0.4236,0,Normal
2020-01-01 06:39:00,24.25,35.25,1392,49.7,174,7.245,11.0,0.0357,8647.8,0.435,0,Normal
2020-01-01 06:40:00,24.25,35.35,2100,16.9,176,3.717,11.1,0.008,2974.4,0.4389,0,Normal
2020-01-01 06:41:00,24.35,35.35,1722,30.4,178,5.482,11.0,0.0177,5411.2,0.4428,0,Normal
2020-01-01 06:42:00,24.25,35.45,1678,32.3,180,5.676,11.2,0.0192,5814.0,0.4467,0,Normal
2020-01-01 06:43:00,24.15,35.45,1273,59.8,182,7.972,11.3,0.047,10883.6,0.4505,0,Normal
2020-01-01 06:44:00,24.15,35.45,1297,45.9,184,6.234,11.3,0.0354,8445.6,0.4543,0,Normal
2020-01-01 06:45:00,24.15,35.35,1350,57.6,186,8.143,11.2,0.0427,10713.6,0.4581,0,Normal
2020-01-01 06:46:00,24.25,35.45,1439,51.9,188,7.821,11.2,0.0361,9757.2,0.4619,0,Normal
2020-01-01 06:47:00,24.25,35.35,1600,42.1,190,7.054,11.1,0.0263,7999.0,0.4657,0,Normal
2020-01-01 06:48:00,24.25,35.45,1434,44.4,193,6.667,11.2,0.031,8569.2,0.4719,0,Normal
2020-01-01 06:49:00,24.25,35.45,1459,41.3,196,6.31,11.2,0.0283,8094.8,0.478,0,Normal
2020-01-01 06:50:00,24.35,35.45,1472,44.9,198,6.921,11.1,0.0305,8890.2,0.4818,0,Normal
2020-01-01 06:51:00,24.35,35.55,1429,44.3,201,6.629,11.2,0.031,8904.3,0.4879,0,Normal
2020-01-01 06:52:00,24.35,35.45,1388,48.2,203,7.006,11.1,0.0347,9784.6,0.4915,0,Normal
2020-01-01 06:53:00,24.25,35.25,1573,34.5,205,5.683,11.0,0.0219,7072.5,0.4952,0,Normal
2020-01-01 06:54:00,24.25,35.25,1588,32.5,207,5.405,11.0,0.0205,6727.5,0.4988,0,Normal
2020-01-01 06:55:00,24.35,35.25,1511,42.8,209,6.772,10.9,0.0283,8945.2,0.5024,0,Normal
2020-01-01 06:56:00,24.25,35.35,1495,37.8,211,5.918,11.1,0.0253,7975.8,0.506,0,Normal
2020-01-01 06:57:00,24.25,35.25,1394,50.1,213,7.314,11.0,0.0359,10671.3,0.5096,0,Normal
2020-01-01 06:58:00,24.25,35.25,2151,17.7,0,3.987,11.0,0.0082,0.0,0.0,0,Normal
2020-01-01 06:59:00,24.15,35.15,1501,38.2,2,6.004,11.0,0.0254,76.4,0.0048,0,Normal
2020-01-01 07:00:00,24.15,35.15,1301,39.6,5,5.395,11.0,0.0304,198.0,0.0119,0,Normal
2020-01-01 07:01:00,24.15,35.15,1657,31.1,8,5.396,11.0,0.0188,248.8,0.019,0,Normal
2020-01-01 07:02:00,24.15,35.15,1333,55.2,11,7.705,11.0,0.0414,607.2,0.026,0,Normal
2020-01-01 07:03:00,24.15,35.15,1484,43.9,13,6.822,11.0,0.0296,570.7,0.0307,0,Normal
2020-01-01 07:04:00,24.15,35.25,1430,45.7,15,6.844,11.1,0.032,685.5,0.0353,0,Normal
2020-01-01 07:05:00,24.15,35.25,1665,28.9,17,5.039,11.1,0.0174,491.3,0.0399,0,Normal
2020-01-01 07:06:00,24.25,35.35,1501,44.9,20,7.058,11.1,0.0299,898.0,0.0468,0,Normal
2020-01-01 07:07:00,24.35,35.35,1496,42.2,22,6.611,11.0,0.0282,928.4,0.0514,0,Normal
2020-01-01 07:08:00,24.45,35.45,1595,36.9,25,6.163,11.0,0.0231,922.5,0.0583,0,Normal
2020-01-01 07:09:00,24.35,35.45,1208,62.3,28,7.881,11.1,0.0516,1744.4,0.0651,0,Normal
2020-01-01 07:10:00,24.35,35.45,1596,37.1,30,6.201,11.1,0.0232,1113.0,0.0696,0,Normal
2020-01-01 07:11:00,24.35,35.35,1446,41.9,32,6.345,11.0,0.029,1340.8,0.0741,0,Normal
2020-01-01 07:12:00,24.45,35.35,1466,39.7,34,6.095,10.9,0.0271,1349.8,0.0785,0,Normal
2020-01-01 07:13:00,24.45,35.35,1848,23.7,37,4.586,10.9,0.0128,876.9,0.0853,0,Normal
2020-01-01 07:14:00,24.35,35.35,1484,44.7,40,6.947,11.0,0.0301,1788.0,0.092,0,Normal
2020-01-01 07:15:00,24.25,35.15,1493,41.2,43,6.441,10.9,0.0276,1771.6,0.0986,0,Normal
2020-01-01 07:16:00,24.15,35.15,1504,36.3,45,5.717,11.0,0.0241,1633.5,0.103,0,Normal
2020-01-01 07:17:00,24.15,35.15,1538,38.5,47,6.201,11.0,0.025,1809.5,0.1073,0,Normal
2020-01-01 07:18:00,24.25,35.25,1341,52.2,49,7.33,11.0,0.0389,2557.8,0.1116,0,Normal
2020-01-01 07:19:00,24.25,35.15,1535,34.6,51,5.562,10.9,0.0225,1764.6,0.1159,0,Normal
2020-01-01 07:20:00,24.25,35.35,1389,39.2,54,5.702,11.1,0.0282,2116.8,0.1224,0,Normal
2020-01-01 07:21:00,24.35,35.35,1393,46.6,56,6.798,11.0,0.0335,2609.6,0.1267,0,Normal
2020-01-01 07:22:00,24.25,35.35,1399,61.5,61,9.01,11.1,0.044,3751.5,0.1377,1,Power_Failure
2020-01-01 07:23:00,24.25,35.35,1469,45.1,63,6.938,11.1,0.0307,2841.3,0.1419,0,Normal
2020-01-01 07:24:00,24.25,35.25,1582,37.2,68,6.163,11.0,0.0235,2529.6,0.1528,0,Normal
2020-01-01 07:25:00,24.35,35.45,1793,26.7,70,5.013,11.1,0.0149,1869.0,0.157,0,Normal
2020-01-01 07:26:00,24.35,35.45,1452,39.0,72,5.93,11.1,0.0269,2808.0,0.1611,0,Normal
2020-01-01 07:27:00,24.45,35.55,1376,59.9,74,8.631,11.1,0.0435,4432.6,0.1652,0,Normal
2020-01-01 07:28:00,24.35,35.45,1552,44.9,77,7.297,11.1,0.0289,3457.3,0.1715,0,Normal
2020-01-01 07:29:00,24.45,35.55,1622,37.9,79,6.438,11.1,0.0234,2994.1,0.1756,0,Normal
2020-01-01 07:30:00,24.45,35.55,1419,41.7,81,6.197,11.1,0.0294,3377.7,0.1796,0,Normal
2020-01-01 07:31:00,24.35,35.45,1440,46.1,84,6.952,11.1,0.032,3872.4,0.1858,0,Normal
2020-01-01 07:32:00,24.25,35.45,1643,31.0,89,5.334,11.2,0.0189,2759.0,0.1965,0,Normal
2020-01-01 07:33:00,24.25,35.55,1510,36.2,92,5.724,11.3,0.024,3330.4,0.2026,0,Normal
2020-01-01 07:34:00,24.25,35.55,1468,46.6,94,7.164,11.3,0.0317,4380.4,0.2066,0,Normal
2020-01-01 07:35:00,24.25,35.55,1429,57.4,96,8.59,11.3,0.0402,5510.4,0.2105,0,Normal
2020-01-01 07:36:00,24.15,35.55,1478,47.6,98,7.367,11.4,0.0322,4664.8,0.2144,0,Normal
2020-01-01 07:37:00,24.25,35.45,1276,53.6,103,7.162,11.2,0.042,5520.8,0.2249,0,Normal
2020-01-01 07:38:00,24.15,35.45,1486,42.6,105,6.629,11.3,0.0287,4473.0,0.2288,0,Normal
2020-01-01 07:39:00,24.25,35.45,1476,42.3,107,6.538,11.2,0.0287,4526.1,0.2326,0,Normal
2020-01-01 07:40:00,24.15,35.45,1431,42.0,109,6.294,11.3,0.0294,4578.0,0.2364,0,Normal
2020-01-01 07:41:00,24.25,35.55,1402,40.2,114,5.902,11.3,0.0287,4582.8,0.2468,0,Normal
2020-01-01 07:42:00,24.25,35.55,1433,43.4,116,6.513,11.3,0.0303,5034.4,0.2505,0,Normal
2020-01-01 07:43:00,24.25,35.55,2874,4.2,118,1.264,11.3,0.0015,495.6,0.2543,1,Power_Failure
2020-01-01 07:44:00,24.15,35.45,1511,35.7,120,5.649,11.3,0.0236,4284.0,0.2581,0,Normal
2020-01-01 07:45:00,24.15,35.45,1456,42.9,122,6.541,11.3,0.0295,5233.8,0.2618,0,Normal
2020-01-01 07:46:00,24.05,35.35,1550,41.5,125,6.736,11.3,0.0268,5187.5,0.2677,0,Normal
2020-01-01 07:47:00,24.05,35.35,2182,16.5,127,3.77,11.3,0.0076,2095.5,0.2714,0,Normal
2020-01-01 07:48:00,24.15,35.55,1619,31.6,129,5.358,11.4,0.0195,4076.4,0.2751,0,Normal
2020-01-01 07:49:00,24.15,35.65,1586,32.7,131,5.431,11.5,0.0206,4283.7,0.2787,0,Normal
2020-01-01 07:50:00,24.15,35.65,1499,44.2,134,6.938,11.5,0.0295,5922.8,0.2845,0,Normal
2020-01-01 07:51:00,24.15,35.65,1419,42.4,139,6.301,11.5,0.0299,5893.6,0.2945,0,Normal
2020-01-01 07:52:00,24.25,35.85,1497,41.8,144,6.553,11.6,0.0279,6019.2,0.3044,0,Normal
2020-01-01 07:53:00,24.25,35.85,1520,37.0,147,5.889,11.6,0.0243,5439.0,0.3101,0,Normal
2020-01-01 07:54:00,24.25,35.95,1478,49.8,150,7.708,11.7,0.0337,7470.0,0.3158,0,Normal
2020-01-01 07:55:00,24.25,35.95,1380,41.1,152,5.939,11.7,0.0298,6247.2,0.3193,0,Normal
2020-01-01 07:56:00,24.25,35.85,1570,37.9,154,6.231,11.6,0.0241,5836.6,0.3229,0,Normal
2020-01-01 07:57:00,24.25,35.85,1468,41.4,156,6.364,11.6,0.0282,6458.4,0.3264,0,Normal
2020-01-01 07:58:00,24.25,35.85,1833,22.6,161,4.338,11.6,0.0123,3638.6,0.3361,0,Normal
2020-01-01 07:59:00,24.25,35.75,1323,57.3,163,7.939,11.5,0.0433,9339.9,0.3396,0,Normal
2020-01-01 08:00:00,24.25,35.85,1583,32.0,166,5.305,11.6,0.0202,5312.0,0.3451,0,Normal
2020-01-01 08:01:00,24.15,35.85,1556,39.5,168,6.436,11.7,0.0254,6636.0,0.3485,0,Normal
2020-01-01 08:02:00,24.15,35.85,1548,37.4,171,6.063,11.7,0.0242,6395.4,0.354,0,Normal
2020-01-01 08:03:00,24.25,35.85,1324,56.9,173,7.889,11.6,0.043,9843.7,0.3574,0,Normal
2020-01-01 08:04:00,24.25,35.85,1568,33.7,175,5.534,11.6,0.0215,5897.5,0.3608,0,Normal
2020-01-01 08:05:00,24.25,35.85,1685,30.7,177,5.417,11.6,0.0182,5433.9,0.3642,0,Normal
2020-01-01 08:06:00,24.25,35.95,1582,35.9,180,5.947,11.7,0.0227,6462.0,0.3696,0,Normal
2020-01-01 08:07:00,24.25,35.95,1463,35.0,183,5.362,11.7,0.0239,6405.0,0.375,0,Normal
2020-01-01 08:08:00,24.25,36.05,1584,42.8,186,7.099,11.8,0.027,7960.8,0.3804,0,Normal
2020-01-01 08:09:00,24.35,36.05,1347,55.8,188,7.871,11.7,0.0414,10490.4,0.3837,0,Normal
2020-01-01 08:10:00,24.25,36.05,1459,37.9,191,5.791,11.8,0.026,7238.9,0.389,0,Normal
2020-01-01 08:11:00,24.25,36.05,1420,45.6,193,6.781,11.8,0.0321,8800.8,0.3923,0,Normal
2020-01-01 08:12:00,24.35,36.15,1404,43.5,195,6.396,11.8,0.031,8482.5,0.3955,0,Normal
2020-01-01 08:13:00,24.35,36.15,1470,38.8,197,5.973,11.8,0.0264,7643.6,0.3988,0,Normal
2020-01-01 08:14:00,24.45,36.25,1326,49.8,199,6.915,11.8,0.0376,9910.2,0.402,0,Normal
2020-01-01 08:15:00,24.35,36.15,1459,49.7,201,7.593,11.8,0.0341,9989.7,0.4052,0,Normal
2020-01-01 08:16:00,24.35,36.05,1530,40.0,206,6.409,11.7,0.0261,8240.0,0.4145,0,Normal
2020-01-01 08:17:00,24.25,35.85,1505,39.2,209,6.178,11.6,0.026,8192.8,0.4197,0,Normal
2020-01-01 08:18:00,24.35,35.95,1611,30.2,211,5.095,11.6,0.0187,6372.2,0.4228,0,Normal
2020-01-01 08:19:00,24.35,35.95,1515,35.1,213,5.569,11.6,0.0232,7476.3,0.426,0,Normal
2020-01-01 08:20:00,24.35,36.05,1804,27.4,215,5.176,11.7,0.0152,5891.0,0.4291,0,Normal
2020-01-01 08:21:00,24.45,36.15,1464,46.2,218,7.083,11.7,0.0316,10071.6,0.4343,0,Normal
2020-01-01 08:22:00,24.45,36.05,1390,43.3,221,6.303,11.6,0.0312,9569.3,0.4394,0,Normal
2020-01-01 08:23:00,24.45,36.05,1442,48.1,0,7.263,11.6,0.0334,0.0,0.0,0,Normal
2020-01-01 08:24:00,24.45,36.15,1529,41.9,3,6.709,11.7,0.0274,125.7,0.0059,0,Normal
2020-01-01 08:25:00,24.45,36.15,1610,35.0,6,5.901,11.7,0.0217,210.0,0.0119,0,Normal
2020-01-01 08:26:00,24.45,36.15,1543,34.3,8,5.542,11.7,0.0222,274.4,0.0158,0,Normal
2020-01-01 08:27:00,24.65,36.25,1445,48.2,10,7.294,11.6,0.0334,482.0,0.0197,0,Normal
2020-01-01 08:28:00,24.55,36.15,1893,24.6,15,4.877,11.6,0.013,369.0,0.0295,0,Normal
2020-01-01 08:29:00,24.45,36.15,1415,41.3,17,6.12,11.7,0.0292,702.1,0.0333,0,Normal
2020-01-01 08:30:00,24.35,36.15,1564,37.5,20,6.142,11.8,0.024,750.0,0.0391,0,Normal
2020-01-01 08:31:00,24.35,36.15,1479,39.4,22,6.102,11.8,0.0266,866.8,0.043,0,Normal
2020-01-01 08:32:00,24.35,36.05,1426,44.8,24,6.69,11.7,0.0314,1075.2,0.0468,0,Normal
2020-01-01 08:33:00,24.25,36.05,1428,38.8,26,5.802,11.8,0.0272,1008.8,0.0506,0,Normal
2020-01-01 08:34:00,24.25,36.05,1620,33.2,28,5.632,11.8,0.0205,929.6,0.0544,0,Normal
2020-01-01 08:35:00,24.35,36.05,1715,28.0,30,5.029,11.7,0.0163,840.0,0.0581,0,Normal
2020-01-01 08:36:00,24.35,36.15,1732,29.9,32,5.423,11.8,0.0173,956.8,0.0619,0,Normal
2020-01-01 08:37:00,24.35,36.25,1391,58.2,34,8.478,11.9,0.0418,1978.8,0.0656,0,Normal
2020-01-01 08:38:00,24.45,36.35,1924,20.6,37,4.151,11.9,0.0107,762.2,0.0713,0,Normal
2020-01-01 08:39:00,24.55,36.35,2027,19.8,39,4.203,11.8,0.0098,772.2,0.075,0,Normal
2020-01-01 08:40:00,24.45,36.35,1617,36.2,42,6.13,11.9,0.0224,1520.4,0.0806,0,Normal
2020-01-01 08:41:00,24.35,36.25,1497,35.8,44,5.612,11.9,0.0239,1575.2,0.0843,0,Normal
2020-01-01 08:42:00,24.35,36.35,1448,43.7,46,6.626,12.0,0.0302,2010.2,0.088,0,Normal
2020-01-01 08:43:00,24.25,36.25,1401,45.9,49,6.734,12.0,0.0328,2249.1,0.0935,0,Normal
2020-01-01 08:44:00,24.25,36.25,1620,35.4,51,6.005,12.0,0.0219,1805.4,0.0971,0,Normal
2020-01-01 08:45:00,24.25,36.25,1466,45.5,53,6.985,12.0,0.031,2411.5,0.1008,0,Normal
2020-01-01 08:46:00,24.45,36.35,1373,50.6,55,7.275,11.9,0.0369,2783.0,0.1044,0,Normal
2020-01-01 08:47:00,24.45,36.45,1592,35.8,57,5.968,12.0,0.0225,2040.6,0.108,0,Normal
2020-01-01 08:48:00,24.35,36.35,1553,42.4,60,6.896,12.0,0.0273,2544.0,0.1134,0,Normal
2020-01-01 08:49:00,24.45,36.35,1569,36.2,63,5.948,11.9,0.0231,2280.6,0.1189,0,Normal
2020-01-01 08:50:00,24.45,36.35,1709,32.2,65,5.763,11.9,0.0188,2093.0,0.1224,0,Normal
2020-01-01 08:51:00,24.45,36.35,1549,34.9,68,5.661,11.9,0.0225,2373.2,0.1278,0,Normal
2020-01-01 08:52:00,24.35,36.25,1443,45.4,70,6.86,11.9,0.0315,3178.0,0.1313,0,Normal
2020-01-01 08:53:00,24.35,36.15,1675,29.8,72,5.227,11.8,0.0178,2145.6,0.1348,0,Normal
2020-01-01 08:54:00,24.35,36.15,1623,33.4,74,5.677,11.8,0.0206,2471.6,0.1383,0,Normal
2020-01-01 08:55:00,24.25,36.15,1365,52.4,76,7.49,11.9,0.0384,3982.4,0.1418,0,Normal
2020-01-01 08:56:00,24.25,36.15,1759,24.8,81,4.568,11.9,0.0141,2008.8,0.1508,0,Normal
2020-01-01 08:57:00,24.25,36.15,1516,43.0,83,6.826,11.9,0.0284,3569.0,0.1543,0,Normal
2020-01-01 08:58:00,24.25,36.15,1499,36.8,88,5.777,11.9,0.0245,3238.4,0.1633,0,Normal
2020-01-01 08:59:00,24.25,36.15,1775,25.8,91,4.796,11.9,0.0145,2347.8,0.1685,0,Normal
2020-01-01 09:00:00,24.25,36.25,1473,45.5,94,7.018,12.0,0.0309,4277.0,0.1738,0,Normal
2020-01-01 09:01:00,24.25,36.25,1296,52.3,96,7.098,12.0,0.0404,5020.8,0.1771,0,Normal
2020-01-01 09:02:00,24.35,36.25,1803,24.7,98,4.664,11.9,0.0137,2420.6,0.1805,0,Normal
2020-01-01 09:03:00,24.35,36.15,1563,36.1,100,5.909,11.8,0.0231,3610.0,0.1838,0,Normal
2020-01-01 09:04:00,24.35,36.25,1831,26.6,105,5.1,11.9,0.0145,2793.0,0.1927,0,Normal
2020-01-01 09:05:00,24.45,36.25,1958,22.1,108,4.531,11.8,0.0113,2386.8,0.1978,0,Normal
2020-01-01 09:06:00,24.35,36.25,1809,24.3,110,4.603,11.9,0.0134,2673.0,0.2011,0,Normal
2020-01-01 09:07:00,24.35,36.25,1482,39.3,112,6.099,11.9,0.0265,4401.6,0.2044,0,Normal
2020-01-01 09:08:00,24.25,36.15,1332,53.2,115,7.421,11.9,0.0399,6118.0,0.2095,0,Normal
2020-01-01 09:09:00,24.25,36.05,1437,40.4,117,6.079,11.8,0.0281,4726.8,0.2127,0,Normal
2020-01-01 09:10:00,24.25,36.05,1698,29.4,119,5.228,11.8,0.0173,3498.6,0.216,0,Normal
2020-01-01 09:11:00,24.25,36.05,1274,54.3,121,7.244,11.8,0.0426,6570.3,0.2192,0,Normal
2020-01-01 09:12:00,24.25,36.15,1622,35.0,123,5.945,11.9,0.0216,4305.0,0.2224,0,Normal
2020-01-01 09:13:00,24.25,36.15,1564,36.0,126,5.896,11.9,0.023,4536.0,0.2274,0,Normal
2020-01-01 09:14:00,24.35,36.25,1368,45.3,129,6.49,11.9,0.0331,5843.7,0.2324,0,Normal
2020-01-01 09:15:00,24.25,36.25,1539,42.2,134,6.801,12.0,0.0274,5654.8,0.241,0,Normal
2020-01-01 09:16:00,24.35,36.25,1357,50.1,137,7.119,11.9,0.0369,6863.7,0.246,0,Normal
2020-01-01 09:17:00,24.35,36.25,1433,48.3,139,7.248,11.9,0.0337,6713.7,0.2491,0,Normal
2020-01-01 09:18:00,24.35,36.25,1650,34.6,142,5.978,11.9,0.021,4913.2,0.254,0,Normal
2020-01-01 09:19:00,24.35,36.25,1503,40.6,144,6.39,11.9,0.027,5846.4,0.2571,0,Normal
2020-01-01 09:20:00,24.35,36.25,1318,58.2,146,8.033,11.9,0.0442,8497.2,0.2602,0,Normal
2020-01-01 09:21:00,24.35,36.25,1678,34.4,148,6.045,11.9,0.0205,5091.2,0.2633,0,Normal
2020-01-01 09:22:00,24.45,36.35,1574,30.9,151,5.093,11.9,0.0196,4665.9,0.2682,0,Normal
2020-01-01 09:23:00,24.55,36.45,1529,35.2,153,5.636,11.9,0.023,5385.6,0.2713,0,Normal
2020-01-01 09:24:00,24.45,36.45,1669,32.1,155,5.61,12.0,0.0192,4975.5,0.2743,0,Normal
2020-01-01 09:25:00,24.55,36.55,1570,35.8,160,5.886,12.0,0.0228,5728.0,0.2827,0,Normal
2020-01-01 09:26:00,24.45,36.55,1541,33.7,165,5.438,12.1,0.0219,5560.5,0.291,0,Normal
2020-01-01 09:27:00,24.55,36.55,1680,30.2,168,5.313,12.0,0.018,5073.6,0.2958,0,Normal
2020-01-01 09:28:00,24.65,36.55,1935,22.1,171,4.478,11.9,0.0114,3779.1,0.3005,0,Normal
2020-01-01 09:29:00,24.55,36.45,1596,35.2,173,5.883,11.9,0.0221,6089.6,0.3035,0,Normal
2020-01-01 09:30:00,24.55,36.55,1498,41.0,176,6.432,12.0,0.0274,7216.0,0.3082,0,Normal
2020-01-01 09:31:00,24.65,36.65,1676,29.0,178,5.09,12.0,0.0173,5162.0,0.3112,0,Normal
2020-01-01 09:32:00,24.65,36.75,1351,49.0,181,6.932,12.1,0.0363,8869.0,0.3159,0,Normal
2020-01-01 09:33:00,24.75,36.75,1472,45.0,183,6.937,12.0,0.0306,8235.0,0.3188,0,Normal
2020-01-01 09:34:00,24.75,36.85,1439,41.7,185,6.284,12.1,0.029,7714.5,0.3217,0,Normal
2020-01-01 09:35:00,24.75,36.75,1410,55.4,188,8.18,12.0,0.0393,10415.2,0.3264,0,Normal
2020-01-01 09:36:00,24.55,36.55,1440,51.1,191,7.706,12.0,0.0355,9760.1,0.331,0,Normal
2020-01-01 09:37:00,24.55,36.55,1591,37.7,196,6.281,12.0,0.0237,7389.2,0.3391,0,Normal
2020-01-01 09:38:00,24.65,36.65,1533,36.8,198,5.908,12.0,0.024,7286.4,0.342,0,Normal
2020-01-01 09:39:00,24.65,36.55,1700,31.3,200,5.572,11.9,0.0184,6260.0,0.3448,0,Normal
2020-01-01 09:40:00,24.65,36.65,1798,25.5,203,4.801,12.0,0.0142,5176.5,0.3494,0,Normal
2020-01-01 09:41:00,24.65,36.55,1394,42.9,206,6.263,11.9,0.0308,8837.4,0.354,0,Normal
2020-01-01 09:42:00,24.65,36.55,1341,49.2,208,6.909,11.9,0.0367,10233.6,0.3568,0,Normal
2020-01-01 09:43:00,24.55,36.45,1697,32.2,210,5.722,11.9,0.019,6762.0,0.3596,0,Normal
2020-01-01 09:44:00,24.45,36.45,1419,48.2,215,7.162,12.0,0.034,10363.0,0.3675,0,Normal
2020-01-01 09:45:00,24.45,36.35,2001,20.5,220,4.296,11.9,0.0102,4510.0,0.3754,0,Normal
2020-01-01 09:46:00,24.45,36.45,1501,49.8,222,7.828,12.0,0.0332,11055.6,0.3782,1,Overstrain_Failure
2020-01-01 09:47:00,24.45,36.35,1623,33.1,224,5.626,11.9,0.0204,7414.4,0.381,0,Normal
2020-01-01 09:48:00,24.45,36.25,1628,33.4,229,5.694,11.8,0.0205,7648.6,0.3888,0,Normal
2020-01-01 09:49:00,24.45,36.25,1491,40.2,231,6.277,11.8,0.027,9286.2,0.3915,0,Normal
2020-01-01 09:50:00,24.35,36.25,1517,36.7,233,5.83,11.9,0.0242,8551.1,0.3942,0,Normal
2020-01-01 09:51:00,24.35,36.15,1525,41.7,235,6.659,11.8,0.0273,9799.5,0.397,0,Normal
2020-01-01 09:52:00,24.35,36.35,1668,27.9,240,4.873,12.0,0.0167,6696.0,0.4047,0,Normal
2020-01-01 09:53:00,24.35,36.45,1312,50.7,0,6.966,12.1,0.0386,0.0,0.0,0,Normal
2020-01-01 09:54:00,24.45,36.45,1278,50.4,2,6.745,12.0,0.0394,100.8,0.0034,0,Normal
2020-01-01 09:55:00,24.45,36.45,1330,53.1,7,7.396,12.0,0.0399,371.7,0.0117,0,Normal
2020-01-01 09:56:00,24.45,36.45,1530,37.3,10,5.976,12.0,0.0244,373.0,0.0168,0,Normal
2020-01-01 09:57:00,24.45,36.45,1428,46.6,13,6.969,12.0,0.0326,605.8,0.0217,0,Normal
2020-01-01 09:58:00,24.55,36.45,1480,47.9,18,7.424,11.9,0.0324,862.2,0.0301,0,Normal
2020-01-01 09:59:00,24.55,36.55,1616,31.1,20,5.263,12.0,0.0192,622.0,0.0333,0,Normal
2020-01-01 10:00:00,24.65,36.55,1547,37.3,25,6.043,11.9,0.0241,932.5,0.0416,0,Normal
2020-01-01 10:01:00,24.75,36.55,2194,16.8,27,3.86,11.8,0.0077,453.6,0.0449,0,Normal
2020-01-01 10:02:00,24.75,36.65,2000,21.3,29,4.461,11.9,0.0106,617.7,0.0481,0,Normal
2020-01-01 10:03:00,24.75,36.65,1336,71.6,31,10.017,11.9,0.0536,2219.6,0.0513,1,Power_Failure
2020-01-01 10:04:00,24.75,36.75,1542,33.8,33,5.458,12.0,0.0219,1115.4,0.0545,0,Normal
2020-01-01 10:05:00,24.75,36.65,1693,29.9,35,5.301,11.9,0.0177,1046.5,0.0578,0,Normal
2020-01-01 10:06:00,24.75,36.65,1461,50.5,38,7.726,11.9,0.0346,1919.0,0.0626,0,Normal
2020-01-01 10:07:00,24.85,36.75,1565,33.9,40,5.556,11.9,0.0217,1356.0,0.0658,0,Normal
2020-01-01 10:08:00,24.85,36.75,1403,47.7,43,7.008,11.9,0.034,2051.1,0.0706,0,Normal
2020-01-01 10:09:00,24.95,36.75,1629,32.5,45,5.544,11.8,0.02,1462.5,0.0738,0,Normal
2020-01-01 10:10:00,24.95,36.85,1534,33.7,47,5.414,11.9,0.022,1583.9,0.0769,0,Normal
2020-01-01 10:11:00,24.95,36.85,1553,40.9,49,6.652,11.9,0.0263,2004.1,0.0801,0,Normal
2020-01-01 10:12:00,24.95,36.75,1563,32.8,51,5.369,11.8,0.021,1672.8,0.0832,0,Normal
2020-01-01 10:13:00,24.95,36.75,1634,30.0,53,5.133,11.8,0.0184,1590.0,0.0863,0,Normal
2020-01-01 10:14:00,24.85,36.75,1445,45.2,55,6.84,11.9,0.0313,2486.0,0.0894,0,Normal
2020-01-01 10:15:00,24.95,36.75,1642,30.4,58,5.227,11.8,0.0185,1763.2,0.0942,0,Normal
2020-01-01 10:16:00,24.95,36.75,1686,29.1,60,5.138,11.8,0.0173,1746.0,0.0972,0,Normal
2020-01-01 10:17:00,24.95,36.85,1393,43.1,65,6.287,11.9,0.0309,2801.5,0.1052,0,Normal
2020-01-01 10:18:00,25.05,36.85,1433,44.2,68,6.633,11.8,0.0308,3005.6,0.1099,0,Normal
2020-01-01 10:19:00,25.15,36.85,1507,44.7,73,7.054,11.7,0.0297,3263.1,0.1177,0,Normal
2020-01-01 10:20:00,25.15,36.95,1389,49.6,75,7.215,11.8,0.0357,3720.0,0.1208,0,Normal
2020-01-01 10:21:00,25.15,36.95,1408,45.3,78,6.679,11.8,0.0322,3533.4,0.1254,0,Normal
2020-01-01 10:22:00,25.25,37.05,1725,32.0,80,5.781,11.8,0.0186,2560.0,0.1284,0,Normal
2020-01-01 10:23:00,25.25,36.95,1926,23.7,83,4.78,11.7,0.0123,1967.1,0.133,0,Normal
2020-01-01 10:24:00,25.15,36.95,1509,37.6,85,5.942,11.8,0.0249,3196.0,0.136,0,Normal
2020-01-01 10:25:00,25.15,36.95,1545,36.3,90,5.873,11.8,0.0235,3267.0,0.1438,0,Normal
2020-01-01 10:26:00,25.25,36.95,1533,35.2,92,5.651,11.7,0.023,3238.4,0.1467,0,Normal
2020-01-01 10:27:00,25.25,36.95,1455,42.2,94,6.43,11.7,0.029,3966.8,0.1497,0,Normal
2020-01-01 10:28:00,25.25,36.95,1335,57.8,96,8.08,11.7,0.0433,5548.8,0.1526,0,Normal
2020-01-01 10:29:00,25.15,36.95,1523,45.9,99,7.321,11.8,0.0301,4544.1,0.1571,0,Normal
2020-01-01 10:30:00,25.15,36.85,1460,47.6,101,7.278,11.7,0.0326,4807.6,0.1601,0,Normal
2020-01-01 10:31:00,25.25,36.85,1554,37.3,103,6.07,11.6,0.024,3841.9,0.163,0,Normal
2020-01-01 10:32:00,25.15,36.85,1419,47.1,105,6.999,11.7,0.0332,4945.5,0.1659,0,Normal
2020-01-01 10:33:00,25.15,36.85,1442,43.9,110,6.629,11.7,0.0304,4829.0,0.1735,0,Normal
2020-01-01 10:34:00,25.15,36.75,1507,41.6,112,6.565,11.6,0.0276,4659.2,0.1764,0,Normal
2020-01-01 10:35:00,25.15,36.85,1858,23.9,114,4.65,11.7,0.0129,2724.6,0.1792,0,Normal
2020-01-01 10:36:00,25.15,36.75,1463,43.9,116,6.726,11.6,0.03,5092.4,0.1821,0,Normal
2020-01-01 10:37:00,25.05,36.55,1585,37.4,118,6.208,11.5,0.0236,4413.2,0.185,0,Normal
2020-01-01 10:38:00,24.85,36.45,1536,37.3,120,6.0,11.6,0.0243,4476.0,0.1878,0,Normal
2020-01-01 10:39:00,24.85,36.45,1403,51.3,122,7.537,11.6,0.0366,6258.6,0.1906,0,Normal
2020-01-01 10:40:00,24.75,36.45,1515,38.8,124,6.156,11.7,0.0256,4811.2,0.1934,0,Normal
2020-01-01 10:41:00,24.75,36.35,1390,47.9,127,6.972,11.6,0.0345,6083.3,0.1978,0,Normal
2020-01-01 10:42:00,24.65,36.25,1226,58.7,129,7.536,11.6,0.0479,7572.3,0.2006,0,Normal
2020-01-01 10:43:00,24.65,36.25,1495,36.5,132,5.714,11.6,0.0244,4818.0,0.205,0,Normal
2020-01-01 10:44:00,24.55,36.25,1608,30.2,135,5.085,11.7,0.0188,4077.0,0.2093,0,Normal
2020-01-01 10:45:00,24.55,36.25,1392,44.1,140,6.428,11.7,0.0317,6174.0,0.2167,0,Normal
2020-01-01 10:46:00,24.55,36.25,1461,43.7,142,6.686,11.7,0.0299,6205.4,0.2195,0,Normal
2020-01-01 10:47:00,24.55,36.15,1559,36.9,145,6.024,11.6,0.0237,5350.5,0.2238,0,Normal
2020-01-01 10:48:00,24.55,36.15,1400,48.9,147,7.169,11.6,0.0349,7188.3,0.2265,0,Normal
2020-01-01 10:49:00,24.55,36.05,1732,28.8,152,5.224,11.5,0.0166,4377.6,0.2338,0,Normal
2020-01-01 10:50:00,24.45,36.05,1611,33.1,155,5.584,11.6,0.0205,5130.5,0.2381,0,Normal
2020-01-01 10:51:00,24.45,35.95,1503,38.9,157,6.123,11.5,0.0259,6107.3,0.2408,0,Normal
2020-01-01 10:52:00,24.55,36.05,1391,44.5,159,6.482,11.5,0.032,7075.5,0.2435,0,Normal
2020-01-01 10:53:00,24.65,36.15,2015,20.1,161,4.241,11.5,0.01,3236.1,0.2462,0,Normal
2020-01-01 10:54:00,24.65,36.05,1683,30.9,163,5.446,11.4,0.0184,5036.7,0.2489,0,Normal
2020-01-01 10:55:00,24.55,35.95,1435,38.8,165,5.831,11.4,0.027,6402.0,0.2515,0,Normal
2020-01-01 10:56:00,24.55,35.95,1732,28.1,167,5.097,11.4,0.0162,4692.7,0.2542,0,Normal
2020-01-01 10:57:00,24.55,36.05,1365,58.6,170,8.376,11.5,0.0429,9962.0,0.2584,0,Normal
2020-01-01 10:58:00,24.55,35.95,1562,36.8,172,6.019,11.4,0.0236,6329.6,0.261,0,Normal
2020-01-01 10:59:00,24.45,35.95,1449,49.1,174,7.45,11.5,0.0339,8543.4,0.2636,0,Normal
2020-01-01 11:00:00,24.55,36.05,1700,27.4,176,4.878,11.5,0.0161,4822.4,0.2663,0,Normal
2020-01-01 11:01:00,24.45,35.85,1427,45.6,179,6.814,11.4,0.032,8162.4,0.2704,0,Normal
2020-01-01 11:02:00,24.45,35.75,1479,38.1,182,5.901,11.3,0.0258,6934.2,0.2745,0,Normal
2020-01-01 11:03:00,24.35,35.75,1469,44.0,185,6.769,11.4,0.03,8140.0,0.2786,0,Normal
2020-01-01 11:04:00,24.35,35.75,1390,47.4,187,6.9,11.4,0.0341,8863.8,0.2812,0,Normal
2020-01-01 11:05:00,24.35,35.75,1729,28.1,189,5.088,11.4,0.0163,5310.9,0.2838,0,Normal
2020-01-01 11:06:00,24.35,35.85,1470,43.5,191,6.696,11.5,0.0296,8308.5,0.2864,0,Normal
2020-01-01 11:07:00,24.35,35.75,1459,48.5,193,7.41,11.4,0.0332,9360.5,0.2889,0,Normal
2020-01-01 11:08:00,24.35,35.75,1738,24.0,195,4.368,11.4,0.0138,4680.0,0.2915,0,Normal
2020-01-01 11:09:00,24.35,35.75,1471,37.7,197,5.807,11.4,0.0256,7426.9,0.294,0,Normal
2020-01-01 11:10:00,24.45,35.85,1822,25.4,202,4.846,11.4,0.0139,5130.8,0.301,0,Normal
2020-01-01 11:11:00,24.35,35.75,1554,34.8,204,5.663,11.4,0.0224,7099.2,0.3036,0,Normal
2020-01-01 11:12:00,24.45,35.75,1433,43.2,206,6.483,11.3,0.0301,8899.2,0.3061,0,Normal
2020-01-01 11:13:00,24.45,35.75,1449,47.7,209,7.238,11.3,0.0329,9969.3,0.3101,0,Normal
2020-01-01 11:14:00,24.65,35.85,1456,41.2,0,6.282,11.2,0.0283,0.0,0.0,0,Normal
2020-01-01 11:15:00,24.65,35.95,1424,45.5,2,6.785,11.3,0.032,91.0,0.003,0,Normal
2020-01-01 11:16:00,24.75,36.05,1577,34.7,5,5.73,11.3,0.022,173.5,0.0074,0,Normal
2020-01-01 11:17:00,24.75,36.05,1478,39.7,10,6.145,11.3,0.0269,397.0,0.0147,0,Normal
2020-01-01 11:18:00,24.65,36.05,1295,61.2,12,8.299,11.4,0.0473,734.4,0.0177,0,Normal
2020-01-01 11:19:00,24.65,36.05,1372,47.3,15,6.796,11.4,0.0345,709.5,0.0221,0,Normal
2020-01-01 11:20:00,24.65,35.95,1432,42.6,17,6.388,11.3,0.0297,724.2,0.025,0,Normal
2020-01-01 11:21:00,24.55,35.85,1656,33.2,20,5.757,11.3,0.02,664.0,0.0293,0,Normal
2020-01-01 11:22:00,24.65,35.85,1410,48.8,23,7.206,11.2,0.0346,1122.4,0.0337,0,Normal
2020-01-01 11:23:00,24.55,35.85,1874,24.4,28,4.788,11.3,0.013,683.2,0.0409,0,Normal
2020-01-01 11:24:00,24.55,35.85,1538,43.2,30,6.958,11.3,0.0281,1296.0,0.0438,0,Normal
2020-01-01 11:25:00,24.55,35.85,1636,29.7,32,5.088,11.3,0.0182,950.4,0.0466,0,Normal
2020-01-01 11:26:00,24.55,35.85,1504,40.4,35,6.363,11.3,0.0269,1414.0,0.0509,0,Normal
2020-01-01 11:27:00,24.55,35.85,1531,42.4,38,6.798,11.3,0.0277,1611.2,0.0552,0,Normal
2020-01-01 11:28:00,24.45,35.85,1735,26.4,41,4.797,11.4,0.0152,1082.4,0.0595,0,Normal
2020-01-01 11:29:00,24.45,35.85,1354,55.6,46,7.884,11.4,0.0411,2557.6,0.0667,0,Normal
2020-01-01 11:30:00,24.45,35.85,1413,40.2,51,5.948,11.4,0.0285,2050.2,0.0738,0,Normal
2020-01-01 11:31:00,24.55,35.95,1563,39.3,56,6.433,11.4,0.0251,2200.8,0.0809,0,Normal
2020-01-01 11:32:00,24.55,35.95,1479,42.1,58,6.52,11.4,0.0285,2441.8,0.0837,0,Normal
2020-01-01 11:33:00,24.55,35.95,1477,38.3,60,5.924,11.4,0.0259,2298.0,0.0865,0,Normal
2020-01-01 11:34:00,24.45,35.95,1394,50.0,62,7.299,11.5,0.0359,3100.0,0.0892,0,Normal
2020-01-01 11:35:00,24.45,35.85,1487,45.4,64,7.07,11.4,0.0305,2905.6,0.092,0,Normal
2020-01-01 11:36:00,24.45,35.85,1815,25.3,66,4.809,11.4,0.0139,1669.8,0.0947,0,Normal
2020-01-01 11:37:00,24.45,35.65,1453,39.7,69,6.041,11.2,0.0273,2739.3,0.0989,0,Normal
2020-01-01 11:38:00,24.45,35.65,1539,40.2,72,6.479,11.2,0.0261,2894.4,0.103,0,Normal
2020-01-01 11:39:00,24.35,35.55,1416,39.2,74,5.813,11.2,0.0277,2900.8,0.1057,0,Normal
2020-01-01 11:40:00,24.45,35.65,1683,31.6,79,5.569,11.2,0.0188,2496.4,0.1127,0,Normal
2020-01-01 11:41:00,24.55,35.65,1515,40.1,82,6.362,11.1,0.0265,3288.2,0.1168,0,Normal
2020-01-01 11:42:00,24.55,35.75,1531,48.3,84,7.744,11.2,0.0315,4057.2,0.1195,0,Normal
2020-01-01 11:43:00,24.55,35.75,1479,40.9,87,6.335,11.2,0.0277,3558.3,0.1236,0,Normal
2020-01-01 11:44:00,24.55,35.75,1516,33.7,92,5.35,11.2,0.0222,3100.4,0.1305,0,Normal
2020-01-01 11:45:00,24.55,35.85,1507,38.2,94,6.028,11.3,0.0253,3590.8,0.1331,0,Normal
2020-01-01 11:46:00,24.65,35.85,1434,43.3,96,6.502,11.2,0.0302,4156.8,0.1358,0,Normal
2020-01-01 11:47:00,24.55,35.75,1838,27.3,99,5.255,11.2,0.0149,2702.7,0.1398,0,Normal
2020-01-01 11:48:00,24.45,35.65,1416,45.9,101,6.806,11.2,0.0324,4635.9,0.1425,0,Normal
2020-01-01 11:49:00,24.45,35.65,1357,49.7,104,7.063,11.2,0.0366,5168.8,0.1465,0,Normal
2020-01-01 11:50:00,24.35,35.55,1697,28.1,107,4.994,11.2,0.0166,3006.7,0.1505,0,Normal
2020-01-01 11:51:00,24.35,35.55,1443,46.2,110,6.981,11.2,0.032,5082.0,0.1545,0,Normal
2020-01-01 11:52:00,24.35,35.55,1453,37.6,112,5.721,11.2,0.0259,4211.2,0.1571,0,Normal
2020-01-01 11:53:00,24.25,35.45,1439,46.4,114,6.992,11.2,0.0322,5289.6,0.1597,0,Normal
2020-01-01 11:54:00,24.25,35.45,1609,36.2,116,6.099,11.2,0.0225,4199.2,0.1622,0,Normal
2020-01-01 11:55:00,24.25,35.45,1324,59.1,118,8.194,11.2,0.0446,6973.8,0.1648,0,Normal
2020-01-01 11:56:00,24.25,35.45,1420,45.8,120,6.811,11.2,0.0323,5496.0,0.1674,0,Normal
2020-01-01 11:57:00,24.25,35.55,1545,36.9,125,5.97,11.3,0.0239,4612.5,0.1741,0,Normal
2020-01-01 11:58:00,24.35,35.65,1477,39.0,127,6.032,11.3,0.0264,4953.0,0.1766,0,Normal
2020-01-01 11:59:00,24.25,35.65,1447,58.1,129,8.804,11.4,0.0402,7494.9,0.1792,0,Normal
2020-01-01 12:00:00,24.25,35.75,1809,23.8,131,4.509,11.5,0.0132,3117.8,0.1817,0,Normal
2020-01-01 12:01:00,24.35,35.75,1696,30.9,133,5.488,11.4,0.0182,4109.7,0.1842,0,Normal
2020-01-01 12:02:00,24.35,35.75,1427,44.7,135,6.68,11.4,0.0313,6034.5,0.1867,0,Normal
2020-01-01 12:03:00,24.25,35.75,1500,46.3,137,7.273,11.5,0.0309,6343.1,0.1892,0,Normal
2020-01-01 12:04:00,24.35,35.75,1390,44.6,140,6.492,11.4,0.0321,6244.0,0.1931,0,Normal
2020-01-01 12:05:00,24.25,35.65,1640,34.2,142,5.874,11.4,0.0209,4856.4,0.1956,0,Normal
2020-01-01 12:06:00,24.25,35.65,1628,37.4,144,6.376,11.4,0.023,5385.6,0.1981,0,Normal
2020-01-01 12:07:00,24.15,35.45,1499,37.6,147,5.902,11.3,0.0251,5527.2,0.2019,0,Normal
2020-01-01 12:08:00,24.25,35.55,1425,50.3,152,7.506,11.3,0.0353,7645.6,0.2085,0,Normal
2020-01-01 12:09:00,24.15,35.45,1586,37.7,155,6.261,11.3,0.0238,5843.5,0.2123,0,Normal
2020-01-01 12:10:00,24.15,35.45,1471,50.7,157,7.81,11.3,0.0345,7959.9,0.2148,0,Normal
2020-01-01 12:11:00,24.15,35.45,1431,53.0,160,7.942,11.3,0.037,8480.0,0.2186,0,Normal
2020-01-01 12:12:00,24.05,35.45,1924,22.1,163,4.453,11.4,0.0115,3602.3,0.2224,0,Normal
2020-01-01 12:13:00,23.95,35.25,1421,42.0,165,6.25,11.3,0.0296,6930.0,0.2248,0,Normal
2020-01-01 12:14:00,23.85,35.25,1305,54.6,168,7.462,11.4,0.0418,9172.8,0.2286,0,Normal
2020-01-01 12:15:00,23.75,35.25,1557,32.4,173,5.283,11.5,0.0208,5605.2,0.2351,0,Normal
2020-01-01 12:16:00,23.75,35.15,1555,38.2,175,6.22,11.4,0.0246,6685.0,0.2374,0,Normal
2020-01-01 12:17:00,23.75,35.15,1474,39.2,177,6.051,11.4,0.0266,6938.4,0.2398,0,Normal
2020-01-01 12:18:00,23.65,35.15,1506,45.9,182,7.239,11.5,0.0305,8353.8,0.2463,0,Normal
2020-01-01 12:19:00,23.75,35.25,1390,41.8,184,6.084,11.5,0.0301,7691.2,0.2486,0,Normal
2020-01-01 12:20:00,23.75,35.25,1450,46.9,186,7.121,11.5,0.0323,8723.4,0.251,0,Normal
2020-01-01 12:21:00,23.75,35.15,1513,38.8,189,6.148,11.4,0.0256,7333.2,0.2547,0,Normal
2020-01-01 12:22:00,23.65,35.05,1643,34.7,191,5.97,11.4,0.0211,6627.7,0.2571,0,Normal
2020-01-01 12:23:00,23.65,35.05,1361,53.8,193,7.668,11.4,0.0395,10383.4,0.2594,0,Normal
2020-01-01 12:24:00,23.55,34.95,1450,40.9,195,6.21,11.4,0.0282,7975.5,0.2617,0,Normal
2020-01-01 12:25:00,23.55,34.85,1451,50.7,197,7.704,11.3,0.0349,9987.9,0.2641,0,Normal
2020-01-01 12:26:00,23.65,34.95,1289,62.0,199,8.369,11.3,0.0481,12338.0,0.2664,1,Overstrain_Failure
2020-01-01 12:27:00,23.65,34.95,1356,48.3,201,6.859,11.3,0.0356,9708.3,0.2687,0,Normal
2020-01-01 12:28:00,23.55,34.95,1528,46.3,203,7.409,11.4,0.0303,9398.9,0.271,0,Normal
2020-01-01 12:29:00,23.45,34.85,1978,22.3,208,4.619,11.4,0.0113,4638.4,0.2773,0,Normal
2020-01-01 12:30:00,23.55,34.85,1535,36.8,210,5.915,11.3,0.024,7728.0,0.2796,0,Normal
2020-01-01 12:31:00,23.65,34.95,1843,24.2,212,4.671,11.3,0.0131,5130.4,0.2819,0,Normal
2020-01-01 12:32:00,23.75,34.95,1422,48.7,215,7.252,11.2,0.0342,10470.5,0.2855,0,Normal
2020-01-01 12:33:00,23.65,34.85,1536,40.4,217,6.498,11.2,0.0263,8766.8,0.2878,0,Normal
2020-01-01 12:34:00,23.75,34.95,1483,44.3,219,6.88,11.2,0.0299,9701.7,0.2901,0,Normal
2020-01-01 12:35:00,23.65,34.95,1492,43.7,222,6.828,11.3,0.0293,9701.4,0.2937,0,Normal
2020-01-01 12:36:00,23.65,34.85,1584,40.4,227,6.701,11.2,0.0255,9170.8,0.2999,0,Normal
2020-01-01 12:37:00,23.75,34.95,1555,33.7,229,5.488,11.2,0.0217,7717.3,0.3021,0,Normal
2020-01-01 12:38:00,23.65,34.85,1497,41.7,231,6.537,11.2,0.0279,9632.7,0.3043,0,Normal
2020-01-01 12:39:00,23.55,34.65,1537,36.3,233,5.843,11.1,0.0236,8457.9,0.3066,0,Normal
2020-01-01 12:40:00,23.55,34.65,1505,39.4,236,6.21,11.1,0.0262,9298.4,0.3101,0,Normal
2020-01-01 12:41:00,23.55,34.65,1646,34.6,238,5.964,11.1,0.021,8234.8,0.3123,0,Normal
2020-01-01 12:42:00,23.55,34.65,1286,60.5,0,8.148,11.1,0.047,0.0,0.0,0,Normal
2020-01-01 12:43:00,23.55,34.65,1400,47.5,3,6.964,11.1,0.0339,142.5,0.0039,0,Normal
2020-01-01 12:44:00,23.65,34.75,1337,56.5,5,7.911,11.1,0.0423,282.5,0.0065,0,Normal
2020-01-01 12:45:00,23.75,34.85,1332,53.9,7,7.518,11.1,0.0405,377.3,0.0091,0,Normal
2020-01-01 12:46:00,23.65,34.85,1561,38.3,9,6.261,11.2,0.0245,344.7,0.0117,0,Normal
2020-01-01 12:47:00,23.75,34.85,1546,31.1,11,5.035,11.1,0.0201,342.1,0.0143,0,Normal
2020-01-01 12:48:00,23.75,34.85,1713,29.3,13,5.256,11.1,0.0171,380.9,0.0169,0,Normal
2020-01-01 12:49:00,23.75,34.85,1343,44.5,15,6.258,11.1,0.0331,667.5,0.0195,0,Normal
2020-01-01 12:50:00,23.65,34.85,1391,54.4,17,7.924,11.2,0.0391,924.8,0.022,0,Normal
2020-01-01 12:51:00,23.65,34.85,1311,58.6,19,8.045,11.2,0.0447,1113.4,0.0246,0,Normal
2020-01-01 12:52:00,23.65,34.85,1453,51.0,24,7.76,11.2,0.0351,1224.0,0.031,0,Normal
2020-01-01 12:53:00,23.65,34.85,1510,39.4,29,6.23,11.2,0.0261,1142.6,0.0375,0,Normal
2020-01-01 12:54:00,23.65,34.75,1448,48.8,31,7.4,11.1,0.0337,1512.8,0.04,0,Normal
2020-01-01 12:55:00,23.55,34.65,1453,46.0,33,6.999,11.1,0.0317,1518.0,0.0425,0,Normal
2020-01-01 12:56:00,23.55,34.65,1468,39.2,35,6.026,11.1,0.0267,1372.0,0.045,0,Normal
2020-01-01 12:57:00,23.55,34.65,1382,47.5,37,6.874,11.1,0.0344,1757.5,0.0476,0,Normal
2020-01-01 12:58:00,23.55,34.85,1580,32.2,39,5.328,11.3,0.0204,1255.8,0.0501,0,Normal
2020-01-01 12:59:00,23.65,34.85,1666,29.8,41,5.199,11.2,0.0179,1221.8,0.0526,0,Normal
2020-01-01 13:00:00,23.75,34.85,1409,50.7,43,7.481,11.1,0.036,2180.1,0.0551,0,Normal
2020-01-01 13:01:00,23.65,34.85,1675,29.7,46,5.21,11.2,0.0177,1366.2,0.0588,0,Normal
2020-01-01 13:02:00,23.65,34.75,1698,30.8,48,5.477,11.1,0.0181,1478.4,0.0613,0,Normal
2020-01-01 13:03:00,23.55,34.75,1579,33.4,50,5.523,11.2,0.0212,1670.0,0.0638,0,Normal
2020-01-01 13:04:00,23.55,34.75,1743,27.9,55,5.092,11.2,0.016,1534.5,0.0701,0,Normal
2020-01-01 13:05:00,23.75,34.85,1497,44.8,57,7.023,11.1,0.0299,2553.6,0.0725,0,Normal
2020-01-01 13:06:00,23.75,34.95,1741,28.8,60,5.251,11.2,0.0165,1728.0,0.0762,0,Normal
2020-01-01 13:07:00,23.75,34.95,1435,45.3,62,6.807,11.2,0.0316,2808.6,0.0787,0,Normal
2020-01-01 13:08:00,23.75,34.95,1440,46.3,64,6.982,11.2,0.0322,2963.2,0.0811,0,Normal
2020-01-01 13:09:00,23.75,34.85,1641,33.3,67,5.722,11.1,0.0203,2231.1,0.0848,0,Normal
2020-01-01 13:10:00,23.65,34.75,1420,45.4,70,6.751,11.1,0.032,3178.0,0.0885,0,Normal
2020-01-01 13:11:00,23.65,34.75,1611,35.4,72,5.972,11.1,0.022,2548.8,0.0909,0,Normal
2020-01-01 13:12:00,23.65,34.65,1373,42.9,74,6.168,11.0,0.0312,3174.6,0.0933,0,Normal
2020-01-01 13:13:00,23.65,34.75,1683,31.8,76,5.605,11.1,0.0189,2416.8,0.0957,0,Normal
2020-01-01 13:14:00,23.75,34.75,1547,32.6,79,5.281,11.0,0.0211,2575.4,0.0994,0,Normal
2020-01-01 13:15:00,23.75,34.65,1605,37.0,84,6.219,10.9,0.0231,3108.0,0.1055,0,Normal
2020-01-01 13:16:00,23.75,34.75,2010,18.9,86,3.978,11.0,0.0094,1625.4,0.1079,0,Normal
2020-01-01 13:17:00,23.65,34.55,1565,40.1,89,6.572,10.9,0.0256,3568.9,0.1115,0,Normal
2020-01-01 13:18:00,23.75,34.65,1828,24.6,91,4.709,10.9,0.0135,2238.6,0.1139,0,Normal
2020-01-01 13:19:00,23.85,34.65,1579,34.1,94,5.639,10.8,0.0216,3205.4,0.1175,0,Normal
2020-01-01 13:20:00,23.85,34.75,1882,24.2,97,4.769,10.9,0.0129,2347.4,0.1211,0,Normal
2020-01-01 13:21:00,23.75,34.65,1285,52.1,100,7.011,10.9,0.0405,5210.0,0.1247,0,Normal
2020-01-01 13:22:00,23.75,34.65,1571,35.0,102,5.758,10.9,0.0223,3570.0,0.127,0,Normal
2020-01-01 13:23:00,23.75,34.65,1549,37.8,104,6.132,10.9,0.0244,3931.2,0.1294,0,Normal
2020-01-01 13:24:00,23.75,34.65,1544,37.6,109,6.079,10.9,0.0244,4098.4,0.1354,0,Normal
2020-01-01 13:25:00,23.85,34.75,1412,47.4,112,7.009,10.9,0.0336,5308.8,0.139,0,Normal
2020-01-01 13:26:00,23.85,34.75,1422,53.0,115,7.892,10.9,0.0373,6095.0,0.1425,0,Normal
2020-01-01 13:27:00,23.85,34.55,1867,22.8,118,4.458,10.7,0.0122,2690.4,0.146,0,Normal
2020-01-01 13:28:00,23.75,34.55,1424,43.3,120,6.457,10.8,0.0304,5196.0,0.1483,0,Normal
2020-01-01 13:29:00,23.75,34.45,1452,45.7,122,6.949,10.7,0.0315,5575.4,0.1506,0,Normal
2020-01-01 13:30:00,23.75,34.55,1550,39.7,124,6.444,10.8,0.0256,4922.8,0.1529,0,Normal
2020-01-01 13:31:00,23.65,34.45,1588,37.6,126,6.253,10.8,0.0237,4737.6,0.1552,0,Normal
2020-01-01 13:32:00,23.65,34.45,1338,44.4,128,6.221,10.8,0.0332,5683.2,0.1574,0,Normal
2020-01-01 13:33:00,23.65,34.45,1513,40.0,130,6.338,10.8,0.0264,5200.0,0.1597,0,Normal
2020-01-01 13:34:00,23.65,34.35,1470,45.9,132,7.066,10.7,0.0312,6058.8,0.162,0,Normal
2020-01-01 13:35:00,23.65,34.35,1516,36.7,135,5.826,10.7,0.0242,4954.5,0.1654,0,Normal
2020-01-01 13:36:00,23.65,34.45,1434,48.3,138,7.253,10.8,0.0337,6665.4,0.1689,0,Normal
2020-01-01 13:37:00,23.65,34.45,1368,52.0,140,7.449,10.8,0.038,7280.0,0.1711,0,Normal
2020-01-01 13:38:00,23.65,34.45,1304,48.7,142,6.65,10.8,0.0373,6915.4,0.1734,0,Normal
2020-01-01 13:39:00,23.65,34.45,1398,46.7,144,6.837,10.8,0.0334,6724.8,0.1756,0,Normal
2020-01-01 13:40:00,23.55,34.45,1516,37.4,146,5.937,10.9,0.0247,5460.4,0.1778,0,Normal
2020-01-01 13:41:00,23.55,34.45,1474,41.7,148,6.437,10.9,0.0283,6171.6,0.18,0,Normal
2020-01-01 13:42:00,23.55,34.45,1547,34.7,150,5.621,10.9,0.0224,5205.0,0.1823,0,Normal
2020-01-01 13:43:00,23.45,34.35,1482,39.9,153,6.192,10.9,0.0269,6104.7,0.1857,0,Normal
2020-01-01 13:44:00,23.45,34.25,1436,42.8,156,6.436,10.8,0.0298,6676.8,0.1891,0,Normal
2020-01-01 13:45:00,23.45,34.15,1474,40.0,158,6.174,10.7,0.0271,6320.0,0.1913,0,Normal
2020-01-01 13:46:00,23.35,34.05,1481,38.2,160,5.924,10.7,0.0258,6112.0,0.1935,0,Normal
2020-01-01 13:47:00,23.35,34.15,1501,42.1,162,6.617,10.8,0.028,6820.2,0.1957,0,Normal
2020-01-01 13:48:00,23.35,34.15,1566,37.2,164,6.1,10.8,0.0238,6100.8,0.1978,0,Normal
2020-01-01 13:49:00,23.35,34.15,1579,34.5,166,5.705,10.8,0.0218,5727.0,0.2,0,Normal
2020-01-01 13:50:00,23.45,34.25,1631,35.0,168,5.978,10.8,0.0215,5880.0,0.2022,0,Normal
2020-01-01 13:51:00,23.45,34.25,1544,42.3,170,6.839,10.8,0.0274,7191.0,0.2043,0,Normal
2020-01-01 13:52:00,23.45,34.25,1521,38.6,173,6.148,10.8,0.0254,6677.8,0.2077,0,Normal
2020-01-01 13:53:00,23.45,34.25,1616,28.0,175,4.738,10.8,0.0173,4900.0,0.2098,0,Normal
2020-01-01 13:54:00,23.45,34.25,1333,50.2,177,7.007,10.8,0.0377,8885.4,0.212,0,Normal
2020-01-01 13:55:00,23.55,34.25,1533,32.5,182,5.217,10.7,0.0212,5915.0,0.2177,0,Normal
2020-01-01 13:56:00,23.45,34.25,1368,45.1,185,6.461,10.8,0.033,8343.5,0.221,0,Normal
2020-01-01 13:57:00,23.45,34.25,1465,47.8,187,7.333,10.8,0.0326,8938.6,0.2232,0,Normal
2020-01-01 13:58:00,23.45,34.25,1406,41.5,189,6.11,10.8,0.0295,7843.5,0.2253,0,Normal
2020-01-01 13:59:00,23.35,34.25,1565,43.5,194,7.129,10.9,0.0278,8439.0,0.231,0,Normal
2020-01-01 14:00:00,23.45,34.35,1582,37.9,197,6.279,10.9,0.024,7466.3,0.2342,0,Normal
2020-01-01 14:01:00,23.45,34.35,1439,45.5,199,6.856,10.9,0.0316,9054.5,0.2363,0,Normal
2020-01-01 14:02:00,23.45,34.35,1566,35.0,201,5.74,10.9,0.0223,7035.0,0.2384,0,Normal
2020-01-01 14:03:00,23.45,34.35,1485,42.7,204,6.64,10.9,0.0288,8710.8,0.2417,0,Normal
2020-01-01 14:04:00,23.35,34.35,1566,35.1,206,5.756,11.0,0.0224,7230.6,0.2438,0,Normal
2020-01-01 14:05:00,23.15,34.15,1439,41.5,208,6.254,11.0,0.0288,8632.0,0.2459,0,Normal
2020-01-01 14:06:00,23.25,34.25,1416,50.0,210,7.414,11.0,0.0353,10500.0,0.2479,0,Normal
2020-01-01 14:07:00,23.25,34.25,2833,5.6,213,1.661,11.0,0.002,1192.8,0.2512,1,Power_Failure
2020-01-01 14:08:00,23.15,34.25,1465,47.1,215,7.226,11.1,0.0322,10126.5,0.2532,0,Normal
2020-01-01 14:09:00,23.25,34.25,1586,35.5,0,5.896,11.0,0.0224,0.0,0.0,0,Normal
2020-01-01 14:10:00,23.15,34.15,1567,31.4,5,5.153,11.0,0.02,157.0,0.0059,0,Normal
2020-01-01 14:11:00,23.05,34.05,1389,48.6,7,7.069,11.0,0.035,340.2,0.0082,0,Normal
2020-01-01 14:12:00,23.15,34.15,1368,49.5,10,7.091,11.0,0.0362,495.0,0.0117,0,Normal
2020-01-01 14:13:00,23.15,34.15,1444,49.0,13,7.41,11.0,0.0339,637.0,0.0152,0,Normal
2020-01-01 14:14:00,23.15,34.15,1498,41.6,15,6.526,11.0,0.0278,624.0,0.0175,0,Normal
2020-01-01 14:15:00,22.95,34.05,1615,30.8,18,5.209,11.1,0.0191,554.4,0.021,0,Normal
2020-01-01 14:16:00,22.95,33.95,1898,22.7,20,4.512,11.0,0.012,454.0,0.0233,0,Normal
2020-01-01 14:17:00,22.95,33.95,1350,53.3,22,7.535,11.0,0.0395,1172.6,0.0256,0,Normal
2020-01-01 14:18:00,23.05,33.85,1516,37.6,25,5.969,10.8,0.0248,940.0,0.0291,0,Normal
2020-01-01 14:19:00,23.05,33.85,1542,40.6,28,6.556,10.8,0.0263,1136.8,0.0326,0,Normal
2020-01-01 14:20:00,22.95,33.75,1541,32.6,33,5.261,10.8,0.0212,1075.8,0.0383,0,Normal
2020-01-01 14:21:00,22.95,33.75,1951,23.3,38,4.76,10.8,0.0119,885.4,0.0441,0,Normal
2020-01-01 14:22:00,22.95,33.65,1645,31.0,41,5.34,10.7,0.0188,1271.0,0.0475,0,Normal
2020-01-01 14:23:00,22.85,33.55,1416,44.2,46,6.554,10.7,0.0312,2033.2,0.0532,0,Normal
2020-01-01 14:24:00,22.85,33.55,2044,22.3,48,4.773,10.7,0.0109,1070.4,0.0555,0,Normal
2020-01-01 14:25:00,22.75,33.45,1414,50.2,51,7.433,10.7,0.0355,2560.2,0.0589,0,Normal
2020-01-01 14:26:00,22.75,33.45,1678,26.7,53,4.692,10.7,0.0159,1415.1,0.0611,0,Normal
2020-01-01 14:27:00,22.75,33.35,1594,33.2,55,5.542,10.6,0.0208,1826.0,0.0634,0,Normal
2020-01-01 14:28:00,22.65,33.35,1514,37.7,60,5.977,10.7,0.0249,2262.0,0.069,0,Normal
2020-01-01 14:29:00,22.65,33.35,1358,49.2,63,6.997,10.7,0.0362,3099.6,0.0724,0,Normal
2020-01-01 14:30:00,22.65,33.25,1325,56.2,65,7.798,10.6,0.0424,3653.0,0.0746,0,Normal
2020-01-01 14:31:00,22.65,33.25,1339,53.2,67,7.46,10.6,0.0397,3564.4,0.0768,0,Normal
2020-01-01 14:32:00,22.65,33.25,1335,51.7,69,7.228,10.6,0.0387,3567.3,0.079,0,Normal
2020-01-01 14:33:00,22.75,33.25,1892,21.7,72,4.299,10.5,0.0115,1562.4,0.0824,0,Normal
2020-01-01 14:34:00,22.75,33.25,1575,28.5,74,4.701,10.5,0.0181,2109.0,0.0846,0,Normal
2020-01-01 14:35:00,22.65,33.15,1444,45.5,76,6.88,10.5,0.0315,3458.0,0.0868,0,Normal
2020-01-01 14:36:00,22.55,33.15,1915,22.4,79,4.492,10.6,0.0117,1769.6,0.0901,0,Normal
2020-01-01 14:37:00,22.45,33.05,1584,33.6,81,5.573,10.6,0.0212,2721.6,0.0923,0,Normal
2020-01-01 14:38:00,22.55,33.15,1685,34.9,84,6.158,10.6,0.0207,2931.6,0.0956,0,Normal
2020-01-01 14:39:00,22.65,33.15,1337,54.6,87,7.645,10.5,0.0408,4750.2,0.0989,0,Normal
2020-01-01 14:40:00,22.65,33.15,1235,76.2,89,9.855,10.5,0.0617,6781.8,0.101,1,Power_Failure
2020-01-01 14:41:00,22.55,33.05,1464,46.2,92,7.083,10.5,0.0316,4250.4,0.1043,0,Normal
2020-01-01 14:42:00,22.55,33.05,1739,25.9,94,4.717,10.5,0.0149,2434.6,0.1065,0,Normal
2020-01-01 14:43:00,22.55,33.15,1490,34.3,97,5.352,10.6,0.023,3327.1,0.1097,0,Normal
2020-01-01 14:44:00,22.65,33.25,1356,48.0,99,6.816,10.6,0.0354,4752.0,0.1119,0,Normal
2020-01-01 14:45:00,22.55,33.05,1397,52.0,101,7.607,10.5,0.0372,5252.0,0.114,0,Normal
2020-01-01 14:46:00,22.55,33.05,1458,40.6,103,6.199,10.5,0.0278,4181.8,0.1161,0,Normal
2020-01-01 14:47:00,22.55,33.05,2161,16.5,105,3.734,10.5,0.0076,1732.5,0.1182,0,Normal
2020-01-01 14:48:00,22.45,32.95,1651,28.1,110,4.858,10.5,0.017,3091.0,0.1237,0,Normal
2020-01-01 14:49:00,22.45,32.95,1389,46.2,113,6.72,10.5,0.0333,5220.6,0.127,0,Normal
2020-01-01 14:50:00,22.45,32.85,1370,52.4,115,7.518,10.4,0.0382,6026.0,0.1291,0,Normal
2020-01-01 14:51:00,22.55,32.95,1408,47.9,117,7.063,10.4,0.034,5604.3,0.1312,0,Normal
2020-01-01 14:52:00,22.55,32.95,1343,54.4,119,7.651,10.4,0.0405,6473.6,0.1333,0,Normal
2020-01-01 14:53:00,22.55,33.05,1423,42.5,121,6.333,10.5,0.0299,5142.5,0.1353,0,Normal
2020-01-01 14:54:00,22.45,33.05,1426,48.6,124,7.257,10.6,0.0341,6026.4,0.1385,0,Normal
2020-01-01 14:55:00,22.45,33.05,1435,51.6,126,7.754,10.6,0.036,6501.6,0.1406,0,Normal
2020-01-01 14:56:00,22.35,32.95,1573,35.1,129,5.782,10.6,0.0223,4527.9,0.1438,0,Normal
2020-01-01 14:57:00,22.45,33.05,1612,31.2,131,5.267,10.6,0.0194,4087.2,0.1459,0,Normal
2020-01-01 14:58:00,22.45,33.05,1446,49.9,133,7.556,10.6,0.0345,6636.7,0.1479,0,Normal
2020-01-01 14:59:00,22.45,33.05,1329,55.3,135,7.696,10.6,0.0416,7465.5,0.15,0,Normal
2020-01-01 15:00:00,22.45,33.05,1569,35.1,140,5.767,10.6,0.0224,4914.0,0.1554,0,Normal
2020-01-01 15:01:00,22.45,32.95,1256,62.3,142,8.194,10.5,0.0496,8846.6,0.1574,0,Normal
2020-01-01 15:02:00,22.45,32.95,1383,48.7,147,7.053,10.5,0.0352,7158.9,0.1628,0,Normal
2020-01-01 15:03:00,22.55,33.05,2270,14.6,149,3.471,10.5,0.0064,2175.4,0.1648,1,Power_Failure
2020-01-01 15:04:00,22.55,33.05,1458,49.8,151,7.604,10.5,0.0342,7519.8,0.1669,0,Normal
2020-01-01 15:05:00,22.45,32.95,1474,41.2,156,6.36,10.5,0.028,6427.2,0.1722,0,Normal
2020-01-01 15:06:00,22.45,32.95,1462,49.2,158,7.533,10.5,0.0337,7773.6,0.1742,0,Normal
2020-01-01 15:07:00,22.45,32.95,1669,29.0,161,5.069,10.5,0.0174,4669.0,0.1773,0,Normal
2020-01-01 15:08:00,22.35,32.95,1822,24.3,164,4.636,10.6,0.0133,3985.2,0.1804,0,Normal
2020-01-01 15:09:00,22.35,32.85,1456,39.2,167,5.977,10.5,0.0269,6546.4,0.1835,0,Normal
2020-01-01 15:10:00,22.35,32.85,1546,35.9,169,5.812,10.5,0.0232,6067.1,0.1855,0,Normal
2020-01-01 15:11:00,22.45,32.95,1490,42.7,171,6.663,10.5,0.0287,7301.7,0.1875,0,Normal
2020-01-01 15:12:00,22.45,32.85,1569,40.4,174,6.638,10.4,0.0257,7029.6,0.1906,0,Normal
2020-01-01 15:13:00,22.35,32.85,1621,29.5,176,5.008,10.5,0.0182,5192.0,0.1926,0,Normal
2020-01-01 15:14:00,22.25,32.75,1518,40.6,178,6.454,10.5,0.0267,7226.8,0.1945,0,Normal
2020-01-01 15:15:00,22.25,32.65,1526,38.2,181,6.104,10.4,0.025,6914.2,0.1976,0,Normal
2020-01-01 15:16:00,22.15,32.65,1589,36.2,184,6.024,10.5,0.0228,6660.8,0.2007,0,Normal
2020-01-01 15:17:00,22.15,32.55,1475,51.0,187,7.878,10.4,0.0346,9537.0,0.2037,0,Normal
2020-01-01 15:18:00,22.15,32.55,1473,38.5,189,5.939,10.4,0.0261,7276.5,0.2057,0,Normal
2020-01-01 15:19:00,22.25,32.65,1407,50.7,192,7.47,10.4,0.036,9734.4,0.2087,0,Normal
2020-01-01 15:20:00,22.35,32.75,1518,44.1,194,7.01,10.4,0.0291,8555.4,0.2106,0,Normal
2020-01-01 15:21:00,22.35,32.75,1593,37.2,197,6.206,10.4,0.0234,7328.4,0.2137,0,Normal
2020-01-01 15:22:00,22.35,32.75,1380,52.4,202,7.572,10.4,0.038,10584.8,0.2189,0,Normal
2020-01-01 15:23:00,22.35,32.85,1423,45.3,205,6.75,10.5,0.0318,9286.5,0.2219,0,Normal
2020-01-01 15:24:00,22.35,32.85,1800,27.6,208,5.202,10.5,0.0153,5740.8,0.2249,0,Normal
2020-01-01 15:25:00,22.45,32.95,1623,30.9,210,5.252,10.5,0.019,6489.0,0.2268,0,Normal
2020-01-01 15:26:00,22.45,32.95,1372,55.6,215,7.988,10.5,0.0405,11954.0,0.2319,1,Overstrain_Failure
2020-01-01 15:27:00,22.45,32.85,1396,52.4,0,7.66,10.4,0.0375,0.0,0.0,0,Normal
2020-01-01 15:28:00,22.45,32.85,1949,21.9,5,4.47,10.4,0.0112,109.5,0.0054,0,Normal
2020-01-01 15:29:00,22.45,32.85,1419,51.1,7,7.593,10.4,0.036,357.7,0.0075,0,Normal
2020-01-01 15:30:00,22.35,32.75,1453,47.3,9,7.197,10.4,0.0326,425.7,0.0097,0,Normal
2020-01-01 15:31:00,22.35,32.75,1542,36.2,12,5.845,10.4,0.0235,434.4,0.0129,0,Normal
2020-01-01 15:32:00,22.45,32.85,1363,50.0,14,7.137,10.4,0.0367,700.0,0.015,0,Normal
2020-01-01 15:33:00,22.35,32.85,1597,37.2,16,6.221,10.5,0.0233,595.2,0.0171,0,Normal
2020-01-01 15:34:00,22.35,32.85,1326,50.8,18,7.054,10.5,0.0383,914.4,0.0193,0,Normal
2020-01-01 15:35:00,22.35,32.85,1641,36.6,21,6.29,10.5,0.0223,768.6,0.0224,0,Normal
2020-01-01 15:36:00,22.45,32.95,1418,46.2,24,6.86,10.5,0.0326,1108.8,0.0256,0,Normal
2020-01-01 15:37:00,22.45,33.05,1263,61.8,27,8.174,10.6,0.0489,1668.6,0.0288,0,Normal
2020-01-01 15:38:00,22.45,33.05,1823,25.8,29,4.925,10.6,0.0142,748.2,0.0309,0,Normal
2020-01-01 15:39:00,22.35,32.95,1488,40.7,31,6.342,10.6,0.0274,1261.7,0.033,0,Normal
2020-01-01 15:40:00,22.45,33.05,1443,48.9,33,7.389,10.6,0.0339,1613.7,0.0351,0,Normal
2020-01-01 15:41:00,22.45,33.05,1650,28.2,35,4.873,10.6,0.0171,987.0,0.0372,0,Normal
2020-01-01 15:42:00,22.55,33.15,1462,44.3,37,6.782,10.6,0.0303,1639.1,0.0392,0,Normal
2020-01-01 15:43:00,22.45,33.05,1477,45.0,40,6.96,10.6,0.0305,1800.0,0.0424,0,Normal
2020-01-01 15:44:00,22.55,33.15,1712,28.5,43,5.109,10.6,0.0166,1225.5,0.0455,0,Normal
2020-01-01 15:45:00,22.55,33.15,1347,50.4,46,7.109,10.6,0.0374,2318.4,0.0486,0,Normal
2020-01-01 15:46:00,22.45,33.05,1287,54.8,49,7.386,10.6,0.0426,2685.2,0.0517,0,Normal
2020-01-01 15:47:00,22.45,33.05,1428,44.5,51,6.655,10.6,0.0312,2269.5,0.0538,0,Normal
2020-01-01 15:48:00,22.45,33.15,1426,45.5,53,6.795,10.7,0.0319,2411.5,0.0558,0,Normal
2020-01-01 15:49:00,22.45,33.15,1636,32.7,56,5.602,10.7,0.02,1831.2,0.0589,0,Normal
2020-01-01 15:50:00,22.45,33.05,1424,42.5,58,6.338,10.6,0.0298,2465.0,0.061,0,Normal
2020-01-01 15:51:00,22.45,33.15,1509,35.8,60,5.657,10.7,0.0237,2148.0,0.063,0,Normal
2020-01-01 15:52:00,22.35,33.05,1448,48.9,65,7.415,10.7,0.0338,3178.5,0.0682,0,Normal
2020-01-01 15:53:00,22.35,32.95,1650,32.8,67,5.667,10.6,0.0199,2197.6,0.0702,0,Normal
2020-01-01 15:54:00,22.45,33.05,1414,42.5,69,6.293,10.6,0.0301,2932.5,0.0723,0,Normal
2020-01-01 15:55:00,22.45,33.15,1911,20.9,74,4.182,10.7,0.0109,1546.6,0.0774,0,Normal
2020-01-01 15:56:00,22.45,33.05,1632,32.2,76,5.503,10.6,0.0197,2447.2,0.0794,0,Normal
2020-01-01 15:57:00,22.55,33.25,1387,40.1,81,5.824,10.7,0.0289,3248.1,0.0846,0,Normal
2020-01-01 15:58:00,22.65,33.25,1399,47.6,84,6.974,10.6,0.034,3998.4,0.0876,0,Normal
2020-01-01 15:59:00,22.65,33.35,1505,35.2,86,5.548,10.7,0.0234,3027.2,0.0896,0,Normal
2020-01-01 16:00:00,22.65,33.35,1534,37.9,88,6.088,10.7,0.0247,3335.2,0.0916,0,Normal
2020-01-01 16:01:00,22.65,33.35,1493,40.5,90,6.332,10.7,0.0271,3645.0,0.0936,0,Normal
2020-01-01 16:02:00,22.65,33.45,1480,43.2,92,6.695,10.8,0.0292,3974.4,0.0955,0,Normal
2020-01-01 16:03:00,22.65,33.45,1621,31.6,95,5.364,10.8,0.0195,3002.0,0.0985,0,Normal
2020-01-01 16:04:00,22.55,33.35,1737,26.2,97,4.766,10.8,0.0151,2541.4,0.1005,0,Normal
2020-01-01 16:05:00,22.65,33.45,1508,46.5,99,7.343,10.8,0.0308,4603.5,0.1025,0,Normal
2020-01-01 16:06:00,22.65,33.35,1641,32.2,101,5.533,10.7,0.0196,3252.2,0.1044,0,Normal
2020-01-01 16:07:00,22.75,33.45,1532,38.6,104,6.193,10.7,0.0252,4014.4,0.1074,0,Normal
2020-01-01 16:08:00,22.75,33.55,1547,40.9,107,6.626,10.8,0.0264,4376.3,0.1104,0,Normal
2020-01-01 16:09:00,22.75,33.45,1412,41.0,109,6.062,10.7,0.029,4469.0,0.1124,0,Normal
2020-01-01 16:10:00,22.65,33.35,1568,35.1,111,5.763,10.7,0.0224,3896.1,0.1143,0,Normal
2020-01-01 16:11:00,22.75,33.45,1557,41.1,113,6.701,10.7,0.0264,4644.3,0.1163,0,Normal
2020-01-01 16:12:00,22.65,33.45,1644,35.2,115,6.06,10.8,0.0214,4048.0,0.1182,0,Normal
2020-01-01 16:13:00,22.75,33.45,1679,30.4,117,5.345,10.7,0.0181,3556.8,0.1201,0,Normal
2020-01-01 16:14:00,22.85,33.45,1511,35.2,119,5.57,10.6,0.0233,4188.8,0.1221,0,Normal
2020-01-01 16:15:00,22.85,33.45,1628,36.8,121,6.274,10.6,0.0226,4452.8,0.124,0,Normal
2020-01-01 16:16:00,22.85,33.45,1392,51.3,124,7.478,10.6,0.0369,6361.2,0.1269,0,Normal
2020-01-01 16:17:00,22.85,33.55,1917,21.0,127,4.216,10.7,0.011,2667.0,0.1299,0,Normal
2020-01-01 16:18:00,23.05,33.65,1526,42.3,129,6.76,10.6,0.0277,5456.7,0.1318,0,Normal
2020-01-01 16:19:00,23.05,33.65,1389,53.3,132,7.753,10.6,0.0384,7035.6,0.1347,0,Normal
2020-01-01 16:20:00,22.95,33.55,1409,42.8,134,6.315,10.6,0.0304,5735.2,0.1366,0,Normal
2020-01-01 16:21:00,23.05,33.65,1655,31.1,136,5.39,10.6,0.0188,4229.6,0.1385,0,Normal
2020-01-01 16:22:00,23.05,33.75,1516,39.1,138,6.207,10.7,0.0258,5395.8,0.1404,0,Normal
2020-01-01 16:23:00,23.05,33.75,1526,34.9,140,5.577,10.7,0.0229,4886.0,0.1423,0,Normal
2020-01-01 16:24:00,23.15,33.95,1419,48.6,142,7.222,10.8,0.0342,6901.2,0.1442,0,Normal
2020-01-01 16:25:00,23.25,34.05,1748,25.3,144,4.631,10.8,0.0145,3643.2,0.146,0,Normal
2020-01-01 16:26:00,23.25,33.95,1638,32.5,146,5.575,10.7,0.0198,4745.0,0.1479,0,Normal
2020-01-01 16:27:00,23.15,33.95,1534,33.8,151,5.43,10.8,0.022,5103.8,0.1528,0,Normal
2020-01-01 16:28:00,23.15,33.95,1774,25.9,154,4.812,10.8,0.0146,3988.6,0.1557,0,Normal
2020-01-01 16:29:00,23.05,33.85,2119,18.3,159,4.061,10.8,0.0086,2909.7,0.1606,0,Normal
2020-01-01 16:30:00,23.05,33.85,1414,48.3,162,7.152,10.8,0.0342,7824.6,0.1635,0,Normal
2020-01-01 16:31:00,22.95,33.85,1523,42.0,164,6.699,10.9,0.0276,6888.0,0.1653,0,Normal
2020-01-01 16:32:00,22.95,33.95,1651,35.7,167,6.172,11.0,0.0216,5961.9,0.1682,0,Normal
2020-01-01 16:33:00,22.95,33.95,1485,36.0,169,5.598,11.0,0.0242,6084.0,0.17,0,Normal
2020-01-01 16:34:00,23.05,34.05,1168,63.4,172,7.755,11.0,0.0543,10904.8,0.1729,0,Normal
2020-01-01 16:35:00,23.15,34.15,1566,35.8,175,5.871,11.0,0.0229,6265.0,0.1757,0,Normal
2020-01-01 16:36:00,23.15,34.05,1286,51.1,177,6.882,10.9,0.0397,9044.7,0.1775,0,Normal
2020-01-01 16:37:00,23.15,34.05,1446,45.9,180,6.95,10.9,0.0317,8262.0,0.1804,0,Normal
2020-01-01 16:38:00,23.25,34.05,2071,19.4,183,4.207,10.8,0.0094,3550.2,0.1832,0,Normal
2020-01-01 16:39:00,23.15,33.95,1560,33.2,186,5.424,10.8,0.0213,6175.2,0.186,0,Normal
2020-01-01 16:40:00,23.15,33.95,1654,29.6,188,5.127,10.8,0.0179,5564.8,0.1878,0,Normal
2020-01-01 16:41:00,23.15,33.95,1662,32.9,190,5.726,10.8,0.0198,6251.0,0.1896,0,Normal
2020-01-01 16:42:00,23.15,34.05,1646,35.0,192,6.033,10.9,0.0213,6720.0,0.1914,0,Normal
2020-01-01 16:43:00,23.05,33.95,1444,46.7,194,7.062,10.9,0.0323,9059.8,0.1932,0,Normal
2020-01-01 16:44:00,23.15,34.05,1424,42.0,196,6.263,10.9,0.0295,8232.0,0.195,0,Normal
2020-01-01 16:45:00,23.05,34.05,1382,52.0,201,7.526,11.0,0.0376,10452.0,0.1998,0,Normal
2020-01-01 16:46:00,23.05,33.95,1413,53.4,203,7.902,10.9,0.0378,10840.2,0.2016,0,Normal
2020-01-01 16:47:00,23.05,34.05,1633,31.1,0,5.318,11.0,0.019,0.0,0.0,0,Normal
2020-01-01 16:48:00,23.05,33.95,1441,41.7,3,6.293,10.9,0.0289,125.1,0.003,0,Normal
2020-01-01 16:49:00,23.05,34.05,1385,44.0,5,6.382,11.0,0.0318,220.0,0.005,0,Normal
2020-01-01 16:50:00,23.05,34.05,1552,34.8,8,5.656,11.0,0.0224,278.4,0.0079,0,Normal
2020-01-01 16:51:00,23.05,34.15,1451,42.8,11,6.503,11.1,0.0295,470.8,0.0109,0,Normal
2020-01-01 16:52:00,22.95,33.95,1433,38.5,14,5.777,11.0,0.0269,539.0,0.0138,0,Normal
2020-01-01 16:53:00,22.95,34.05,1619,29.7,17,5.035,11.1,0.0183,504.9,0.0168,0,Normal
2020-01-01 16:54:00,23.05,34.05,1445,41.8,20,6.325,11.0,0.0289,836.0,0.0197,0,Normal
2020-01-01 16:55:00,23.05,34.05,1356,43.6,22,6.191,11.0,0.0322,959.2,0.0217,0,Normal
2020-01-01 16:56:00,23.15,34.05,1319,68.3,24,9.434,10.9,0.0518,1639.2,0.0236,1,Power_Failure
2020-01-01 16:57:00,23.15,34.05,1637,31.6,27,5.417,10.9,0.0193,853.2,0.0265,0,Normal
2020-01-01 16:58:00,23.15,34.05,1291,58.6,29,7.922,10.9,0.0454,1699.4,0.0285,0,Normal
2020-01-01 16:59:00,23.15,34.15,1398,52.7,31,7.715,11.0,0.0377,1633.7,0.0304,0,Normal
2020-01-01 17:00:00,23.15,34.15,1372,57.7,33,8.29,11.0,0.0421,1904.1,0.0323,0,Normal
2020-01-01 17:01:00,23.15,34.05,1454,42.5,35,6.471,10.9,0.0292,1487.5,0.0342,0,Normal
2020-01-01 17:02:00,23.05,34.05,1515,36.5,38,5.791,11.0,0.0241,1387.0,0.0371,0,Normal
2020-01-01 17:03:00,23.05,34.15,1881,24.3,40,4.787,11.1,0.0129,972.0,0.0391,0,Normal
2020-01-01 17:04:00,23.05,34.15,1711,29.9,42,5.357,11.1,0.0175,1255.8,0.041,0,Normal
2020-01-01 17:05:00,23.05,34.15,1475,37.0,44,5.715,11.1,0.0251,1628.0,0.0429,0,Normal
2020-01-01 17:06:00,23.25,34.25,1512,36.8,46,5.827,11.0,0.0243,1692.8,0.0448,0,Normal
2020-01-01 17:07:00,23.15,34.25,1335,50.5,48,7.06,11.1,0.0378,2424.0,0.0467,0,Normal
2020-01-01 17:08:00,23.15,34.25,1472,39.9,51,6.15,11.1,0.0271,2034.9,0.0496,0,Normal
2020-01-01 17:09:00,23.05,34.15,1477,35.2,53,5.444,11.1,0.0238,1865.6,0.0515,0,Normal
2020-01-01 17:10:00,23.15,34.25,1760,28.4,56,5.234,11.1,0.0161,1590.4,0.0543,0,Normal
2020-01-01 17:11:00,23.25,34.35,1549,36.1,58,5.856,11.1,0.0233,2093.8,0.0562,0,Normal
2020-01-01 17:12:00,23.15,34.25,1648,34.0,60,5.868,11.1,0.0206,2040.0,0.0581,0,Normal
2020-01-01 17:13:00,23.25,34.35,1556,38.0,62,6.192,11.1,0.0244,2356.0,0.06,0,Normal
2020-01-01 17:14:00,23.15,34.25,1958,19.1,67,3.916,11.1,0.0098,1279.7,0.0647,0,Normal
2020-01-01 17:15:00,23.25,34.25,1403,48.4,70,7.111,11.0,0.0345,3388.0,0.0676,0,Normal
2020-01-01 17:16:00,23.25,34.35,1684,31.4,72,5.537,11.1,0.0186,2260.8,0.0694,0,Normal
2020-01-01 17:17:00,23.25,34.35,1596,35.1,75,5.866,11.1,0.022,2632.5,0.0723,0,Normal
2020-01-01 17:18:00,23.45,34.45,1498,41.1,80,6.447,11.0,0.0274,3288.0,0.077,0,Normal
2020-01-01 17:19:00,23.55,34.55,1524,36.8,82,5.873,11.0,0.0241,3017.6,0.0788,0,Normal
2020-01-01 17:20:00,23.55,34.55,1502,43.9,84,6.905,11.0,0.0292,3687.6,0.0807,0,Normal
2020-01-01 17:21:00,23.45,34.45,1809,25.1,86,4.755,11.0,0.0139,2158.6,0.0825,0,Normal
2020-01-01 17:22:00,23.45,34.45,1542,37.4,88,6.039,11.0,0.0243,3291.2,0.0844,0,Normal
2020-01-01 17:23:00,23.35,34.45,1431,45.2,90,6.773,11.1,0.0316,4068.0,0.0862,0,Normal
2020-01-01 17:24:00,23.35,34.45,1512,43.6,92,6.903,11.1,0.0288,4011.2,0.088,0,Normal
2020-01-01 17:25:00,23.25,34.35,1403,52.8,94,7.757,11.1,0.0376,4963.2,0.0899,0,Normal
2020-01-01 17:26:00,23.25,34.35,1331,47.8,99,6.662,11.1,0.0359,4732.2,0.0946,0,Normal
2020-01-01 17:27:00,23.45,34.55,1474,52.6,101,8.119,11.1,0.0357,5312.6,0.0964,0,Normal
2020-01-01 17:28:00,23.35,34.45,1607,33.5,104,5.638,11.1,0.0208,3484.0,0.0991,0,Normal
2020-01-01 17:29:00,23.35,34.45,1415,44.2,106,6.549,11.1,0.0312,4685.2,0.101,0,Normal
2020-01-01 17:30:00,23.45,34.45,1671,28.8,108,5.04,11.0,0.0172,3110.4,0.1028,0,Normal
2020-01-01 17:31:00,23.45,34.55,1556,37.7,110,6.143,11.1,0.0242,4147.0,0.1046,0,Normal
2020-01-01 17:32:00,23.55,34.55,1927,23.9,112,4.823,11.0,0.0124,2676.8,0.1064,0,Normal
2020-01-01 17:33:00,23.55,34.55,1597,32.1,114,5.368,11.0,0.0201,3659.4,0.1082,0,Normal
2020-01-01 17:34:00,23.65,34.65,1627,30.5,117,5.197,11.0,0.0187,3568.5,0.1109,0,Normal
2020-01-01 17:35:00,23.65,34.65,1480,39.4,122,6.106,11.0,0.0266,4806.8,0.1155,0,Normal
2020-01-01 17:36:00,23.65,34.65,1565,39.5,124,6.474,11.0,0.0252,4898.0,0.1173,0,Normal
2020-01-01 17:37:00,23.65,34.65,1573,36.4,126,5.996,11.0,0.0231,4586.4,0.1191,0,Normal
2020-01-01 17:38:00,23.55,34.65,1605,31.3,128,5.261,11.1,0.0195,4006.4,0.1209,0,Normal
2020-01-01 17:39:00,23.55,34.75,1874,21.3,130,4.18,11.2,0.0114,2769.0,0.1226,0,Normal
2020-01-01 17:40:00,23.55,34.75,1424,53.8,133,8.023,11.2,0.0378,7155.4,0.1254,0,Normal
2020-01-01 17:41:00,23.55,34.75,1420,50.1,138,7.45,11.2,0.0353,6913.8,0.1299,0,Normal
2020-01-01 17:42:00,23.65,34.75,1372,49.0,140,7.04,11.1,0.0357,6860.0,0.1317,0,Normal
2020-01-01 17:43:00,23.65,34.65,1664,32.8,142,5.716,11.0,0.0197,4657.6,0.1335,0,Normal
2020-01-01 17:44:00,23.65,34.75,1409,44.3,145,6.536,11.1,0.0314,6423.5,0.1362,0,Normal
2020-01-01 17:45:00,23.65,34.75,1718,25.2,148,4.534,11.1,0.0147,3729.6,0.1388,0,Normal
2020-01-01 17:46:00,23.75,34.65,1544,40.3,150,6.516,10.9,0.0261,6045.0,0.1406,0,Normal
2020-01-01 17:47:00,23.75,34.65,1466,45.7,153,7.016,10.9,0.0312,6992.1,0.1433,0,Normal
2020-01-01 17:48:00,23.65,34.65,1394,47.7,155,6.963,11.0,0.0342,7393.5,0.145,0,Normal
2020-01-01 17:49:00,23.75,34.65,1840,24.6,157,4.74,10.9,0.0134,3862.2,0.1467,0,Normal
2020-01-01 17:50:00,23.75,34.65,1477,37.2,160,5.754,10.9,0.0252,5952.0,0.1494,0,Normal
2020-01-01 17:51:00,23.75,34.65,1425,49.1,163,7.327,10.9,0.0345,8003.3,0.1521,0,Normal
2020-01-01 17:52:00,23.85,34.75,1414,46.2,165,6.841,10.9,0.0327,7623.0,0.1538,0,Normal
2020-01-01 17:53:00,23.85,34.65,1414,47.5,168,7.034,10.8,0.0336,7980.0,0.1564,0,Normal
2020-01-01 17:54:00,23.85,34.75,1595,31.7,170,5.295,10.9,0.0199,5389.0,0.1581,0,Normal
2020-01-01 17:55:00,23.75,34.65,1345,54.5,172,7.676,10.9,0.0405,9374.0,0.1599,0,Normal
2020-01-01 17:56:00,23.75,34.55,1653,35.9,177,6.214,10.8,0.0217,6354.3,0.1643,0,Normal
2020-01-01 17:57:00,23.65,34.45,1547,36.5,179,5.913,10.8,0.0236,6533.5,0.166,0,Normal
2020-01-01 17:58:00,23.75,34.55,1656,30.8,181,5.341,10.8,0.0186,5574.8,0.1677,0,Normal
2020-01-01 17:59:00,23.85,34.55,1731,28.5,186,5.166,10.7,0.0165,5301.0,0.1722,0,Normal
2020-01-01 18:00:00,23.85,34.65,1774,28.0,188,5.202,10.8,0.0158,5264.0,0.1739,0,Normal
2020-01-01 18:01:00,23.85,34.65,1521,40.2,190,6.403,10.8,0.0264,7638.0,0.1756,0,Normal
2020-01-01 18:02:00,23.95,34.75,1420,39.8,192,5.918,10.8,0.028,7641.6,0.1773,0,Normal
2020-01-01 18:03:00,23.85,34.65,1683,32.3,197,5.693,10.8,0.0192,6363.1,0.1817,0,Normal
2020-01-01 18:04:00,23.85,34.55,1498,47.1,199,7.389,10.7,0.0314,9372.9,0.1834,0,Normal
2020-01-01 18:05:00,23.85,34.65,1385,56.4,202,8.18,10.8,0.0407,11392.8,0.186,1,Overstrain_Failure
2020-01-01 18:06:00,23.85,34.75,1455,49.0,204,7.466,10.9,0.0337,9996.0,0.1877,0,Normal
2020-01-01 18:07:00,23.75,34.65,1549,35.8,206,5.807,10.9,0.0231,7374.8,0.1893,1,Tool_Wear_Failure
2020-01-01 18:08:00,23.75,34.65,1392,43.9,0,6.399,10.9,0.0315,0.0,0.0,0,Normal
2020-01-01 18:09:00,23.75,34.55,2008,17.5,3,3.68,10.8,0.0087,52.5,0.0028,0,Normal
2020-01-01 18:10:00,23.75,34.55,1464,41.4,6,6.347,10.8,0.0283,248.4,0.0055,0,Normal
2020-01-01 18:11:00,23.85,34.55,1447,46.4,8,7.031,10.7,0.0321,371.2,0.0073,0,Normal
2020-01-01 18:12:00,23.75,34.45,1685,32.0,10,5.646,10.7,0.019,320.0,0.0091,0,Normal
2020-01-01 18:13:00,23.65,34.35,1443,39.2,13,5.924,10.7,0.0272,509.6,0.0119,0,Normal
2020-01-01 18:14:00,23.75,34.35,1354,44.4,16,6.296,10.6,0.0328,710.4,0.0146,0,Normal
2020-01-01 18:15:00,23.75,34.35,2721,9.3,18,2.65,10.6,0.0034,167.4,0.0164,1,Power_Failure
2020-01-01 18:16:00,23.85,34.45,1680,35.8,20,6.298,10.6,0.0213,716.0,0.0182,0,Normal
2020-01-01 18:17:00,23.75,34.35,1397,48.3,22,7.066,10.6,0.0346,1062.6,0.02,0,Normal
2020-01-01 18:18:00,23.75,34.25,1521,37.9,27,6.037,10.5,0.0249,1023.3,0.0246,0,Normal
2020-01-01 18:19:00,23.65,34.25,1472,43.9,30,6.767,10.6,0.0298,1317.0,0.0273,0,Normal
2020-01-01 18:20:00,23.65,34.35,1695,30.0,33,5.325,10.7,0.0177,990.0,0.03,0,Normal
2020-01-01 18:21:00,23.55,34.35,1607,33.6,38,5.654,10.8,0.0209,1276.8,0.0345,0,Normal
2020-01-01 18:22:00,23.65,34.35,1347,54.8,43,7.73,10.7,0.0407,2356.4,0.039,0,Normal
2020-01-01 18:23:00,23.55,34.25,1540,38.7,45,6.241,10.7,0.0251,1741.5,0.0408,0,Normal
2020-01-01 18:24:00,23.45,34.25,1389,42.7,48,6.211,10.8,0.0307,2049.6,0.0434,0,Normal
2020-01-01 18:25:00,23.45,34.35,1734,27.0,50,4.903,10.9,0.0156,1350.0,0.0452,0,Normal
2020-01-01 18:26:00,23.55,34.45,1540,38.6,53,6.225,10.9,0.0251,2045.8,0.0479,0,Normal
2020-01-01 18:27:00,23.55,34.35,1515,42.1,55,6.679,10.8,0.0278,2315.5,0.0496,0,Normal
2020-01-01 18:28:00,23.45,34.25,1504,45.8,58,7.213,10.8,0.0305,2656.4,0.0523,0,Normal
2020-01-01 18:29:00,23.45,34.35,1557,35.1,60,5.723,10.9,0.0225,2106.0,0.0541,0,Normal
2020-01-01 18:30:00,23.35,34.25,1292,52.5,62,7.103,10.9,0.0406,3255.0,0.0558,0,Normal
2020-01-01 18:31:00,23.35,34.25,1432,49.2,64,7.378,10.9,0.0344,3148.8,0.0576,0,Normal
2020-01-01 18:32:00,23.35,34.25,1350,55.6,69,7.86,10.9,0.0412,3836.4,0.062,0,Normal
2020-01-01 18:33:00,23.45,34.25,1790,25.8,72,4.836,10.8,0.0144,1857.6,0.0646,0,Normal
2020-01-01 18:34:00,23.25,34.15,1540,37.4,75,6.031,10.9,0.0243,2805.0,0.0673,0,Normal
2020-01-01 18:35:00,23.25,34.15,2077,19.1,80,4.154,10.9,0.0092,1528.0,0.0717,0,Normal
2020-01-01 18:36:00,23.25,34.15,1487,37.5,83,5.839,10.9,0.0252,3112.5,0.0743,0,Normal
2020-01-01 18:37:00,23.35,34.25,1523,40.7,85,6.491,10.9,0.0267,3459.5,0.076,0,Normal
2020-01-01 18:38:00,23.35,34.35,1443,41.8,87,6.316,11.0,0.029,3636.6,0.0777,0,Normal
2020-01-01 18:39:00,23.35,34.35,1340,59.1,89,8.293,11.0,0.0441,5259.9,0.0795,0,Normal
2020-01-01 18:40:00,23.45,34.55,1654,31.0,91,5.369,11.1,0.0187,2821.0,0.0812,0,Normal
2020-01-01 18:41:00,23.45,34.45,1459,40.2,96,6.142,11.0,0.0276,3859.2,0.0856,0,Normal
2020-01-01 18:42:00,23.35,34.45,1541,38.5,98,6.213,11.1,0.025,3773.0,0.0873,0,Normal
2020-01-01 18:43:00,23.45,34.55,1386,62.3,100,9.042,11.1,0.0449,6230.0,0.089,1,Power_Failure
2020-01-01 18:44:00,23.55,34.65,1258,69.0,105,9.09,11.1,0.0548,7245.0,0.0933,1,Power_Failure
2020-01-01 18:45:00,23.55,34.65,1375,51.4,108,7.401,11.1,0.0374,5551.2,0.0959,0,Normal
2020-01-01 18:46:00,23.65,34.75,1706,30.8,111,5.502,11.1,0.0181,3418.8,0.0985,0,Normal
2020-01-01 18:47:00,23.55,34.65,1672,32.4,113,5.673,11.1,0.0194,3661.2,0.1002,0,Normal
2020-01-01 18:48:00,23.65,34.75,1843,25.2,116,4.864,11.1,0.0137,2923.2,0.1027,0,Normal
2020-01-01 18:49:00,23.55,34.75,1690,29.6,119,5.239,11.2,0.0175,3522.4,0.1053,0,Normal
2020-01-01 18:50:00,23.65,34.75,1413,46.5,121,6.881,11.1,0.0329,5626.5,0.107,0,Normal
2020-01-01 18:51:00,23.65,34.75,1489,33.4,123,5.208,11.1,0.0224,4108.2,0.1087,0,Normal
2020-01-01 18:52:00,23.65,34.75,1271,61.4,125,8.172,11.1,0.0483,7675.0,0.1103,0,Normal
2020-01-01 18:53:00,23.65,34.75,1418,47.9,127,7.113,11.1,0.0338,6083.3,0.112,0,Normal
2020-01-01 18:54:00,23.75,34.65,1426,50.7,130,7.571,10.9,0.0356,6591.0,0.1145,0,Normal
2020-01-01 18:55:00,23.75,34.75,1535,39.2,133,6.301,11.0,0.0255,5213.6,0.1171,0,Normal
2020-01-01 18:56:00,23.75,34.65,1557,38.1,135,6.212,10.9,0.0245,5143.5,0.1187,0,Normal
2020-01-01 18:57:00,23.75,34.65,1653,29.7,137,5.141,10.9,0.018,4068.9,0.1204,0,Normal
2020-01-01 18:58:00,23.75,34.75,1435,41.6,139,6.251,11.0,0.029,5782.4,0.122,0,Normal
2020-01-01 18:59:00,23.85,34.75,1569,33.3,141,5.471,10.9,0.0212,4695.3,0.1237,0,Normal
2020-01-01 19:00:00,23.75,34.75,1385,44.8,144,6.498,11.0,0.0323,6451.2,0.1262,0,Normal
2020-01-01 19:01:00,23.85,34.75,1635,31.6,147,5.41,10.9,0.0193,4645.2,0.1287,0,Normal
2020-01-01 19:02:00,23.75,34.75,1423,43.9,149,6.542,11.0,0.0309,6541.1,0.1304,0,Normal
2020-01-01 19:03:00,23.85,34.75,1479,39.2,151,6.071,10.9,0.0265,5919.2,0.132,0,Normal
2020-01-01 19:04:00,23.85,34.75,1296,69.1,153,9.378,10.9,0.0533,10572.3,0.1336,1,Power_Failure
2020-01-01 19:05:00,23.85,34.65,1553,33.3,155,5.416,10.8,0.0214,5161.5,0.1353,0,Normal
2020-01-01 19:06:00,23.85,34.75,1529,42.2,157,6.757,10.9,0.0276,6625.4,0.1369,0,Normal
2020-01-01 19:07:00,23.95,34.85,1690,25.6,159,4.531,10.9,0.0151,4070.4,0.1385,0,Normal
2020-01-01 19:08:00,23.95,34.85,1348,58.0,162,8.187,10.9,0.043,9396.0,0.141,0,Normal
2020-01-01 19:09:00,24.05,34.95,1446,38.5,164,5.83,10.9,0.0266,6314.0,0.1426,0,Normal
2020-01-01 19:10:00,23.95,34.75,1456,50.0,166,7.624,10.8,0.0343,8300.0,0.1442,0,Normal
2020-01-01 19:11:00,23.85,34.75,1350,47.7,168,6.743,10.9,0.0353,8013.6,0.1458,0,Normal
2020-01-01 19:12:00,23.95,34.75,1507,38.3,170,6.044,10.8,0.0254,6511.0,0.1474,0,Normal
2020-01-01 19:13:00,23.85,34.75,1448,45.6,172,6.915,10.9,0.0315,7843.2,0.149,0,Normal
2020-01-01 19:14:00,23.75,34.75,1626,29.9,177,5.091,11.0,0.0184,5292.3,0.1532,0,Normal
2020-01-01 19:15:00,23.85,34.75,1846,27.3,179,5.277,10.9,0.0148,4886.7,0.1548,0,Normal
2020-01-01 19:16:00,23.85,34.65,1404,40.7,184,5.984,10.8,0.029,7488.8,0.159,0,Normal
2020-01-01 19:17:00,23.85,34.65,1583,37.2,189,6.167,10.8,0.0235,7030.8,0.1632,0,Normal
2020-01-01 19:18:00,23.85,34.75,1436,47.7,191,7.173,10.9,0.0332,9110.7,0.1648,0,Normal
2020-01-01 19:19:00,23.85,34.65,1609,35.6,193,5.998,10.8,0.0221,6870.8,0.1664,0,Normal
2020-01-01 19:20:00,23.85,34.55,1834,23.8,195,4.571,10.7,0.013,4641.0,0.168,0,Normal
2020-01-01 19:21:00,23.85,34.65,1316,61.2,200,8.434,10.8,0.0465,12240.0,0.1721,1,Overstrain_Failure
2020-01-01 19:22:00,23.75,34.65,1400,57.1,202,8.371,10.9,0.0408,11534.2,0.1737,1,Overstrain_Failure
2020-01-01 19:23:00,23.75,34.75,1367,47.1,204,6.742,11.0,0.0345,9608.4,0.1753,0,Normal
2020-01-01 19:24:00,23.95,34.95,1754,30.3,206,5.565,11.0,0.0173,6241.8,0.1768,0,Normal
2020-01-01 19:25:00,23.95,34.95,1487,34.6,208,5.388,11.0,0.0233,7196.8,0.1784,0,Normal
2020-01-01 19:26:00,23.95,34.95,1506,37.7,210,5.946,11.0,0.025,7917.0,0.1799,0,Normal
2020-01-01 19:27:00,23.85,34.95,1362,52.5,213,7.488,11.1,0.0385,11182.5,0.1824,1,Overstrain_Failure
2020-01-01 19:28:00,23.95,34.95,1584,36.8,215,6.104,11.0,0.0232,7912.0,0.1839,0,Normal
2020-01-01 19:29:00,23.85,34.95,1355,43.7,217,6.201,11.1,0.0323,9482.9,0.1855,0,Normal
2020-01-01 19:30:00,23.95,34.95,1823,24.3,219,4.639,11.0,0.0133,5321.7,0.187,0,Normal
2020-01-01 19:31:00,23.85,34.95,1517,41.4,222,6.577,11.1,0.0273,9190.8,0.1894,0,Normal
2020-01-01 19:32:00,23.95,34.95,1446,36.6,227,5.542,11.0,0.0253,8308.2,0.1935,0,Normal
2020-01-01 19:33:00,23.95,34.85,1559,38.8,229,6.334,10.9,0.0249,8885.2,0.1951,0,Normal
2020-01-01 19:34:00,23.95,34.95,1352,44.4,0,6.286,11.0,0.0328,0.0,0.0,0,Normal
2020-01-01 19:35:00,24.05,35.15,1578,37.8,3,6.246,11.1,0.024,113.4,0.0026,0,Normal
2020-01-01 19:36:00,24.05,35.15,1429,42.0,6,6.285,11.1,0.0294,252.0,0.0051,0,Normal
2020-01-01 19:37:00,24.05,35.15,1604,39.4,9,6.618,11.1,0.0246,354.6,0.0076,0,Normal
2020-01-01 19:38:00,24.15,35.35,1398,60.4,12,8.842,11.2,0.0432,724.8,0.0102,0,Normal
2020-01-01 19:39:00,24.15,35.25,1441,43.4,14,6.549,11.1,0.0301,607.6,0.0119,0,Normal
2020-01-01 19:40:00,24.15,35.25,1531,35.6,16,5.708,11.1,0.0233,569.6,0.0135,0,Normal
2020-01-01 19:41:00,24.05,35.15,1379,52.1,21,7.524,11.1,0.0378,1094.1,0.0178,0,Normal
2020-01-01 19:42:00,24.15,35.15,1410,48.1,23,7.102,11.0,0.0341,1106.3,0.0194,0,Normal
2020-01-01 19:43:00,24.15,35.25,1513,40.5,25,6.417,11.1,0.0268,1012.5,0.0211,0,Normal
2020-01-01 19:44:00,24.15,35.35,1497,47.5,27,7.446,11.2,0.0317,1282.5,0.0228,0,Normal
2020-01-01 19:45:00,24.15,35.25,1491,46.5,29,7.26,11.1,0.0312,1348.5,0.0245,0,Normal
2020-01-01 19:46:00,24.15,35.25,1417,47.8,31,7.093,11.1,0.0337,1481.8,0.0261,0,Normal
2020-01-01 19:47:00,24.25,35.45,1522,38.0,33,6.057,11.2,0.025,1254.0,0.0278,0,Normal
2020-01-01 19:48:00,24.15,35.25,1339,52.1,36,7.305,11.1,0.0389,1875.6,0.0303,0,Normal
2020-01-01 19:49:00,24.05,35.15,1794,27.5,38,5.166,11.1,0.0153,1045.0,0.0319,0,Normal
2020-01-01 19:50:00,24.05,35.25,1460,42.1,41,6.437,11.2,0.0288,1726.1,0.0344,0,Normal
2020-01-01 19:51:00,24.05,35.15,1776,28.0,43,5.208,11.1,0.0158,1204.0,0.0361,0,Normal
2020-01-01 19:52:00,24.05,35.15,1431,43.7,46,6.549,11.1,0.0305,2010.2,0.0386,0,Normal
2020-01-01 19:53:00,23.95,35.05,1347,50.8,49,7.166,11.1,0.0377,2489.2,0.041,0,Normal
2020-01-01 19:54:00,23.85,34.95,1507,43.1,51,6.802,11.1,0.0286,2198.1,0.0427,0,Normal
2020-01-01 19:55:00,23.85,34.85,1408,47.9,54,7.063,11.0,0.034,2586.6,0.0452,0,Normal
2020-01-01 19:56:00,23.85,34.75,1493,34.7,57,5.425,10.9,0.0232,1977.9,0.0476,0,Normal
2020-01-01 19:57:00,23.75,34.75,1441,47.6,60,7.183,11.0,0.033,2856.0,0.0501,0,Normal
2020-01-01 19:58:00,23.75,34.75,1557,36.5,63,5.951,11.0,0.0234,2299.5,0.0525,0,Normal
2020-01-01 19:59:00,23.75,34.75,1979,20.4,68,4.228,11.0,0.0103,1387.2,0.0567,0,Normal
2020-01-01 20:00:00,23.75,34.85,1430,55.9,71,8.371,11.1,0.0391,3968.9,0.0591,0,Normal
2020-01-01 20:01:00,23.75,34.85,1658,41.0,74,7.119,11.1,0.0247,3034.0,0.0616,0,Normal
2020-01-01 20:02:00,23.85,34.95,1355,51.4,76,7.293,11.1,0.0379,3906.4,0.0632,0,Normal
2020-01-01 20:03:00,23.85,34.95,1410,47.6,79,7.028,11.1,0.0338,3760.4,0.0656,0,Normal
2020-01-01 20:04:00,23.75,34.85,1521,34.5,84,5.495,11.1,0.0227,2898.0,0.0697,0,Normal
2020-01-01 20:05:00,23.65,34.85,1371,54.5,86,7.825,11.2,0.0398,4687.0,0.0713,0,Normal
2020-01-01 20:06:00,23.75,34.85,1318,53.5,88,7.384,11.1,0.0406,4708.0,0.0729,0,Normal
2020-01-01 20:07:00,23.85,34.95,1573,34.9,93,5.749,11.1,0.0222,3245.7,0.077,0,Normal
2020-01-01 20:08:00,23.85,34.95,1489,44.1,96,6.876,11.1,0.0296,4233.6,0.0794,0,Normal
2020-01-01 20:09:00,23.85,34.95,2540,13.3,98,3.538,11.1,0.0052,1303.4,0.081,0,Normal
2020-01-01 20:10:00,23.85,34.95,1537,39.0,103,6.277,11.1,0.0254,4017.0,0.0851,0,Normal
2020-01-01 20:11:00,23.75,34.85,1416,46.9,105,6.954,11.1,0.0331,4924.5,0.0866,0,Normal
2020-01-01 20:12:00,23.75,34.75,1359,56.5,110,8.041,11.0,0.0416,6215.0,0.0907,0,Normal
2020-01-01 20:13:00,23.65,34.65,1551,38.9,112,6.318,11.0,0.0251,4356.8,0.0923,0,Normal
2020-01-01 20:14:00,23.65,34.65,1694,33.0,115,5.854,11.0,0.0195,3795.0,0.0947,0,Normal
2020-01-01 20:15:00,23.65,34.75,1709,28.4,118,5.083,11.1,0.0166,3351.2,0.097,0,Normal
2020-01-01 20:16:00,23.75,34.85,1514,41.0,120,6.5,11.1,0.0271,4920.0,0.0986,0,Normal
2020-01-01 20:17:00,23.85,34.95,1455,43.5,122,6.628,11.1,0.0299,5307.0,0.1002,0,Normal
2020-01-01 20:18:00,23.85,35.05,1702,30.7,124,5.472,11.2,0.018,3806.8,0.1017,0,Normal
2020-01-01 20:19:00,23.75,34.95,1357,41.8,127,5.94,11.2,0.0308,5308.6,0.1041,0,Normal
2020-01-01 20:20:00,23.85,35.05,1577,29.4,130,4.855,11.2,0.0186,3822.0,0.1065,0,Normal
2020-01-01 20:21:00,23.85,35.15,1399,46.4,132,6.798,11.3,0.0332,6124.8,0.108,0,Normal
2020-01-01 20:22:00,23.85,35.15,1399,59.0,135,8.644,11.3,0.0422,7965.0,0.1104,0,Normal
2020-01-01 20:23:00,23.85,35.15,1492,48.1,137,7.515,11.3,0.0322,6589.7,0.1119,0,Normal
2020-01-01 20:24:00,23.95,35.15,1763,25.7,139,4.745,11.2,0.0146,3572.3,0.1135,0,Normal
2020-01-01 20:25:00,23.95,35.15,1492,41.5,141,6.484,11.2,0.0278,5851.5,0.115,0,Normal
2020-01-01 20:26:00,23.95,35.25,1488,42.5,146,6.622,11.3,0.0286,6205.0,0.119,0,Normal
2020-01-01 20:27:00,23.95,35.25,1422,42.1,148,6.269,11.3,0.0296,6230.8,0.1205,0,Normal
2020-01-01 20:28:00,23.95,35.25,1583,38.2,150,6.332,11.3,0.0241,5730.0,0.1221,0,Normal
2020-01-01 20:29:00,23.95,35.25,1304,53.5,153,7.306,11.3,0.041,8185.5,0.1244,0,Normal
2020-01-01 20:30:00,23.95,35.25,1880,23.5,155,4.627,11.3,0.0125,3642.5,0.1259,0,Normal
2020-01-01 20:31:00,24.05,35.35,1604,40.7,158,6.836,11.3,0.0254,6430.6,0.1282,0,Normal
2020-01-01 20:32:00,24.05,35.45,1500,37.1,161,5.828,11.4,0.0247,5973.1,0.1306,0,Normal
2020-01-01 20:33:00,24.05,35.35,1364,55.6,163,7.942,11.3,0.0408,9062.8,0.1321,0,Normal
2020-01-01 20:34:00,24.05,35.35,2440,14.0,166,3.577,11.3,0.0057,2324.0,0.1344,0,Normal
2020-01-01 20:35:00,23.95,35.25,1654,31.4,171,5.439,11.3,0.019,5369.4,0.1383,0,Normal
2020-01-01 20:36:00,23.95,35.25,1359,46.6,176,6.632,11.3,0.0343,8201.6,0.1423,0,Normal
2020-01-01 20:37:00,23.95,35.25,1502,37.3,181,5.867,11.3,0.0248,6751.3,0.1462,0,Normal
2020-01-01 20:38:00,23.95,35.25,1615,32.6,184,5.513,11.3,0.0202,5998.4,0.1485,0,Normal
2020-01-01 20:39:00,24.05,35.35,1482,39.3,187,6.099,11.3,0.0265,7349.1,0.1508,0,Normal
2020-01-01 20:40:00,24.05,35.45,1636,31.3,192,5.362,11.4,0.0191,6009.6,0.1547,0,Normal
2020-01-01 20:41:00,23.95,35.35,1621,32.4,194,5.5,11.4,0.02,6285.6,0.1562,0,Normal
2020-01-01 20:42:00,23.95,35.25,1468,44.4,197,6.826,11.3,0.0302,8746.8,0.1585,0,Normal
2020-01-01 20:43:00,23.95,35.25,1432,53.4,199,8.008,11.3,0.0373,10626.6,0.16,0,Normal
2020-01-01 20:44:00,23.95,35.25,1726,28.4,202,5.133,11.3,0.0165,5736.8,0.1622,0,Normal
2020-01-01 20:45:00,23.95,35.25,1588,33.4,204,5.554,11.3,0.021,6813.6,0.1637,0,Normal
2020-01-01 20:46:00,24.05,35.35,1653,33.3,207,5.764,11.3,0.0201,6893.1,0.166,0,Normal
2020-01-01 20:47:00,24.05,35.35,1513,42.9,212,6.797,11.3,0.0284,9094.8,0.1699,0,Normal
2020-01-01 20:48:00,24.05,35.45,1489,40.2,214,6.268,11.4,0.027,8602.8,0.1713,0,Normal
2020-01-01 20:49:00,24.15,35.55,1467,36.8,216,5.653,11.4,0.0251,7948.8,0.1728,0,Normal
2020-01-01 20:50:00,24.15,35.55,1549,36.1,218,5.856,11.4,0.0233,7869.8,0.1743,0,Normal
2020-01-01 20:51:00,24.25,35.65,1359,48.7,220,6.931,11.4,0.0358,10714.0,0.1757,0,Normal
2020-01-01 20:52:00,24.35,35.65,1533,41.5,223,6.662,11.3,0.0271,9254.5,0.178,0,Normal
2020-01-01 20:53:00,24.35,35.65,1309,57.3,0,7.855,11.3,0.0438,0.0,0.0,0,Normal
2020-01-01 20:54:00,24.35,35.65,1430,49.4,2,7.398,11.3,0.0345,98.8,0.0016,0,Normal
2020-01-01 20:55:00,24.35,35.75,1419,50.7,7,7.534,11.4,0.0357,354.9,0.0056,0,Normal
2020-01-01 20:56:00,24.35,35.75,1535,37.7,12,6.06,11.4,0.0246,452.4,0.0095,0,Normal
2020-01-01 20:57:00,24.35,35.75,1466,43.0,15,6.601,11.4,0.0293,645.0,0.0119,0,Normal
2020-01-01 20:58:00,24.35,35.75,1427,50.4,17,7.532,11.4,0.0353,856.8,0.0135,0,Normal
2020-01-01 20:59:00,24.35,35.75,1280,48.5,19,6.501,11.4,0.0379,921.5,0.0151,0,Normal
2020-01-01 21:00:00,24.45,35.85,1528,33.8,22,5.408,11.4,0.0221,743.6,0.0174,0,Normal
2020-01-01 21:01:00,24.45,35.85,1885,25.2,24,4.974,11.4,0.0134,604.8,0.019,0,Normal
2020-01-01 21:02:00,24.65,36.05,1648,33.0,29,5.695,11.4,0.02,957.0,0.023,0,Normal
2020-01-01 21:03:00,24.65,36.05,1400,56.9,34,8.342,11.4,0.0406,1934.6,0.0269,0,Normal
2020-01-01 21:04:00,24.65,36.15,2243,15.7,36,3.688,11.5,0.007,565.2,0.0285,0,Normal
2020-01-01 21:05:00,24.75,36.25,1558,35.7,39,5.825,11.5,0.0229,1392.3,0.0308,0,Normal
2020-01-01 21:06:00,24.85,36.45,1633,34.8,41,5.951,11.6,0.0213,1426.8,0.0324,0,Normal
2020-01-01 21:07:00,24.95,36.45,1549,38.7,43,6.278,11.5,0.025,1664.1,0.0339,0,Normal
2020-01-01 21:08:00,24.85,36.35,1496,45.8,46,7.175,11.5,0.0306,2106.8,0.0362,0,Normal
2020-01-01 21:09:00,24.95,36.35,1467,41.8,48,6.421,11.4,0.0285,2006.4,0.0378,0,Normal
2020-01-01 21:10:00,24.85,36.25,1276,65.9,50,8.806,11.4,0.0516,3295.0,0.0393,0,Normal
2020-01-01 21:11:00,24.85,36.25,1490,40.5,53,6.319,11.4,0.0272,2146.5,0.0417,0,Normal
2020-01-01 21:12:00,24.85,36.25,1562,38.1,58,6.232,11.4,0.0244,2209.8,0.0456,0,Normal
2020-01-01 21:13:00,24.95,36.25,1397,48.2,63,7.051,11.3,0.0345,3036.6,0.0495,0,Normal
2020-01-01 21:14:00,24.95,36.35,1530,40.2,65,6.441,11.4,0.0263,2613.0,0.051,0,Normal
2020-01-01 21:15:00,24.95,36.25,1362,47.6,70,6.789,11.3,0.0349,3332.0,0.0549,0,Normal
2020-01-01 21:16:00,25.05,36.25,1693,34.4,73,6.099,11.2,0.0203,2511.2,0.0572,0,Normal
2020-01-01 21:17:00,25.05,36.25,1408,46.5,76,6.856,11.2,0.033,3534.0,0.0595,0,Normal
2020-01-01 21:18:00,25.05,36.25,1398,52.9,79,7.744,11.2,0.0378,4179.1,0.0618,0,Normal
2020-01-01 21:19:00,25.15,36.45,1531,40.1,81,6.429,11.3,0.0262,3248.1,0.0633,0,Normal
2020-01-01 21:20:00,25.15,36.35,1521,37.1,84,5.909,11.2,0.0244,3116.4,0.0656,0,Normal
2020-01-01 21:21:00,25.15,36.35,1427,54.3,89,8.114,11.2,0.0381,4832.7,0.0694,0,Normal
2020-01-01 21:22:00,25.15,36.25,1546,36.1,94,5.844,11.1,0.0234,3393.4,0.0733,0,Normal
2020-01-01 21:23:00,25.15,36.25,1356,45.4,96,6.447,11.1,0.0335,4358.4,0.0748,0,Normal
2020-01-01 21:24:00,25.25,36.35,2153,15.3,98,3.45,11.1,0.0071,1499.4,0.0763,1,Power_Failure
2020-01-01 21:25:00,25.35,36.45,1492,41.7,100,6.515,11.1,0.0279,4170.0,0.0778,0,Normal
2020-01-01 21:26:00,25.35,36.45,1582,40.3,103,6.676,11.1,0.0255,4150.9,0.08,0,Normal
2020-01-01 21:27:00,25.35,36.45,1419,41.5,105,6.167,11.1,0.0292,4357.5,0.0815,0,Normal
2020-01-01 21:28:00,25.35,36.45,1441,48.2,107,7.273,11.1,0.0334,5157.4,0.083,0,Normal
2020-01-01 21:29:00,25.45,36.55,1635,32.2,110,5.513,11.1,0.0197,3542.0,0.0853,0,Normal
2020-01-01 21:30:00,25.45,36.55,1429,45.8,113,6.854,11.1,0.0321,5175.4,0.0875,0,Normal
2020-01-01 21:31:00,25.45,36.55,1675,28.4,115,4.982,11.1,0.017,3266.0,0.089,0,Normal
2020-01-01 21:32:00,25.55,36.55,1868,23.8,118,4.656,11.0,0.0127,2808.4,0.0913,0,Normal
2020-01-01 21:33:00,25.55,36.65,1582,33.4,121,5.533,11.1,0.0211,4041.4,0.0935,0,Normal
2020-01-01 21:34:00,25.65,36.75,1486,40.3,126,6.271,11.1,0.0271,5077.8,0.0973,0,Normal
2020-01-01 21:35:00,25.55,36.65,1402,54.3,128,7.972,11.1,0.0387,6950.4,0.0988,0,Normal
2020-01-01 21:36:00,25.55,36.75,1621,34.1,130,5.788,11.2,0.021,4433.0,0.1002,0,Normal
2020-01-01 21:37:00,25.65,36.75,1428,42.4,132,6.34,11.1,0.0297,5596.8,0.1017,0,Normal
2020-01-01 21:38:00,25.55,36.65,1343,53.6,134,7.538,11.1,0.0399,7182.4,0.1032,0,Normal
2020-01-01 21:39:00,25.55,36.75,1458,40.2,137,6.138,11.2,0.0276,5507.4,0.1054,0,Normal
2020-01-01 21:40:00,25.55,36.65,1322,57.0,140,7.891,11.1,0.0431,7980.0,0.1076,0,Normal
2020-01-01 21:41:00,25.55,36.75,1483,32.8,142,5.094,11.2,0.0221,4657.6,0.1091,0,Normal
2020-01-01 21:42:00,25.45,36.65,1505,45.7,144,7.202,11.2,0.0304,6580.8,0.1105,0,Normal
2020-01-01 21:43:00,25.55,36.75,1593,42.5,146,7.09,11.2,0.0267,6205.0,0.112,0,Normal
2020-01-01 21:44:00,25.65,36.85,2098,19.6,148,4.306,11.2,0.0093,2900.8,0.1134,0,Normal
2020-01-01 21:45:00,25.65,36.85,1672,30.4,150,5.323,11.2,0.0182,4560.0,0.1149,0,Normal
2020-01-01 21:46:00,25.65,36.85,1487,41.4,152,6.447,11.2,0.0278,6292.8,0.1163,0,Normal
2020-01-01 21:47:00,25.65,36.85,1423,42.1,154,6.274,11.2,0.0296,6483.4,0.1177,0,Normal
2020-01-01 21:48:00,25.75,36.95,1750,25.0,156,4.581,11.2,0.0143,3900.0,0.1192,0,Normal
2020-01-01 21:49:00,25.75,37.05,1654,31.1,158,5.387,11.3,0.0188,4913.8,0.1206,0,Normal
2020-01-01 21:50:00,25.75,37.05,1498,50.2,160,7.875,11.3,0.0335,8032.0,0.122,0,Normal
2020-01-01 21:51:00,25.75,36.95,1587,30.2,162,5.019,11.2,0.019,4892.4,0.1235,0,Normal
2020-01-01 21:52:00,25.75,36.95,1473,42.6,164,6.571,11.2,0.0289,6986.4,0.1249,0,Normal
2020-01-01 21:53:00,25.75,37.05,1359,56.9,166,8.098,11.3,0.0419,9445.4,0.1263,0,Normal
2020-01-01 21:54:00,25.85,37.15,1635,34.5,168,5.907,11.3,0.0211,5796.0,0.1278,0,Normal
2020-01-01 21:55:00,25.85,37.15,1520,45.0,171,7.163,11.3,0.0296,7695.0,0.1299,0,Normal
2020-01-01 21:56:00,25.85,37.15,1507,36.7,173,5.792,11.3,0.0244,6349.1,0.1314,0,Normal
2020-01-01 21:57:00,25.85,37.15,1428,46.3,175,6.924,11.3,0.0324,8102.5,0.1328,0,Normal
2020-01-01 21:58:00,25.85,37.15,1582,33.3,177,5.517,11.3,0.021,5894.1,0.1342,0,Normal
2020-01-01 21:59:00,25.85,37.15,1929,24.4,180,4.929,11.3,0.0126,4392.0,0.1364,0,Normal
2020-01-01 22:00:00,25.85,37.15,1540,38.1,182,6.144,11.3,0.0247,6934.2,0.1378,0,Normal
2020-01-01 22:01:00,25.75,37.05,1362,53.0,185,7.559,11.3,0.0389,9805.0,0.1399,0,Normal
2020-01-01 22:02:00,25.75,36.95,1452,49.9,187,7.587,11.2,0.0344,9331.3,0.1413,0,Normal
2020-01-01 22:03:00,25.75,36.95,1361,51.7,192,7.368,11.2,0.038,9926.4,0.145,0,Normal
2020-01-01 22:04:00,25.65,36.95,1243,74.5,194,9.697,11.3,0.0599,14453.0,0.1464,1,Power_Failure
2020-01-01 22:05:00,25.65,36.95,1567,36.8,197,6.039,11.3,0.0235,7249.6,0.1486,0,Normal
2020-01-01 22:06:00,25.75,37.05,1411,46.5,202,6.871,11.3,0.033,9393.0,0.1522,0,Normal
2020-01-01 22:07:00,25.65,37.05,1814,26.8,204,5.091,11.4,0.0148,5467.2,0.1536,0,Normal
2020-01-01 22:08:00,25.65,36.95,1719,28.8,206,5.184,11.3,0.0168,5932.8,0.155,0,Normal
2020-01-01 22:09:00,25.65,37.05,1663,30.4,209,5.294,11.4,0.0183,6353.6,0.1571,0,Normal
2020-01-01 22:10:00,25.75,37.05,1696,30.2,214,5.364,11.3,0.0178,6462.8,0.1608,0,Normal
2020-01-01 22:11:00,25.75,37.05,1771,26.8,216,4.97,11.3,0.0151,5788.8,0.1622,0,Normal
2020-01-01 22:12:00,25.85,37.15,1868,24.0,221,4.695,11.3,0.0128,5304.0,0.1658,0,Normal
2020-01-01 22:13:00,25.85,37.15,1558,35.4,223,5.776,11.3,0.0227,7894.2,0.1672,0,Normal
2020-01-01 22:14:00,25.85,37.25,1365,49.1,226,7.018,11.4,0.036,11096.6,0.1693,1,Overstrain_Failure
2020-01-01 22:15:00,25.85,37.25,1371,53.8,228,7.724,11.4,0.0392,12266.4,0.1707,1,Overstrain_Failure
2020-01-01 22:16:00,25.75,37.15,1583,32.6,230,5.404,11.4,0.0206,7498.0,0.172,0,Normal
2020-01-01 22:17:00,25.55,37.05,1613,36.0,0,6.081,11.5,0.0223,0.0,0.0,0,Normal
2020-01-01 22:18:00,25.45,36.95,1721,27.2,5,4.902,11.5,0.0158,136.0,0.0037,0,Normal
2020-01-01 22:19:00,25.45,37.05,1668,31.5,7,5.502,11.6,0.0189,220.5,0.0052,0,Normal
2020-01-01 22:20:00,25.45,37.05,1569,36.3,10,5.964,11.6,0.0231,363.0,0.0075,0,Normal
2020-01-01 22:21:00,25.45,37.05,1328,50.5,12,7.023,11.6,0.038,606.0,0.0089,0,Normal
2020-01-01 22:22:00,25.45,36.95,1596,33.0,15,5.515,11.5,0.0207,495.0,0.0112,0,Normal
2020-01-01 22:23:00,25.35,37.05,1676,32.7,18,5.739,11.7,0.0195,588.6,0.0134,0,Normal
2020-01-01 22:24:00,25.35,36.95,1809,28.9,20,5.475,11.6,0.016,578.0,0.0149,0,Normal
2020-01-01 22:25:00,25.35,36.85,1804,26.1,22,4.931,11.5,0.0145,574.2,0.0163,0,Normal
2020-01-01 22:26:00,25.45,36.95,1533,33.9,24,5.442,11.5,0.0221,813.6,0.0178,0,Normal
2020-01-01 22:27:00,25.55,37.05,1717,27.3,26,4.909,11.5,0.0159,709.8,0.0193,0,Normal
2020-01-01 22:28:00,25.55,37.05,1363,45.5,28,6.494,11.5,0.0334,1274.0,0.0208,0,Normal
2020-01-01 22:29:00,25.55,37.05,1402,45.9,30,6.739,11.5,0.0327,1377.0,0.0222,0,Normal
2020-01-01 22:30:00,25.55,37.05,1436,47.5,32,7.143,11.5,0.0331,1520.0,0.0237,0,Normal
2020-01-01 22:31:00,25.55,37.05,1525,43.7,34,6.979,11.5,0.0287,1485.8,0.0251,0,Normal
2020-01-01 22:32:00,25.55,37.05,1598,33.3,36,5.572,11.5,0.0208,1198.8,0.0266,0,Normal
2020-01-01 22:33:00,25.45,36.95,1444,48.1,39,7.273,11.5,0.0333,1875.9,0.0288,0,Normal
2020-01-01 22:34:00,25.45,36.85,1334,48.0,42,6.705,11.4,0.036,2016.0,0.031,0,Normal
2020-01-01 22:35:00,25.45,36.85,1681,35.5,44,6.249,11.4,0.0211,1562.0,0.0324,0,Normal
2020-01-01 22:36:00,25.45,36.75,1593,37.4,47,6.239,11.3,0.0235,1757.8,0.0346,0,Normal
2020-01-01 22:37:00,25.45,36.75,1461,45.7,49,6.992,11.3,0.0313,2239.3,0.0361,0,Normal
2020-01-01 22:38:00,25.55,36.95,1693,31.9,51,5.656,11.4,0.0188,1626.9,0.0375,0,Normal
2020-01-01 22:39:00,25.55,37.05,1404,50.3,54,7.395,11.5,0.0358,2716.2,0.0397,0,Normal
2020-01-01 22:40:00,25.65,37.05,1707,27.6,56,4.934,11.4,0.0162,1545.6,0.0411,0,Normal
2020-01-01 22:41:00,25.45,36.95,1458,41.9,61,6.397,11.5,0.0287,2555.9,0.0448,0,Normal
2020-01-01 22:42:00,25.45,36.85,1517,41.2,64,6.545,11.4,0.0272,2636.8,0.047,0,Normal
2020-01-01 22:43:00,25.55,36.95,1433,54.6,66,8.193,11.4,0.0381,3603.6,0.0484,0,Normal
2020-01-01 22:44:00,25.55,37.05,1566,33.1,68,5.428,11.5,0.0211,2250.8,0.0498,0,Normal
2020-01-01 22:45:00,25.55,36.95,1676,33.5,70,5.88,11.4,0.02,2345.0,0.0512,0,Normal
2020-01-01 22:46:00,25.55,36.95,1368,56.8,72,8.137,11.4,0.0415,4089.6,0.0527,0,Normal
2020-01-01 22:47:00,25.65,37.05,1581,37.5,75,6.209,11.4,0.0237,2812.5,0.0548,0,Normal
2020-01-01 22:48:00,25.65,37.15,1708,27.1,78,4.847,11.5,0.0159,2113.8,0.057,0,Normal
2020-01-01 22:49:00,25.55,37.15,1481,41.5,83,6.436,11.6,0.028,3444.5,0.0606,0,Normal
2020-01-01 22:50:00,25.55,37.15,1451,40.0,86,6.078,11.6,0.0276,3440.0,0.0627,0,Normal
2020-01-01 22:51:00,25.55,37.15,1495,38.7,88,6.059,11.6,0.0259,3405.6,0.0641,0,Normal
2020-01-01 22:52:00,25.65,37.15,1573,41.8,91,6.885,11.5,0.0266,3803.8,0.0663,0,Normal
2020-01-01 22:53:00,25.65,37.15,1366,59.0,94,8.44,11.5,0.0432,5546.0,0.0684,0,Normal
2020-01-01 22:54:00,25.65,37.15,1553,36.8,97,5.985,11.5,0.0237,3569.6,0.0705,0,Normal
2020-01-01 22:55:00,25.65,37.15,1528,37.1,99,5.936,11.5,0.0243,3672.9,0.0719,0,Normal
2020-01-01 22:56:00,25.65,37.05,1527,31.2,102,4.989,11.4,0.0204,3182.4,0.0741,0,Normal
2020-01-01 22:57:00,25.65,37.05,1461,46.7,105,7.145,11.4,0.032,4903.5,0.0762,0,Normal
2020-01-01 22:58:00,25.65,37.05,1455,44.9,107,6.841,11.4,0.0309,4804.3,0.0776,0,Normal
2020-01-01 22:59:00,25.55,36.95,1620,34.8,112,5.904,11.4,0.0215,3897.6,0.0812,0,Normal
2020-01-01 23:00:00,25.55,36.95,1786,27.7,114,5.181,11.4,0.0155,3157.8,0.0825,0,Normal
2020-01-01 23:01:00,25.65,37.05,1583,35.7,116,5.918,11.4,0.0226,4141.2,0.0839,0,Normal
2020-01-01 23:02:00,25.65,36.95,1653,30.3,119,5.245,11.3,0.0183,3605.7,0.086,0,Normal
2020-01-01 23:03:00,25.75,37.05,1331,49.0,121,6.83,11.3,0.0368,5929.0,0.0874,0,Normal
2020-01-01 23:04:00,25.75,37.15,1484,43.8,124,6.807,11.4,0.0295,5431.2,0.0895,0,Normal
2020-01-01 23:05:00,25.75,37.05,1603,36.1,126,6.06,11.3,0.0225,4548.6,0.0909,0,Normal
2020-01-01 23:06:00,25.75,37.05,1445,40.0,129,6.053,11.3,0.0277,5160.0,0.093,0,Normal
2020-01-01 23:07:00,25.75,36.95,1823,26.1,131,4.983,11.2,0.0143,3419.1,0.0944,0,Normal
2020-01-01 23:08:00,25.75,36.95,1491,45.3,133,7.073,11.2,0.0304,6024.9,0.0958,0,Normal
2020-01-01 23:09:00,25.75,37.05,1533,42.8,138,6.871,11.3,0.0279,5906.4,0.0993,0,Normal
2020-01-01 23:10:00,25.75,37.05,1409,54.8,140,8.086,11.3,0.0389,7672.0,0.1006,0,Normal
2020-01-01 23:11:00,25.75,37.05,2737,8.8,142,2.522,11.3,0.0032,1249.6,0.102,1,Power_Failure
2020-01-01 23:12:00,25.85,37.15,1494,46.6,144,7.291,11.3,0.0312,6710.4,0.1034,0,Normal
2020-01-01 23:13:00,25.95,37.25,1594,33.3,147,5.559,11.3,0.0209,4895.1,0.1055,0,Normal
2020-01-01 23:14:00,25.95,37.25,1527,44.0,149,7.036,11.3,0.0288,6556.0,0.1068,0,Normal
2020-01-01 23:15:00,25.95,37.25,1452,39.7,151,6.037,11.3,0.0273,5994.7,0.1082,0,Normal
2020-01-01 23:16:00,25.85,37.15,1483,39.2,153,6.088,11.3,0.0264,5997.6,0.1095,0,Normal
2020-01-01 23:17:00,25.95,37.05,1569,38.2,155,6.276,11.1,0.0243,5921.0,0.1109,0,Normal
2020-01-01 23:18:00,25.95,37.15,1472,46.6,157,7.183,11.2,0.0317,7316.2,0.1122,0,Normal
2020-01-01 23:19:00,25.85,37.05,1533,43.5,159,6.983,11.2,0.0284,6916.5,0.1136,0,Normal
2020-01-01 23:20:00,25.75,36.95,1366,62.7,161,8.969,11.2,0.0459,10094.7,0.1149,0,Normal
2020-01-01 23:21:00,25.75,37.05,1532,37.7,166,6.048,11.3,0.0246,6258.2,0.1184,0,Normal
2020-01-01 23:22:00,25.75,36.95,1313,56.8,171,7.81,11.2,0.0433,9712.8,0.1219,0,Normal
2020-01-01 23:23:00,25.85,37.05,1372,48.0,174,6.896,11.2,0.035,8352.0,0.1239,0,Normal
2020-01-01 23:24:00,25.75,36.95,1555,40.6,176,6.611,11.2,0.0261,7145.6,0.1253,0,Normal
2020-01-01 23:25:00,25.75,36.95,1394,42.7,179,6.233,11.2,0.0306,7643.3,0.1273,0,Normal
2020-01-01 23:26:00,25.75,36.95,1442,48.0,181,7.248,11.2,0.0333,8688.0,0.1286,0,Normal
2020-01-01 23:27:00,25.75,36.85,1564,33.8,183,5.536,11.1,0.0216,6185.4,0.13,0,Normal
2020-01-01 23:28:00,25.75,36.85,1452,48.9,185,7.435,11.1,0.0337,9046.5,0.1313,0,Normal
2020-01-01 23:29:00,25.75,36.95,1466,42.5,187,6.525,11.2,0.029,7947.5,0.1326,0,Normal
2020-01-01 23:30:00,25.75,36.95,1469,53.2,189,8.184,11.2,0.0362,10054.8,0.1339,0,Normal
2020-01-01 23:31:00,25.75,36.95,1944,23.4,192,4.764,11.2,0.012,4492.8,0.136,0,Normal
2020-01-01 23:32:00,25.65,36.75,1415,53.2,194,7.883,11.1,0.0376,10320.8,0.1373,0,Normal
2020-01-01 23:33:00,25.55,36.65,1528,36.7,197,5.872,11.1,0.024,7229.9,0.1393,0,Normal
2020-01-01 23:34:00,25.55,36.65,1570,42.1,200,6.922,11.1,0.0268,8420.0,0.1413,0,Normal
2020-01-01 23:35:00,25.55,36.75,1617,33.0,203,5.588,11.2,0.0204,6699.0,0.1434,0,Normal
2020-01-01 23:36:00,25.55,36.75,2083,18.2,205,3.97,11.2,0.0087,3731.0,0.1447,0,Normal
2020-01-01 23:37:00,25.55,36.75,1541,38.5,208,6.213,11.2,0.025,8008.0,0.1467,0,Normal
2020-01-01 23:38:00,25.65,36.75,1320,47.4,210,6.552,11.1,0.0359,9954.0,0.148,0,Normal
2020-01-01 23:39:00,25.55,36.65,1354,53.3,212,7.557,11.1,0.0394,11299.6,0.1493,1,Overstrain_Failure
2020-01-01 23:40:00,25.65,36.75,1495,35.2,214,5.511,11.1,0.0235,7532.8,0.1506,0,Normal
2020-01-01 23:41:00,25.55,36.65,1589,31.8,217,5.292,11.1,0.02,6900.6,0.1526,0,Normal
2020-01-01 23:42:00,25.55,36.65,1530,35.5,0,5.688,11.1,0.0232,0.0,0.0,0,Normal
2020-01-01 23:43:00,25.55,36.65,1539,33.4,2,5.383,11.1,0.0217,66.8,0.0014,0,Normal
2020-01-01 23:44:00,25.55,36.55,1462,46.8,4,7.165,11.0,0.032,187.2,0.0028,0,Normal
2020-01-01 23:45:00,25.45,36.55,1356,54.0,6,7.668,11.1,0.0398,324.0,0.0042,0,Normal
2020-01-01 23:46:00,25.55,36.55,1622,34.6,8,5.877,11.0,0.0213,276.8,0.0056,0,Normal
2020-01-01 23:47:00,25.55,36.65,1394,40.3,11,5.883,11.1,0.0289,443.3,0.0077,0,Normal
2020-01-01 23:48:00,25.65,36.75,1568,33.7,13,5.534,11.1,0.0215,438.1,0.0091,0,Normal
2020-01-01 23:49:00,25.75,36.85,1456,43.8,15,6.678,11.1,0.0301,657.0,0.0105,0,Normal
2020-01-01 23:50:00,25.75,36.85,1378,49.3,18,7.114,11.1,0.0358,887.4,0.0126,0,Normal
2020-01-01 23:51:00,25.75,36.75,1404,41.4,20,6.087,11.0,0.0295,828.0,0.014,0,Normal
2020-01-01 23:52:00,25.65,36.65,1437,42.8,23,6.441,11.0,0.0298,984.4,0.0161,0,Normal
2020-01-01 23:53:00,25.65,36.65,1363,44.0,25,6.28,11.0,0.0323,1100.0,0.0174,0,Normal
2020-01-01 23:54:00,25.65,36.65,1377,49.6,27,7.152,11.0,0.036,1339.2,0.0188,0,Normal
2020-01-01 23:55:00,25.65,36.75,1526,42.1,30,6.728,11.1,0.0276,1263.0,0.0209,0,Normal
2020-01-01 23:56:00,25.65,36.65,1510,44.2,35,6.989,11.0,0.0293,1547.0,0.0244,0,Normal
2020-01-01 23:57:00,25.65,36.75,1439,45.2,40,6.811,11.1,0.0314,1808.0,0.0278,1,Random_Failure
2020-01-01 23:58:00,25.65,36.75,1482,39.1,45,6.068,11.1,0.0264,1759.5,0.0313,0,Normal
2020-01-01 23:59:00,25.65,36.65,1534,37.0,47,5.944,11.0,0.0241,1739.0,0.0326,0,Normal
2020-01-02 00:00:00,25.65,36.75,1741,27.7,50,5.05,11.1,0.0159,1385.0,0.0347,0,Normal
2020-01-02 00:01:00,25.65,36.75,1550,38.8,53,6.298,11.1,0.025,2056.4,0.0368,0,Normal
2020-01-02 00:02:00,25.65,36.85,1486,38.5,55,5.991,11.2,0.0259,2117.5,0.0381,0,Normal
2020-01-02 00:03:00,25.75,36.95,1602,38.2,58,6.408,11.2,0.0238,2215.6,0.0402,0,Normal
2020-01-02 00:04:00,25.85,37.05,1477,37.9,60,5.862,11.2,0.0257,2274.0,0.0415,0,Normal
2020-01-02 00:05:00,25.85,36.95,1618,29.2,62,4.948,11.1,0.018,1810.4,0.0429,0,Normal
2020-01-02 00:06:00,25.85,37.05,1628,35.8,64,6.103,11.2,0.022,2291.2,0.0442,0,Normal
2020-01-02 00:07:00,25.85,37.15,1662,33.6,67,5.848,11.3,0.0202,2251.2,0.0463,0,Normal
2020-01-02 00:08:00,25.85,37.15,1657,31.0,70,5.379,11.3,0.0187,2170.0,0.0483,0,Normal
2020-01-02 00:09:00,25.85,37.25,1677,30.8,73,5.409,11.4,0.0184,2248.4,0.0503,0,Normal
2020-01-02 00:10:00,25.85,37.15,1447,39.9,78,6.046,11.3,0.0276,3112.2,0.0538,0,Normal
2020-01-02 00:11:00,25.75,37.25,1831,25.4,81,4.87,11.5,0.0139,2057.4,0.0558,0,Normal
2020-01-02 00:12:00,25.85,37.15,1584,34.4,83,5.706,11.3,0.0217,2855.2,0.0571,0,Normal
2020-01-02 00:13:00,25.95,37.25,1450,40.9,85,6.21,11.3,0.0282,3476.5,0.0585,0,Normal
2020-01-02 00:14:00,25.95,37.25,1428,46.9,87,7.013,11.3,0.0328,4080.3,0.0598,0,Normal
2020-01-02 00:15:00,25.85,37.25,1382,53.0,89,7.67,11.4,0.0384,4717.0,0.0611,0,Normal
2020-01-02 00:16:00,25.85,37.15,1501,43.0,91,6.759,11.3,0.0286,3913.0,0.0625,0,Normal
2020-01-02 00:17:00,25.85,37.15,1475,42.4,93,6.549,11.3,0.0287,3943.2,0.0638,0,Normal
2020-01-02 00:18:00,25.75,37.15,1364,54.0,95,7.713,11.4,0.0396,5130.0,0.0651,0,Normal
2020-01-02 00:19:00,25.85,37.15,1472,36.1,97,5.565,11.3,0.0245,3501.7,0.0664,0,Normal
2020-01-02 00:20:00,25.85,37.15,1437,47.8,99,7.193,11.3,0.0333,4732.2,0.0678,0,Normal
2020-01-02 00:21:00,25.75,37.05,1491,45.1,101,7.042,11.3,0.0302,4555.1,0.0691,0,Normal
2020-01-02 00:22:00,25.75,37.05,1706,27.6,103,4.931,11.3,0.0162,2842.8,0.0704,0,Normal
2020-01-02 00:23:00,25.65,36.95,1607,39.5,105,6.647,11.3,0.0246,4147.5,0.0717,0,Normal
2020-01-02 00:24:00,25.65,36.85,1412,46.3,107,6.846,11.2,0.0328,4954.1,0.073,0,Normal
2020-01-02 00:25:00,25.55,36.65,1546,40.9,109,6.622,11.1,0.0265,4458.1,0.0744,0,Normal
2020-01-02 00:26:00,25.55,36.65,1365,50.5,111,7.219,11.1,0.037,5605.5,0.0757,0,Normal
2020-01-02 00:27:00,25.45,36.65,1544,30.2,113,4.883,11.2,0.0196,3412.6,0.077,0,Normal
2020-01-02 00:28:00,25.45,36.65,1419,44.9,115,6.672,11.2,0.0316,5163.5,0.0783,0,Normal
2020-01-02 00:29:00,25.45,36.65,1497,41.6,118,6.521,11.2,0.0278,4908.8,0.0803,0,Normal
2020-01-02 00:30:00,25.35,36.55,1437,42.6,120,6.411,11.2,0.0296,5112.0,0.0816,0,Normal
2020-01-02 00:31:00,25.35,36.45,1421,53.6,122,7.976,11.1,0.0377,6539.2,0.0829,0,Normal
2020-01-02 00:32:00,25.35,36.45,1438,44.5,124,6.701,11.1,0.0309,5518.0,0.0842,0,Normal
2020-01-02 00:33:00,25.35,36.35,1315,48.9,127,6.734,11.0,0.0372,6210.3,0.0862,0,Normal
2020-01-02 00:34:00,25.35,36.35,1366,61.9,130,8.855,11.0,0.0453,8047.0,0.0881,0,Normal
2020-01-02 00:35:00,25.25,36.35,1519,35.4,133,5.631,11.1,0.0233,4708.2,0.0901,0,Normal
2020-01-02 00:36:00,25.25,36.35,1692,28.3,136,5.014,11.1,0.0167,3848.8,0.0921,0,Normal
2020-01-02 00:37:00,25.15,36.25,1570,35.6,138,5.853,11.1,0.0227,4912.8,0.0934,0,Normal
2020-01-02 00:38:00,25.15,36.25,1568,35.8,140,5.878,11.1,0.0228,5012.0,0.0947,0,Normal
2020-01-02 00:39:00,25.05,36.15,1355,43.8,142,6.215,11.1,0.0323,6219.6,0.0959,0,Normal
2020-01-02 00:40:00,25.05,36.15,2056,18.7,144,4.026,11.1,0.0091,2692.8,0.0972,0,Normal
2020-01-02 00:41:00,25.05,36.05,1332,60.2,147,8.397,11.0,0.0452,8849.4,0.0992,0,Normal
2020-01-02 00:42:00,24.95,35.95,1448,52.5,150,7.961,11.0,0.0363,7875.0,0.1011,0,Normal
2020-01-02 00:43:00,24.85,35.75,1578,35.6,153,5.883,10.9,0.0226,5446.8,0.1031,0,Normal
2020-01-02 00:44:00,24.85,35.85,1562,39.2,155,6.412,11.0,0.0251,6076.0,0.1044,0,Normal
2020-01-02 00:45:00,24.95,35.85,1976,19.3,158,3.994,10.9,0.0098,3049.4,0.1063,0,Normal
2020-01-02 00:46:00,25.05,36.05,1524,34.6,161,5.522,11.0,0.0227,5570.6,0.1083,0,Normal
2020-01-02 00:47:00,25.05,35.95,1429,48.5,164,7.258,10.9,0.0339,7954.0,0.1102,0,Normal
2020-01-02 00:48:00,25.05,35.95,1568,36.3,166,5.96,10.9,0.0232,6025.8,0.1115,0,Normal
2020-01-02 00:49:00,25.05,35.85,1723,26.6,168,4.799,10.8,0.0154,4468.8,0.1128,0,Normal
2020-01-02 00:50:00,25.05,35.85,1341,43.8,171,6.151,10.8,0.0327,7489.8,0.1147,0,Normal
2020-01-02 00:51:00,24.95,35.75,1353,46.2,173,6.546,10.8,0.0341,7992.6,0.116,0,Normal
2020-01-02 00:52:00,24.85,35.55,1479,58.5,176,9.061,10.7,0.0396,10296.0,0.1179,1,Power_Failure
2020-01-02 00:53:00,24.85,35.65,1496,44.9,179,7.034,10.8,0.03,8037.1,0.1198,0,Normal
2020-01-02 00:54:00,24.85,35.55,1377,48.5,181,6.994,10.7,0.0352,8778.5,0.1211,0,Normal
2020-01-02 00:55:00,24.75,35.35,1383,44.6,184,6.459,10.6,0.0322,8206.4,0.123,0,Normal
2020-01-02 00:56:00,24.85,35.55,1268,69.4,189,9.215,10.7,0.0547,13116.6,0.1263,1,Power_Failure
2020-01-02 00:57:00,24.85,35.55,1629,34.3,191,5.851,10.7,0.0211,6551.3,0.1275,0,Normal
2020-01-02 00:58:00,24.85,35.65,1790,27.2,193,5.099,10.8,0.0152,5249.6,0.1288,0,Normal
2020-01-02 00:59:00,24.95,35.65,2206,16.3,195,3.765,10.7,0.0074,3178.5,0.13,0,Normal
2020-01-02 01:00:00,24.85,35.55,2101,17.4,198,3.828,10.7,0.0083,3445.2,0.1319,0,Normal
2020-01-02 01:01:00,24.85,35.55,1436,48.2,201,7.248,10.7,0.0336,9688.2,0.1338,0,Normal
2020-01-02 01:02:00,24.85,35.55,1462,48.2,204,7.379,10.7,0.033,9832.8,0.1357,0,Normal
2020-01-02 01:03:00,24.85,35.55,1771,26.2,206,4.859,10.7,0.0148,5397.2,0.137,0,Normal
2020-01-02 01:04:00,24.85,35.55,1506,47.0,208,7.412,10.7,0.0312,9776.0,0.1382,0,Normal
2020-01-02 01:05:00,24.85,35.55,1626,36.7,210,6.249,10.7,0.0226,7707.0,0.1394,0,Normal
2020-01-02 01:06:00,24.85,35.65,1610,33.7,212,5.682,10.8,0.0209,7144.4,0.1407,0,Normal
2020-01-02 01:07:00,24.85,35.45,1376,55.7,214,8.026,10.6,0.0405,11919.8,0.1419,0,Normal
2020-01-02 01:08:00,24.85,35.45,1507,37.3,217,5.886,10.6,0.0248,8094.1,0.1438,0,Normal
2020-01-02 01:09:00,24.85,35.35,1429,37.7,220,5.642,10.5,0.0264,8294.0,0.1457,1,Tool_Wear_Failure
2020-01-02 01:10:00,24.95,35.55,1547,38.9,0,6.302,10.6,0.0251,0.0,0.0,0,Normal
2020-01-02 01:11:00,24.95,35.55,1642,30.3,3,5.21,10.6,0.0185,90.9,0.002,0,Normal
2020-01-02 01:12:00,24.85,35.55,1503,36.3,5,5.713,10.7,0.0242,181.5,0.0033,0,Normal
2020-01-02 01:13:00,24.95,35.55,1568,32.9,10,5.402,10.6,0.021,329.0,0.0066,0,Normal
2020-01-02 01:14:00,24.95,35.65,1628,37.6,12,6.41,10.7,0.0231,451.2,0.0079,0,Normal
2020-01-02 01:15:00,25.05,35.75,1614,35.5,15,6.0,10.7,0.022,532.5,0.0099,0,Normal
2020-01-02 01:16:00,25.05,35.75,1278,54.0,18,7.227,10.7,0.0423,972.0,0.0119,0,Normal
2020-01-02 01:17:00,25.05,35.75,1408,38.8,20,5.721,10.7,0.0276,776.0,0.0132,0,Normal
2020-01-02 01:18:00,25.05,35.85,1371,55.7,23,7.997,10.8,0.0406,1281.1,0.0151,0,Normal
2020-01-02 01:19:00,25.05,35.75,1512,38.5,28,6.096,10.7,0.0255,1078.0,0.0184,0,Normal
2020-01-02 01:20:00,25.15,35.95,1472,40.1,31,6.181,10.8,0.0272,1243.1,0.0204,0,Normal
2020-01-02 01:21:00,25.05,35.75,1585,34.3,33,5.693,10.7,0.0216,1131.9,0.0217,0,Normal
2020-01-02 01:22:00,25.05,35.85,1562,37.7,36,6.167,10.8,0.0241,1357.2,0.0236,0,Normal
2020-01-02 01:23:00,25.15,35.85,1519,36.9,41,5.87,10.7,0.0243,1512.9,0.0269,0,Normal
2020-01-02 01:24:00,25.05,35.85,1601,35.8,43,6.002,10.8,0.0224,1539.4,0.0282,0,Normal
2020-01-02 01:25:00,25.05,35.85,2449,13.8,45,3.539,10.8,0.0056,621.0,0.0295,0,Normal
2020-01-02 01:26:00,24.95,35.85,1787,27.6,47,5.165,10.9,0.0154,1297.2,0.0308,0,Normal
2020-01-02 01:27:00,24.95,35.95,1425,44.5,49,6.641,11.0,0.0312,2180.5,0.0321,0,Normal
2020-01-02 01:28:00,24.95,35.85,1559,34.0,54,5.551,10.9,0.0218,1836.0,0.0353,0,Normal
2020-01-02 01:29:00,24.95,35.85,1557,36.0,56,5.87,10.9,0.0231,2016.0,0.0366,0,Normal
2020-01-02 01:30:00,24.95,35.85,1497,40.5,58,6.349,10.9,0.0271,2349.0,0.0379,0,Normal
2020-01-02 01:31:00,24.95,35.85,1438,41.4,60,6.234,10.9,0.0288,2484.0,0.0392,0,Normal
2020-01-02 01:32:00,24.95,35.75,1417,39.2,65,5.817,10.8,0.0277,2548.0,0.0424,0,Normal
2020-01-02 01:33:00,24.85,35.75,1339,51.4,68,7.207,10.9,0.0384,3495.2,0.0443,0,Normal
2020-01-02 01:34:00,24.85,35.65,1757,29.1,71,5.354,10.8,0.0166,2066.1,0.0463,0,Normal
2020-01-02 01:35:00,24.85,35.65,1581,36.1,73,5.977,10.8,0.0228,2635.3,0.0475,0,Normal
2020-01-02 01:36:00,25.05,35.75,1326,54.4,75,7.554,10.7,0.041,4080.0,0.0488,0,Normal
2020-01-02 01:37:00,25.25,35.95,1467,39.6,78,6.084,10.7,0.027,3088.8,0.0507,0,Normal
2020-01-02 01:38:00,25.25,35.95,1798,29.6,81,5.573,10.7,0.0165,2397.6,0.0526,0,Normal
2020-01-02 01:39:00,25.35,36.05,1449,46.4,83,7.041,10.7,0.032,3851.2,0.0539,0,Normal
2020-01-02 01:40:00,25.25,35.95,1525,39.3,86,6.276,10.7,0.0258,3379.8,0.0558,0,Normal
2020-01-02 01:41:00,25.25,35.85,2304,15.1,89,3.643,10.6,0.0066,1343.9,0.0577,0,Normal
2020-01-02 01:42:00,25.15,35.75,1379,54.7,91,7.899,10.6,0.0397,4977.7,0.059,0,Normal
2020-01-02 01:43:00,25.25,35.75,1628,34.9,93,5.95,10.5,0.0214,3245.7,0.0602,0,Normal
2020-01-02 01:44:00,25.25,35.85,1474,52.7,95,8.135,10.6,0.0358,5006.5,0.0615,0,Normal
2020-01-02 01:45:00,25.25,35.85,1544,38.8,97,6.273,10.6,0.0251,3763.6,0.0627,0,Normal
2020-01-02 01:46:00,25.25,35.75,1391,48.4,100,7.05,10.5,0.0348,4840.0,0.0646,0,Normal
2020-01-02 01:47:00,25.15,35.75,1348,55.5,102,7.835,10.6,0.0412,5661.0,0.0659,0,Normal
2020-01-02 01:48:00,25.15,35.65,1349,52.1,104,7.36,10.5,0.0386,5418.4,0.0671,0,Normal
2020-01-02 01:49:00,25.25,35.75,1706,29.5,107,5.27,10.5,0.0173,3156.5,0.069,0,Normal
2020-01-02 01:50:00,25.25,35.75,1638,32.4,109,5.558,10.5,0.0198,3531.6,0.0703,0,Normal
2020-01-02 01:51:00,25.25,35.65,1458,40.1,111,6.123,10.4,0.0275,4451.1,0.0715,0,Normal
2020-01-02 01:52:00,25.35,35.75,1781,27.8,113,5.185,10.4,0.0156,3141.4,0.0728,0,Normal
2020-01-02 01:53:00,25.35,35.65,1332,59.1,115,8.244,10.3,0.0444,6796.5,0.074,0,Normal
2020-01-02 01:54:00,25.25,35.55,1584,31.7,117,5.258,10.3,0.02,3708.9,0.0752,0,Normal
2020-01-02 01:55:00,25.25,35.45,1491,42.0,120,6.558,10.2,0.0282,5040.0,0.0771,0,Normal
2020-01-02 01:56:00,25.25,35.35,1398,47.1,122,6.895,10.1,0.0337,5746.2,0.0784,0,Normal
2020-01-02 01:57:00,25.15,35.25,1585,30.6,127,5.079,10.1,0.0193,3886.2,0.0815,0,Normal
2020-01-02 01:58:00,25.05,35.15,1476,43.5,129,6.724,10.1,0.0295,5611.5,0.0827,0,Normal
2020-01-02 01:59:00,25.05,35.15,1458,41.8,132,6.382,10.1,0.0287,5517.6,0.0846,0,Normal
2020-01-02 02:00:00,25.05,35.25,1510,39.9,134,6.309,10.2,0.0264,5346.6,0.0858,0,Normal
2020-01-02 02:01:00,25.05,35.25,1388,53.8,137,7.82,10.2,0.0388,7370.6,0.0877,0,Normal
2020-01-02 02:02:00,25.05,35.15,2216,16.8,139,3.899,10.1,0.0076,2335.2,0.0889,0,Normal
2020-01-02 02:03:00,25.05,35.15,1402,51.0,141,7.488,10.1,0.0364,7191.0,0.0902,0,Normal
2020-01-02 02:04:00,24.85,35.05,2090,19.0,143,4.158,10.2,0.0091,2717.0,0.0914,0,Normal
2020-01-02 02:05:00,24.85,35.05,1459,42.1,146,6.432,10.2,0.0289,6146.6,0.0932,0,Normal
2020-01-02 02:06:00,24.85,34.95,1403,44.8,148,6.582,10.1,0.0319,6630.4,0.0944,0,Normal
2020-01-02 02:07:00,24.95,35.05,1521,39.3,151,6.26,10.1,0.0258,5934.3,0.0963,0,Normal
2020-01-02 02:08:00,25.05,35.05,1407,47.1,153,6.94,10.0,0.0335,7206.3,0.0975,0,Normal
2020-01-02 02:09:00,24.95,35.05,1654,35.3,155,6.114,10.1,0.0213,5471.5,0.0987,0,Normal
2020-01-02 02:10:00,25.05,35.25,1452,43.5,158,6.614,10.2,0.03,6873.0,0.1006,0,Normal
2020-01-02 02:11:00,25.15,35.25,1528,37.3,160,5.968,10.1,0.0244,5968.0,0.1018,0,Normal
2020-01-02 02:12:00,25.05,35.15,1230,59.6,162,7.677,10.1,0.0485,9655.2,0.103,0,Normal
2020-01-02 02:13:00,25.05,35.05,1466,42.4,164,6.509,10.0,0.0289,6953.6,0.1042,0,Normal
2020-01-02 02:14:00,25.05,35.05,1478,50.1,166,7.754,10.0,0.0339,8316.6,0.1054,0,Normal
2020-01-02 02:15:00,25.05,35.15,2057,18.0,168,3.877,10.1,0.0088,3024.0,0.1066,0,Normal
2020-01-02 02:16:00,25.15,35.25,1490,41.7,170,6.507,10.1,0.028,7089.0,0.1078,0,Normal
2020-01-02 02:17:00,25.15,35.25,1484,43.4,172,6.745,10.1,0.0292,7464.8,0.109,0,Normal
2020-01-02 02:18:00,25.15,35.25,1593,37.0,174,6.172,10.1,0.0232,6438.0,0.1102,0,Normal
2020-01-02 02:19:00,25.15,35.15,1444,43.8,176,6.623,10.0,0.0303,7708.8,0.1114,0,Normal
2020-01-02 02:20:00,25.15,35.25,1444,47.5,178,7.183,10.1,0.0329,8455.0,0.1126,0,Normal
2020-01-02 02:21:00,25.05,35.15,1560,33.0,181,5.391,10.1,0.0212,5973.0,0.1144,0,Normal
2020-01-02 02:22:00,24.95,35.15,1530,42.0,184,6.729,10.2,0.0275,7728.0,0.1162,0,Normal
2020-01-02 02:23:00,25.05,35.25,1310,61.0,189,8.368,10.2,0.0466,11529.0,0.1193,1,Overstrain_Failure
2020-01-02 02:24:00,25.05,35.15,1639,33.3,191,5.715,10.1,0.0203,6360.3,0.1205,0,Normal
2020-01-02 02:25:00,25.05,35.15,1400,48.7,194,7.14,10.1,0.0348,9447.8,0.1223,0,Normal
2020-01-02 02:26:00,25.15,35.25,1486,44.2,196,6.878,10.1,0.0297,8663.2,0.1235,0,Normal
2020-01-02 02:27:00,25.05,35.15,1448,43.3,199,6.566,10.1,0.0299,8616.7,0.1253,0,Normal
2020-01-02 02:28:00,25.05,35.15,1688,32.0,202,5.657,10.1,0.019,6464.0,0.1271,0,Normal
2020-01-02 02:29:00,24.95,35.15,1453,41.5,204,6.315,10.2,0.0286,8466.0,0.1283,0,Normal
2020-01-02 02:30:00,25.05,35.25,1497,37.7,207,5.91,10.2,0.0252,7803.9,0.1301,0,Normal
2020-01-02 02:31:00,25.05,35.25,1355,49.4,209,7.01,10.2,0.0365,10324.6,0.1313,0,Normal
2020-01-02 02:32:00,24.95,35.25,1592,38.2,211,6.368,10.3,0.024,8060.2,0.1325,0,Normal
2020-01-02 02:33:00,24.85,35.15,1544,34.7,213,5.611,10.3,0.0225,7391.1,0.1336,0,Normal
2020-01-02 02:34:00,24.85,35.05,1373,51.2,215,7.362,10.2,0.0373,11008.0,0.1348,0,Normal
2020-01-02 02:35:00,24.85,35.05,1365,52.9,218,7.562,10.2,0.0388,11532.2,0.1366,1,Overstrain_Failure
2020-01-02 02:36:00,24.85,34.95,1877,24.3,0,4.776,10.1,0.0129,0.0,0.0,0,Normal
2020-01-02 02:37:00,24.75,34.95,1531,40.8,2,6.541,10.2,0.0266,81.6,0.0013,0,Normal
2020-01-02 02:38:00,24.75,34.85,1501,36.7,4,5.769,10.1,0.0245,146.8,0.0025,0,Normal
2020-01-02 02:39:00,24.75,34.85,1490,46.2,6,7.209,10.1,0.031,277.2,0.0038,0,Normal
2020-01-02 02:40:00,24.65,34.65,1543,43.7,8,7.061,10.0,0.0283,349.6,0.005,0,Normal
2020-01-02 02:41:00,24.65,34.65,1597,38.2,11,6.388,10.0,0.0239,420.2,0.0069,0,Normal
2020-01-02 02:42:00,24.65,34.75,1600,33.5,13,5.613,10.1,0.0209,435.5,0.0081,0,Normal
2020-01-02 02:43:00,24.65,34.65,1622,32.1,18,5.452,10.0,0.0198,577.8,0.0112,0,Normal
2020-01-02 02:44:00,24.65,34.65,1452,39.8,21,6.052,10.0,0.0274,835.8,0.0131,0,Normal
2020-01-02 02:45:00,24.65,34.65,1396,42.5,23,6.213,10.0,0.0304,977.5,0.0143,0,Normal
2020-01-02 02:46:00,24.65,34.55,1505,39.7,25,6.257,9.9,0.0264,992.5,0.0156,0,Normal
2020-01-02 02:47:00,24.65,34.65,1412,48.3,27,7.142,10.0,0.0342,1304.1,0.0168,0,Normal
2020-01-02 02:48:00,24.65,34.55,1393,38.0,29,5.543,9.9,0.0273,1102.0,0.018,0,Normal
2020-01-02 02:49:00,24.55,34.55,1581,34.9,31,5.778,10.0,0.0221,1081.9,0.0193,0,Normal
2020-01-02 02:50:00,24.65,34.65,1573,37.9,33,6.243,10.0,0.0241,1250.7,0.0205,0,Normal
2020-01-02 02:51:00,24.65,34.75,1726,27.3,35,4.934,10.1,0.0158,955.5,0.0217,0,Normal
2020-01-02 02:52:00,24.75,34.75,1540,39.8,38,6.418,10.0,0.0258,1512.4,0.0236,0,Normal
2020-01-02 02:53:00,24.75,34.85,1296,62.9,41,8.537,10.1,0.0485,2578.9,0.0254,0,Normal
2020-01-02 02:54:00,24.65,34.75,1802,25.8,43,4.869,10.1,0.0143,1109.4,0.0266,0,Normal
2020-01-02 02:55:00,24.65,34.75,1447,48.6,46,7.364,10.1,0.0336,2235.6,0.0285,0,Normal
2020-01-02 02:56:00,24.65,34.65,1662,30.7,48,5.343,10.0,0.0185,1473.6,0.0297,0,Normal
2020-01-02 02:57:00,24.65,34.65,1563,34.3,53,5.614,10.0,0.0219,1817.9,0.0328,0,Normal
2020-01-02 02:58:00,24.75,34.65,1286,59.5,55,8.013,9.9,0.0463,3272.5,0.034,0,Normal
2020-01-02 02:59:00,24.75,34.55,1590,34.6,57,5.761,9.8,0.0218,1972.2,0.0352,0,Normal
2020-01-02 03:00:00,24.75,34.55,1492,43.7,59,6.828,9.8,0.0293,2578.3,0.0364,0,Normal
2020-01-02 03:01:00,24.55,34.45,1844,21.9,61,4.229,9.9,0.0119,1335.9,0.0376,0,Normal
2020-01-02 03:02:00,24.55,34.45,1538,38.3,63,6.169,9.9,0.0249,2412.9,0.0388,0,Normal
2020-01-02 03:03:00,24.55,34.45,1921,22.9,68,4.607,9.9,0.0119,1557.2,0.0419,0,Normal
2020-01-02 03:04:00,24.65,34.65,1310,57.9,70,7.943,10.0,0.0442,4053.0,0.0431,0,Normal
2020-01-02 03:05:00,24.75,34.65,1365,46.9,73,6.704,9.9,0.0344,3423.7,0.0449,0,Normal
2020-01-02 03:06:00,24.75,34.65,1303,59.3,75,8.091,9.9,0.0455,4447.5,0.0461,0,Normal
2020-01-02 03:07:00,24.75,34.65,1499,37.5,78,5.887,9.9,0.025,2925.0,0.0479,0,Normal
2020-01-02 03:08:00,24.75,34.65,1451,38.2,80,5.804,9.9,0.0263,3056.0,0.0491,0,Normal
2020-01-02 03:09:00,24.75,34.75,1336,54.4,82,7.611,10.0,0.0407,4460.8,0.0503,0,Normal
2020-01-02 03:10:00,24.75,34.75,1412,44.5,85,6.58,10.0,0.0315,3782.5,0.0521,0,Normal
2020-01-02 03:11:00,24.85,34.85,1433,39.2,87,5.882,10.0,0.0274,3410.4,0.0533,0,Normal
2020-01-02 03:12:00,24.75,34.75,1426,43.6,89,6.511,10.0,0.0306,3880.4,0.0545,0,Normal
2020-01-02 03:13:00,24.75,34.75,1476,45.2,91,6.986,10.0,0.0306,4113.2,0.0557,0,Normal
2020-01-02 03:14:00,24.75,34.75,1406,58.5,93,8.613,10.0,0.0416,5440.5,0.0569,0,Normal
2020-01-02 03:15:00,24.65,34.65,1383,56.5,98,8.183,10.0,0.0409,5537.0,0.0599,0,Normal
2020-01-02 03:16:00,24.75,34.65,1505,37.3,100,5.879,9.9,0.0248,3730.0,0.0611,0,Normal
2020-01-02 03:17:00,24.75,34.65,1665,33.9,102,5.911,9.9,0.0204,3457.8,0.0623,0,Normal
2020-01-02 03:18:00,24.75,34.65,1397,45.0,104,6.583,9.9,0.0322,4680.0,0.0635,0,Normal
2020-01-02 03:19:00,24.75,34.65,1450,43.5,106,6.605,9.9,0.03,4611.0,0.0646,0,Normal
2020-01-02 03:20:00,24.85,34.65,1567,36.4,109,5.973,9.8,0.0232,3967.6,0.0664,0,Normal
2020-01-02 03:21:00,24.85,34.85,1555,37.0,111,6.025,10.0,0.0238,4107.0,0.0676,0,Normal
2020-01-02 03:22:00,24.85,34.65,1588,35.4,114,5.887,9.8,0.0223,4035.6,0.0694,0,Normal
2020-01-02 03:23:00,24.85,34.65,1453,37.7,119,5.736,9.8,0.0259,4486.3,0.0724,0,Normal
2020-01-02 03:24:00,24.85,34.65,1622,33.3,121,5.656,9.8,0.0205,4029.3,0.0736,0,Normal
2020-01-02 03:25:00,24.75,34.65,1538,38.5,123,6.201,9.9,0.025,4735.5,0.0747,0,Normal
2020-01-02 03:26:00,24.75,34.55,1527,42.8,125,6.844,9.8,0.028,5350.0,0.0759,0,Normal
2020-01-02 03:27:00,24.65,34.65,1761,28.9,128,5.329,10.0,0.0164,3699.2,0.0777,0,Normal
2020-01-02 03:28:00,24.75,34.65,1373,50.2,130,7.218,9.9,0.0366,6526.0,0.0788,0,Normal
2020-01-02 03:29:00,24.85,34.75,1482,37.8,132,5.866,9.9,0.0255,4989.6,0.08,0,Normal
2020-01-02 03:30:00,24.85,34.75,1417,51.0,137,7.568,9.9,0.036,6987.0,0.083,0,Normal
2020-01-02 03:31:00,24.85,34.65,1414,51.7,140,7.655,9.8,0.0366,7238.0,0.0847,0,Normal
2020-01-02 03:32:00,24.75,34.65,1635,34.0,142,5.821,9.9,0.0208,4828.0,0.0859,0,Normal
2020-01-02 03:33:00,24.85,34.65,1386,57.3,147,8.317,9.8,0.0413,8423.1,0.0889,0,Normal
2020-01-02 03:34:00,25.05,34.95,1379,62.3,149,8.997,9.9,0.0452,9282.7,0.09,0,Normal
2020-01-02 03:35:00,25.05,34.85,1577,35.9,151,5.929,9.8,0.0228,5420.9,0.0912,0,Normal
2020-01-02 03:36:00,25.05,34.95,1532,42.5,154,6.818,9.9,0.0277,6545.0,0.0929,0,Normal
2020-01-02 03:37:00,24.95,34.85,1374,48.8,156,7.022,9.9,0.0355,7612.8,0.0941,0,Normal
2020-01-02 03:38:00,24.95,34.85,1570,35.3,159,5.804,9.9,0.0225,5612.7,0.0958,0,Normal
2020-01-02 03:39:00,24.95,34.85,1697,31.0,164,5.509,9.9,0.0183,5084.0,0.0988,0,Normal
2020-01-02 03:40:00,25.05,34.85,1499,44.1,166,6.923,9.8,0.0294,7320.6,0.0999,0,Normal
2020-01-02 03:41:00,25.05,34.85,1411,47.2,168,6.974,9.8,0.0335,7929.6,0.1011,0,Normal
2020-01-02 03:42:00,25.05,34.75,1462,45.5,171,6.966,9.7,0.0311,7780.5,0.1028,0,Normal
2020-01-02 03:43:00,24.95,34.75,1759,28.6,176,5.268,9.8,0.0163,5033.6,0.1058,0,Normal
2020-01-02 03:44:00,25.05,34.85,1535,38.0,179,6.108,9.8,0.0248,6802.0,0.1075,0,Normal
2020-01-02 03:45:00,25.05,34.75,1491,39.7,181,6.199,9.7,0.0266,7185.7,0.1086,0,Normal
2020-01-02 03:46:00,25.05,34.75,1551,36.0,186,5.847,9.7,0.0232,6696.0,0.1116,0,Normal
2020-01-02 03:47:00,25.05,34.75,1769,27.2,188,5.039,9.7,0.0154,5113.6,0.1127,0,Normal
2020-01-02 03:48:00,25.05,34.75,1551,34.1,190,5.539,9.7,0.022,6479.0,0.1138,0,Normal
2020-01-02 03:49:00,25.05,34.75,1544,31.4,192,5.077,9.7,0.0203,6028.8,0.115,0,Normal
2020-01-02 03:50:00,25.05,34.65,1528,31.1,194,4.976,9.6,0.0204,6033.4,0.1161,0,Normal
2020-01-02 03:51:00,24.95,34.75,1614,35.8,196,6.051,9.8,0.0222,7016.8,0.1172,0,Normal
2020-01-02 03:52:00,24.95,34.65,1432,49.8,198,7.468,9.7,0.0348,9860.4,0.1184,0,Normal
2020-01-02 03:53:00,24.95,34.65,1384,43.7,200,6.334,9.7,0.0316,8740.0,0.1195,0,Normal
2020-01-02 03:54:00,24.95,34.65,1540,37.8,203,6.096,9.7,0.0245,7673.4,0.1212,0,Normal
2020-01-02 03:55:00,24.85,34.55,1407,43.9,205,6.468,9.7,0.0312,8999.5,0.1223,0,Normal
2020-01-02 03:56:00,24.75,34.45,1418,43.0,207,6.385,9.7,0.0303,8901.0,0.1234,0,Normal
2020-01-02 03:57:00,24.75,34.35,1647,30.8,212,5.312,9.6,0.0187,6529.6,0.1263,0,Normal
2020-01-02 03:58:00,24.85,34.35,1644,32.8,215,5.647,9.5,0.02,7052.0,0.1281,0,Normal
2020-01-02 03:59:00,24.85,34.35,1792,27.9,217,5.236,9.5,0.0156,6054.3,0.1292,0,Normal
2020-01-02 04:00:00,24.75,34.25,1610,34.6,219,5.834,9.5,0.0215,7577.4,0.1303,0,Normal
2020-01-02 04:01:00,24.65,34.15,1804,26.0,222,4.912,9.5,0.0144,5772.0,0.132,0,Normal
2020-01-02 04:02:00,24.75,34.25,1604,36.1,225,6.064,9.5,0.0225,8122.5,0.1337,1,Tool_Wear_Failure
2020-01-02 04:03:00,24.75,34.25,1403,52.8,0,7.757,9.5,0.0376,0.0,0.0,0,Normal
2020-01-02 04:04:00,24.65,34.15,1438,44.5,3,6.701,9.5,0.0309,133.5,0.0018,0,Normal
2020-01-02 04:05:00,24.75,34.15,1824,26.3,5,5.024,9.4,0.0144,131.5,0.003,0,Normal
2020-01-02 04:06:00,24.75,34.15,1663,28.7,7,4.998,9.4,0.0173,200.9,0.0041,0,Normal
2020-01-02 04:07:00,24.75,34.15,1502,36.7,12,5.773,9.4,0.0244,440.4,0.0071,0,Normal
2020-01-02 04:08:00,24.75,34.25,1606,35.5,14,5.97,9.5,0.0221,497.0,0.0083,0,Normal
2020-01-02 04:09:00,24.75,34.35,1561,37.7,16,6.163,9.6,0.0242,603.2,0.0095,0,Normal
2020-01-02 04:10:00,24.75,34.25,1435,42.9,18,6.447,9.5,0.0299,772.2,0.0106,0,Normal
2020-01-02 04:11:00,24.75,34.35,1602,38.3,21,6.425,9.6,0.0239,804.3,0.0124,0,Normal
2020-01-02 04:12:00,24.95,34.45,1764,27.7,23,5.117,9.5,0.0157,637.1,0.0136,0,Normal
2020-01-02 04:13:00,24.85,34.35,1683,27.8,26,4.9,9.5,0.0165,722.8,0.0153,0,Normal
2020-01-02 04:14:00,24.85,34.35,1618,35.2,31,5.964,9.5,0.0218,1091.2,0.0183,0,Normal
2020-01-02 04:15:00,24.85,34.45,1509,41.6,33,6.574,9.6,0.0276,1372.8,0.0195,0,Normal
2020-01-02 04:16:00,24.75,34.45,1550,39.0,35,6.33,9.7,0.0252,1365.0,0.0206,0,Normal
2020-01-02 04:17:00,24.75,34.45,1519,44.0,37,6.999,9.7,0.029,1628.0,0.0218,0,Normal
2020-01-02 04:18:00,24.75,34.45,1481,38.0,40,5.893,9.7,0.0257,1520.0,0.0235,0,Normal
2020-01-02 04:19:00,24.95,34.55,1289,48.3,42,6.52,9.6,0.0375,2028.6,0.0247,0,Normal
2020-01-02 04:20:00,24.85,34.45,1844,23.8,44,4.596,9.6,0.0129,1047.2,0.0259,0,Normal
2020-01-02 04:21:00,24.85,34.55,1479,42.5,47,6.582,9.7,0.0287,1997.5,0.0276,0,Normal
2020-01-02 04:22:00,24.85,34.55,1430,47.3,49,7.083,9.7,0.0331,2317.7,0.0288,0,Normal
2020-01-02 04:23:00,24.95,34.65,1636,36.7,51,6.287,9.7,0.0224,1871.7,0.0299,0,Normal
2020-01-02 04:24:00,24.95,34.65,1503,44.7,54,7.036,9.7,0.0297,2413.8,0.0317,0,Normal
2020-01-02 04:25:00,24.95,34.65,1608,32.6,57,5.489,9.7,0.0203,1858.2,0.0334,0,Normal
2020-01-02 04:26:00,25.05,34.65,1521,42.9,60,6.833,9.6,0.0282,2574.0,0.0351,0,Normal
2020-01-02 04:27:00,25.05,34.65,1439,41.6,62,6.269,9.6,0.0289,2579.2,0.0363,0,Normal
2020-01-02 04:28:00,25.05,34.65,1627,31.5,64,5.367,9.6,0.0194,2016.0,0.0374,0,Normal
2020-01-02 04:29:00,25.05,34.65,1749,26.1,66,4.78,9.6,0.0149,1722.6,0.0386,0,Normal
2020-01-02 04:30:00,25.05,34.65,1530,35.9,68,5.752,9.6,0.0235,2441.2,0.0397,0,Normal
2020-01-02 04:31:00,25.05,34.65,1355,51.3,70,7.279,9.6,0.0379,3591.0,0.0409,0,Normal
2020-01-02 04:32:00,25.15,34.75,1551,33.8,72,5.49,9.6,0.0218,2433.6,0.042,0,Normal
2020-01-02 04:33:00,25.05,34.65,1515,46.7,74,7.409,9.6,0.0308,3455.8,0.0432,0,Normal
2020-01-02 04:34:00,25.05,34.65,1388,48.6,76,7.064,9.6,0.035,3693.6,0.0443,0,Normal
2020-01-02 04:35:00,25.05,34.65,1585,34.6,78,5.743,9.6,0.0218,2698.8,0.0455,0,Normal
2020-01-02 04:36:00,24.95,34.55,1523,37.7,80,6.013,9.6,0.0248,3016.0,0.0466,0,Normal
2020-01-02 04:37:00,25.05,34.45,1369,54.5,82,7.813,9.4,0.0398,4469.0,0.0477,0,Normal
2020-01-02 04:38:00,25.05,34.55,1681,31.0,84,5.457,9.5,0.0184,2604.0,0.0489,0,Normal
2020-01-02 04:39:00,25.05,34.55,1503,38.3,87,6.028,9.5,0.0255,3332.1,0.0506,0,Normal
2020-01-02 04:40:00,25.05,34.55,1459,44.5,89,6.799,9.5,0.0305,3960.5,0.0517,0,Normal
2020-01-02 04:41:00,25.05,34.55,1688,32.4,91,5.727,9.5,0.0192,2948.4,0.0528,0,Normal
2020-01-02 04:42:00,25.05,34.55,1952,21.6,93,4.415,9.5,0.0111,2008.8,0.054,0,Normal
2020-01-02 04:43:00,25.05,34.65,2029,19.9,96,4.228,9.6,0.0098,1910.4,0.0557,0,Normal
2020-01-02 04:44:00,25.15,34.65,1457,52.5,98,8.01,9.5,0.036,5145.0,0.0568,0,Normal
2020-01-02 04:45:00,25.15,34.65,1392,50.4,101,7.347,9.5,0.0362,5090.4,0.0585,0,Normal
2020-01-02 04:46:00,25.15,34.65,1906,22.1,104,4.411,9.5,0.0116,2298.4,0.0602,0,Normal
2020-01-02 04:47:00,25.15,34.55,1602,33.4,106,5.603,9.4,0.0208,3540.4,0.0613,0,Normal
2020-01-02 04:48:00,25.15,34.55,1465,49.4,109,7.579,9.4,0.0337,5384.6,0.063,0,Normal
2020-01-02 04:49:00,25.15,34.55,1439,43.8,111,6.6,9.4,0.0304,4861.8,0.0642,0,Normal
2020-01-02 04:50:00,25.15,34.65,1330,55.4,114,7.716,9.5,0.0417,6315.6,0.0659,0,Normal
2020-01-02 04:51:00,25.15,34.75,1485,42.0,117,6.531,9.6,0.0283,4914.0,0.0676,0,Normal
2020-01-02 04:52:00,25.25,34.75,1700,28.2,120,5.02,9.5,0.0166,3384.0,0.0692,0,Normal
2020-01-02 04:53:00,25.25,34.85,1515,42.8,125,6.79,9.6,0.0283,5350.0,0.0721,0,Normal
2020-01-02 04:54:00,25.35,34.95,1501,39.2,127,6.162,9.6,0.0261,4978.4,0.0732,0,Normal
2020-01-02 04:55:00,25.25,34.85,1380,47.6,130,6.879,9.6,0.0345,6188.0,0.0749,0,Normal
2020-01-02 04:56:00,25.25,34.75,1544,35.9,132,5.805,9.5,0.0233,4738.8,0.076,0,Normal
2020-01-02 04:57:00,25.25,34.75,1743,27.3,134,4.983,9.5,0.0157,3658.2,0.0771,0,Normal
2020-01-02 04:58:00,25.25,34.75,1948,21.4,136,4.365,9.5,0.011,2910.4,0.0782,0,Normal
2020-01-02 04:59:00,25.35,34.75,1260,54.2,141,7.152,9.4,0.043,7642.2,0.081,0,Normal
2020-01-02 05:00:00,25.35,34.75,1640,33.1,146,5.685,9.4,0.0202,4832.6,0.0839,0,Normal
2020-01-02 05:01:00,25.35,34.85,1363,49.2,149,7.022,9.5,0.0361,7330.8,0.0855,0,Normal
2020-01-02 05:02:00,25.35,34.85,1379,49.6,152,7.163,9.5,0.036,7539.2,0.0872,0,Normal
2020-01-02 05:03:00,25.35,34.85,1713,25.8,154,4.628,9.5,0.0151,3973.2,0.0883,0,Normal
2020-01-02 05:04:00,25.35,34.85,1461,51.9,157,7.94,9.5,0.0355,8148.3,0.09,0,Normal
2020-01-02 05:05:00,25.35,34.85,1624,29.8,160,5.068,9.5,0.0183,4768.0,0.0916,0,Normal
2020-01-02 05:06:00,25.25,34.85,1526,41.1,162,6.568,9.6,0.0269,6658.2,0.0927,0,Normal
2020-01-02 05:07:00,25.25,34.75,2381,14.2,164,3.541,9.5,0.006,2328.8,0.0938,0,Normal
2020-01-02 05:08:00,25.25,34.55,1626,31.1,166,5.296,9.3,0.0191,5162.6,0.0949,0,Normal
2020-01-02 05:09:00,25.15,34.55,1576,33.8,171,5.578,9.4,0.0214,5779.8,0.0977,0,Normal
2020-01-02 05:10:00,25.25,34.65,1617,31.6,173,5.351,9.4,0.0195,5466.8,0.0988,0,Normal
2020-01-02 05:11:00,25.15,34.45,1942,20.6,176,4.189,9.3,0.0106,3625.6,0.1005,0,Normal
2020-01-02 05:12:00,25.05,34.45,1492,37.2,178,5.812,9.4,0.0249,6621.6,0.1015,0,Normal
2020-01-02 05:13:00,25.05,34.35,1470,51.3,180,7.897,9.3,0.0349,9234.0,0.1026,0,Normal
2020-01-02 05:14:00,24.85,34.25,1463,46.5,182,7.124,9.4,0.0318,8463.0,0.1037,0,Normal
2020-01-02 05:15:00,24.85,34.15,1424,46.5,185,6.934,9.3,0.0327,8602.5,0.1054,0,Normal
2020-01-02 05:16:00,24.95,34.25,1363,60.1,187,8.578,9.3,0.0441,11238.7,0.1064,0,Normal
2020-01-02 05:17:00,24.95,34.25,1335,56.2,190,7.857,9.3,0.0421,10678.0,0.1081,0,Normal
2020-01-02 05:18:00,24.95,34.25,1608,33.9,193,5.708,9.3,0.0211,6542.7,0.1097,0,Normal
2020-01-02 05:19:00,24.85,34.25,1606,35.2,195,5.92,9.4,0.0219,6864.0,0.1108,0,Normal
2020-01-02 05:20:00,24.95,34.35,1684,33.1,200,5.837,9.4,0.0197,6620.0,0.1136,0,Normal
2020-01-02 05:21:00,24.95,34.45,1950,20.3,202,4.145,9.5,0.0104,4100.6,0.1146,0,Normal
2020-01-02 05:22:00,25.05,34.45,1460,48.6,204,7.43,9.4,0.0333,9914.4,0.1157,0,Normal
2020-01-02 05:23:00,25.05,34.45,1511,31.0,209,4.905,9.4,0.0205,6479.0,0.1185,1,Tool_Wear_Failure
2020-01-02 05:24:00,25.05,34.45,1318,55.7,0,7.688,9.4,0.0423,0.0,0.0,0,Normal
2020-01-02 05:25:00,25.05,34.45,1368,51.8,5,7.421,9.4,0.0379,259.0,0.0028,0,Normal
2020-01-02 05:26:00,25.15,34.55,1717,27.1,7,4.873,9.4,0.0158,189.7,0.004,0,Normal
2020-01-02 05:27:00,25.15,34.55,1520,41.4,10,6.59,9.4,0.0272,414.0,0.0057,0,Normal
2020-01-02 05:28:00,25.15,34.65,1485,42.0,13,6.531,9.5,0.0283,546.0,0.0073,0,Normal
2020-01-02 05:29:00,25.25,34.75,1981,23.2,16,4.813,9.5,0.0117,371.2,0.009,0,Normal
2020-01-02 05:30:00,25.25,34.75,1605,31.0,18,5.21,9.5,0.0193,558.0,0.0102,0,Normal
2020-01-02 05:31:00,25.25,34.75,1446,45.3,23,6.86,9.5,0.0313,1041.9,0.013,0,Normal
2020-01-02 05:32:00,25.25,34.85,1508,47.9,25,7.564,9.6,0.0318,1197.5,0.0141,0,Normal
2020-01-02 05:33:00,25.35,34.85,1384,59.5,27,8.623,9.5,0.043,1606.5,0.0152,0,Normal
2020-01-02 05:34:00,25.35,34.85,1519,37.3,29,5.933,9.5,0.0246,1081.7,0.0163,0,Normal
2020-01-02 05:35:00,25.35,34.85,1404,48.1,32,7.072,9.5,0.0343,1539.2,0.018,0,Normal
2020-01-02 05:36:00,25.35,34.95,1564,31.1,34,5.094,9.6,0.0199,1057.4,0.0191,0,Normal
2020-01-02 05:37:00,25.45,35.05,1555,36.8,36,5.992,9.6,0.0237,1324.8,0.0202,0,Normal
2020-01-02 05:38:00,25.45,35.05,1325,54.0,41,7.493,9.6,0.0408,2214.0,0.023,0,Normal
2020-01-02 05:39:00,25.45,35.05,1488,44.0,43,6.856,9.6,0.0296,1892.0,0.0242,0,Normal
2020-01-02 05:40:00,25.35,35.05,1595,32.3,46,5.395,9.7,0.0203,1485.8,0.0258,0,Normal
2020-01-02 05:41:00,25.35,34.95,1662,28.6,48,4.978,9.6,0.0172,1372.8,0.0269,0,Normal
2020-01-02 05:42:00,25.25,34.85,1571,37.4,50,6.153,9.6,0.0238,1870.0,0.028,0,Normal
2020-01-02 05:43:00,25.15,34.85,1553,41.0,52,6.668,9.7,0.0264,2132.0,0.0291,0,Normal
2020-01-02 05:44:00,25.15,34.85,2886,3.8,57,1.148,9.7,0.0013,216.6,0.0319,1,Power_Failure
2020-01-02 05:45:00,25.05,34.85,1538,38.2,59,6.152,9.8,0.0248,2253.8,0.033,0,Normal
2020-01-02 05:46:00,25.25,35.05,1618,33.0,61,5.591,9.8,0.0204,2013.0,0.0341,0,Normal
2020-01-02 05:47:00,25.25,35.05,1364,45.9,63,6.556,9.8,0.0337,2891.7,0.0352,0,Normal
2020-01-02 05:48:00,25.15,34.85,1442,47.3,65,7.143,9.7,0.0328,3074.5,0.0363,0,Normal
2020-01-02 05:49:00,25.05,34.75,1313,67.3,67,9.254,9.7,0.0513,4509.1,0.0374,1,Power_Failure
2020-01-02 05:50:00,25.05,34.75,1847,23.6,69,4.565,9.7,0.0128,1628.4,0.0385,0,Normal
2020-01-02 05:51:00,24.95,34.65,1524,40.8,71,6.511,9.7,0.0268,2896.8,0.0396,0,Normal
2020-01-02 05:52:00,24.95,34.55,1445,48.0,73,7.263,9.6,0.0332,3504.0,0.0407,0,Normal
2020-01-02 05:53:00,24.95,34.65,1761,28.2,76,5.2,9.7,0.016,2143.2,0.0424,0,Normal
2020-01-02 05:54:00,24.95,34.65,1514,43.5,78,6.897,9.7,0.0287,3393.0,0.0435,0,Normal
2020-01-02 05:55:00,24.95,34.55,1498,38.3,81,6.008,9.6,0.0256,3102.3,0.0451,0,Normal
2020-01-02 05:56:00,24.95,34.45,1542,37.1,84,5.991,9.5,0.0241,3116.4,0.0467,0,Normal
2020-01-02 05:57:00,24.85,34.45,1508,41.8,89,6.601,9.6,0.0277,3720.2,0.0495,0,Normal
2020-01-02 05:58:00,24.85,34.35,1431,52.9,92,7.927,9.5,0.037,4866.8,0.0511,0,Normal
2020-01-02 05:59:00,24.85,34.35,1427,45.1,95,6.74,9.5,0.0316,4284.5,0.0528,0,Normal
2020-01-02 06:00:00,24.85,34.35,1524,36.3,98,5.793,9.5,0.0238,3557.4,0.0544,0,Normal
2020-01-02 06:01:00,24.85,34.35,1427,43.6,101,6.515,9.5,0.0306,4403.6,0.056,0,Normal
2020-01-02 06:02:00,24.95,34.45,1496,44.1,104,6.909,9.5,0.0295,4586.4,0.0577,0,Normal
2020-01-02 06:03:00,24.95,34.55,1388,40.3,109,5.858,9.6,0.029,4392.7,0.0604,0,Normal
2020-01-02 06:04:00,24.95,34.55,1495,48.1,111,7.53,9.6,0.0322,5339.1,0.0615,0,Normal
2020-01-02 06:05:00,24.95,34.55,1376,56.2,113,8.098,9.6,0.0408,6350.6,0.0626,0,Normal
2020-01-02 06:06:00,24.85,34.45,1593,32.2,118,5.372,9.6,0.0202,3799.6,0.0653,0,Normal
2020-01-02 06:07:00,24.85,34.45,1654,28.9,123,5.006,9.6,0.0175,3554.7,0.068,0,Normal
2020-01-02 06:08:00,24.95,34.55,2567,12.8,125,3.441,9.6,0.005,1600.0,0.0691,1,Power_Failure
2020-01-02 06:09:00,24.95,34.55,1767,27.0,127,4.996,9.6,0.0153,3429.0,0.0702,0,Normal
2020-01-02 06:10:00,24.95,34.45,1364,53.8,129,7.685,9.5,0.0394,6940.2,0.0712,0,Normal
2020-01-02 06:11:00,24.95,34.65,1569,31.2,131,5.126,9.7,0.0199,4087.2,0.0723,0,Normal
2020-01-02 06:12:00,25.05,34.65,1476,36.8,134,5.688,9.6,0.0249,4931.2,0.0739,0,Normal
2020-01-02 06:13:00,24.95,34.55,1479,45.0,136,6.97,9.6,0.0304,6120.0,0.075,0,Normal
2020-01-02 06:14:00,24.95,34.55,1650,34.1,138,5.892,9.6,0.0207,4705.8,0.076,0,Normal
2020-01-02 06:15:00,24.95,34.45,1565,36.3,140,5.949,9.5,0.0232,5082.0,0.0771,0,Normal
2020-01-02 06:16:00,24.95,34.45,1460,46.5,143,7.109,9.5,0.0318,6649.5,0.0787,0,Normal
2020-01-02 06:17:00,24.95,34.55,1664,27.6,145,4.809,9.6,0.0166,4002.0,0.0798,0,Normal
2020-01-02 06:18:00,24.95,34.55,1435,40.9,147,6.146,9.6,0.0285,6012.3,0.0808,0,Normal
2020-01-02 06:19:00,24.95,34.45,2066,19.2,150,4.154,9.5,0.0093,2880.0,0.0824,0,Normal
2020-01-02 06:20:00,24.95,34.35,1493,43.7,153,6.832,9.4,0.0293,6686.1,0.084,0,Normal
2020-01-02 06:21:00,24.95,34.45,1354,43.3,155,6.14,9.5,0.032,6711.5,0.0851,0,Normal
2020-01-02 06:22:00,24.95,34.45,1488,39.4,157,6.139,9.5,0.0265,6185.8,0.0861,0,Normal
2020-01-02 06:23:00,24.95,34.55,1414,48.7,159,7.211,9.6,0.0344,7743.3,0.0872,0,Normal
2020-01-02 06:24:00,24.95,34.35,1391,57.4,161,8.361,9.4,0.0413,9241.4,0.0882,0,Normal
2020-01-02 06:25:00,24.85,34.35,1784,27.8,163,5.194,9.5,0.0156,4531.4,0.0893,0,Normal
2020-01-02 06:26:00,24.65,34.15,1516,40.1,166,6.366,9.5,0.0265,6656.6,0.0909,0,Normal
2020-01-02 06:27:00,24.75,34.15,1420,47.8,171,7.108,9.4,0.0337,8173.8,0.0935,0,Normal
2020-01-02 06:28:00,24.65,34.05,1351,56.3,174,7.965,9.4,0.0417,9796.2,0.0951,0,Normal
2020-01-02 06:29:00,24.65,34.05,1880,23.0,176,4.528,9.4,0.0122,4048.0,0.0962,0,Normal
2020-01-02 06:30:00,24.65,34.15,1859,24.0,178,4.672,9.5,0.0129,4272.0,0.0972,0,Normal
2020-01-02 06:31:00,24.65,34.15,1315,54.0,180,7.436,9.5,0.0411,9720.0,0.0983,0,Normal
2020-01-02 06:32:00,24.65,34.25,1330,51.7,183,7.201,9.6,0.0389,9461.1,0.0998,0,Normal
2020-01-02 06:33:00,24.65,34.15,1327,61.0,186,8.477,9.5,0.046,11346.0,0.1014,1,Overstrain_Failure
2020-01-02 06:34:00,24.65,34.05,1498,38.1,188,5.977,9.4,0.0254,7162.8,0.1025,0,Normal
2020-01-02 06:35:00,24.65,34.15,1555,35.8,190,5.83,9.5,0.023,6802.0,0.1035,0,Normal
2020-01-02 06:36:00,24.55,34.05,1518,35.8,195,5.691,9.5,0.0236,6981.0,0.1062,0,Normal
2020-01-02 06:37:00,24.55,34.05,1392,43.0,197,6.268,9.5,0.0309,8471.0,0.1072,0,Normal
2020-01-02 06:38:00,24.65,34.05,1456,39.6,199,6.038,9.4,0.0272,7880.4,0.1082,0,Normal
2020-01-02 06:39:00,24.55,33.95,1715,30.2,0,5.424,9.4,0.0176,0.0,0.0,0,Normal
2020-01-02 06:40:00,24.55,34.05,1405,43.7,2,6.43,9.5,0.0311,87.4,0.0011,0,Normal
2020-01-02 06:41:00,24.55,34.05,1668,37.8,5,6.603,9.5,0.0227,189.0,0.0027,0,Normal
2020-01-02 06:42:00,24.55,33.95,1855,22.5,7,4.371,9.4,0.0121,157.5,0.0038,0,Normal
2020-01-02 06:43:00,24.45,33.95,1496,39.2,12,6.141,9.5,0.0262,470.4,0.0065,0,Normal
2020-01-02 06:44:00,24.45,33.95,1471,44.9,14,6.917,9.5,0.0305,628.6,0.0076,0,Normal
2020-01-02 06:45:00,24.55,34.05,1444,40.0,17,6.049,9.5,0.0277,680.0,0.0092,0,Normal
2020-01-02 06:46:00,24.55,34.15,1514,38.6,19,6.12,9.6,0.0255,733.4,0.0103,0,Normal
2020-01-02 06:47:00,24.65,34.15,1412,50.7,24,7.497,9.5,0.0359,1216.8,0.013,0,Normal
2020-01-02 06:48:00,24.55,34.05,1429,44.1,26,6.599,9.5,0.0309,1146.6,0.0141,0,Normal
2020-01-02 06:49:00,24.55,34.05,1668,32.7,31,5.712,9.5,0.0196,1013.7,0.0168,0,Normal
2020-01-02 06:50:00,24.55,34.05,1372,52.8,33,7.586,9.5,0.0385,1742.4,0.0178,0,Normal
2020-01-02 06:51:00,24.55,34.15,1365,49.2,36,7.033,9.6,0.036,1771.2,0.0194,0,Normal
2020-01-02 06:52:00,24.45,33.95,1526,39.1,39,6.248,9.5,0.0256,1524.9,0.021,0,Normal
2020-01-02 06:53:00,24.45,34.05,1486,40.6,42,6.318,9.6,0.0273,1705.2,0.0227,0,Normal
2020-01-02 06:54:00,24.45,34.05,1470,42.6,44,6.558,9.6,0.029,1874.4,0.0237,0,Normal
2020-01-02 06:55:00,24.55,34.15,1249,62.8,47,8.214,9.6,0.0503,2951.6,0.0253,0,Normal
2020-01-02 06:56:00,24.65,34.25,1752,26.1,52,4.789,9.6,0.0149,1357.2,0.028,0,Normal
2020-01-02 06:57:00,24.55,34.25,1643,36.5,55,6.28,9.7,0.0222,2007.5,0.0296,0,Normal
2020-01-02 06:58:00,24.65,34.25,1488,36.1,57,5.625,9.6,0.0243,2057.7,0.0307,0,Normal
2020-01-02 06:59:00,24.65,34.25,1355,45.8,60,6.499,9.6,0.0338,2748.0,0.0323,0,Normal
2020-01-02 07:00:00,24.65,34.45,1607,30.3,62,5.099,9.8,0.0189,1878.6,0.0333,0,Normal
2020-01-02 07:01:00,24.75,34.45,1609,30.3,64,5.105,9.7,0.0188,1939.2,0.0344,0,Normal
2020-01-02 07:02:00,24.75,34.55,1517,44.4,67,7.053,9.8,0.0293,2974.8,0.036,0,Normal
2020-01-02 07:03:00,24.75,34.55,1517,39.5,69,6.275,9.8,0.026,2725.5,0.037,0,Normal
2020-01-02 07:04:00,24.75,34.55,1546,37.6,72,6.087,9.8,0.0243,2707.2,0.0386,0,Normal
2020-01-02 07:05:00,24.75,34.55,1567,34.7,74,5.694,9.8,0.0221,2567.8,0.0397,0,Normal
2020-01-02 07:06:00,24.95,34.75,1662,28.9,76,5.03,9.8,0.0174,2196.4,0.0407,0,Normal
2020-01-02 07:07:00,24.95,34.75,1502,41.8,79,6.575,9.8,0.0278,3302.2,0.0423,0,Normal
2020-01-02 07:08:00,25.15,34.85,1361,56.9,81,8.11,9.7,0.0418,4608.9,0.0433,0,Normal
2020-01-02 07:09:00,25.15,34.95,1630,32.7,83,5.582,9.8,0.0201,2714.1,0.0444,0,Normal
2020-01-02 07:10:00,25.15,34.85,1486,42.3,86,6.582,9.7,0.0285,3637.8,0.046,0,Normal
2020-01-02 07:11:00,25.15,34.95,1840,21.5,88,4.143,9.8,0.0117,1892.0,0.047,0,Normal
2020-01-02 07:12:00,25.15,34.95,1326,58.4,90,8.109,9.8,0.044,5256.0,0.0481,0,Normal
2020-01-02 07:13:00,25.25,34.95,1367,57.8,92,8.274,9.7,0.0423,5317.6,0.0491,0,Normal
2020-01-02 07:14:00,25.25,34.95,1598,32.7,94,5.472,9.7,0.0205,3073.8,0.0501,0,Normal
2020-01-02 07:15:00,25.15,34.85,1363,50.1,96,7.151,9.7,0.0368,4809.6,0.0512,0,Normal
2020-01-02 07:16:00,25.15,34.85,1242,62.0,98,8.064,9.7,0.0499,6076.0,0.0522,0,Normal
2020-01-02 07:17:00,25.05,34.65,1566,33.8,100,5.543,9.6,0.0216,3380.0,0.0532,0,Normal
2020-01-02 07:18:00,24.95,34.55,1424,47.7,103,7.113,9.6,0.0335,4913.1,0.0548,0,Normal
2020-01-02 07:19:00,25.05,34.55,1608,33.8,106,5.692,9.5,0.021,3582.8,0.0564,0,Normal
2020-01-02 07:20:00,24.95,34.55,1705,29.1,109,5.196,9.6,0.0171,3171.9,0.0579,0,Normal
2020-01-02 07:21:00,24.85,34.45,1548,45.8,111,7.424,9.6,0.0296,5083.8,0.059,0,Normal
2020-01-02 07:22:00,24.85,34.45,1581,43.4,113,7.185,9.6,0.0275,4904.2,0.06,0,Normal
2020-01-02 07:23:00,24.85,34.45,1472,46.7,116,7.199,9.6,0.0317,5417.2,0.0616,0,Normal
2020-01-02 07:24:00,24.85,34.45,1792,26.0,119,4.879,9.6,0.0145,3094.0,0.0631,0,Normal
2020-01-02 07:25:00,24.85,34.45,1683,32.8,122,5.781,9.6,0.0195,4001.6,0.0647,0,Normal
2020-01-02 07:26:00,24.75,34.45,1503,40.7,124,6.406,9.7,0.0271,5046.8,0.0657,0,Normal
2020-01-02 07:27:00,24.75,34.35,1642,32.4,126,5.571,9.6,0.0197,4082.4,0.0667,0,Normal
2020-01-02 07:28:00,24.65,34.25,1902,24.3,129,4.84,9.6,0.0128,3134.7,0.0683,0,Normal
2020-01-02 07:29:00,24.55,34.25,1432,40.2,132,6.028,9.7,0.0281,5306.4,0.0698,0,Normal
2020-01-02 07:30:00,24.65,34.25,1512,40.8,137,6.46,9.6,0.027,5589.6,0.0724,0,Normal
2020-01-02 07:31:00,24.55,34.25,1764,29.0,139,5.357,9.7,0.0164,4031.0,0.0735,0,Normal
2020-01-02 07:32:00,24.65,34.25,1438,43.6,141,6.566,9.6,0.0303,6147.6,0.0745,0,Normal
2020-01-02 07:33:00,24.65,34.35,1631,29.9,144,5.107,9.7,0.0183,4305.6,0.076,0,Normal
2020-01-02 07:34:00,24.75,34.35,1880,23.3,146,4.587,9.6,0.0124,3401.8,0.077,0,Normal
2020-01-02 07:35:00,24.75,34.45,1344,54.3,151,7.642,9.7,0.0404,8199.3,0.0796,0,Normal
2020-01-02 07:36:00,24.75,34.35,1574,35.8,153,5.901,9.6,0.0227,5477.4,0.0807,0,Normal
2020-01-02 07:37:00,24.65,34.25,1418,41.2,155,6.118,9.6,0.0291,6386.0,0.0817,0,Normal
2020-01-02 07:38:00,24.65,34.35,1372,54.1,157,7.773,9.7,0.0394,8493.7,0.0827,0,Normal
2020-01-02 07:39:00,24.65,34.35,1388,40.0,159,5.814,9.7,0.0288,6360.0,0.0837,0,Normal
2020-01-02 07:40:00,24.75,34.45,1493,36.0,161,5.628,9.7,0.0241,5796.0,0.0847,0,Normal
2020-01-02 07:41:00,24.75,34.45,1505,40.1,166,6.32,9.7,0.0266,6656.6,0.0873,0,Normal
2020-01-02 07:42:00,24.85,34.45,1694,29.1,169,5.162,9.6,0.0172,4917.9,0.0888,0,Normal
2020-01-02 07:43:00,24.75,34.45,1968,20.4,171,4.204,9.7,0.0104,3488.4,0.0898,0,Normal
2020-01-02 07:44:00,24.85,34.45,1569,35.6,173,5.849,9.6,0.0227,6158.8,0.0908,0,Normal
2020-01-02 07:45:00,24.75,34.45,1687,29.1,176,5.141,9.7,0.0172,5121.6,0.0923,0,Normal
2020-01-02 07:46:00,24.75,34.45,1430,52.4,178,7.847,9.7,0.0366,9327.2,0.0933,0,Normal
2020-01-02 07:47:00,24.75,34.45,1504,42.4,180,6.678,9.7,0.0282,7632.0,0.0943,0,Normal
2020-01-02 07:48:00,24.75,34.45,1977,20.2,182,4.182,9.7,0.0102,3676.4,0.0953,0,Normal
2020-01-02 07:49:00,24.85,34.55,1435,45.6,184,6.852,9.7,0.0318,8390.4,0.0963,0,Normal
2020-01-02 07:50:00,24.85,34.55,1547,36.8,186,5.962,9.7,0.0238,6844.8,0.0973,0,Normal
2020-01-02 07:51:00,24.95,34.65,1316,57.2,191,7.883,9.7,0.0435,10925.2,0.0999,0,Normal
2020-01-02 07:52:00,24.85,34.55,1621,34.9,194,5.924,9.7,0.0215,6770.6,0.1014,0,Normal
2020-01-02 07:53:00,24.85,34.65,1492,40.2,197,6.281,9.8,0.0269,7919.4,0.1029,0,Normal
2020-01-02 07:54:00,24.85,34.55,1643,32.3,200,5.557,9.7,0.0197,6460.0,0.1044,0,Normal
2020-01-02 07:55:00,24.85,34.55,1492,38.7,202,6.047,9.7,0.0259,7817.4,0.1054,0,Normal
2020-01-02 07:56:00,24.85,34.55,1387,50.8,204,7.379,9.7,0.0366,10363.2,0.1064,0,Normal
2020-01-02 07:57:00,24.95,34.75,1463,47.3,206,7.247,9.8,0.0323,9743.8,0.1074,0,Normal
2020-01-02 07:58:00,24.95,34.75,1496,40.0,0,6.266,9.8,0.0267,0.0,0.0,0,Normal
2020-01-02 07:59:00,25.05,34.85,1658,30.0,3,5.209,9.8,0.0181,90.0,0.0016,0,Normal
2020-01-02 08:00:00,24.95,34.75,2161,17.5,5,3.96,9.8,0.0081,87.5,0.0026,0,Normal
2020-01-02 08:01:00,24.95,34.75,1665,32.0,7,5.579,9.8,0.0192,224.0,0.0036,0,Normal
2020-01-02 08:02:00,24.85,34.65,1716,26.6,9,4.78,9.8,0.0155,239.4,0.0047,0,Normal
2020-01-02 08:03:00,24.85,34.55,1529,34.1,11,5.46,9.7,0.0223,375.1,0.0057,0,Normal
2020-01-02 08:04:00,24.75,34.55,1353,50.7,13,7.183,9.8,0.0375,659.1,0.0068,0,Normal
2020-01-02 08:05:00,24.75,34.55,1537,37.7,15,6.068,9.8,0.0245,565.5,0.0078,0,Normal
2020-01-02 08:06:00,24.85,34.55,1606,30.8,17,5.18,9.7,0.0192,523.6,0.0088,0,Normal
2020-01-02 08:07:00,24.85,34.65,1314,47.8,19,6.577,9.8,0.0364,908.2,0.0099,0,Normal
2020-01-02 08:08:00,24.85,34.65,1623,29.9,24,5.082,9.8,0.0184,717.6,0.0124,0,Normal
2020-01-02 08:09:00,24.85,34.65,1483,50.9,26,7.905,9.8,0.0343,1323.4,0.0135,0,Normal
2020-01-02 08:10:00,24.95,34.75,1569,37.0,29,6.079,9.8,0.0236,1073.0,0.015,0,Normal
2020-01-02 08:11:00,25.05,34.85,1969,21.7,32,4.474,9.8,0.011,694.4,0.0166,0,Normal
2020-01-02 08:12:00,24.95,34.85,1686,29.3,35,5.173,9.9,0.0174,1025.5,0.0181,0,Normal
2020-01-02 08:13:00,24.95,34.85,1638,35.1,38,6.021,9.9,0.0214,1333.8,0.0196,0,Normal
2020-01-02 08:14:00,24.95,34.75,1698,33.3,40,5.921,9.8,0.0196,1332.0,0.0207,0,Normal
2020-01-02 08:15:00,24.95,34.75,1377,55.1,42,7.945,9.8,0.04,2314.2,0.0217,0,Normal
2020-01-02 08:16:00,24.95,34.85,2129,18.4,45,4.102,9.9,0.0086,828.0,0.0232,0,Normal
2020-01-02 08:17:00,25.05,34.85,1411,42.4,48,6.265,9.8,0.03,2035.2,0.0248,0,Normal
2020-01-02 08:18:00,24.95,34.75,1517,40.8,50,6.481,9.8,0.0269,2040.0,0.0258,0,Normal
2020-01-02 08:19:00,24.95,34.75,1303,53.9,52,7.355,9.8,0.0414,2802.8,0.0268,0,Normal
2020-01-02 08:20:00,24.95,34.75,1578,35.6,55,5.883,9.8,0.0226,1958.0,0.0283,0,Normal
2020-01-02 08:21:00,24.95,34.75,1425,58.2,57,8.685,9.8,0.0408,3317.4,0.0294,0,Normal
2020-01-02 08:22:00,24.95,34.85,1456,42.4,59,6.465,9.9,0.0291,2501.6,0.0304,0,Normal
2020-01-02 08:23:00,24.95,34.85,1704,30.9,61,5.514,9.9,0.0181,1884.9,0.0314,0,Normal
2020-01-02 08:24:00,24.95,34.95,1791,27.3,63,5.12,10.0,0.0152,1719.9,0.0324,0,Normal
2020-01-02 08:25:00,24.95,34.95,1616,32.8,65,5.551,10.0,0.0203,2132.0,0.0334,0,Normal
2020-01-02 08:26:00,25.05,34.95,1622,34.9,67,5.928,9.9,0.0215,2338.3,0.0344,0,Normal
2020-01-02 08:27:00,25.05,34.95,1462,49.9,69,7.64,9.9,0.0341,3443.1,0.0354,0,Normal
2020-01-02 08:28:00,24.95,34.95,1410,45.8,71,6.763,10.0,0.0325,3251.8,0.0364,0,Normal
2020-01-02 08:29:00,24.95,34.85,1543,41.9,73,6.77,9.9,0.0272,3058.7,0.0374,0,Normal
2020-01-02 08:30:00,24.85,34.75,1479,47.6,76,7.372,9.9,0.0322,3617.6,0.039,0,Normal
2020-01-02 08:31:00,24.85,34.65,1839,22.7,79,4.372,9.8,0.0123,1793.3,0.0405,0,Normal
2020-01-02 08:32:00,24.85,34.65,1266,60.5,81,8.021,9.8,0.0478,4900.5,0.0415,0,Normal
2020-01-02 08:33:00,24.75,34.55,1593,34.9,83,5.822,9.8,0.0219,2896.7,0.0425,0,Normal
2020-01-02 08:34:00,24.75,34.65,1459,46.9,85,7.166,9.9,0.0321,3986.5,0.0435,0,Normal
2020-01-02 08:35:00,24.75,34.55,1308,55.2,87,7.561,9.8,0.0422,4802.4,0.0445,0,Normal
2020-01-02 08:36:00,24.75,34.55,1364,46.8,89,6.685,9.8,0.0343,4165.2,0.0455,0,Normal
2020-01-02 08:37:00,24.75,34.55,1618,35.9,92,6.083,9.8,0.0222,3302.8,0.047,0,Normal
2020-01-02 08:38:00,24.75,34.55,1464,43.2,97,6.623,9.8,0.0295,4190.4,0.0495,0,Normal
2020-01-02 08:39:00,24.65,34.45,1352,49.4,102,6.994,9.8,0.0365,5038.8,0.052,0,Normal
2020-01-02 08:40:00,24.65,34.45,1446,51.4,105,7.783,9.8,0.0355,5397.0,0.0535,0,Normal
2020-01-02 08:41:00,24.65,34.35,1448,51.2,107,7.764,9.7,0.0354,5478.4,0.0545,0,Normal
2020-01-02 08:42:00,24.65,34.35,1391,48.6,109,7.079,9.7,0.0349,5297.4,0.0555,0,Normal
2020-01-02 08:43:00,24.55,34.35,1379,43.3,111,6.253,9.8,0.0314,4806.3,0.0565,0,Normal
2020-01-02 08:44:00,24.65,34.35,1405,46.9,113,6.9,9.7,0.0334,5299.7,0.0575,0,Normal
2020-01-02 08:45:00,24.65,34.35,1581,33.1,116,5.48,9.7,0.0209,3839.6,0.059,0,Normal
2020-01-02 08:46:00,24.75,34.45,1515,40.5,118,6.425,9.7,0.0267,4779.0,0.06,0,Normal
2020-01-02 08:47:00,24.75,34.45,1589,37.8,120,6.29,9.7,0.0238,4536.0,0.061,0,Normal
2020-01-02 08:48:00,24.85,34.45,1281,50.8,122,6.815,9.6,0.0397,6197.6,0.062,0,Normal
2020-01-02 08:49:00,24.65,34.35,1631,31.3,124,5.346,9.7,0.0192,3881.2,0.0629,0,Normal
2020-01-02 08:50:00,24.75,34.45,1202,67.0,129,8.434,9.7,0.0557,8643.0,0.0654,0,Normal
2020-01-02 08:51:00,24.75,34.45,1298,52.7,132,7.163,9.7,0.0406,6956.4,0.0669,0,Normal
2020-01-02 08:52:00,24.75,34.45,1612,30.7,134,5.182,9.7,0.019,4113.8,0.0679,0,Normal
2020-01-02 08:53:00,24.75,34.45,1747,25.3,136,4.629,9.7,0.0145,3440.8,0.0689,0,Normal
2020-01-02 08:54:00,24.85,34.45,1450,48.7,138,7.395,9.6,0.0336,6720.6,0.0699,0,Normal
2020-01-02 08:55:00,24.85,34.55,1422,45.6,140,6.79,9.7,0.0321,6384.0,0.0709,0,Normal
2020-01-02 08:56:00,24.95,34.55,1419,47.4,142,7.044,9.6,0.0334,6730.8,0.0718,0,Normal
2020-01-02 08:57:00,24.95,34.55,1633,30.7,145,5.25,9.6,0.0188,4451.5,0.0733,0,Normal
2020-01-02 08:58:00,24.85,34.55,1442,43.6,148,6.584,9.7,0.0302,6452.8,0.0748,0,Normal
2020-01-02 08:59:00,24.85,34.45,1420,45.8,150,6.811,9.6,0.0323,6870.0,0.0758,0,Normal
2020-01-02 09:00:00,24.85,34.45,1301,58.5,155,7.97,9.6,0.045,9067.5,0.0782,0,Normal
2020-01-02 09:01:00,24.85,34.45,1385,45.0,158,6.527,9.6,0.0325,7110.0,0.0797,0,Normal
2020-01-02 09:02:00,24.85,34.55,1487,41.3,160,6.431,9.7,0.0278,6608.0,0.0807,0,Normal
2020-01-02 09:03:00,24.85,34.45,1459,44.4,163,6.784,9.6,0.0304,7237.2,0.0822,0,Normal
2020-01-02 09:04:00,24.85,34.35,1387,45.5,166,6.609,9.5,0.0328,7553.0,0.0836,0,Normal
2020-01-02 09:05:00,24.95,34.55,1537,40.8,169,6.567,9.6,0.0265,6895.2,0.0851,0,Normal
2020-01-02 09:06:00,24.95,34.45,1498,42.9,171,6.73,9.5,0.0286,7335.9,0.0861,0,Normal
2020-01-02 09:07:00,25.05,34.65,1599,31.2,173,5.224,9.6,0.0195,5397.6,0.087,0,Normal
2020-01-02 09:08:00,25.15,34.75,1420,39.2,176,5.829,9.6,0.0276,6899.2,0.0885,0,Normal
2020-01-02 09:09:00,25.05,34.75,1785,23.4,181,4.374,9.7,0.0131,4235.4,0.091,0,Normal
2020-01-02 09:10:00,25.05,34.65,1423,48.1,183,7.168,9.6,0.0338,8802.3,0.0919,0,Normal
2020-01-02 09:11:00,25.05,34.65,1583,36.6,185,6.067,9.6,0.0231,6771.0,0.0929,0,Normal
2020-01-02 09:12:00,25.05,34.65,1375,46.6,188,6.71,9.6,0.0339,8760.8,0.0943,0,Normal
2020-01-02 09:13:00,25.15,34.85,1463,42.5,190,6.511,9.7,0.029,8075.0,0.0953,0,Normal
2020-01-02 09:14:00,25.05,34.75,1403,45.1,193,6.626,9.7,0.0321,8704.3,0.0967,0,Normal
2020-01-02 09:15:00,25.15,34.85,1451,47.1,196,7.157,9.7,0.0325,9231.6,0.0982,0,Normal
2020-01-02 09:16:00,25.25,34.85,1416,38.2,198,5.664,9.6,0.027,7563.6,0.0991,1,Tool_Wear_Failure
2020-01-02 09:17:00,25.15,34.95,1672,41.3,0,7.231,9.8,0.0247,0.0,0.0,0,Normal
2020-01-02 09:18:00,25.15,34.85,1637,30.8,2,5.28,9.7,0.0188,61.6,0.001,0,Normal
2020-01-02 09:19:00,25.25,34.85,1540,37.8,7,6.096,9.6,0.0245,264.6,0.0035,0,Normal
2020-01-02 09:20:00,25.25,34.95,1279,53.1,9,7.112,9.7,0.0415,477.9,0.0045,0,Normal
2020-01-02 09:21:00,25.25,35.05,1604,34.9,11,5.862,9.8,0.0218,383.9,0.0055,0,Normal
2020-01-02 09:22:00,25.35,35.05,1654,27.1,13,4.694,9.7,0.0164,352.3,0.0065,0,Normal
2020-01-02 09:23:00,25.35,35.05,1564,37.5,15,6.142,9.7,0.024,562.5,0.0075,0,Normal
2020-01-02 09:24:00,25.35,35.05,1451,47.5,18,7.218,9.7,0.0327,855.0,0.009,0,Normal
2020-01-02 09:25:00,25.35,35.15,1504,38.0,20,5.985,9.8,0.0253,760.0,0.01,0,Normal
2020-01-02 09:26:00,25.35,35.15,1381,50.5,22,7.303,9.8,0.0366,1111.0,0.011,0,Normal
2020-01-02 09:27:00,25.45,35.25,1562,34.4,25,5.627,9.8,0.022,860.0,0.0125,0,Normal
2020-01-02 09:28:00,25.35,35.15,1811,24.7,27,4.684,9.8,0.0136,666.9,0.0134,0,Normal
2020-01-02 09:29:00,25.45,35.15,1717,28.7,29,5.16,9.7,0.0167,832.3,0.0144,0,Normal
2020-01-02 09:30:00,25.45,35.15,1278,60.5,32,8.097,9.7,0.0473,1936.0,0.0159,0,Normal
2020-01-02 09:31:00,25.55,35.35,1616,30.2,34,5.111,9.8,0.0187,1026.8,0.0169,0,Normal
2020-01-02 09:32:00,25.45,35.25,1397,46.4,36,6.788,9.8,0.0332,1670.4,0.0179,0,Normal
2020-01-02 09:33:00,25.45,35.25,1485,42.9,38,6.671,9.8,0.0289,1630.2,0.0189,0,Normal
2020-01-02 09:34:00,25.45,35.25,1310,59.7,40,8.19,9.8,0.0456,2388.0,0.0199,0,Normal
2020-01-02 09:35:00,25.35,35.05,1301,66.3,42,9.033,9.7,0.051,2784.6,0.0208,1,Power_Failure
2020-01-02 09:36:00,25.35,35.15,1458,44.0,44,6.718,9.8,0.0302,1936.0,0.0218,0,Normal
2020-01-02 09:37:00,25.55,35.35,1483,42.5,46,6.6,9.8,0.0287,1955.0,0.0228,0,Normal
2020-01-02 09:38:00,25.55,35.35,1375,46.4,48,6.681,9.8,0.0337,2227.2,0.0238,0,Normal
2020-01-02 09:39:00,25.55,35.35,1660,27.0,50,4.694,9.8,0.0163,1350.0,0.0248,0,Normal
2020-01-02 09:40:00,25.55,35.25,1560,33.3,53,5.44,9.7,0.0213,1764.9,0.0262,0,Normal
2020-01-02 09:41:00,25.55,35.35,1480,42.2,58,6.54,9.8,0.0285,2447.6,0.0287,0,Normal
2020-01-02 09:42:00,25.55,35.25,1373,46.9,60,6.743,9.7,0.0342,2814.0,0.0297,0,Normal
2020-01-02 09:43:00,25.55,35.35,1444,54.2,62,8.196,9.8,0.0375,3360.4,0.0306,0,Normal
2020-01-02 09:44:00,25.55,35.45,1722,24.7,64,4.454,9.9,0.0143,1580.8,0.0316,0,Normal
2020-01-02 09:45:00,25.55,35.35,1469,39.9,67,6.138,9.8,0.0272,2673.3,0.0331,0,Normal
2020-01-02 09:46:00,25.55,35.35,1360,52.9,69,7.534,9.8,0.0389,3650.1,0.034,0,Normal
2020-01-02 09:47:00,25.55,35.25,1750,25.8,72,4.728,9.7,0.0147,1857.6,0.0355,0,Normal
2020-01-02 09:48:00,25.55,35.15,1349,46.6,74,6.583,9.6,0.0345,3448.4,0.0365,0,Normal
2020-01-02 09:49:00,25.55,35.35,1668,35.2,77,6.148,9.8,0.0211,2710.4,0.0379,0,Normal
2020-01-02 09:50:00,25.75,35.45,1400,49.5,79,7.257,9.7,0.0354,3910.5,0.0389,0,Normal
2020-01-02 09:51:00,25.65,35.45,1331,62.8,81,8.753,9.8,0.0472,5086.8,0.0399,0,Normal
2020-01-02 09:52:00,25.65,35.35,1444,42.2,83,6.381,9.7,0.0292,3502.6,0.0408,0,Normal
2020-01-02 09:53:00,25.65,35.35,1359,47.6,85,6.774,9.7,0.035,4046.0,0.0418,0,Normal
2020-01-02 09:54:00,25.65,35.35,1425,47.4,90,7.073,9.7,0.0333,4266.0,0.0442,0,Normal
2020-01-02 09:55:00,25.75,35.45,1469,34.2,93,5.261,9.7,0.0233,3180.6,0.0457,0,Normal
2020-01-02 09:56:00,25.85,35.55,1892,22.8,96,4.517,9.7,0.0121,2188.8,0.0471,0,Normal
2020-01-02 09:57:00,25.85,35.55,1940,19.9,98,4.043,9.7,0.0103,1950.2,0.0481,0,Normal
2020-01-02 09:58:00,25.85,35.65,1405,55.2,103,8.122,9.8,0.0393,5685.6,0.0505,0,Normal
2020-01-02 09:59:00,25.85,35.75,1449,39.6,105,6.009,9.9,0.0273,4158.0,0.0515,0,Normal
2020-01-02 10:00:00,25.95,35.75,1686,29.6,108,5.226,9.8,0.0176,3196.8,0.0529,0,Normal
2020-01-02 10:01:00,25.95,35.75,1680,27.2,110,4.785,9.8,0.0162,2992.0,0.0539,0,Normal
2020-01-02 10:02:00,25.95,35.75,1397,52.4,112,7.666,9.8,0.0375,5868.8,0.0548,0,Normal
2020-01-02 10:03:00,26.05,35.85,1597,30.3,115,5.067,9.8,0.019,3484.5,0.0563,0,Normal
2020-01-02 10:04:00,26.15,35.95,1470,41.1,118,6.327,9.8,0.028,4849.8,0.0577,0,Normal
2020-01-02 10:05:00,26.15,35.95,1703,31.3,120,5.582,9.8,0.0184,3756.0,0.0587,0,Normal
2020-01-02 10:06:00,26.15,35.95,1388,45.5,123,6.613,9.8,0.0328,5596.5,0.0601,0,Normal
2020-01-02 10:07:00,26.15,36.05,1775,24.2,125,4.498,9.9,0.0136,3025.0,0.061,0,Normal
2020-01-02 10:08:00,26.15,36.05,1465,41.5,127,6.367,9.9,0.0283,5270.5,0.062,0,Normal
2020-01-02 10:09:00,26.15,36.05,1586,37.9,129,6.295,9.9,0.0239,4889.1,0.0629,0,Normal
2020-01-02 10:10:00,26.35,36.15,1675,29.2,132,5.122,9.8,0.0174,3854.4,0.0644,0,Normal
2020-01-02 10:11:00,26.25,36.05,1470,44.4,135,6.835,9.8,0.0302,5994.0,0.0658,0,Normal
2020-01-02 10:12:00,26.35,36.15,1477,40.4,138,6.249,9.8,0.0274,5575.2,0.0672,0,Normal
2020-01-02 10:13:00,26.35,36.15,1382,61.0,140,8.828,9.8,0.0441,8540.0,0.0682,0,Normal
2020-01-02 10:14:00,26.45,36.25,1605,29.8,142,5.009,9.8,0.0186,4231.6,0.0691,0,Normal
2020-01-02 10:15:00,26.45,36.25,1643,32.9,145,5.661,9.8,0.02,4770.5,0.0705,0,Normal
2020-01-02 10:16:00,26.35,36.15,1333,54.1,147,7.552,9.8,0.0406,7952.7,0.0715,0,Normal
2020-01-02 10:17:00,26.35,36.15,1520,42.3,149,6.733,9.8,0.0278,6302.7,0.0724,0,Normal
2020-01-02 10:18:00,26.35,36.15,1902,24.0,151,4.78,9.8,0.0126,3624.0,0.0733,0,Normal
2020-01-02 10:19:00,26.35,36.25,1386,44.4,154,6.444,9.9,0.032,6837.6,0.0748,0,Normal
2020-01-02 10:20:00,26.45,36.35,1803,27.7,159,5.23,9.9,0.0154,4404.3,0.0771,0,Normal
2020-01-02 10:21:00,26.55,36.45,1359,50.7,161,7.215,9.9,0.0373,8162.7,0.0781,0,Normal
2020-01-02 10:22:00,26.55,36.45,1477,42.7,163,6.604,9.9,0.0289,6960.1,0.079,0,Normal
2020-01-02 10:23:00,26.55,36.45,1321,53.4,166,7.387,9.9,0.0404,8864.4,0.0804,0,Normal
2020-01-02 10:24:00,26.45,36.35,1453,41.4,168,6.299,9.9,0.0285,6955.2,0.0814,0,Normal
2020-01-02 10:25:00,26.55,36.45,1419,45.1,170,6.702,9.9,0.0318,7667.0,0.0823,0,Normal
2020-01-02 10:26:00,26.55,36.45,1512,36.2,172,5.732,9.9,0.0239,6226.4,0.0832,0,Normal
2020-01-02 10:27:00,26.55,36.45,1553,36.8,174,5.985,9.9,0.0237,6403.2,0.0841,0,Normal
2020-01-02 10:28:00,26.55,36.45,1534,39.1,176,6.281,9.9,0.0255,6881.6,0.0851,0,Normal
2020-01-02 10:29:00,26.55,36.45,1553,41.0,179,6.668,9.9,0.0264,7339.0,0.0865,0,Normal
2020-01-02 10:30:00,26.55,36.35,1352,49.7,184,7.037,9.8,0.0368,9144.8,0.0888,0,Normal
2020-01-02 10:31:00,26.55,36.45,1313,60.0,186,8.25,9.9,0.0457,11160.0,0.0898,0,Normal
2020-01-02 10:32:00,26.45,36.35,1570,35.5,189,5.837,9.9,0.0226,6709.5,0.0912,0,Normal
2020-01-02 10:33:00,26.45,36.25,1677,31.1,191,5.462,9.8,0.0185,5940.1,0.0921,0,Normal
2020-01-02 10:34:00,26.35,36.25,1602,31.5,193,5.284,9.9,0.0197,6079.5,0.093,0,Normal
2020-01-02 10:35:00,26.35,36.25,1390,58.8,195,8.559,9.9,0.0423,11466.0,0.0939,1,Overstrain_Failure
2020-01-02 10:36:00,26.25,36.15,1544,36.0,197,5.821,9.9,0.0233,7092.0,0.0948,0,Normal
2020-01-02 10:37:00,26.25,36.25,1701,31.2,199,5.558,10.0,0.0183,6208.8,0.0958,0,Normal
2020-01-02 10:38:00,26.25,36.15,1692,28.4,201,5.032,9.9,0.0168,5708.4,0.0967,0,Normal
2020-01-02 10:39:00,26.15,36.15,1523,37.9,204,6.045,10.0,0.0249,7731.6,0.0981,0,Normal
2020-01-02 10:40:00,26.15,36.05,2280,15.4,207,3.677,9.9,0.0068,3187.8,0.0995,0,Normal
2020-01-02 10:41:00,26.25,36.15,1485,47.1,209,7.324,9.9,0.0317,9843.9,0.1004,0,Normal
2020-01-02 10:42:00,26.25,36.05,1513,36.1,212,5.72,9.8,0.0239,7653.2,0.1018,0,Normal
2020-01-02 10:43:00,26.25,36.15,1743,28.2,0,5.147,9.9,0.0162,0.0,0.0,0,Normal
2020-01-02 10:44:00,26.35,36.15,1442,46.2,5,6.976,9.8,0.032,231.0,0.0024,0,Normal
2020-01-02 10:45:00,26.35,36.15,1462,46.7,7,7.15,9.8,0.0319,326.9,0.0034,0,Normal
2020-01-02 10:46:00,26.25,36.15,1439,49.7,9,7.489,9.9,0.0345,447.3,0.0043,0,Normal
2020-01-02 10:47:00,26.35,36.15,1577,36.6,14,6.044,9.8,0.0232,512.4,0.0067,0,Normal
2020-01-02 10:48:00,26.45,36.25,1331,46.4,16,6.467,9.8,0.0349,742.4,0.0077,0,Normal
2020-01-02 10:49:00,26.35,36.15,1941,22.5,18,4.573,9.8,0.0116,405.0,0.0086,0,Normal
2020-01-02 10:50:00,26.35,36.05,1393,47.3,20,6.9,9.7,0.034,946.0,0.0096,0,Normal
2020-01-02 10:51:00,26.25,36.05,1433,42.1,22,6.318,9.8,0.0294,926.2,0.0105,0,Normal
2020-01-02 10:52:00,26.25,36.05,1444,48.2,24,7.289,9.8,0.0334,1156.8,0.0115,0,Normal
2020-01-02 10:53:00,26.25,36.05,1564,39.0,26,6.387,9.8,0.0249,1014.0,0.0124,0,Normal
2020-01-02 10:54:00,26.25,36.15,1377,43.6,28,6.287,9.9,0.0317,1220.8,0.0134,0,Normal
2020-01-02 10:55:00,26.25,36.15,1525,41.5,30,6.627,9.9,0.0272,1245.0,0.0143,0,Normal
2020-01-02 10:56:00,26.35,36.25,1387,56.2,32,8.163,9.9,0.0405,1798.4,0.0153,0,Normal
2020-01-02 10:57:00,26.25,36.25,1326,47.5,35,6.596,10.0,0.0358,1662.5,0.0167,0,Normal
2020-01-02 10:58:00,26.25,36.15,1401,59.0,38,8.656,9.9,0.0421,2242.0,0.0181,0,Normal
2020-01-02 10:59:00,26.25,36.15,1596,31.8,40,5.315,9.9,0.0199,1272.0,0.019,0,Normal
2020-01-02 11:00:00,26.15,36.15,1471,46.0,42,7.086,10.0,0.0313,1932.0,0.02,0,Normal
2020-01-02 11:01:00,26.15,36.15,1528,37.8,45,6.048,10.0,0.0247,1701.0,0.0214,0,Normal
2020-01-02 11:02:00,26.15,36.15,1325,62.0,47,8.603,10.0,0.0468,2914.0,0.0223,0,Normal
2020-01-02 11:03:00,26.15,35.95,1376,46.7,49,6.729,9.8,0.0339,2288.3,0.0233,0,Normal
2020-01-02 11:04:00,26.15,35.95,1600,35.3,52,5.915,9.8,0.0221,1835.6,0.0247,0,Normal
2020-01-02 11:05:00,26.15,35.95,1495,44.0,55,6.888,9.8,0.0294,2420.0,0.0261,0,Normal
2020-01-02 11:06:00,26.25,35.95,1645,28.6,57,4.927,9.7,0.0174,1630.2,0.0271,0,Normal
2020-01-02 11:07:00,26.25,35.95,1417,47.3,59,7.019,9.7,0.0334,2790.7,0.028,0,Normal
2020-01-02 11:08:00,26.25,35.85,1415,51.7,62,7.661,9.6,0.0365,3205.4,0.0294,0,Normal
2020-01-02 11:09:00,26.15,35.85,1496,43.4,67,6.799,9.7,0.029,2907.8,0.0318,0,Normal
2020-01-02 11:10:00,26.15,35.85,1508,35.0,70,5.527,9.7,0.0232,2450.0,0.0332,0,Normal
2020-01-02 11:11:00,26.25,35.85,1436,47.9,75,7.203,9.6,0.0334,3592.5,0.0355,0,Normal
2020-01-02 11:12:00,26.35,35.95,1852,22.6,77,4.383,9.6,0.0122,1740.2,0.0364,0,Normal
2020-01-02 11:13:00,26.35,35.95,1863,22.5,79,4.39,9.6,0.0121,1777.5,0.0374,0,Normal
2020-01-02 11:14:00,26.25,35.95,1373,44.1,81,6.341,9.7,0.0321,3572.1,0.0383,0,Normal
2020-01-02 11:15:00,26.25,35.85,1404,47.3,86,6.954,9.6,0.0337,4067.8,0.0406,0,Normal
2020-01-02 11:16:00,26.25,35.85,1381,44.9,88,6.493,9.6,0.0325,3951.2,0.0416,0,Normal
2020-01-02 11:17:00,26.25,35.75,1762,29.3,91,5.406,9.5,0.0166,2666.3,0.043,0,Normal
2020-01-02 11:18:00,26.15,35.75,1429,43.0,96,6.435,9.6,0.0301,4128.0,0.0453,0,Normal
2020-01-02 11:19:00,26.15,35.75,1858,24.7,101,4.806,9.6,0.0133,2494.7,0.0476,0,Normal
2020-01-02 11:20:00,26.05,35.65,1908,21.3,104,4.256,9.6,0.0112,2215.2,0.049,0,Normal
2020-01-02 11:21:00,26.05,35.65,1503,37.4,109,5.887,9.6,0.0249,4076.6,0.0514,0,Normal
2020-01-02 11:22:00,26.05,35.65,1523,38.9,112,6.204,9.6,0.0255,4356.8,0.0528,0,Normal
2020-01-02 11:23:00,26.15,35.85,1491,38.4,115,5.996,9.7,0.0258,4416.0,0.0541,0,Normal
2020-01-02 11:24:00,26.05,35.75,1430,39.1,117,5.855,9.7,0.0273,4574.7,0.0551,0,Normal
2020-01-02 11:25:00,26.15,35.75,1258,69.4,119,9.143,9.6,0.0552,8258.6,0.056,1,Power_Failure
2020-01-02 11:26:00,26.15,35.85,1449,46.5,121,7.056,9.7,0.0321,5626.5,0.0569,0,Normal
2020-01-02 11:27:00,26.15,35.85,1425,40.6,123,6.059,9.7,0.0285,4993.8,0.0578,0,Normal
2020-01-02 11:28:00,26.25,35.85,1800,24.3,128,4.58,9.6,0.0135,3110.4,0.0601,0,Normal
2020-01-02 11:29:00,26.25,35.85,1607,33.7,130,5.671,9.6,0.021,4381.0,0.061,0,Normal
2020-01-02 11:30:00,26.25,35.85,1391,58.2,135,8.478,9.6,0.0418,7857.0,0.0634,0,Normal
2020-01-02 11:31:00,26.25,35.95,1432,45.4,137,6.808,9.7,0.0317,6219.8,0.0643,0,Normal
2020-01-02 11:32:00,26.25,35.85,1660,28.4,139,4.937,9.6,0.0171,3947.6,0.0652,0,Normal
2020-01-02 11:33:00,26.15,35.85,1732,29.7,141,5.387,9.7,0.0171,4187.7,0.0661,0,Normal
2020-01-02 11:34:00,26.15,35.85,1473,46.3,146,7.142,9.7,0.0314,6759.8,0.0684,0,Normal
2020-01-02 11:35:00,26.15,35.85,1511,47.8,148,7.563,9.7,0.0316,7074.4,0.0693,0,Normal
2020-01-02 11:36:00,26.05,35.75,1588,41.5,150,6.901,9.7,0.0261,6225.0,0.0702,0,Normal
2020-01-02 11:37:00,26.15,35.75,1623,31.1,152,5.286,9.6,0.0192,4727.2,0.0711,0,Normal
2020-01-02 11:38:00,26.15,35.85,1734,30.6,154,5.556,9.7,0.0176,4712.4,0.072,0,Normal
2020-01-02 11:39:00,26.15,35.85,1415,47.6,156,7.053,9.7,0.0336,7425.6,0.0729,0,Normal
2020-01-02 11:40:00,26.15,35.85,1419,46.6,158,6.925,9.7,0.0328,7362.8,0.0738,0,Normal
2020-01-02 11:41:00,26.15,35.75,1577,34.9,160,5.763,9.6,0.0221,5584.0,0.0747,0,Normal
2020-01-02 11:42:00,26.15,35.75,1376,60.3,163,8.689,9.6,0.0438,9828.9,0.0761,0,Normal
2020-01-02 11:43:00,26.15,35.65,1442,49.0,165,7.399,9.5,0.034,8085.0,0.077,0,Normal
2020-01-02 11:44:00,26.25,35.75,1451,40.5,168,6.154,9.5,0.0279,6804.0,0.0783,0,Normal
2020-01-02 11:45:00,26.15,35.65,1550,45.8,170,7.434,9.5,0.0295,7786.0,0.0792,0,Normal
2020-01-02 11:46:00,26.15,35.65,1647,32.9,172,5.674,9.5,0.02,5658.8,0.0801,0,Normal
2020-01-02 11:47:00,26.25,35.75,1550,33.7,174,5.47,9.5,0.0217,5863.8,0.081,0,Normal
2020-01-02 11:48:00,26.25,35.75,1583,34.1,176,5.653,9.5,0.0215,6001.6,0.0819,0,Normal
2020-01-02 11:49:00,26.25,35.85,1613,32.2,178,5.439,9.6,0.02,5731.6,0.0828,0,Normal
2020-01-02 11:50:00,26.15,35.65,1636,35.5,180,6.082,9.5,0.0217,6390.0,0.0837,0,Normal
2020-01-02 11:51:00,26.15,35.55,1289,51.5,185,6.952,9.4,0.04,9527.5,0.086,0,Normal
2020-01-02 11:52:00,26.15,35.65,1648,28.4,188,4.901,9.5,0.0172,5339.2,0.0873,0,Normal
2020-01-02 11:53:00,26.15,35.65,1397,45.4,191,6.642,9.5,0.0325,8671.4,0.0887,0,Normal
2020-01-02 11:54:00,26.15,35.75,1767,24.8,196,4.589,9.6,0.014,4860.8,0.091,0,Normal
2020-01-02 11:55:00,26.15,35.65,1341,47.7,199,6.698,9.5,0.0356,9492.3,0.0923,0,Normal
2020-01-02 11:56:00,26.25,35.75,1457,41.5,201,6.332,9.5,0.0285,8341.5,0.0932,0,Normal
2020-01-02 11:57:00,26.25,35.85,1939,19.8,204,4.02,9.6,0.0102,4039.2,0.0945,0,Normal
2020-01-02 11:58:00,26.35,35.85,1399,49.7,207,7.281,9.5,0.0355,10287.9,0.0959,0,Normal
2020-01-02 11:59:00,26.35,35.85,1602,31.3,210,5.251,9.5,0.0195,6573.0,0.0972,0,Normal
2020-01-02 12:00:00,26.25,35.85,1507,41.0,213,6.47,9.6,0.0272,8733.0,0.0986,0,Normal
2020-01-02 12:01:00,26.25,35.95,1464,40.5,215,6.209,9.7,0.0277,8707.5,0.0994,0,Normal
2020-01-02 12:02:00,26.35,35.95,1336,42.1,217,5.89,9.6,0.0315,9135.7,0.1003,0,Normal
2020-01-02 12:03:00,26.45,36.05,1422,39.8,219,5.927,9.6,0.028,8716.2,0.1012,0,Normal
2020-01-02 12:04:00,26.45,36.05,1540,36.7,221,5.919,9.6,0.0238,8110.7,0.1021,0,Normal
2020-01-02 12:05:00,26.35,35.95,1476,47.8,223,7.388,9.6,0.0324,10659.4,0.103,0,Normal
2020-01-02 12:06:00,26.45,36.05,1867,23.4,225,4.575,9.6,0.0125,5265.0,0.1038,1,Tool_Wear_Failure
2020-01-02 12:07:00,26.45,35.95,1588,41.3,0,6.868,9.5,0.026,0.0,0.0,0,Normal
2020-01-02 12:08:00,26.35,35.95,1420,49.5,5,7.361,9.6,0.0349,247.5,0.0023,0,Normal
2020-01-02 12:09:00,26.35,35.95,1415,49.2,8,7.29,9.6,0.0348,393.6,0.0037,0,Normal
2020-01-02 12:10:00,26.25,35.95,1500,43.3,10,6.802,9.7,0.0289,433.0,0.0046,0,Normal
2020-01-02 12:11:00,26.35,35.95,1502,44.6,13,7.015,9.6,0.0297,579.8,0.006,0,Normal
2020-01-02 12:12:00,26.35,36.05,1816,23.0,15,4.374,9.7,0.0127,345.0,0.0069,0,Normal
2020-01-02 12:13:00,26.35,36.05,1495,41.6,17,6.513,9.7,0.0278,707.2,0.0078,0,Normal
2020-01-02 12:14:00,26.45,36.05,1572,33.4,20,5.498,9.6,0.0212,668.0,0.0092,0,Normal
2020-01-02 12:15:00,26.35,36.05,1590,35.9,22,5.978,9.7,0.0226,789.8,0.0101,0,Normal
2020-01-02 12:16:00,26.45,36.15,1387,48.3,25,7.015,9.7,0.0348,1207.5,0.0115,0,Normal
2020-01-02 12:17:00,26.45,36.05,1393,47.7,28,6.958,9.6,0.0342,1335.6,0.0129,0,Normal
2020-01-02 12:18:00,26.45,36.05,1602,37.3,31,6.257,9.6,0.0233,1156.3,0.0142,0,Normal
2020-01-02 12:19:00,26.45,36.05,1601,33.3,33,5.583,9.6,0.0208,1098.9,0.0151,0,Normal
2020-01-02 12:20:00,26.45,36.05,1597,36.3,35,6.071,9.6,0.0227,1270.5,0.016,0,Normal
2020-01-02 12:21:00,26.35,35.95,1548,44.3,40,7.181,9.6,0.0286,1772.0,0.0183,0,Normal
2020-01-02 12:22:00,26.35,36.05,1314,61.8,45,8.504,9.7,0.047,2781.0,0.0206,0,Normal
2020-01-02 12:23:00,26.45,36.15,1577,39.8,48,6.573,9.7,0.0252,1910.4,0.022,0,Normal
2020-01-02 12:24:00,26.65,36.25,1475,43.4,51,6.704,9.6,0.0294,2213.4,0.0233,0,Normal
2020-01-02 12:25:00,26.65,36.25,1630,32.4,53,5.53,9.6,0.0199,1717.2,0.0242,0,Normal
2020-01-02 12:26:00,26.55,36.25,1445,42.9,55,6.492,9.7,0.0297,2359.5,0.0251,0,Normal
2020-01-02 12:27:00,26.65,36.25,1439,47.4,57,7.143,9.6,0.0329,2701.8,0.0261,0,Normal
2020-01-02 12:28:00,26.55,36.15,1420,44.1,60,6.558,9.6,0.0311,2646.0,0.0274,0,Normal
2020-01-02 12:29:00,26.55,36.05,1554,41.6,62,6.77,9.5,0.0268,2579.2,0.0283,0,Normal
2020-01-02 12:30:00,26.45,35.95,1471,44.3,67,6.824,9.5,0.0301,2968.1,0.0306,0,Normal
2020-01-02 12:31:00,26.45,35.85,1648,33.6,70,5.799,9.4,0.0204,2352.0,0.0319,0,Normal
2020-01-02 12:32:00,26.45,35.85,1472,48.8,72,7.522,9.4,0.0332,3513.6,0.0328,0,Normal
2020-01-02 12:33:00,26.35,35.75,1448,42.9,74,6.505,9.4,0.0296,3174.6,0.0337,0,Normal
2020-01-02 12:34:00,26.45,35.75,1568,35.3,77,5.796,9.3,0.0225,2718.1,0.0351,0,Normal
2020-01-02 12:35:00,26.45,35.75,1613,30.8,80,5.203,9.3,0.0191,2464.0,0.0364,0,Normal
2020-01-02 12:36:00,26.55,35.75,1551,35.4,82,5.75,9.2,0.0228,2902.8,0.0373,0,Normal
2020-01-02 12:37:00,26.55,35.85,1412,49.2,85,7.275,9.3,0.0348,4182.0,0.0387,0,Normal
2020-01-02 12:38:00,26.55,35.75,1478,41.0,87,6.346,9.2,0.0277,3567.0,0.0396,0,Normal
2020-01-02 12:39:00,26.65,35.95,1268,58.0,90,7.702,9.3,0.0457,5220.0,0.0409,0,Normal
2020-01-02 12:40:00,26.65,35.95,1546,35.6,93,5.764,9.3,0.023,3310.8,0.0423,0,Normal
2020-01-02 12:41:00,26.65,35.85,1567,36.1,95,5.924,9.2,0.023,3429.5,0.0431,0,Normal
2020-01-02 12:42:00,26.75,36.05,1548,35.7,97,5.787,9.3,0.0231,3462.9,0.044,0,Normal
2020-01-02 12:43:00,26.65,35.85,1614,30.8,100,5.206,9.2,0.0191,3080.0,0.0454,0,Normal
2020-01-02 12:44:00,26.55,35.95,1352,46.1,102,6.527,9.4,0.0341,4702.2,0.0463,0,Normal
2020-01-02 12:45:00,26.75,36.05,1624,34.6,105,5.884,9.3,0.0213,3633.0,0.0476,0,Normal
2020-01-02 12:46:00,26.75,36.05,1436,52.0,107,7.82,9.3,0.0362,5564.0,0.0485,0,Normal
2020-01-02 12:47:00,26.65,36.05,1591,37.5,109,6.248,9.4,0.0236,4087.5,0.0494,0,Normal
2020-01-02 12:48:00,26.65,36.05,1435,42.6,111,6.402,9.4,0.0297,4728.6,0.0502,0,Normal
2020-01-02 12:49:00,26.65,36.15,1386,49.4,116,7.17,9.5,0.0356,5730.4,0.0525,0,Normal
2020-01-02 12:50:00,26.55,36.05,1401,54.1,118,7.937,9.5,0.0386,6383.8,0.0534,0,Normal
2020-01-02 12:51:00,26.45,35.85,1245,64.0,120,8.344,9.4,0.0514,7680.0,0.0542,0,Normal
2020-01-02 12:52:00,26.55,35.95,1475,40.0,123,6.178,9.4,0.0271,4920.0,0.0556,0,Normal
2020-01-02 12:53:00,26.55,35.95,1473,39.4,125,6.078,9.4,0.0267,4925.0,0.0565,0,Normal
2020-01-02 12:54:00,26.55,36.05,1355,44.8,127,6.357,9.5,0.0331,5689.6,0.0573,0,Normal
2020-01-02 12:55:00,26.55,36.05,1468,49.6,132,7.625,9.5,0.0338,6547.2,0.0596,0,Normal
2020-01-02 12:56:00,26.55,36.05,1645,30.8,137,5.306,9.5,0.0187,4219.6,0.0618,0,Normal
2020-01-02 12:57:00,26.55,35.95,1347,55.3,139,7.8,9.4,0.0411,7686.7,0.0627,0,Normal
2020-01-02 12:58:00,26.55,35.95,1713,33.5,141,6.009,9.4,0.0196,4723.5,0.0635,0,Normal
2020-01-02 12:59:00,26.45,35.95,1435,48.4,143,7.273,9.5,0.0337,6921.2,0.0644,0,Normal
2020-01-02 13:00:00,26.45,35.85,1736,26.1,146,4.745,9.4,0.015,3810.6,0.0657,0,Normal
2020-01-02 13:01:00,26.45,35.85,1372,60.4,149,8.678,9.4,0.044,8999.6,0.0671,0,Normal
2020-01-02 13:02:00,26.55,35.85,1605,33.0,151,5.546,9.3,0.0206,4983.0,0.0679,0,Normal
2020-01-02 13:03:00,26.45,35.85,1413,48.5,153,7.176,9.4,0.0343,7420.5,0.0688,0,Normal
2020-01-02 13:04:00,26.55,35.85,1645,31.9,155,5.495,9.3,0.0194,4944.5,0.0697,0,Normal
2020-01-02 13:05:00,26.55,35.85,1465,49.0,158,7.517,9.3,0.0334,7742.0,0.071,0,Normal
2020-01-02 13:06:00,26.45,35.75,1685,27.8,161,4.905,9.3,0.0165,4475.8,0.0723,0,Normal
2020-01-02 13:07:00,26.35,35.65,1965,20.4,164,4.198,9.3,0.0104,3345.6,0.0736,0,Normal
2020-01-02 13:08:00,26.25,35.45,1542,41.8,166,6.75,9.2,0.0271,6938.8,0.0745,0,Normal
2020-01-02 13:09:00,26.25,35.55,1681,30.8,171,5.422,9.3,0.0183,5266.8,0.0767,0,Normal
2020-01-02 13:10:00,26.35,35.55,1446,45.7,173,6.92,9.2,0.0316,7906.1,0.0775,0,Normal
2020-01-02 13:11:00,26.25,35.45,1415,56.4,175,8.357,9.2,0.0399,9870.0,0.0784,0,Normal
2020-01-02 13:12:00,26.35,35.45,1672,30.5,177,5.34,9.1,0.0182,5398.5,0.0793,0,Normal
2020-01-02 13:13:00,26.35,35.55,2549,13.0,179,3.47,9.2,0.0051,2327.0,0.0801,1,Power_Failure
2020-01-02 13:14:00,26.25,35.45,1492,40.5,181,6.328,9.2,0.0271,7330.5,0.081,0,Normal
2020-01-02 13:15:00,26.25,35.45,1455,42.7,183,6.506,9.2,0.0293,7814.1,0.0818,0,Normal
2020-01-02 13:16:00,26.15,35.35,1422,43.1,186,6.418,9.2,0.0303,8016.6,0.0831,0,Normal
2020-01-02 13:17:00,26.15,35.45,1403,50.6,189,7.434,9.3,0.0361,9563.4,0.0845,0,Normal
2020-01-02 13:18:00,26.15,35.45,1474,49.6,191,7.656,9.3,0.0336,9473.6,0.0853,0,Normal
2020-01-02 13:19:00,26.05,35.45,1381,50.0,193,7.231,9.4,0.0362,9650.0,0.0862,0,Normal
2020-01-02 13:20:00,26.05,35.35,1457,44.7,195,6.82,9.3,0.0307,8716.5,0.087,0,Normal
2020-01-02 13:21:00,26.05,35.25,1711,28.9,197,5.178,9.2,0.0169,5693.3,0.0879,0,Normal
2020-01-02 13:22:00,26.05,35.25,1667,29.0,199,5.062,9.2,0.0174,5771.0,0.0887,0,Normal
2020-01-02 13:23:00,26.05,35.25,1465,35.0,201,5.37,9.2,0.0239,7035.0,0.0896,0,Normal
2020-01-02 13:24:00,26.15,35.25,1542,37.5,203,6.055,9.1,0.0243,7612.5,0.0904,1,Tool_Wear_Failure
2020-01-02 13:25:00,26.15,35.25,1438,42.3,0,6.37,9.1,0.0294,0.0,0.0,0,Normal
2020-01-02 13:26:00,26.15,35.25,1406,47.4,3,6.979,9.1,0.0337,142.2,0.0013,0,Normal
2020-01-02 13:27:00,26.05,35.25,1396,48.5,5,7.09,9.2,0.0347,242.5,0.0022,0,Normal
2020-01-02 13:28:00,26.15,35.35,1304,60.6,8,8.275,9.2,0.0465,484.8,0.0036,0,Normal
2020-01-02 13:29:00,26.05,35.35,1442,46.5,11,7.022,9.3,0.0322,511.5,0.0049,0,Normal
2020-01-02 13:30:00,26.05,35.25,1396,48.7,13,7.119,9.2,0.0349,633.1,0.0058,0,Normal
2020-01-02 13:31:00,25.95,35.15,1424,43.4,16,6.472,9.2,0.0305,694.4,0.0071,0,Normal
2020-01-02 13:32:00,25.95,35.15,1451,42.8,21,6.503,9.2,0.0295,898.8,0.0093,0,Normal
2020-01-02 13:33:00,26.05,35.25,1386,54.1,26,7.852,9.2,0.039,1406.6,0.0115,0,Normal
2020-01-02 13:34:00,25.95,35.15,1325,46.9,28,6.508,9.2,0.0354,1313.2,0.0124,0,Normal
2020-01-02 13:35:00,25.95,35.15,1559,33.7,30,5.502,9.2,0.0216,1011.0,0.0133,0,Normal
2020-01-02 13:36:00,25.95,35.15,1489,38.1,32,5.941,9.2,0.0256,1219.2,0.0142,0,Normal
2020-01-02 13:37:00,25.95,35.15,1892,25.2,34,4.993,9.2,0.0133,856.8,0.0151,0,Normal
2020-01-02 13:38:00,25.95,35.05,1319,60.3,36,8.329,9.1,0.0457,2170.8,0.0159,0,Normal
2020-01-02 13:39:00,25.95,35.15,1431,52.3,38,7.837,9.2,0.0365,1987.4,0.0168,0,Normal
2020-01-02 13:40:00,25.95,35.15,1521,36.5,40,5.814,9.2,0.024,1460.0,0.0177,0,Normal
2020-01-02 13:41:00,25.95,35.05,1435,45.2,45,6.792,9.1,0.0315,2034.0,0.0199,0,Normal
2020-01-02 13:42:00,25.95,35.15,1533,42.4,48,6.807,9.2,0.0277,2035.2,0.0212,0,Normal
2020-01-02 13:43:00,26.05,35.25,1529,43.0,50,6.885,9.2,0.0281,2150.0,0.0221,0,Normal
2020-01-02 13:44:00,26.05,35.25,1415,43.5,53,6.446,9.2,0.0307,2305.5,0.0234,0,Normal
2020-01-02 13:45:00,26.05,35.25,1330,51.2,56,7.131,9.2,0.0385,2867.2,0.0247,0,Normal
2020-01-02 13:46:00,26.05,35.35,1381,60.6,59,8.764,9.3,0.0439,3575.4,0.026,0,Normal
2020-01-02 13:47:00,26.05,35.35,1370,52.4,61,7.518,9.3,0.0382,3196.4,0.0269,0,Normal
2020-01-02 13:48:00,26.05,35.35,1438,46.6,63,7.017,9.3,0.0324,2935.8,0.0278,0,Normal
2020-01-02 13:49:00,26.15,35.45,1314,48.2,65,6.632,9.3,0.0367,3133.0,0.0286,0,Normal
2020-01-02 13:50:00,26.15,35.45,1437,48.1,67,7.238,9.3,0.0335,3222.7,0.0295,0,Normal
2020-01-02 13:51:00,26.05,35.35,1821,26.1,69,4.977,9.3,0.0143,1800.9,0.0304,0,Normal
2020-01-02 13:52:00,26.15,35.45,1448,52.1,71,7.9,9.3,0.036,3699.1,0.0312,0,Normal
2020-01-02 13:53:00,26.15,35.35,1589,32.7,74,5.441,9.2,0.0206,2419.8,0.0325,0,Normal
2020-01-02 13:54:00,26.15,35.45,1520,33.7,76,5.364,9.3,0.0222,2561.2,0.0334,0,Normal
2020-01-02 13:55:00,26.15,35.45,1605,37.0,78,6.219,9.3,0.0231,2886.0,0.0343,0,Normal
2020-01-02 13:56:00,26.15,35.55,1393,54.2,80,7.906,9.4,0.0389,4336.0,0.0351,0,Normal
2020-01-02 13:57:00,26.15,35.55,1408,44.4,82,6.547,9.4,0.0315,3640.8,0.036,0,Normal
2020-01-02 13:58:00,26.15,35.55,1459,35.6,87,5.439,9.4,0.0244,3097.2,0.0382,0,Normal
2020-01-02 13:59:00,26.25,35.55,1525,39.0,90,6.228,9.3,0.0256,3510.0,0.0395,0,Normal
2020-01-02 14:00:00,26.25,35.65,1390,57.0,92,8.297,9.4,0.041,5244.0,0.0403,0,Normal
2020-01-02 14:01:00,26.15,35.55,1536,38.9,94,6.257,9.4,0.0253,3656.6,0.0412,0,Normal
2020-01-02 14:02:00,26.25,35.55,1459,47.6,96,7.273,9.3,0.0326,4569.6,0.042,0,Normal
2020-01-02 14:03:00,26.05,35.35,1387,51.1,98,7.422,9.3,0.0368,5007.8,0.0429,0,Normal
2020-01-02 14:04:00,26.05,35.35,1378,53.4,100,7.706,9.3,0.0388,5340.0,0.0438,0,Normal
2020-01-02 14:05:00,26.25,35.55,1381,56.7,102,8.2,9.3,0.0411,5783.4,0.0446,0,Normal
2020-01-02 14:06:00,26.25,35.55,1289,60.5,104,8.167,9.3,0.0469,6292.0,0.0455,0,Normal
2020-01-02 14:07:00,26.25,35.45,1746,26.8,107,4.9,9.2,0.0153,2867.6,0.0468,0,Normal
2020-01-02 14:08:00,26.25,35.45,1541,39.1,109,6.31,9.2,0.0254,4261.9,0.0476,0,Normal
2020-01-02 14:09:00,26.25,35.55,1504,37.8,112,5.953,9.3,0.0251,4233.6,0.0489,0,Normal
2020-01-02 14:10:00,26.35,35.55,1321,51.9,114,7.18,9.2,0.0393,5916.6,0.0498,0,Normal
2020-01-02 14:11:00,26.35,35.65,1886,20.9,117,4.128,9.3,0.0111,2445.3,0.051,0,Normal
2020-01-02 14:12:00,26.45,35.75,1422,53.2,120,7.922,9.3,0.0374,6384.0,0.0523,0,Normal
2020-01-02 14:13:00,26.35,35.75,1520,38.3,122,6.096,9.4,0.0252,4672.6,0.0532,0,Normal
2020-01-02 14:14:00,26.25,35.65,1627,32.6,124,5.554,9.4,0.02,4042.4,0.054,0,Normal
2020-01-02 14:15:00,26.25,35.55,1512,37.2,126,5.89,9.3,0.0246,4687.2,0.0549,0,Normal
2020-01-02 14:16:00,26.25,35.55,1553,42.7,128,6.944,9.3,0.0275,5465.6,0.0557,0,Normal
2020-01-02 14:17:00,26.15,35.55,1802,26.0,130,4.906,9.4,0.0144,3380.0,0.0566,0,Normal
2020-01-02 14:18:00,26.15,35.45,1482,37.6,132,5.835,9.3,0.0254,4963.2,0.0574,0,Normal
2020-01-02 14:19:00,26.25,35.55,1446,62.9,134,9.525,9.3,0.0435,8428.6,0.0583,1,Power_Failure
2020-01-02 14:20:00,26.15,35.45,1371,50.5,136,7.25,9.3,0.0368,6868.0,0.0591,0,Normal
2020-01-02 14:21:00,26.05,35.45,1586,35.7,138,5.929,9.4,0.0225,4926.6,0.0599,0,Normal
2020-01-02 14:22:00,26.05,35.35,1515,39.8,141,6.314,9.3,0.0263,5611.8,0.0612,0,Normal
2020-01-02 14:23:00,26.05,35.35,1374,53.6,143,7.712,9.3,0.039,7664.8,0.0621,0,Normal
2020-01-02 14:24:00,25.95,35.35,1455,39.8,145,6.064,9.4,0.0274,5771.0,0.0629,0,Normal
2020-01-02 14:25:00,26.05,35.35,1342,47.5,147,6.675,9.3,0.0354,6982.5,0.0637,0,Normal
2020-01-02 14:26:00,25.95,35.45,1260,57.8,152,7.627,9.5,0.0459,8785.6,0.0659,0,Normal
2020-01-02 14:27:00,25.85,35.35,1623,33.5,154,5.694,9.5,0.0206,5159.0,0.0667,0,Normal
2020-01-02 14:28:00,25.95,35.35,1371,55.5,159,7.968,9.4,0.0405,8824.5,0.0689,0,Normal
2020-01-02 14:29:00,25.95,35.45,1611,31.4,161,5.297,9.5,0.0195,5055.4,0.0697,0,Normal
2020-01-02 14:30:00,25.85,35.25,1535,47.5,163,7.635,9.4,0.0309,7742.5,0.0705,0,Normal
2020-01-02 14:31:00,25.95,35.45,1491,38.5,166,6.011,9.5,0.0258,6391.0,0.0718,0,Normal
2020-01-02 14:32:00,25.95,35.45,1441,36.2,169,5.463,9.5,0.0251,6117.8,0.0731,0,Normal
2020-01-02 14:33:00,25.95,35.65,1725,26.6,172,4.805,9.7,0.0154,4575.2,0.0743,0,Normal
2020-01-02 14:34:00,26.05,35.75,1368,47.2,175,6.762,9.7,0.0345,8260.0,0.0756,0,Normal
2020-01-02 14:35:00,26.05,35.75,1526,37.9,177,6.057,9.7,0.0248,6708.3,0.0764,0,Normal
2020-01-02 14:36:00,26.05,35.65,1542,39.2,179,6.33,9.6,0.0254,7016.8,0.0773,0,Normal
2020-01-02 14:37:00,26.05,35.65,1605,31.1,181,5.227,9.6,0.0194,5629.1,0.0781,0,Normal
2020-01-02 14:38:00,26.05,35.65,1405,51.4,183,7.563,9.6,0.0366,9406.2,0.0789,0,Normal
2020-01-02 14:39:00,26.05,35.65,1700,33.5,185,5.964,9.6,0.0197,6197.5,0.0797,0,Normal
2020-01-02 14:40:00,26.05,35.65,1440,39.1,188,5.896,9.6,0.0272,7350.8,0.081,0,Normal
2020-01-02 14:41:00,26.05,35.65,1314,52.5,193,7.224,9.6,0.04,10132.5,0.0831,0,Normal
2020-01-02 14:42:00,26.05,35.55,1514,41.9,196,6.643,9.5,0.0277,8212.4,0.0844,0,Normal
2020-01-02 14:43:00,26.05,35.55,1401,47.0,198,6.895,9.5,0.0335,9306.0,0.0852,0,Normal
2020-01-02 14:44:00,26.15,35.65,1636,29.9,201,5.123,9.5,0.0183,6009.9,0.0865,0,Normal
2020-01-02 14:45:00,26.15,35.65,1603,33.9,203,5.691,9.5,0.0211,6881.7,0.0873,0,Normal
2020-01-02 14:46:00,26.25,35.55,1487,52.6,205,8.191,9.3,0.0354,10783.0,0.0881,0,Normal
2020-01-02 14:47:00,26.15,35.55,1420,50.3,208,7.48,9.4,0.0354,10462.4,0.0893,0,Normal
2020-01-02 14:48:00,26.15,35.55,1579,36.3,211,6.002,9.4,0.023,7659.3,0.0906,0,Normal
2020-01-02 14:49:00,26.15,35.55,1484,40.5,213,6.294,9.4,0.0273,8626.5,0.0914,0,Normal
2020-01-02 14:50:00,26.15,35.55,1390,49.3,215,7.176,9.4,0.0355,10599.5,0.0922,0,Normal
2020-01-02 14:51:00,26.15,35.45,1384,53.6,218,7.768,9.3,0.0387,11684.8,0.0935,1,Overstrain_Failure
2020-01-02 14:52:00,26.05,35.35,1378,50.4,220,7.273,9.3,0.0366,11088.0,0.0943,1,Overstrain_Failure
2020-01-02 14:53:00,26.05,35.35,1445,45.2,222,6.84,9.3,0.0313,10034.4,0.0951,0,Normal
2020-01-02 14:54:00,26.05,35.25,1445,43.5,224,6.582,9.2,0.0301,9744.0,0.0959,0,Normal
2020-01-02 14:55:00,26.05,35.25,1509,39.4,0,6.226,9.2,0.0261,0.0,0.0,0,Normal
2020-01-02 14:56:00,26.05,35.25,1434,46.8,2,7.028,9.2,0.0326,93.6,0.0009,0,Normal
2020-01-02 14:57:00,26.05,35.25,1877,23.9,4,4.698,9.2,0.0127,95.6,0.0017,0,Normal
2020-01-02 14:58:00,26.15,35.15,1651,28.0,6,4.841,9.0,0.017,168.0,0.0026,0,Normal
2020-01-02 14:59:00,26.05,35.05,1466,41.3,8,6.34,9.0,0.0282,330.4,0.0034,0,Normal
2020-01-02 15:00:00,25.95,34.95,1479,40.7,10,6.304,9.0,0.0275,407.0,0.0043,0,Normal
2020-01-02 15:01:00,25.95,35.05,1409,46.4,12,6.846,9.1,0.0329,556.8,0.0051,0,Normal
2020-01-02 15:02:00,26.05,35.05,1674,28.2,14,4.943,9.0,0.0168,394.8,0.006,0,Normal
2020-01-02 15:03:00,25.95,35.15,1305,61.4,17,8.391,9.2,0.047,1043.8,0.0073,0,Normal
2020-01-02 15:04:00,26.05,35.15,1755,26.4,19,4.852,9.1,0.015,501.6,0.0081,0,Normal
2020-01-02 15:05:00,26.05,35.25,1475,38.7,22,5.978,9.2,0.0262,851.4,0.0094,0,Normal
2020-01-02 15:06:00,26.05,35.25,1402,47.7,24,7.003,9.2,0.034,1144.8,0.0102,0,Normal
2020-01-02 15:07:00,26.05,35.15,1410,43.0,26,6.349,9.1,0.0305,1118.0,0.0111,0,Normal
2020-01-02 15:08:00,26.05,35.25,1436,41.8,28,6.286,9.2,0.0291,1170.4,0.0119,0,Normal
2020-01-02 15:09:00,26.15,35.35,1386,42.2,30,6.125,9.2,0.0304,1266.0,0.0128,0,Normal
2020-01-02 15:10:00,26.15,35.45,1744,26.4,33,4.821,9.3,0.0151,871.2,0.014,0,Normal
2020-01-02 15:11:00,26.05,35.25,1393,48.4,35,7.06,9.2,0.0347,1694.0,0.0149,0,Normal
2020-01-02 15:12:00,26.15,35.35,1422,45.4,37,6.761,9.2,0.0319,1679.8,0.0157,0,Normal
2020-01-02 15:13:00,26.05,35.25,1841,22.8,40,4.396,9.2,0.0124,912.0,0.017,0,Normal
2020-01-02 15:14:00,26.15,35.45,1433,37.7,42,5.657,9.3,0.0263,1583.4,0.0178,0,Normal
2020-01-02 15:15:00,26.15,35.35,1305,60.6,44,8.282,9.2,0.0464,2666.4,0.0187,0,Normal
2020-01-02 15:16:00,26.15,35.45,1498,39.5,47,6.196,9.3,0.0264,1856.5,0.0199,0,Normal
2020-01-02 15:17:00,26.15,35.35,1772,26.1,52,4.843,9.2,0.0147,1357.2,0.0221,0,Normal
2020-01-02 15:18:00,26.05,35.25,1381,42.5,54,6.146,9.2,0.0308,2295.0,0.0229,0,Normal
2020-01-02 15:19:00,26.15,35.35,1413,38.5,57,5.697,9.2,0.0272,2194.5,0.0242,0,Normal
2020-01-02 15:20:00,26.05,35.25,1388,53.2,59,7.733,9.2,0.0383,3138.8,0.025,0,Normal
2020-01-02 15:21:00,26.05,35.45,1631,35.4,64,6.046,9.4,0.0217,2265.6,0.0271,0,Normal
2020-01-02 15:22:00,26.15,35.45,1520,41.4,67,6.59,9.3,0.0272,2773.8,0.0284,0,Normal
2020-01-02 15:23:00,26.15,35.35,1510,45.4,72,7.179,9.2,0.0301,3268.8,0.0305,0,Normal
2020-01-02 15:24:00,26.05,35.35,1366,49.7,74,7.109,9.3,0.0364,3677.8,0.0313,0,Normal
2020-01-02 15:25:00,26.25,35.35,1845,22.9,76,4.424,9.1,0.0124,1740.4,0.0321,0,Normal
2020-01-02 15:26:00,26.15,35.35,1485,44.7,78,6.951,9.2,0.0301,3486.6,0.033,0,Normal
2020-01-02 15:27:00,26.15,35.35,1496,39.4,80,6.172,9.2,0.0263,3152.0,0.0338,0,Normal
2020-01-02 15:28:00,26.15,35.25,1468,42.2,83,6.487,9.1,0.0287,3502.6,0.035,0,Normal
2020-01-02 15:29:00,26.05,35.25,1856,22.7,86,4.412,9.2,0.0122,1952.2,0.0363,0,Normal
2020-01-02 15:30:00,26.05,35.25,1620,34.1,89,5.785,9.2,0.021,3034.9,0.0375,0,Normal
2020-01-02 15:31:00,26.15,35.35,1409,44.8,91,6.61,9.2,0.0318,4076.8,0.0384,0,Normal
2020-01-02 15:32:00,26.15,35.35,1404,49.4,93,7.263,9.2,0.0352,4594.2,0.0392,0,Normal
2020-01-02 15:33:00,26.05,35.25,1350,51.3,96,7.252,9.2,0.038,4924.8,0.0404,0,Normal
2020-01-02 15:34:00,26.05,35.25,1538,38.0,98,6.12,9.2,0.0247,3724.0,0.0413,0,Normal
2020-01-02 15:35:00,26.05,35.25,1476,32.7,101,5.054,9.2,0.0222,3302.7,0.0425,0,Normal
2020-01-02 15:36:00,26.05,35.15,1364,51.8,104,7.399,9.1,0.038,5387.2,0.0438,0,Normal
2020-01-02 15:37:00,26.05,35.15,1582,45.5,107,7.538,9.1,0.0288,4868.5,0.045,0,Normal
2020-01-02 15:38:00,25.95,35.05,1348,56.1,110,7.919,9.1,0.0416,6171.0,0.0462,0,Normal
2020-01-02 15:39:00,25.95,35.05,1450,46.1,112,7.0,9.1,0.0318,5163.2,0.0471,0,Normal
2020-01-02 15:40:00,25.85,34.95,1242,60.9,117,7.921,9.1,0.049,7125.3,0.0491,0,Normal
2020-01-02 15:41:00,25.95,35.05,1493,34.9,119,5.456,9.1,0.0234,4153.1,0.05,0,Normal
2020-01-02 15:42:00,25.95,35.15,1601,31.4,121,5.264,9.2,0.0196,3799.4,0.0508,0,Normal
2020-01-02 15:43:00,25.95,35.05,1568,33.3,123,5.468,9.1,0.0212,4095.9,0.0516,0,Normal
2020-01-02 15:44:00,25.95,35.15,1506,38.0,125,5.993,9.2,0.0252,4750.0,0.0524,0,Normal
2020-01-02 15:45:00,25.95,35.15,1524,34.1,128,5.442,9.2,0.0224,4364.8,0.0536,0,Normal
2020-01-02 15:46:00,25.95,35.25,1543,37.9,130,6.124,9.3,0.0246,4927.0,0.0545,0,Normal
2020-01-02 15:47:00,26.05,35.35,1474,47.2,132,7.286,9.3,0.032,6230.4,0.0553,0,Normal
2020-01-02 15:48:00,26.05,35.35,1526,37.3,135,5.961,9.3,0.0244,5035.5,0.0565,0,Normal
2020-01-02 15:49:00,26.05,35.35,1867,27.0,138,5.279,9.3,0.0145,3726.0,0.0577,0,Normal
2020-01-02 15:50:00,26.05,35.35,1487,41.2,140,6.416,9.3,0.0277,5768.0,0.0586,0,Normal
2020-01-02 15:51:00,26.05,35.25,1580,32.6,142,5.394,9.2,0.0206,4629.2,0.0594,0,Normal
2020-01-02 15:52:00,26.05,35.35,1340,50.0,144,7.016,9.3,0.0373,7200.0,0.0602,0,Normal
2020-01-02 15:53:00,26.05,35.35,1544,41.6,146,6.726,9.3,0.0269,6073.6,0.061,0,Normal
2020-01-02 15:54:00,26.05,35.35,1488,40.3,148,6.28,9.3,0.0271,5964.4,0.0618,0,Normal
2020-01-02 15:55:00,26.05,35.35,1742,28.9,150,5.272,9.3,0.0166,4335.0,0.0626,0,Normal
2020-01-02 15:56:00,25.95,35.35,1592,34.2,153,5.702,9.4,0.0215,5232.6,0.0638,0,Normal
2020-01-02 15:57:00,26.05,35.45,1582,38.8,156,6.428,9.4,0.0245,6052.8,0.0651,0,Normal
2020-01-02 15:58:00,26.05,35.35,1490,43.2,158,6.741,9.3,0.029,6825.6,0.0659,0,Normal
2020-01-02 15:59:00,26.05,35.35,1594,35.8,160,5.976,9.3,0.0225,5728.0,0.0667,0,Normal
2020-01-02 16:00:00,26.05,35.45,1462,55.0,163,8.421,9.4,0.0376,8965.0,0.0679,0,Normal
2020-01-02 16:01:00,26.05,35.45,1367,47.6,168,6.814,9.4,0.0348,7996.8,0.0699,0,Normal
2020-01-02 16:02:00,26.05,35.55,1325,51.0,171,7.076,9.5,0.0385,8721.0,0.0712,0,Normal
2020-01-02 16:03:00,26.05,35.55,1448,51.4,173,7.794,9.5,0.0355,8892.2,0.072,0,Normal
2020-01-02 16:04:00,25.95,35.55,2008,20.3,178,4.269,9.6,0.0101,3613.4,0.074,0,Normal
2020-01-02 16:05:00,25.95,35.55,1498,38.9,181,6.102,9.6,0.026,7040.9,0.0752,0,Normal
2020-01-02 16:06:00,25.95,35.45,1437,41.6,183,6.26,9.5,0.0289,7612.8,0.076,0,Normal
2020-01-02 16:07:00,25.95,35.45,1499,45.1,185,7.08,9.5,0.0301,8343.5,0.0768,0,Normal
2020-01-02 16:08:00,25.85,35.25,1356,52.6,188,7.469,9.4,0.0388,9888.8,0.078,0,Normal
2020-01-02 16:09:00,25.95,35.35,1539,46.8,190,7.542,9.4,0.0304,8892.0,0.0788,0,Normal
2020-01-02 16:10:00,25.95,35.35,1689,32.1,192,5.678,9.4,0.019,6163.2,0.0796,0,Normal
2020-01-02 16:11:00,25.85,35.35,1559,38.1,194,6.22,9.5,0.0244,7391.4,0.0804,0,Normal
2020-01-02 16:12:00,25.95,35.45,1408,46.7,196,6.886,9.5,0.0332,9153.2,0.0812,0,Normal
2020-01-02 16:13:00,25.85,35.35,1886,23.0,198,4.543,9.5,0.0122,4554.0,0.082,0,Normal
2020-01-02 16:14:00,25.95,35.35,1415,43.4,0,6.431,9.4,0.0307,0.0,0.0,0,Normal
2020-01-02 16:15:00,25.95,35.35,1587,35.6,2,5.916,9.4,0.0224,71.2,0.0008,0,Normal
2020-01-02 16:16:00,25.85,35.25,1571,38.6,5,6.35,9.4,0.0246,193.0,0.0021,0,Normal
2020-01-02 16:17:00,25.75,35.15,1576,36.6,7,6.04,9.4,0.0232,256.2,0.0029,0,Normal
2020-01-02 16:18:00,25.75,35.15,1660,34.4,9,5.98,9.4,0.0207,309.6,0.0037,0,Normal
2020-01-02 16:19:00,25.75,35.05,1328,49.2,11,6.842,9.3,0.037,541.2,0.0045,0,Normal
2020-01-02 16:20:00,25.65,35.05,1450,44.7,14,6.787,9.4,0.0308,625.8,0.0058,0,Normal
2020-01-02 16:21:00,25.75,35.05,2384,15.0,19,3.745,9.3,0.0063,285.0,0.0078,0,Normal
2020-01-02 16:22:00,25.65,35.05,1443,53.4,21,8.069,9.4,0.037,1121.4,0.0087,0,Normal
2020-01-02 16:23:00,25.75,35.05,2022,20.0,23,4.235,9.3,0.0099,460.0,0.0095,0,Normal
2020-01-02 16:24:00,25.75,35.05,1828,23.8,26,4.556,9.3,0.013,618.8,0.0107,0,Normal
2020-01-02 16:25:00,25.65,34.95,1472,53.5,28,8.247,9.3,0.0363,1498.0,0.0115,0,Normal
2020-01-02 16:26:00,25.75,35.05,1372,63.6,30,9.138,9.3,0.0464,1908.0,0.0124,1,Power_Failure
2020-01-02 16:27:00,25.75,35.15,1855,23.8,33,4.623,9.4,0.0128,785.4,0.0136,0,Normal
2020-01-02 16:28:00,25.85,35.15,1377,47.2,35,6.806,9.3,0.0343,1652.0,0.0144,0,Normal
2020-01-02 16:29:00,25.75,35.15,1432,48.9,38,7.333,9.4,0.0341,1858.2,0.0156,0,Normal
2020-01-02 16:30:00,25.75,35.05,1335,47.8,40,6.682,9.3,0.0358,1912.0,0.0165,0,Normal
2020-01-02 16:31:00,25.75,35.05,1411,51.3,43,7.58,9.3,0.0364,2205.9,0.0177,0,Normal
2020-01-02 16:32:00,25.75,35.05,1510,43.5,46,6.879,9.3,0.0288,2001.0,0.0189,0,Normal
2020-01-02 16:33:00,25.85,35.15,1441,44.0,48,6.64,9.3,0.0305,2112.0,0.0197,0,Normal
2020-01-02 16:34:00,25.85,35.05,1358,42.7,50,6.072,9.2,0.0314,2135.0,0.0205,0,Normal
2020-01-02 16:35:00,25.75,35.05,1686,30.4,53,5.367,9.3,0.018,1611.2,0.0218,0,Normal
2020-01-02 16:36:00,25.85,35.05,1662,30.4,55,5.291,9.2,0.0183,1672.0,0.0226,0,Normal
2020-01-02 16:37:00,25.95,35.15,1426,40.1,60,5.988,9.2,0.0281,2406.0,0.0246,0,Normal
2020-01-02 16:38:00,25.95,35.25,1330,53.6,62,7.465,9.3,0.0403,3323.2,0.0254,0,Normal
2020-01-02 16:39:00,25.95,35.25,1693,31.6,65,5.602,9.3,0.0187,2054.0,0.0266,0,Normal
2020-01-02 16:40:00,25.95,35.25,1426,47.9,67,7.153,9.3,0.0336,3209.3,0.0274,0,Normal
2020-01-02 16:41:00,25.95,35.35,1676,31.0,69,5.441,9.4,0.0185,2139.0,0.0283,0,Normal
2020-01-02 16:42:00,25.95,35.25,1332,51.7,71,7.211,9.3,0.0388,3670.7,0.0291,0,Normal
2020-01-02 16:43:00,25.95,35.35,1647,35.0,74,6.037,9.4,0.0213,2590.0,0.0303,0,Normal
2020-01-02 16:44:00,26.05,35.45,1267,68.2,76,9.049,9.4,0.0538,5183.2,0.0311,1,Power_Failure
2020-01-02 16:45:00,26.05,35.55,1375,55.1,78,7.934,9.5,0.0401,4297.8,0.0319,0,Normal
2020-01-02 16:46:00,26.15,35.45,1422,48.9,83,7.282,9.3,0.0344,4058.7,0.0339,0,Normal
2020-01-02 16:47:00,26.15,35.55,1408,48.7,85,7.181,9.4,0.0346,4139.5,0.0347,0,Normal
2020-01-02 16:48:00,26.25,35.75,1440,42.5,87,6.409,9.5,0.0295,3697.5,0.0355,0,Normal
2020-01-02 16:49:00,26.15,35.65,1772,25.2,89,4.676,9.5,0.0142,2242.8,0.0363,0,Normal
2020-01-02 16:50:00,26.05,35.55,1492,37.8,91,5.906,9.5,0.0253,3439.8,0.0371,0,Normal
2020-01-02 16:51:00,26.05,35.55,1650,30.5,93,5.27,9.5,0.0185,2836.5,0.0379,0,Normal
2020-01-02 16:52:00,25.95,35.45,2329,14.6,95,3.561,9.5,0.0063,1387.0,0.0387,0,Normal
2020-01-02 16:53:00,25.85,35.45,1648,30.8,98,5.315,9.6,0.0187,3018.4,0.0399,0,Normal
2020-01-02 16:54:00,25.85,35.45,1653,31.7,100,5.487,9.6,0.0192,3170.0,0.0407,0,Normal
2020-01-02 16:55:00,25.85,35.45,1946,22.3,102,4.544,9.6,0.0115,2274.6,0.0415,0,Normal
2020-01-02 16:56:00,25.95,35.45,1555,36.6,104,5.96,9.5,0.0235,3806.4,0.0423,0,Normal
2020-01-02 16:57:00,25.85,35.45,1661,32.2,106,5.601,9.6,0.0194,3413.2,0.0431,0,Normal
2020-01-02 16:58:00,25.85,35.45,1434,45.9,108,6.893,9.6,0.032,4957.2,0.0439,0,Normal
2020-01-02 16:59:00,25.85,35.45,1297,54.2,110,7.362,9.6,0.0418,5962.0,0.0447,0,Normal
2020-01-02 17:00:00,25.85,35.45,1466,46.4,112,7.123,9.6,0.0317,5196.8,0.0455,0,Normal
2020-01-02 17:01:00,25.75,35.45,1517,39.8,114,6.323,9.7,0.0262,4537.2,0.0463,0,Normal
2020-01-02 17:02:00,25.75,35.35,1742,34.5,117,6.294,9.6,0.0198,4036.5,0.0475,0,Normal
2020-01-02 17:03:00,25.75,35.35,1580,39.1,119,6.469,9.6,0.0247,4652.9,0.0483,0,Normal
2020-01-02 17:04:00,25.75,35.35,1534,42.9,121,6.891,9.6,0.028,5190.9,0.0491,0,Normal
2020-01-02 17:05:00,25.75,35.45,1481,40.7,124,6.312,9.7,0.0275,5046.8,0.0503,0,Normal
2020-01-02 17:06:00,25.85,35.45,1429,37.7,126,5.642,9.6,0.0264,4750.2,0.0511,0,Normal
2020-01-02 17:07:00,25.75,35.45,1574,33.5,128,5.522,9.7,0.0213,4288.0,0.0519,0,Normal
2020-01-02 17:08:00,25.75,35.45,1524,40.4,131,6.448,9.7,0.0265,5292.4,0.0531,0,Normal
2020-01-02 17:09:00,25.85,35.55,1507,37.5,134,5.918,9.7,0.0249,5025.0,0.0543,0,Normal
2020-01-02 17:10:00,25.75,35.35,1467,44.7,136,6.867,9.6,0.0305,6079.2,0.055,0,Normal
2020-01-02 17:11:00,25.75,35.25,1301,51.1,138,6.962,9.5,0.0393,7051.8,0.0558,0,Normal
2020-01-02 17:12:00,25.75,35.35,1429,55.1,140,8.245,9.6,0.0386,7714.0,0.0566,0,Normal
2020-01-02 17:13:00,25.75,35.35,1555,37.6,142,6.123,9.6,0.0242,5339.2,0.0574,0,Normal
2020-01-02 17:14:00,25.75,35.35,1503,40.6,145,6.39,9.6,0.027,5887.0,0.0586,0,Normal
2020-01-02 17:15:00,25.75,35.35,1459,43.1,147,6.585,9.6,0.0295,6335.7,0.0594,0,Normal
2020-01-02 17:16:00,25.75,35.25,1449,42.4,149,6.434,9.5,0.0293,6317.6,0.0602,0,Normal
2020-01-02 17:17:00,25.75,35.35,1387,57.3,154,8.323,9.6,0.0413,8824.2,0.0621,0,Normal
2020-01-02 17:18:00,25.75,35.35,1456,50.0,156,7.624,9.6,0.0343,7800.0,0.0629,0,Normal
2020-01-02 17:19:00,25.85,35.35,1604,34.7,159,5.829,9.5,0.0216,5517.3,0.0641,0,Normal
2020-01-02 17:20:00,25.85,35.45,1734,32.4,161,5.883,9.6,0.0187,5216.4,0.0649,0,Normal
2020-01-02 17:21:00,25.85,35.45,1378,47.8,163,6.898,9.6,0.0347,7791.4,0.0657,0,Normal
2020-01-02 17:22:00,25.75,35.55,1504,41.8,165,6.583,9.8,0.0278,6897.0,0.0665,0,Normal
2020-01-02 17:23:00,25.75,35.55,1402,49.8,167,7.311,9.8,0.0355,8316.6,0.0672,0,Normal
2020-01-02 17:24:00,25.65,35.45,1524,37.7,170,6.017,9.8,0.0247,6409.0,0.0684,0,Normal
2020-01-02 17:25:00,25.65,35.45,1593,35.5,175,5.922,9.8,0.0223,6212.5,0.0704,0,Normal
2020-01-02 17:26:00,25.75,35.55,1772,28.4,177,5.27,9.8,0.016,5026.8,0.0712,0,Normal
2020-01-02 17:27:00,25.75,35.45,1623,31.0,180,5.269,9.7,0.0191,5580.0,0.0723,0,Normal
2020-01-02 17:28:00,25.75,35.55,1356,50.7,185,7.199,9.8,0.0374,9379.5,0.0743,0,Normal
2020-01-02 17:29:00,25.75,35.55,1500,41.6,187,6.535,9.8,0.0277,7779.2,0.0751,0,Normal
2020-01-02 17:30:00,25.95,35.65,1566,46.6,192,7.642,9.7,0.0298,8947.2,0.0771,0,Normal
2020-01-02 17:31:00,25.95,35.75,1445,43.4,197,6.567,9.8,0.03,8549.8,0.0791,0,Normal
2020-01-02 17:32:00,25.85,35.65,1382,58.5,199,8.466,9.8,0.0423,11641.5,0.0798,0,Normal
2020-01-02 17:33:00,25.85,35.65,1418,45.7,204,6.786,9.8,0.0322,9322.8,0.0818,0,Normal
2020-01-02 17:34:00,25.95,35.65,1329,53.6,207,7.46,9.7,0.0403,11095.2,0.083,1,Overstrain_Failure
2020-01-02 17:35:00,25.95,35.65,1491,41.0,209,6.402,9.7,0.0275,8569.0,0.0837,0,Normal
2020-01-02 17:36:00,26.05,35.75,1573,37.4,212,6.161,9.7,0.0238,7928.8,0.0849,0,Normal
2020-01-02 17:37:00,26.05,35.75,1521,42.3,215,6.737,9.7,0.0278,9094.5,0.0861,0,Normal
2020-01-02 17:38:00,25.95,35.75,1467,47.2,218,7.251,9.8,0.0322,10289.6,0.0872,0,Normal
2020-01-02 17:39:00,25.95,35.75,1325,48.4,220,6.716,9.8,0.0365,10648.0,0.088,0,Normal
2020-01-02 17:40:00,25.95,35.75,1617,32.3,223,5.469,9.8,0.02,7202.9,0.0892,0,Normal
2020-01-02 17:41:00,25.95,35.75,1476,42.7,225,6.6,9.8,0.0289,9607.5,0.0899,0,Normal
2020-01-02 17:42:00,26.05,35.85,1515,48.9,228,7.758,9.8,0.0323,11149.2,0.0911,1,Overstrain_Failure
2020-01-02 17:43:00,26.05,35.85,1408,47.2,0,6.959,9.8,0.0335,0.0,0.0,0,Normal
2020-01-02 17:44:00,26.05,35.95,1468,45.6,2,7.01,9.9,0.0311,91.2,0.0008,0,Normal
2020-01-02 17:45:00,26.05,35.95,1387,48.7,4,7.073,9.9,0.0351,194.8,0.0016,0,Normal
2020-01-02 17:46:00,26.05,35.95,1503,34.7,6,5.462,9.9,0.0231,208.2,0.0024,0,Normal
2020-01-02 17:47:00,26.05,35.95,1410,47.1,9,6.955,9.9,0.0334,423.9,0.0036,0,Normal
2020-01-02 17:48:00,25.85,35.75,1615,30.6,14,5.175,9.9,0.0189,428.4,0.0056,0,Normal
2020-01-02 17:49:00,25.85,35.75,1511,35.9,16,5.681,9.9,0.0238,574.4,0.0064,0,Normal
2020-01-02 17:50:00,25.95,35.85,1405,53.8,18,7.916,9.9,0.0383,968.4,0.0072,0,Normal
2020-01-02 17:51:00,25.85,35.75,1526,41.1,20,6.568,9.9,0.0269,822.0,0.008,0,Normal
2020-01-02 17:52:00,25.75,35.65,1530,38.3,23,6.136,9.9,0.025,880.9,0.0092,0,Normal
2020-01-02 17:53:00,25.85,35.55,1583,32.5,25,5.388,9.7,0.0205,812.5,0.0099,0,Normal
2020-01-02 17:54:00,25.75,35.45,2069,18.7,27,4.052,9.7,0.009,504.9,0.0107,0,Normal
2020-01-02 17:55:00,25.65,35.35,1490,35.0,29,5.461,9.7,0.0235,1015.0,0.0115,0,Normal
2020-01-02 17:56:00,25.65,35.35,1736,29.0,31,5.272,9.7,0.0167,899.0,0.0123,0,Normal
2020-01-02 17:57:00,25.65,35.35,1395,44.4,33,6.486,9.7,0.0318,1465.2,0.0131,0,Normal
2020-01-02 17:58:00,25.75,35.45,1425,49.6,35,7.402,9.7,0.0348,1736.0,0.0139,0,Normal
2020-01-02 17:59:00,25.65,35.45,1631,32.4,38,5.534,9.8,0.0199,1231.2,0.0151,0,Normal
2020-01-02 18:00:00,25.65,35.45,1535,41.2,40,6.623,9.8,0.0268,1648.0,0.0159,0,Normal
2020-01-02 18:01:00,25.65,35.45,1584,34.4,42,5.706,9.8,0.0217,1444.8,0.0167,0,Normal
2020-01-02 18:02:00,25.65,35.55,1543,38.2,44,6.172,9.9,0.0248,1680.8,0.0174,0,Normal
2020-01-02 18:03:00,25.65,35.55,1635,35.2,47,6.027,9.9,0.0215,1654.4,0.0186,0,Normal
2020-01-02 18:04:00,25.65,35.55,1446,45.5,49,6.89,9.9,0.0315,2229.5,0.0194,0,Normal
2020-01-02 18:05:00,25.65,35.45,1598,35.1,52,5.874,9.8,0.022,1825.2,0.0206,0,Normal
2020-01-02 18:06:00,25.65,35.45,1501,35.0,55,5.501,9.8,0.0233,1925.0,0.0218,0,Normal
2020-01-02 18:07:00,25.65,35.35,1450,50.8,57,7.714,9.7,0.035,2895.6,0.0225,0,Normal
2020-01-02 18:08:00,25.65,35.45,1730,25.9,59,4.692,9.8,0.015,1528.1,0.0233,0,Normal
2020-01-02 18:09:00,25.65,35.45,1571,33.7,61,5.544,9.8,0.0215,2055.7,0.0241,0,Normal
2020-01-02 18:10:00,25.75,35.55,1438,51.7,64,7.785,9.8,0.036,3308.8,0.0253,0,Normal
2020-01-02 18:11:00,25.65,35.35,1510,38.7,66,6.12,9.7,0.0256,2554.2,0.0261,0,Normal
2020-01-02 18:12:00,25.75,35.55,1389,44.9,69,6.531,9.8,0.0323,3098.1,0.0272,0,Normal
2020-01-02 18:13:00,25.65,35.55,1490,33.6,71,5.243,9.9,0.0226,2385.6,0.028,0,Normal
2020-01-02 18:14:00,25.75,35.55,1729,26.6,73,4.816,9.8,0.0154,1941.8,0.0288,0,Normal
2020-01-02 18:15:00,25.85,35.65,1495,38.4,75,6.012,9.8,0.0257,2880.0,0.0296,0,Normal
2020-01-02 18:16:00,25.75,35.65,1281,53.9,77,7.23,9.9,0.0421,4150.3,0.0304,0,Normal
2020-01-02 18:17:00,25.75,35.55,1353,48.1,79,6.815,9.8,0.0356,3799.9,0.0311,0,Normal
2020-01-02 18:18:00,25.95,35.65,1429,50.1,84,7.497,9.7,0.0351,4208.4,0.0331,0,Normal
2020-01-02 18:19:00,25.95,35.65,1413,42.1,86,6.229,9.7,0.0298,3620.6,0.0339,0,Normal
2020-01-02 18:20:00,25.95,35.65,1502,38.3,88,6.024,9.7,0.0255,3370.4,0.0346,0,Normal
2020-01-02 18:21:00,25.95,35.65,1553,32.6,90,5.302,9.7,0.021,2934.0,0.0354,0,Normal
2020-01-02 18:22:00,26.05,35.75,1712,26.4,95,4.733,9.7,0.0154,2508.0,0.0374,0,Normal
2020-01-02 18:23:00,26.15,35.85,1786,23.5,100,4.395,9.7,0.0132,2350.0,0.0393,0,Normal
2020-01-02 18:24:00,26.05,35.85,1951,21.4,102,4.372,9.8,0.011,2182.8,0.0401,0,Normal
2020-01-02 18:25:00,26.05,35.85,1541,36.3,104,5.858,9.8,0.0236,3775.2,0.0408,0,Normal
2020-01-02 18:26:00,26.05,35.95,1605,34.3,107,5.765,9.9,0.0214,3670.1,0.042,0,Normal
2020-01-02 18:27:00,26.05,35.95,1578,38.1,109,6.296,9.9,0.0241,4152.9,0.0428,0,Normal
2020-01-02 18:28:00,26.15,36.05,1440,37.5,111,5.655,9.9,0.026,4162.5,0.0435,0,Normal
2020-01-02 18:29:00,26.25,36.05,1489,42.3,114,6.596,9.8,0.0284,4822.2,0.0447,0,Normal
2020-01-02 18:30:00,26.25,36.15,1366,48.4,116,6.923,9.9,0.0354,5614.4,0.0455,0,Normal
2020-01-02 18:31:00,26.15,36.05,1541,37.2,118,6.003,9.9,0.0241,4389.6,0.0462,0,Normal
2020-01-02 18:32:00,26.15,35.95,1552,40.7,120,6.615,9.8,0.0262,4884.0,0.047,0,Normal
2020-01-02 18:33:00,26.15,35.95,1473,40.3,125,6.216,9.8,0.0274,5037.5,0.0489,0,Normal
2020-01-02 18:34:00,26.15,35.95,1531,37.9,127,6.076,9.8,0.0248,4813.3,0.0497,0,Normal
2020-01-02 18:35:00,26.15,36.05,1511,37.2,129,5.886,9.9,0.0246,4798.8,0.0505,0,Normal
2020-01-02 18:36:00,26.15,35.95,1449,47.9,131,7.268,9.8,0.0331,6274.9,0.0512,0,Normal
2020-01-02 18:37:00,26.25,35.95,1440,50.0,134,7.54,9.7,0.0347,6700.0,0.0524,0,Normal
2020-01-02 18:38:00,26.05,35.85,1881,23.9,137,4.708,9.8,0.0127,3274.3,0.0535,0,Normal
2020-01-02 18:39:00,26.15,35.85,1447,50.4,140,7.637,9.7,0.0348,7056.0,0.0547,0,Normal
2020-01-02 18:40:00,26.25,35.95,1326,62.0,142,8.609,9.7,0.0468,8804.0,0.0554,0,Normal
2020-01-02 18:41:00,26.25,36.05,1607,31.7,145,5.335,9.8,0.0197,4596.5,0.0566,0,Normal
2020-01-02 18:42:00,26.15,35.95,1551,39.1,147,6.351,9.8,0.0252,5747.7,0.0574,0,Normal
2020-01-02 18:43:00,26.15,35.95,1496,37.2,149,5.828,9.8,0.0249,5542.8,0.0581,0,Normal
2020-01-02 18:44:00,26.15,35.95,1493,38.0,151,5.941,9.8,0.0255,5738.0,0.0589,0,Normal
2020-01-02 18:45:00,26.25,35.95,1304,50.5,153,6.896,9.7,0.0387,7726.5,0.0596,0,Normal
2020-01-02 18:46:00,26.15,35.85,1420,41.6,155,6.186,9.7,0.0293,6448.0,0.0604,0,Normal
2020-01-02 18:47:00,26.25,35.95,1766,24.6,158,4.549,9.7,0.0139,3886.8,0.0615,0,Normal
2020-01-02 18:48:00,26.45,36.05,1450,43.1,160,6.544,9.6,0.0297,6896.0,0.0623,0,Normal
2020-01-02 18:49:00,26.35,36.05,1872,22.6,162,4.43,9.7,0.0121,3661.2,0.063,0,Normal
2020-01-02 18:50:00,26.45,36.05,1713,26.5,167,4.754,9.6,0.0155,4425.5,0.065,0,Normal
2020-01-02 18:51:00,26.35,36.05,1497,40.9,169,6.412,9.7,0.0273,6912.1,0.0657,0,Normal
2020-01-02 18:52:00,26.25,35.95,1352,44.7,172,6.329,9.7,0.0331,7688.4,0.0668,0,Normal
2020-01-02 18:53:00,26.35,36.05,1499,41.5,175,6.514,9.7,0.0277,7262.5,0.068,0,Normal
2020-01-02 18:54:00,26.35,36.15,1972,19.3,177,3.986,9.8,0.0098,3416.1,0.0687,0,Normal
2020-01-02 18:55:00,26.35,36.15,1422,49.2,179,7.326,9.8,0.0346,8806.8,0.0695,0,Normal
2020-01-02 18:56:00,26.35,36.15,1523,41.5,181,6.619,9.8,0.0272,7511.5,0.0702,0,Normal
2020-01-02 18:57:00,26.35,36.25,1563,41.5,183,6.793,9.9,0.0266,7594.5,0.071,0,Normal
2020-01-02 18:58:00,26.25,36.15,1391,46.6,185,6.788,9.9,0.0335,8621.0,0.0717,0,Normal
2020-01-02 18:59:00,26.15,35.95,1795,24.7,187,4.643,9.8,0.0138,4618.9,0.0725,0,Normal
2020-01-02 19:00:00,26.15,35.95,1293,53.7,189,7.271,9.8,0.0415,10149.3,0.0732,0,Normal
2020-01-02 19:01:00,26.05,35.95,1345,60.7,191,8.549,9.9,0.0451,11593.7,0.074,1,Overstrain_Failure
2020-01-02 19:02:00,26.05,35.85,1615,33.7,193,5.699,9.8,0.0209,6504.1,0.0747,0,Normal
2020-01-02 19:03:00,26.05,35.75,1342,50.8,195,7.139,9.7,0.0379,9906.0,0.0755,0,Normal
2020-01-02 19:04:00,25.95,35.65,1502,46.7,197,7.345,9.7,0.0311,9199.9,0.0762,0,Normal
2020-01-02 19:05:00,25.85,35.55,1620,35.4,199,6.005,9.7,0.0219,7044.6,0.077,0,Normal
2020-01-02 19:06:00,25.85,35.55,1537,42.8,202,6.889,9.7,0.0278,8645.6,0.0781,0,Normal
2020-01-02 19:07:00,25.85,35.55,2248,16.8,204,3.955,9.7,0.0075,3427.2,0.0788,0,Normal
2020-01-02 19:08:00,25.85,35.55,1706,28.6,206,5.109,9.7,0.0168,5891.6,0.0796,0,Normal
2020-01-02 19:09:00,25.85,35.55,2250,16.6,208,3.911,9.7,0.0074,3452.8,0.0803,0,Normal
2020-01-02 19:10:00,25.85,35.55,1396,48.6,0,7.105,9.7,0.0348,0.0,0.0,0,Normal
2020-01-02 19:11:00,25.75,35.45,1522,46.4,2,7.395,9.7,0.0305,92.8,0.0008,0,Normal
2020-01-02 19:12:00,25.75,35.45,1539,45.4,4,7.317,9.7,0.0295,181.6,0.0015,0,Normal
2020-01-02 19:13:00,25.75,35.35,1415,54.0,6,8.002,9.6,0.0382,324.0,0.0023,0,Normal
2020-01-02 19:14:00,25.65,35.35,1446,37.0,11,5.603,9.7,0.0256,407.0,0.0042,0,Normal
2020-01-02 19:15:00,25.65,35.45,1486,41.1,13,6.396,9.8,0.0277,534.3,0.005,0,Normal
2020-01-02 19:16:00,25.85,35.55,1426,38.6,16,5.764,9.7,0.0271,617.6,0.0062,0,Normal
2020-01-02 19:17:00,25.85,35.55,1449,38.9,18,5.903,9.7,0.0268,700.2,0.0069,0,Normal
2020-01-02 19:18:00,25.95,35.65,1320,67.5,20,9.331,9.7,0.0511,1350.0,0.0077,1,Power_Failure
2020-01-02 19:19:00,26.05,35.75,1447,39.6,22,6.001,9.7,0.0274,871.2,0.0085,0,Normal
2020-01-02 19:20:00,26.15,35.85,1422,47.3,25,7.044,9.7,0.0333,1182.5,0.0096,0,Normal
2020-01-02 19:21:00,26.15,35.95,1399,52.1,27,7.633,9.8,0.0372,1406.7,0.0104,0,Normal
2020-01-02 19:22:00,26.25,36.05,1427,41.5,29,6.202,9.8,0.0291,1203.5,0.0111,0,Normal
2020-01-02 19:23:00,26.15,36.05,1334,46.3,31,6.468,9.9,0.0347,1435.3,0.0119,0,Normal
2020-01-02 19:24:00,26.15,35.95,1385,45.6,34,6.614,9.8,0.0329,1550.4,0.0131,0,Normal
2020-01-02 19:25:00,26.25,36.05,1552,37.4,37,6.078,9.8,0.0241,1383.8,0.0142,0,Normal
2020-01-02 19:26:00,26.25,36.15,1534,37.5,39,6.024,9.9,0.0244,1462.5,0.015,0,Normal
2020-01-02 19:27:00,26.25,36.15,1448,48.6,44,7.369,9.9,0.0336,2138.4,0.0169,0,Normal
2020-01-02 19:28:00,26.35,36.15,1409,44.7,46,6.595,9.8,0.0317,2056.2,0.0176,0,Normal
2020-01-02 19:29:00,26.25,36.05,1621,34.5,48,5.856,9.8,0.0213,1656.0,0.0184,0,Normal
2020-01-02 19:30:00,26.25,35.95,1547,40.9,50,6.626,9.7,0.0264,2045.0,0.0191,0,Normal
2020-01-02 19:31:00,26.25,35.95,1957,22.1,55,4.529,9.7,0.0113,1215.5,0.0211,0,Normal
2020-01-02 19:32:00,26.25,35.95,2421,14.2,57,3.6,9.7,0.0059,809.4,0.0218,0,Normal
2020-01-02 19:33:00,26.15,35.95,1571,38.3,59,6.301,9.8,0.0244,2259.7,0.0226,0,Normal
2020-01-02 19:34:00,26.15,35.95,1634,36.8,62,6.297,9.8,0.0225,2281.6,0.0237,0,Normal
2020-01-02 19:35:00,26.15,35.85,1516,38.7,64,6.144,9.7,0.0255,2476.8,0.0245,0,Normal
2020-01-02 19:36:00,26.25,35.95,1207,66.5,66,8.405,9.7,0.0551,4389.0,0.0252,0,Normal
2020-01-02 19:37:00,26.25,35.95,1670,35.9,68,6.278,9.7,0.0215,2441.2,0.026,0,Normal
2020-01-02 19:38:00,26.25,35.95,1461,48.6,70,7.436,9.7,0.0333,3402.0,0.0267,0,Normal
2020-01-02 19:39:00,26.25,36.05,1569,40.8,73,6.704,9.8,0.026,2978.4,0.0279,0,Normal
2020-01-02 19:40:00,26.25,36.05,1556,35.7,75,5.817,9.8,0.0229,2677.5,0.0286,0,Normal
2020-01-02 19:41:00,26.35,36.15,1506,41.5,77,6.545,9.8,0.0276,3195.5,0.0294,0,Normal
2020-01-02 19:42:00,26.45,36.25,1642,30.3,80,5.21,9.8,0.0185,2424.0,0.0305,0,Normal
2020-01-02 19:43:00,26.45,36.25,1283,62.1,83,8.343,9.8,0.0484,5154.3,0.0316,0,Normal
2020-01-02 19:44:00,26.55,36.35,1375,46.8,86,6.739,9.8,0.034,4024.8,0.0328,0,Normal
2020-01-02 19:45:00,26.55,36.25,1399,39.9,91,5.845,9.7,0.0285,3630.9,0.0347,0,Normal
2020-01-02 19:46:00,26.55,36.25,1650,29.8,93,5.149,9.7,0.0181,2771.4,0.0354,0,Normal
2020-01-02 19:47:00,26.65,36.45,1346,53.2,95,7.499,9.8,0.0395,5054.0,0.0361,0,Normal
2020-01-02 19:48:00,26.75,36.45,1410,51.2,98,7.56,9.7,0.0363,5017.6,0.0373,0,Normal
2020-01-02 19:49:00,26.85,36.55,1586,37.8,103,6.278,9.7,0.0238,3893.4,0.0392,0,Normal
2020-01-02 19:50:00,26.85,36.65,1372,39.6,105,5.69,9.8,0.0289,4158.0,0.0399,0,Normal
2020-01-02 19:51:00,26.85,36.55,1529,42.4,107,6.789,9.7,0.0277,4536.8,0.0407,0,Normal
2020-01-02 19:52:00,26.85,36.55,1652,28.6,112,4.948,9.7,0.0173,3203.2,0.0425,0,Normal
2020-01-02 19:53:00,26.95,36.65,1532,39.8,115,6.385,9.7,0.026,4577.0,0.0437,0,Normal
2020-01-02 19:54:00,26.85,36.55,1554,32.0,117,5.208,9.7,0.0206,3744.0,0.0444,0,Normal
2020-01-02 19:55:00,26.75,36.45,1462,51.0,119,7.808,9.7,0.0349,6069.0,0.0451,0,Normal
2020-01-02 19:56:00,26.75,36.45,1254,61.3,124,8.05,9.7,0.0489,7601.2,0.047,0,Normal
2020-01-02 19:57:00,26.75,36.45,1294,49.7,126,6.735,9.7,0.0384,6262.2,0.0478,0,Normal
2020-01-02 19:58:00,26.65,36.35,1739,27.5,128,5.008,9.7,0.0158,3520.0,0.0485,0,Normal
2020-01-02 19:59:00,26.65,36.25,1412,47.8,130,7.068,9.6,0.0339,6214.0,0.0492,0,Normal
2020-01-02 20:00:00,26.75,36.35,1372,56.2,133,8.075,9.6,0.041,7474.6,0.0504,0,Normal
2020-01-02 20:01:00,26.65,36.35,1420,46.7,136,6.944,9.7,0.0329,6351.2,0.0515,0,Normal
2020-01-02 20:02:00,26.65,36.35,1542,40.3,141,6.508,9.7,0.0261,5682.3,0.0533,0,Normal
2020-01-02 20:03:00,26.65,36.25,1401,48.1,143,7.057,9.6,0.0343,6878.3,0.0541,0,Normal
2020-01-02 20:04:00,26.65,36.25,1510,42.5,146,6.72,9.6,0.0281,6205.0,0.0552,0,Normal
2020-01-02 20:05:00,26.75,36.35,1547,38.5,148,6.237,9.6,0.0249,5698.0,0.0559,0,Normal
2020-01-02 20:06:00,26.65,36.35,1453,43.2,153,6.573,9.7,0.0297,6609.6,0.0578,0,Normal
2020-01-02 20:07:00,26.65,36.25,1408,45.6,156,6.724,9.6,0.0324,7113.6,0.0589,0,Normal
2020-01-02 20:08:00,26.65,36.25,1436,51.6,158,7.759,9.6,0.0359,8152.8,0.0596,0,Normal
2020-01-02 20:09:00,26.75,36.35,1582,38.2,160,6.328,9.6,0.0241,6112.0,0.0604,0,Normal
2020-01-02 20:10:00,26.75,36.45,1280,59.3,163,7.949,9.7,0.0463,9665.9,0.0615,0,Normal
2020-01-02 20:11:00,26.75,36.35,2008,20.4,165,4.29,9.6,0.0102,3366.0,0.0622,0,Normal
2020-01-02 20:12:00,26.75,36.35,1772,23.5,167,4.361,9.6,0.0133,3924.5,0.0629,0,Normal
2020-01-02 20:13:00,26.75,36.35,1779,26.1,169,4.862,9.6,0.0147,4410.9,0.0637,0,Normal
2020-01-02 20:14:00,26.75,36.35,1567,35.5,171,5.825,9.6,0.0227,6070.5,0.0644,0,Normal
2020-01-02 20:15:00,26.65,36.25,1751,27.0,173,4.951,9.6,0.0154,4671.0,0.0651,0,Normal
2020-01-02 20:16:00,26.75,36.35,1349,51.3,176,7.247,9.6,0.038,9028.8,0.0662,0,Normal
2020-01-02 20:17:00,26.85,36.35,1425,40.8,178,6.088,9.5,0.0286,7262.4,0.067,0,Normal
2020-01-02 20:18:00,26.85,36.25,1395,44.5,181,6.501,9.4,0.0319,8054.5,0.0681,0,Normal
2020-01-02 20:19:00,26.65,36.15,1595,32.1,183,5.362,9.5,0.0201,5874.3,0.0688,0,Normal
2020-01-02 20:20:00,26.65,36.15,1291,56.4,188,7.625,9.5,0.0437,10603.2,0.0707,0,Normal
2020-01-02 20:21:00,26.75,36.25,1509,42.8,190,6.763,9.5,0.0284,8132.0,0.0714,0,Normal
2020-01-02 20:22:00,26.75,36.25,1483,38.1,193,5.917,9.5,0.0257,7353.3,0.0725,0,Normal
2020-01-02 20:23:00,26.75,36.15,1620,31.1,196,5.276,9.4,0.0192,6095.6,0.0736,0,Normal
2020-01-02 20:24:00,26.75,36.25,1487,42.2,198,6.571,9.5,0.0284,8355.6,0.0743,0,Normal
2020-01-02 20:25:00,26.65,36.25,2256,15.9,201,3.756,9.6,0.007,3195.9,0.0754,0,Normal
2020-01-02 20:26:00,26.55,36.05,1691,27.7,203,4.905,9.5,0.0164,5623.1,0.0761,0,Normal
2020-01-02 20:27:00,26.65,36.15,1663,35.2,208,6.13,9.5,0.0212,7321.6,0.078,0,Normal
2020-01-02 20:28:00,26.65,36.15,1640,31.1,211,5.341,9.5,0.019,6562.1,0.0791,0,Normal
2020-01-02 20:29:00,26.55,36.15,1494,37.8,214,5.914,9.6,0.0253,8089.2,0.0801,0,Normal
2020-01-02 20:30:00,26.65,36.25,1467,46.2,219,7.097,9.6,0.0315,10117.8,0.082,0,Normal
2020-01-02 20:31:00,26.55,36.15,1399,41.9,221,6.138,9.6,0.0299,9259.9,0.0827,1,Tool_Wear_Failure
2020-01-02 20:32:00,26.55,36.15,1445,42.6,0,6.446,9.6,0.0295,0.0,0.0,0,Normal
2020-01-02 20:33:00,26.65,36.25,1480,40.9,2,6.339,9.6,0.0276,81.8,0.0007,0,Normal
2020-01-02 20:34:00,26.55,36.15,1546,37.2,4,6.023,9.6,0.0241,148.8,0.0015,0,Normal
2020-01-02 20:35:00,26.55,36.15,1574,35.8,6,5.901,9.6,0.0227,214.8,0.0022,0,Normal
2020-01-02 20:36:00,26.55,36.15,1592,34.2,8,5.702,9.6,0.0215,273.6,0.003,0,Normal
2020-01-02 20:37:00,26.65,36.35,1495,39.6,10,6.2,9.7,0.0265,396.0,0.0037,0,Normal
2020-01-02 20:38:00,26.65,36.45,1447,43.1,12,6.531,9.8,0.0298,517.2,0.0045,0,Normal
2020-01-02 20:39:00,26.65,36.35,1476,44.4,14,6.863,9.7,0.0301,621.6,0.0052,0,Normal
2020-01-02 20:40:00,26.65,36.35,1641,27.1,16,4.657,9.7,0.0165,433.6,0.006,0,Normal
2020-01-02 20:41:00,26.65,36.35,1545,32.2,18,5.21,9.7,0.0208,579.6,0.0067,0,Normal
2020-01-02 20:42:00,26.75,36.45,1364,44.4,20,6.342,9.7,0.0326,888.0,0.0075,0,Normal
2020-01-02 20:43:00,26.65,36.35,1590,28.5,23,4.745,9.7,0.0179,655.5,0.0086,0,Normal
2020-01-02 20:44:00,26.65,36.25,1460,37.4,25,5.718,9.6,0.0256,935.0,0.0093,0,Normal
2020-01-02 20:45:00,26.65,36.25,1609,32.5,27,5.476,9.6,0.0202,877.5,0.0101,0,Normal
2020-01-02 20:46:00,26.65,36.25,1633,27.5,29,4.703,9.6,0.0168,797.5,0.0108,0,Normal
2020-01-02 20:47:00,26.75,36.25,1348,52.8,31,7.453,9.5,0.0392,1636.8,0.0115,0,Normal
2020-01-02 20:48:00,26.75,36.25,1322,53.9,33,7.462,9.5,0.0408,1778.7,0.0123,0,Normal
2020-01-02 20:49:00,26.85,36.35,1641,30.1,35,5.173,9.5,0.0183,1053.5,0.013,0,Normal
2020-01-02 20:50:00,26.85,36.35,1728,26.0,37,4.705,9.5,0.015,962.0,0.0137,0,Normal
2020-01-02 20:51:00,26.85,36.45,1431,47.7,39,7.148,9.6,0.0333,1860.3,0.0145,0,Normal
2020-01-02 20:52:00,26.95,36.55,1641,30.4,41,5.224,9.6,0.0185,1246.4,0.0152,0,Normal
2020-01-02 20:53:00,26.95,36.45,1622,36.1,43,6.132,9.5,0.0223,1552.3,0.016,0,Normal
2020-01-02 20:54:00,26.95,36.45,1625,38.0,46,6.466,9.5,0.0234,1748.0,0.0171,0,Normal
2020-01-02 20:55:00,26.85,36.35,1869,22.7,49,4.443,9.5,0.0121,1112.3,0.0182,0,Normal
2020-01-02 20:56:00,26.85,36.45,1452,46.0,51,6.994,9.6,0.0317,2346.0,0.0189,0,Normal
2020-01-02 20:57:00,26.85,36.45,1618,28.7,53,4.863,9.6,0.0177,1521.1,0.0196,0,Normal
2020-01-02 20:58:00,26.85,36.25,2010,20.0,55,4.21,9.4,0.01,1100.0,0.0204,0,Normal
2020-01-02 20:59:00,26.75,36.25,1363,60.9,57,8.692,9.5,0.0447,3471.3,0.0211,0,Normal
2020-01-02 21:00:00,26.75,36.15,1473,40.4,59,6.232,9.4,0.0274,2383.6,0.0218,0,Normal
2020-01-02 21:01:00,26.75,36.05,1333,50.8,61,7.091,9.3,0.0381,3098.8,0.0226,0,Normal
2020-01-02 21:02:00,26.65,36.05,1760,25.9,63,4.774,9.4,0.0147,1631.7,0.0233,0,Normal
2020-01-02 21:03:00,26.65,36.05,1372,58.2,65,8.362,9.4,0.0424,3783.0,0.024,0,Normal
2020-01-02 21:04:00,26.55,36.05,1608,34.4,68,5.793,9.5,0.0214,2339.2,0.0251,0,Normal
2020-01-02 21:05:00,26.55,36.05,1326,64.8,71,8.998,9.5,0.0489,4600.8,0.0262,0,Normal
2020-01-02 21:06:00,26.45,35.95,1560,37.1,73,6.061,9.5,0.0238,2708.3,0.027,0,Normal
2020-01-02 21:07:00,26.45,35.85,1539,36.1,76,5.818,9.4,0.0235,2743.6,0.0281,0,Normal
2020-01-02 21:08:00,26.45,35.95,2266,15.3,79,3.631,9.5,0.0068,1208.7,0.0292,0,Normal
2020-01-02 21:09:00,26.45,35.95,1641,35.8,81,6.152,9.5,0.0218,2899.8,0.0299,0,Normal
2020-01-02 21:10:00,26.45,35.95,1574,39.2,83,6.461,9.5,0.0249,3253.6,0.0306,0,Normal
2020-01-02 21:11:00,26.45,35.95,1407,50.6,85,7.455,9.5,0.036,4301.0,0.0313,0,Normal
2020-01-02 21:12:00,26.55,36.05,1302,55.5,87,7.567,9.5,0.0426,4828.5,0.0321,0,Normal
2020-01-02 21:13:00,26.45,36.05,1651,30.8,92,5.325,9.6,0.0187,2833.6,0.0339,0,Normal
2020-01-02 21:14:00,26.45,35.95,1366,55.2,95,7.896,9.5,0.0404,5244.0,0.035,0,Normal
2020-01-02 21:15:00,26.35,35.85,1701,28.6,98,5.094,9.5,0.0168,2802.8,0.0361,0,Normal
2020-01-02 21:16:00,26.35,35.85,1498,44.6,101,6.996,9.5,0.0298,4504.6,0.0372,0,Normal
2020-01-02 21:17:00,26.35,35.95,1422,45.3,103,6.746,9.6,0.0319,4665.9,0.0379,0,Normal
2020-01-02 21:18:00,26.35,35.95,1357,47.3,106,6.722,9.6,0.0349,5013.8,0.039,0,Normal
2020-01-02 21:19:00,26.35,36.05,1690,29.2,108,5.168,9.7,0.0173,3153.6,0.0397,0,Normal
2020-01-02 21:20:00,26.45,36.05,1559,39.1,110,6.383,9.6,0.0251,4301.0,0.0404,0,Normal
2020-01-02 21:21:00,26.45,36.15,1553,32.4,112,5.269,9.7,0.0209,3628.8,0.0411,0,Normal
2020-01-02 21:22:00,26.45,36.15,1558,34.8,115,5.678,9.7,0.0223,4002.0,0.0422,0,Normal
2020-01-02 21:23:00,26.55,36.25,1362,51.9,117,7.402,9.7,0.0381,6072.3,0.043,0,Normal
2020-01-02 21:24:00,26.65,36.15,1470,42.7,119,6.573,9.5,0.029,5081.3,0.0437,0,Normal
2020-01-02 21:25:00,26.65,36.25,1555,34.8,122,5.667,9.6,0.0224,4245.6,0.0448,0,Normal
2020-01-02 21:26:00,26.65,36.25,1423,42.9,124,6.393,9.6,0.0301,5319.6,0.0455,0,Normal
2020-01-02 21:27:00,26.55,36.15,1434,38.5,127,5.781,9.6,0.0268,4889.5,0.0466,0,Normal
2020-01-02 21:28:00,26.55,36.15,1779,25.5,129,4.751,9.6,0.0143,3289.5,0.0473,0,Normal
2020-01-02 21:29:00,26.55,36.15,1417,54.6,131,8.102,9.6,0.0385,7152.6,0.048,0,Normal
2020-01-02 21:30:00,26.45,36.05,1425,45.9,133,6.849,9.6,0.0322,6104.7,0.0487,0,Normal
2020-01-02 21:31:00,26.55,36.05,1597,32.9,135,5.502,9.5,0.0206,4441.5,0.0494,0,Normal
2020-01-02 21:32:00,26.55,36.05,1346,57.4,138,8.091,9.5,0.0426,7921.2,0.0505,0,Normal
2020-01-02 21:33:00,26.55,36.05,1422,40.4,140,6.016,9.5,0.0284,5656.0,0.0512,0,Normal
2020-01-02 21:34:00,26.55,36.05,1572,32.8,142,5.4,9.5,0.0209,4657.6,0.0519,0,Normal
2020-01-02 21:35:00,26.55,36.05,1412,45.4,147,6.713,9.5,0.0322,6673.8,0.0537,0,Normal
2020-01-02 21:36:00,26.55,35.95,1576,36.4,149,6.007,9.4,0.0231,5423.6,0.0544,0,Normal
2020-01-02 21:37:00,26.55,35.95,1508,41.2,152,6.506,9.4,0.0273,6262.4,0.0555,0,Normal
2020-01-02 21:38:00,26.65,35.95,1496,44.4,155,6.956,9.3,0.0297,6882.0,0.0566,0,Normal
2020-01-02 21:39:00,26.65,36.05,1572,35.4,158,5.828,9.4,0.0225,5593.2,0.0577,0,Normal
2020-01-02 21:40:00,26.45,35.85,1525,42.8,160,6.835,9.4,0.0281,6848.0,0.0584,0,Normal
2020-01-02 21:41:00,26.45,35.85,1378,51.9,162,7.489,9.4,0.0377,8407.8,0.0591,0,Normal
2020-01-02 21:42:00,26.45,35.95,1369,51.4,164,7.369,9.5,0.0375,8429.6,0.0598,0,Normal
2020-01-02 21:43:00,26.45,35.95,1476,45.3,166,7.002,9.5,0.0307,7519.8,0.0605,0,Normal
2020-01-02 21:44:00,26.55,36.05,1620,30.0,168,5.089,9.5,0.0185,5040.0,0.0612,0,Normal
2020-01-02 21:45:00,26.55,35.95,1603,38.5,170,6.463,9.4,0.024,6545.0,0.0619,0,Normal
2020-01-02 21:46:00,26.55,36.05,1411,46.1,173,6.812,9.5,0.0327,7975.3,0.063,0,Normal
2020-01-02 21:47:00,26.55,36.05,1616,31.6,175,5.348,9.5,0.0196,5530.0,0.0637,0,Normal
2020-01-02 21:48:00,26.55,36.05,1631,35.1,177,5.995,9.5,0.0215,6212.7,0.0644,0,Normal
2020-01-02 21:49:00,26.55,36.05,1685,28.9,179,5.099,9.5,0.0172,5173.1,0.0651,1,Random_Failure
2020-01-02 21:50:00,26.55,36.05,1456,40.6,182,6.19,9.5,0.0279,7389.2,0.0662,0,Normal
2020-01-02 21:51:00,26.55,35.95,1417,50.1,187,7.434,9.4,0.0354,9368.7,0.068,0,Normal
2020-01-02 21:52:00,26.55,35.95,1851,24.7,189,4.788,9.4,0.0133,4668.3,0.0687,0,Normal
2020-01-02 21:53:00,26.55,35.95,1715,27.8,192,4.993,9.4,0.0162,5337.6,0.0697,0,Normal
2020-01-02 21:54:00,26.45,35.95,1630,32.3,194,5.513,9.5,0.0198,6266.2,0.0704,0,Normal
2020-01-02 21:55:00,26.55,36.05,1478,38.8,199,6.005,9.5,0.0263,7721.2,0.0722,0,Normal
2020-01-02 21:56:00,26.55,36.05,1781,29.6,201,5.521,9.5,0.0166,5949.6,0.0729,0,Normal
2020-01-02 21:57:00,26.65,36.05,1439,36.1,203,5.44,9.4,0.0251,7328.3,0.0736,0,Normal
2020-01-02 21:58:00,26.55,36.05,1412,45.3,205,6.698,9.5,0.0321,9286.5,0.0743,0,Normal
2020-01-02 21:59:00,26.55,35.95,1483,41.1,208,6.383,9.4,0.0277,8548.8,0.0754,0,Normal
2020-01-02 22:00:00,26.65,36.05,1400,42.6,210,6.245,9.4,0.0304,8946.0,0.0761,0,Normal
2020-01-02 22:01:00,26.65,36.15,1299,65.1,212,8.856,9.5,0.0501,13801.2,0.0768,1,Overstrain_Failure
2020-01-02 22:02:00,26.65,36.05,1479,44.4,214,6.877,9.4,0.03,9501.6,0.0775,0,Normal
2020-01-02 22:03:00,26.65,36.05,1491,47.5,216,7.417,9.4,0.0319,10260.0,0.0781,0,Normal
2020-01-02 22:04:00,26.75,36.15,1389,52.8,0,7.68,9.4,0.038,0.0,0.0,0,Normal
2020-01-02 22:05:00,26.75,36.25,1399,54.8,3,8.028,9.5,0.0392,164.4,0.0011,0,Normal
2020-01-02 22:06:00,26.75,36.25,1889,26.0,6,5.143,9.5,0.0138,156.0,0.0022,0,Normal
2020-01-02 22:07:00,26.85,36.35,1925,21.9,9,4.415,9.5,0.0114,197.1,0.0033,0,Normal
2020-01-02 22:08:00,26.85,36.35,1675,30.2,11,5.297,9.5,0.018,332.2,0.004,0,Normal
2020-01-02 22:09:00,26.85,36.45,1477,38.1,13,5.893,9.6,0.0258,495.3,0.0047,0,Normal
2020-01-02 22:10:00,26.85,36.45,1364,45.9,16,6.556,9.6,0.0337,734.4,0.0058,0,Normal
2020-01-02 22:11:00,26.75,36.35,1451,39.4,18,5.987,9.6,0.0272,709.2,0.0065,0,Normal
2020-01-02 22:12:00,26.75,36.25,1467,41.2,20,6.329,9.5,0.0281,824.0,0.0072,0,Normal
2020-01-02 22:13:00,26.75,36.25,1858,22.5,22,4.378,9.5,0.0121,495.0,0.0079,0,Normal
2020-01-02 22:14:00,26.95,36.25,1559,39.7,24,6.481,9.3,0.0255,952.8,0.0086,0,Normal
2020-01-02 22:15:00,26.95,36.25,1560,47.7,26,7.792,9.3,0.0306,1240.2,0.0094,0,Normal
2020-01-02 22:16:00,26.95,36.25,1453,47.6,28,7.243,9.3,0.0328,1332.8,0.0101,0,Normal
2020-01-02 22:17:00,26.95,36.25,1464,41.7,30,6.393,9.3,0.0285,1251.0,0.0108,0,Normal
2020-01-02 22:18:00,26.85,36.25,1308,50.2,32,6.876,9.4,0.0384,1606.4,0.0115,0,Normal
2020-01-02 22:19:00,26.95,36.35,1353,50.9,34,7.212,9.4,0.0376,1730.6,0.0122,0,Normal
2020-01-02 22:20:00,27.05,36.45,1556,35.8,36,5.833,9.4,0.023,1288.8,0.0129,0,Normal
2020-01-02 22:21:00,27.05,36.35,2183,17.8,39,4.069,9.3,0.0082,694.2,0.014,0,Normal
2020-01-02 22:22:00,27.05,36.45,1491,41.8,41,6.527,9.4,0.028,1713.8,0.0147,0,Normal
2020-01-02 22:23:00,27.05,36.45,1528,35.1,44,5.616,9.4,0.023,1544.4,0.0158,0,Normal
2020-01-02 22:24:00,27.05,36.45,1430,52.7,47,7.892,9.4,0.0369,2476.9,0.0169,0,Normal
2020-01-02 22:25:00,27.05,36.35,1495,32.6,49,5.104,9.3,0.0218,1597.4,0.0176,0,Normal
2020-01-02 22:26:00,27.05,36.35,1630,28.3,51,4.831,9.3,0.0174,1443.3,0.0183,0,Normal
2020-01-02 22:27:00,27.15,36.45,1524,38.4,54,6.128,9.3,0.0252,2073.6,0.0194,0,Normal
2020-01-02 22:28:00,27.15,36.45,1326,52.4,57,7.276,9.3,0.0395,2986.8,0.0204,0,Normal
2020-01-02 22:29:00,27.15,36.35,1438,44.0,59,6.626,9.2,0.0306,2596.0,0.0211,0,Normal
2020-01-02 22:30:00,27.25,36.45,1356,45.9,64,6.518,9.2,0.0338,2937.6,0.0229,0,Normal
2020-01-02 22:31:00,27.25,36.45,1416,43.3,66,6.421,9.2,0.0306,2857.8,0.0236,0,Normal
2020-01-02 22:32:00,27.25,36.55,1584,32.6,71,5.408,9.3,0.0206,2314.6,0.0254,0,Normal
2020-01-02 22:33:00,27.15,36.45,1597,31.8,73,5.318,9.3,0.0199,2321.4,0.0261,0,Normal
2020-01-02 22:34:00,27.25,36.45,1553,43.9,75,7.139,9.2,0.0283,3292.5,0.0268,0,Normal
2020-01-02 22:35:00,27.15,36.35,1405,49.4,77,7.268,9.2,0.0352,3803.8,0.0275,0,Normal
2020-01-02 22:36:00,27.05,36.35,1539,35.3,80,5.689,9.3,0.0229,2824.0,0.0286,0,Normal
2020-01-02 22:37:00,27.15,36.45,1398,53.7,82,7.862,9.3,0.0384,4403.4,0.0293,0,Normal
2020-01-02 22:38:00,27.15,36.45,1568,39.6,85,6.502,9.3,0.0253,3366.0,0.0304,0,Normal
2020-01-02 22:39:00,27.15,36.45,1404,44.6,87,6.557,9.3,0.0318,3880.2,0.0311,0,Normal
2020-01-02 22:40:00,27.05,36.35,1500,45.7,89,7.179,9.3,0.0305,4067.3,0.0318,0,Normal
2020-01-02 22:41:00,27.05,36.35,1642,28.8,92,4.952,9.3,0.0175,2649.6,0.0328,0,Normal
2020-01-02 22:42:00,27.15,36.45,1509,46.6,95,7.364,9.3,0.0309,4427.0,0.0339,0,Normal
2020-01-02 22:43:00,27.05,36.35,1343,50.2,98,7.06,9.3,0.0374,4919.6,0.035,0,Normal
2020-01-02 22:44:00,26.95,36.35,1450,40.1,100,6.089,9.4,0.0277,4010.0,0.0357,0,Normal
2020-01-02 22:45:00,26.85,36.25,1460,43.5,102,6.651,9.4,0.0298,4437.0,0.0364,0,Normal
2020-01-02 22:46:00,26.85,36.15,1364,41.2,104,5.885,9.3,0.0302,4284.8,0.0371,0,Normal
2020-01-02 22:47:00,26.75,36.15,1452,41.9,106,6.371,9.4,0.0289,4441.4,0.0377,0,Normal
2020-01-02 22:48:00,26.75,36.15,1471,41.8,109,6.439,9.4,0.0284,4556.2,0.0388,0,Normal
2020-01-02 22:49:00,26.75,36.05,1598,34.6,111,5.79,9.3,0.0217,3840.6,0.0395,0,Normal
2020-01-02 22:50:00,26.65,35.95,1772,24.8,113,4.602,9.3,0.014,2802.4,0.0402,0,Normal
2020-01-02 22:51:00,26.75,36.05,1761,25.6,115,4.721,9.3,0.0145,2944.0,0.0409,0,Normal
2020-01-02 22:52:00,26.85,36.15,1413,40.7,117,6.022,9.3,0.0288,4761.9,0.0416,0,Normal
2020-01-02 22:53:00,26.85,36.15,1887,22.6,120,4.466,9.3,0.012,2712.0,0.0426,0,Normal
2020-01-02 22:54:00,26.85,36.15,1395,56.5,122,8.254,9.3,0.0405,6893.0,0.0433,0,Normal
2020-01-02 22:55:00,26.95,36.25,1569,31.6,124,5.192,9.3,0.0201,3918.4,0.044,0,Normal
2020-01-02 22:56:00,26.95,36.25,1434,47.3,127,7.103,9.3,0.033,6007.1,0.0451,0,Normal
2020-01-02 22:57:00,27.05,36.35,1417,41.1,129,6.099,9.3,0.029,5301.9,0.0458,0,Normal
2020-01-02 22:58:00,27.05,36.35,1729,28.4,131,5.142,9.3,0.0164,3720.4,0.0465,0,Normal
2020-01-02 22:59:00,27.05,36.35,1356,51.1,133,7.256,9.3,0.0377,6796.3,0.0472,0,Normal
2020-01-02 23:00:00,27.05,36.35,1436,48.8,135,7.338,9.3,0.034,6588.0,0.0479,0,Normal
2020-01-02 23:01:00,27.15,36.45,1419,42.5,137,6.315,9.3,0.03,5822.5,0.0485,0,Normal
2020-01-02 23:02:00,27.15,36.45,1593,38.1,140,6.356,9.3,0.0239,5334.0,0.0496,0,Normal
2020-01-02 23:03:00,27.15,36.35,1320,62.2,142,8.598,9.2,0.0471,8832.4,0.0503,0,Normal
2020-01-02 23:04:00,27.15,36.35,1448,42.4,145,6.429,9.2,0.0293,6148.0,0.0513,0,Normal
2020-01-02 23:05:00,27.15,36.25,1470,33.5,148,5.157,9.1,0.0228,4958.0,0.0524,0,Normal
2020-01-02 23:06:00,27.15,36.25,1612,33.1,150,5.588,9.1,0.0205,4965.0,0.0531,0,Normal
2020-01-02 23:07:00,27.25,36.25,1412,51.6,153,7.63,9.0,0.0365,7894.8,0.0541,0,Normal
2020-01-02 23:08:00,27.25,36.25,1875,23.9,155,4.693,9.0,0.0127,3704.5,0.0548,0,Normal
2020-01-02 23:09:00,27.15,36.15,1612,36.0,158,6.077,9.0,0.0223,5688.0,0.0558,0,Normal
2020-01-02 23:10:00,27.25,36.15,1411,41.6,160,6.147,8.9,0.0295,6656.0,0.0565,0,Normal
2020-01-02 23:11:00,27.15,36.05,1490,47.9,163,7.474,8.9,0.0321,7807.7,0.0576,0,Normal
2020-01-02 23:12:00,27.25,36.15,1467,40.3,166,6.191,8.9,0.0275,6689.8,0.0586,0,Normal
2020-01-02 23:13:00,27.15,36.05,1807,26.4,169,4.996,8.9,0.0146,4461.6,0.0596,0,Normal
2020-01-02 23:14:00,27.15,35.95,1368,46.0,171,6.59,8.8,0.0336,7866.0,0.0603,0,Normal
2020-01-02 23:15:00,27.15,36.05,1572,32.0,173,5.268,8.9,0.0204,5536.0,0.061,0,Normal
2020-01-02 23:16:00,27.15,35.95,1458,44.3,175,6.764,8.8,0.0304,7752.5,0.0617,0,Normal
2020-01-02 23:17:00,27.15,35.95,1699,30.3,178,5.391,8.8,0.0178,5393.4,0.0627,0,Normal
2020-01-02 23:18:00,27.15,36.15,1478,39.5,180,6.114,9.0,0.0267,7110.0,0.0634,0,Normal
2020-01-02 23:19:00,27.25,36.25,1362,42.1,182,6.005,9.0,0.0309,7662.2,0.0641,0,Normal
2020-01-02 23:20:00,27.25,36.25,1487,38.9,185,6.057,9.0,0.0262,7196.5,0.0651,0,Normal
2020-01-02 23:21:00,27.15,36.25,1705,29.4,190,5.249,9.1,0.0172,5586.0,0.0669,0,Normal
2020-01-02 23:22:00,27.15,36.15,1345,53.5,192,7.535,9.0,0.0398,10272.0,0.0675,0,Normal
2020-01-02 23:23:00,27.15,36.05,1532,40.2,194,6.449,8.9,0.0262,7798.8,0.0682,0,Normal
2020-01-02 23:24:00,27.15,36.05,1650,35.2,196,6.082,8.9,0.0213,6899.2,0.0689,0,Normal
2020-01-02 23:25:00,27.15,36.05,1398,54.4,198,7.964,8.9,0.0389,10771.2,0.0696,0,Normal
2020-01-02 23:26:00,27.15,36.05,1412,44.8,200,6.624,8.9,0.0317,8960.0,0.0702,0,Normal
2020-01-02 23:27:00,27.25,36.15,1525,39.6,202,6.324,8.9,0.026,7999.2,0.0709,0,Normal
2020-01-02 23:28:00,27.15,36.15,1391,57.9,204,8.434,9.0,0.0416,11811.6,0.0716,0,Normal
2020-01-02 23:29:00,27.25,36.15,1766,28.2,207,5.215,8.9,0.016,5837.4,0.0726,0,Normal
2020-01-02 23:30:00,27.25,36.15,1671,35.0,209,6.125,8.9,0.0209,7315.0,0.0733,0,Normal
2020-01-02 23:31:00,27.35,36.15,1373,48.8,211,7.016,8.8,0.0355,10296.8,0.074,0,Normal
2020-01-02 23:32:00,27.35,36.25,1347,50.1,213,7.067,8.9,0.0372,10671.3,0.0747,0,Normal
2020-01-02 23:33:00,27.35,36.15,1539,39.1,216,6.302,8.8,0.0254,8445.6,0.0757,0,Normal
2020-01-02 23:34:00,27.35,36.15,1470,40.8,219,6.281,8.8,0.0278,8935.2,0.0767,0,Normal
2020-01-02 23:35:00,27.35,36.15,1528,37.0,221,5.92,8.8,0.0242,8177.0,0.0774,0,Normal
2020-01-02 23:36:00,27.35,36.15,1471,45.2,223,6.963,8.8,0.0307,10079.6,0.0781,0,Normal
2020-01-02 23:37:00,27.25,36.05,1528,37.2,228,5.952,8.8,0.0243,8481.6,0.0798,0,Normal
2020-01-02 23:38:00,27.35,36.15,1417,51.5,231,7.642,8.8,0.0363,11896.5,0.0808,1,Overstrain_Failure
2020-01-02 23:39:00,27.45,36.25,1549,43.4,233,7.04,8.8,0.028,10112.2,0.0815,0,Normal
2020-01-02 23:40:00,27.45,36.25,1463,49.2,235,7.538,8.8,0.0336,11562.0,0.0821,0,Normal
2020-01-02 23:41:00,27.55,36.35,1479,43.6,240,6.753,8.8,0.0295,10464.0,0.0839,0,Normal
2020-01-02 23:42:00,27.45,36.35,1867,23.0,242,4.497,8.9,0.0123,5566.0,0.0845,0,Normal
2020-01-02 23:43:00,27.45,36.25,1471,44.1,244,6.793,8.8,0.03,10760.4,0.0852,0,Normal
2020-01-02 23:44:00,27.45,36.25,1380,47.6,246,6.879,8.8,0.0345,11709.6,0.0859,1,Tool_Wear_Failure
2020-01-02 23:45:00,27.55,36.55,1623,32.7,0,5.558,9.0,0.0201,0.0,0.0,0,Normal
2020-01-02 23:46:00,27.65,36.55,1997,20.7,5,4.329,8.9,0.0104,103.5,0.0017,0,Normal
2020-01-02 23:47:00,27.55,36.45,1390,48.5,7,7.06,8.9,0.0349,339.5,0.0024,0,Normal
2020-01-02 23:48:00,27.65,36.55,1418,46.6,12,6.92,8.9,0.0329,559.2,0.0042,0,Normal
2020-01-02 23:49:00,27.65,36.55,1519,35.8,14,5.695,8.9,0.0236,501.2,0.0049,0,Normal
2020-01-02 23:50:00,27.65,36.55,1519,39.7,16,6.315,8.9,0.0261,635.2,0.0056,0,Normal
2020-01-02 23:51:00,27.55,36.45,1536,37.2,19,5.984,8.9,0.0242,706.8,0.0066,0,Normal
2020-01-02 23:52:00,27.65,36.45,1680,28.7,22,5.049,8.8,0.0171,631.4,0.0077,0,Normal
2020-01-02 23:53:00,27.45,36.25,1555,37.9,24,6.172,8.8,0.0244,909.6,0.0084,0,Normal
2020-01-02 23:54:00,27.45,36.35,1471,49.6,29,7.641,8.9,0.0337,1438.4,0.0101,0,Normal
2020-01-02 23:55:00,27.35,36.25,1877,23.8,31,4.678,8.9,0.0127,737.8,0.0108,0,Normal
2020-01-02 23:56:00,27.35,36.15,1578,30.5,34,5.04,8.8,0.0193,1037.0,0.0118,0,Normal
2020-01-02 23:57:00,27.35,36.25,1655,32.1,37,5.563,8.9,0.0194,1187.7,0.0129,0,Normal
2020-01-02 23:58:00,27.35,36.25,1502,34.3,40,5.395,8.9,0.0228,1372.0,0.0139,0,Normal
2020-01-02 23:59:00,27.45,36.25,1367,63.2,45,9.047,8.8,0.0462,2844.0,0.0156,1,Power_Failure
2020-01-03 00:00:00,27.55,36.35,1541,37.2,48,6.003,8.8,0.0241,1785.6,0.0167,0,Normal
2020-01-03 00:01:00,27.45,36.45,1588,37.0,50,6.153,9.0,0.0233,1850.0,0.0173,0,Normal
2020-01-03 00:02:00,27.45,36.45,1684,32.8,53,5.784,9.0,0.0195,1738.4,0.0184,0,Normal
2020-01-03 00:03:00,27.45,36.35,1437,40.0,55,6.019,8.9,0.0278,2200.0,0.0191,0,Normal
2020-01-03 00:04:00,27.45,36.45,1409,42.4,57,6.256,9.0,0.0301,2416.8,0.0198,0,Normal
2020-01-03 00:05:00,27.35,36.35,1320,49.9,59,6.898,9.0,0.0378,2944.1,0.0204,0,Normal
2020-01-03 00:06:00,27.35,36.35,1635,34.2,62,5.856,9.0,0.0209,2120.4,0.0215,0,Normal
2020-01-03 00:07:00,27.35,36.35,1691,27.6,67,4.887,9.0,0.0163,1849.2,0.0232,0,Normal
2020-01-03 00:08:00,27.45,36.45,1365,50.0,70,7.147,9.0,0.0366,3500.0,0.0242,0,Normal
2020-01-03 00:09:00,27.55,36.55,1523,38.2,73,6.092,9.0,0.0251,2788.6,0.0253,0,Normal
2020-01-03 00:10:00,27.45,36.55,1593,32.4,76,5.405,9.1,0.0203,2462.4,0.0263,0,Normal
2020-01-03 00:11:00,27.45,36.45,1682,30.7,78,5.407,9.0,0.0183,2394.6,0.027,0,Normal
2020-01-03 00:12:00,27.55,36.45,1329,54.3,80,7.557,8.9,0.0409,4344.0,0.0277,0,Normal
2020-01-03 00:13:00,27.55,36.45,1568,35.2,82,5.78,8.9,0.0224,2886.4,0.0283,0,Normal
2020-01-03 00:14:00,27.55,36.45,1733,24.8,85,4.501,8.9,0.0143,2108.0,0.0294,0,Normal
2020-01-03 00:15:00,27.55,36.45,1473,48.1,87,7.42,8.9,0.0327,4184.7,0.03,0,Normal
2020-01-03 00:16:00,27.55,36.35,1633,31.3,90,5.353,8.8,0.0192,2817.0,0.0311,0,Normal
2020-01-03 00:17:00,27.45,36.35,1530,40.2,93,6.441,8.9,0.0263,3738.6,0.0321,0,Normal
2020-01-03 00:18:00,27.45,36.35,1550,40.2,96,6.525,8.9,0.0259,3859.2,0.0331,0,Normal
2020-01-03 00:19:00,27.45,36.25,1410,40.6,99,5.995,8.8,0.0288,4019.4,0.0341,0,Normal
2020-01-03 00:20:00,27.35,36.15,1574,33.5,101,5.522,8.8,0.0213,3383.5,0.0348,0,Normal
2020-01-03 00:21:00,27.45,36.25,1425,40.3,103,6.014,8.8,0.0283,4150.9,0.0355,0,Normal
2020-01-03 00:22:00,27.45,36.25,1541,35.2,105,5.68,8.8,0.0228,3696.0,0.0362,0,Normal
2020-01-03 00:23:00,27.55,36.35,1733,26.7,108,4.845,8.8,0.0154,2883.6,0.0372,0,Normal
2020-01-03 00:24:00,27.45,36.25,2496,13.5,111,3.529,8.8,0.0054,1498.5,0.0382,0,Normal
2020-01-03 00:25:00,27.45,36.25,1552,36.4,113,5.916,8.8,0.0235,4113.2,0.0389,0,Normal
2020-01-03 00:26:00,27.45,36.15,1409,38.7,115,5.71,8.7,0.0275,4450.5,0.0396,0,Normal
2020-01-03 00:27:00,27.45,36.25,1581,35.7,117,5.911,8.8,0.0226,4176.9,0.0402,0,Normal
2020-01-03 00:28:00,27.55,36.35,1251,59.9,120,7.847,8.8,0.0479,7188.0,0.0413,0,Normal
2020-01-03 00:29:00,27.55,36.45,1500,44.1,122,6.927,8.9,0.0294,5380.2,0.0419,0,Normal
2020-01-03 00:30:00,27.45,36.35,1576,38.8,124,6.403,8.9,0.0246,4811.2,0.0426,0,Normal
2020-01-03 00:31:00,27.55,36.35,1352,44.0,126,6.23,8.8,0.0325,5544.0,0.0433,0,Normal
2020-01-03 00:32:00,27.55,36.45,1661,30.3,129,5.27,8.9,0.0182,3908.7,0.0443,0,Normal
2020-01-03 00:33:00,27.55,36.45,1541,34.6,131,5.584,8.9,0.0225,4532.6,0.045,0,Normal
2020-01-03 00:34:00,27.45,36.45,1888,20.5,133,4.053,9.0,0.0109,2726.5,0.0456,0,Normal
2020-01-03 00:35:00,27.35,36.35,1255,62.1,138,8.161,9.0,0.0495,8569.8,0.0473,0,Normal
2020-01-03 00:36:00,27.45,36.45,1411,41.6,140,6.147,9.0,0.0295,5824.0,0.048,0,Normal
2020-01-03 00:37:00,27.45,36.35,1516,39.0,142,6.191,8.9,0.0257,5538.0,0.0487,0,Normal
2020-01-03 00:38:00,27.45,36.35,1492,34.0,144,5.312,8.9,0.0228,4896.0,0.0493,0,Normal
2020-01-03 00:39:00,27.45,36.45,1726,30.0,147,5.422,9.0,0.0174,4410.0,0.0503,0,Normal
2020-01-03 00:40:00,27.55,36.55,1598,33.7,149,5.639,9.0,0.0211,5021.3,0.051,0,Normal
2020-01-03 00:41:00,27.65,36.65,1657,31.1,151,5.396,9.0,0.0188,4696.1,0.0517,0,Normal
2020-01-03 00:42:00,27.65,36.55,1481,38.1,153,5.909,8.9,0.0257,5829.3,0.0523,0,Normal
2020-01-03 00:43:00,27.55,36.55,1397,51.3,155,7.505,9.0,0.0367,7951.5,0.053,0,Normal
2020-01-03 00:44:00,27.65,36.55,1461,44.3,158,6.778,8.9,0.0303,6999.4,0.054,0,Normal
2020-01-03 00:45:00,27.55,36.45,1388,51.1,160,7.427,8.9,0.0368,8176.0,0.0547,0,Normal
2020-01-03 00:46:00,27.55,36.55,1507,52.4,163,8.269,9.0,0.0348,8541.2,0.0557,0,Normal
2020-01-03 00:47:00,27.55,36.45,1421,49.8,165,7.411,8.9,0.035,8217.0,0.0564,0,Normal
2020-01-03 00:48:00,27.65,36.55,1258,54.9,168,7.232,8.9,0.0436,9223.2,0.0574,0,Normal
2020-01-03 00:49:00,27.65,36.55,1482,39.0,171,6.053,8.9,0.0263,6669.0,0.0584,0,Normal
2020-01-03 00:50:00,27.55,36.45,1403,51.3,174,7.537,8.9,0.0366,8926.2,0.0594,0,Normal
2020-01-03 00:51:00,27.65,36.55,1373,45.4,179,6.528,8.9,0.0331,8126.6,0.0611,0,Normal
2020-01-03 00:52:00,27.75,36.55,1460,42.1,181,6.437,8.8,0.0288,7620.1,0.0617,0,Normal
2020-01-03 00:53:00,27.65,36.55,1751,27.9,183,5.116,8.9,0.0159,5105.7,0.0624,0,Normal
2020-01-03 00:54:00,27.65,36.45,1546,42.3,186,6.848,8.8,0.0274,7867.8,0.0634,0,Normal
2020-01-03 00:55:00,27.65,36.55,1680,28.2,189,4.961,8.9,0.0168,5329.8,0.0644,0,Normal
2020-01-03 00:56:00,27.75,36.55,1394,48.8,192,7.124,8.8,0.035,9369.6,0.0654,0,Normal
2020-01-03 00:57:00,27.55,36.45,1810,26.0,195,4.928,8.9,0.0144,5070.0,0.0664,0,Normal
2020-01-03 00:58:00,27.55,36.35,1479,34.5,197,5.343,8.8,0.0233,6796.5,0.067,0,Normal
2020-01-03 00:59:00,27.75,36.55,1431,41.4,199,6.204,8.8,0.0289,8238.6,0.0677,0,Normal
2020-01-03 01:00:00,27.75,36.55,2355,14.4,201,3.551,8.8,0.0061,2894.4,0.0683,0,Normal
2020-01-03 01:01:00,27.55,36.45,1996,19.8,203,4.139,8.9,0.0099,4019.4,0.069,1,Tool_Wear_Failure
2020-01-03 01:02:00,27.55,36.35,1461,49.9,0,7.634,8.8,0.0342,0.0,0.0,0,Normal
2020-01-03 01:03:00,27.55,36.35,2007,19.7,2,4.14,8.8,0.0098,39.4,0.0007,0,Normal
2020-01-03 01:04:00,27.55,36.45,1505,34.9,7,5.5,8.9,0.0232,244.3,0.0024,0,Normal
2020-01-03 01:05:00,27.55,36.45,1925,20.5,9,4.133,8.9,0.0106,184.5,0.0031,0,Normal
2020-01-03 01:06:00,27.55,36.35,1622,30.5,14,5.181,8.8,0.0188,427.0,0.0048,0,Normal
2020-01-03 01:07:00,27.55,36.35,1592,29.0,17,4.835,8.8,0.0182,493.0,0.0058,0,Normal
2020-01-03 01:08:00,27.55,36.35,1850,24.5,19,4.746,8.8,0.0132,465.5,0.0064,0,Normal
2020-01-03 01:09:00,27.55,36.35,1470,48.7,21,7.497,8.8,0.0331,1022.7,0.0071,0,Normal
2020-01-03 01:10:00,27.55,36.35,1445,46.4,24,7.021,8.8,0.0321,1113.6,0.0081,0,Normal
2020-01-03 01:11:00,27.55,36.35,1685,31.1,27,5.488,8.8,0.0185,839.7,0.0091,0,Normal
2020-01-03 01:12:00,27.55,36.35,1667,30.5,29,5.324,8.8,0.0183,884.5,0.0098,0,Normal
2020-01-03 01:13:00,27.55,36.35,1578,35.4,34,5.85,8.8,0.0224,1203.6,0.0115,0,Normal
2020-01-03 01:14:00,27.45,36.25,1691,28.0,36,4.958,8.8,0.0166,1008.0,0.0122,0,Normal
2020-01-03 01:15:00,27.55,36.35,1439,43.8,41,6.6,8.8,0.0304,1795.8,0.0139,0,Normal
2020-01-03 01:16:00,27.65,36.45,1404,38.7,44,5.69,8.8,0.0276,1702.8,0.0149,0,Normal
2020-01-03 01:17:00,27.65,36.45,1498,45.8,47,7.185,8.8,0.0306,2152.6,0.0159,0,Normal
2020-01-03 01:18:00,27.65,36.35,1481,44.5,49,6.902,8.7,0.03,2180.5,0.0166,0,Normal
2020-01-03 01:19:00,27.55,36.25,1589,35.0,52,5.824,8.7,0.022,1820.0,0.0176,0,Normal
2020-01-03 01:20:00,27.55,36.35,1467,44.3,55,6.806,8.8,0.0302,2436.5,0.0186,0,Normal
2020-01-03 01:21:00,27.45,36.25,1654,32.8,57,5.681,8.8,0.0198,1869.6,0.0192,0,Normal
2020-01-03 01:22:00,27.55,36.35,1508,39.9,59,6.301,8.8,0.0265,2354.1,0.0199,0,Normal
2020-01-03 01:23:00,27.55,36.45,1439,43.0,61,6.48,8.9,0.0299,2623.0,0.0206,0,Normal
2020-01-03 01:24:00,27.55,36.35,1692,30.3,64,5.369,8.8,0.0179,1939.2,0.0216,0,Normal
2020-01-03 01:25:00,27.55,36.35,1838,24.9,66,4.793,8.8,0.0135,1643.4,0.0223,0,Normal
2020-01-03 01:26:00,27.45,36.15,1601,40.2,69,6.74,8.7,0.0251,2773.8,0.0233,0,Normal
2020-01-03 01:27:00,27.45,36.25,1369,51.6,71,7.397,8.8,0.0377,3663.6,0.0239,0,Normal
2020-01-03 01:28:00,27.45,36.25,1312,45.2,73,6.21,8.8,0.0345,3299.6,0.0246,0,Normal
2020-01-03 01:29:00,27.45,36.25,1468,44.1,76,6.779,8.8,0.03,3351.6,0.0256,0,Normal
2020-01-03 01:30:00,27.45,36.25,1452,39.4,78,5.991,8.8,0.0271,3073.2,0.0263,0,Normal
2020-01-03 01:31:00,27.55,36.35,1393,43.9,81,6.404,8.8,0.0315,3555.9,0.0273,0,Normal
2020-01-03 01:32:00,27.45,36.25,1432,44.2,84,6.628,8.8,0.0309,3712.8,0.0283,0,Normal
2020-01-03 01:33:00,27.45,36.15,1510,46.0,87,7.274,8.7,0.0305,4002.0,0.0293,0,Normal
2020-01-03 01:34:00,27.45,36.25,1521,37.2,90,5.925,8.8,0.0245,3348.0,0.0303,0,Normal
2020-01-03 01:35:00,27.35,36.25,1360,46.2,93,6.58,8.9,0.034,4296.6,0.0312,0,Normal
2020-01-03 01:36:00,27.35,36.15,1881,25.5,98,5.023,8.8,0.0136,2499.0,0.0329,0,Normal
2020-01-03 01:37:00,27.25,36.15,1413,50.3,101,7.443,8.9,0.0356,5080.3,0.0339,0,Normal
2020-01-03 01:38:00,27.35,36.25,1642,36.2,103,6.225,8.9,0.022,3728.6,0.0346,0,Normal
2020-01-03 01:39:00,27.35,36.35,1542,38.5,108,6.217,9.0,0.025,4158.0,0.0362,0,Normal
2020-01-03 01:40:00,27.25,36.35,1447,39.3,110,5.955,9.1,0.0272,4323.0,0.0369,0,Normal
2020-01-03 01:41:00,27.25,36.25,1530,40.4,112,6.473,9.0,0.0264,4524.8,0.0376,0,Normal
2020-01-03 01:42:00,27.35,36.35,1795,27.7,117,5.207,9.0,0.0154,3240.9,0.0392,0,Normal
2020-01-03 01:43:00,27.45,36.45,1290,57.4,119,7.754,9.0,0.0445,6830.6,0.0399,0,Normal
2020-01-03 01:44:00,27.45,36.55,1639,30.4,121,5.218,9.1,0.0185,3678.4,0.0405,0,Normal
2020-01-03 01:45:00,27.55,36.65,1596,31.5,123,5.265,9.1,0.0197,3874.5,0.0412,0,Normal
2020-01-03 01:46:00,27.45,36.65,1455,48.0,125,7.314,9.2,0.033,6000.0,0.0418,0,Normal
2020-01-03 01:47:00,27.45,36.65,1659,28.9,127,5.021,9.2,0.0174,3670.3,0.0425,0,Normal
2020-01-03 01:48:00,27.45,36.65,1532,42.5,130,6.818,9.2,0.0277,5525.0,0.0435,0,Normal
2020-01-03 01:49:00,27.45,36.65,1502,42.4,133,6.669,9.2,0.0282,5639.2,0.0445,0,Normal
2020-01-03 01:50:00,27.45,36.65,1688,28.6,135,5.056,9.2,0.0169,3861.0,0.0451,0,Normal
2020-01-03 01:51:00,27.35,36.55,1341,50.9,137,7.148,9.2,0.038,6973.3,0.0458,0,Normal
2020-01-03 01:52:00,27.35,36.55,1685,29.4,140,5.188,9.2,0.0174,4116.0,0.0468,0,Normal
2020-01-03 01:53:00,27.35,36.65,1370,55.9,143,8.02,9.3,0.0408,7993.7,0.0478,0,Normal
2020-01-03 01:54:00,27.35,36.65,1461,52.5,146,8.032,9.3,0.0359,7665.0,0.0487,0,Normal
2020-01-03 01:55:00,27.35,36.65,1550,37.4,148,6.071,9.3,0.0241,5535.2,0.0494,0,Normal
2020-01-03 01:56:00,27.35,36.65,1508,37.8,150,5.969,9.3,0.0251,5670.0,0.0501,0,Normal
2020-01-03 01:57:00,27.35,36.65,1345,62.7,153,8.831,9.3,0.0466,9593.1,0.051,0,Normal
2020-01-03 01:58:00,27.35,36.55,1616,34.5,155,5.838,9.2,0.0213,5347.5,0.0517,0,Normal
2020-01-03 01:59:00,27.35,36.55,1395,61.0,157,8.911,9.2,0.0437,9577.0,0.0523,0,Normal
2020-01-03 02:00:00,27.35,36.65,1324,72.8,159,10.094,9.3,0.055,11575.2,0.053,1,Power_Failure
2020-01-03 02:01:00,27.35,36.65,1445,43.9,164,6.643,9.3,0.0304,7199.6,0.0546,0,Normal
2020-01-03 02:02:00,27.35,36.65,1555,38.9,166,6.334,9.3,0.025,6457.4,0.0553,0,Normal
2020-01-03 02:03:00,27.45,36.75,1449,42.4,169,6.434,9.3,0.0293,7165.6,0.0563,0,Normal
2020-01-03 02:04:00,27.35,36.75,1466,53.2,172,8.167,9.4,0.0363,9150.4,0.0572,0,Normal
2020-01-03 02:05:00,27.35,36.75,1503,37.4,175,5.887,9.4,0.0249,6545.0,0.0582,0,Normal
2020-01-03 02:06:00,27.25,36.55,1488,35.7,177,5.563,9.3,0.024,6318.9,0.0589,0,Normal
2020-01-03 02:07:00,27.25,36.55,1314,50.2,179,6.908,9.3,0.0382,8985.8,0.0595,0,Normal
2020-01-03 02:08:00,27.25,36.55,1547,38.0,181,6.156,9.3,0.0246,6878.0,0.0602,0,Normal
2020-01-03 02:09:00,27.25,36.55,1466,39.8,184,6.11,9.3,0.0271,7323.2,0.0611,0,Normal
2020-01-03 02:10:00,27.15,36.45,1537,37.1,187,5.971,9.3,0.0241,6937.7,0.0621,0,Normal
2020-01-03 02:11:00,27.05,36.35,1434,51.5,189,7.734,9.3,0.0359,9733.5,0.0627,0,Normal
2020-01-03 02:12:00,27.25,36.45,1432,44.7,192,6.703,9.2,0.0312,8582.4,0.0637,0,Normal
2020-01-03 02:13:00,27.35,36.45,1390,48.4,194,7.045,9.1,0.0348,9389.6,0.0644,0,Normal
2020-01-03 02:14:00,27.35,36.55,1580,42.8,196,7.082,9.2,0.0271,8388.8,0.065,0,Normal
2020-01-03 02:15:00,27.35,36.55,1589,30.5,198,5.075,9.2,0.0192,6039.0,0.0656,0,Normal
2020-01-03 02:16:00,27.35,36.65,1441,48.8,200,7.364,9.3,0.0339,9760.0,0.0663,0,Normal
2020-01-03 02:17:00,27.35,36.65,1305,51.7,202,7.065,9.3,0.0396,10443.4,0.0669,0,Normal
2020-01-03 02:18:00,27.35,36.65,1566,35.9,204,5.887,9.3,0.0229,7323.6,0.0676,0,Normal
2020-01-03 02:19:00,27.35,36.65,1379,54.2,207,7.827,9.3,0.0393,11219.4,0.0685,1,Overstrain_Failure
2020-01-03 02:20:00,27.25,36.45,1543,38.1,209,6.156,9.2,0.0247,7962.9,0.0692,0,Normal
2020-01-03 02:21:00,27.35,36.65,1421,49.6,211,7.381,9.3,0.0349,10465.6,0.0698,0,Normal
2020-01-03 02:22:00,27.35,36.45,1760,30.6,213,5.64,9.1,0.0174,6517.8,0.0705,0,Normal
2020-01-03 02:23:00,27.25,36.35,1711,29.2,215,5.232,9.1,0.0171,6278.0,0.0711,0,Normal
2020-01-03 02:24:00,27.35,36.45,1465,41.6,217,6.382,9.1,0.0284,9027.2,0.0717,0,Normal
2020-01-03 02:25:00,27.35,36.45,1366,50.2,219,7.181,9.1,0.0367,10993.8,0.0724,0,Normal
2020-01-03 02:26:00,27.25,36.35,1888,21.9,221,4.33,9.1,0.0116,4839.9,0.073,0,Normal
2020-01-03 02:27:00,27.35,36.35,1777,23.6,0,4.392,9.0,0.0133,0.0,0.0,0,Normal
2020-01-03 02:28:00,27.35,36.35,1379,55.6,2,8.029,9.0,0.0403,111.2,0.0007,0,Normal
2020-01-03 02:29:00,27.25,36.35,1525,51.3,4,8.192,9.1,0.0336,205.2,0.0013,0,Normal
2020-01-03 02:30:00,27.25,36.45,1563,34.0,6,5.565,9.2,0.0218,204.0,0.002,0,Normal
2020-01-03 02:31:00,27.35,36.55,1389,43.3,9,6.298,9.2,0.0312,389.7,0.003,0,Normal
2020-01-03 02:32:00,27.45,36.65,1447,42.9,12,6.501,9.2,0.0296,514.8,0.004,0,Normal
2020-01-03 02:33:00,27.45,36.55,1934,22.8,15,4.618,9.1,0.0118,342.0,0.0049,0,Normal
2020-01-03 02:34:00,27.45,36.55,1470,43.8,18,6.742,9.1,0.0298,788.4,0.0059,0,Normal
2020-01-03 02:35:00,27.45,36.55,1428,42.6,23,6.37,9.1,0.0298,979.8,0.0076,0,Normal
2020-01-03 02:36:00,27.25,36.45,1319,48.1,26,6.644,9.2,0.0365,1250.6,0.0086,0,Normal
2020-01-03 02:37:00,27.35,36.55,1887,24.3,28,4.802,9.2,0.0129,680.4,0.0092,0,Normal
2020-01-03 02:38:00,27.25,36.35,1349,50.4,30,7.12,9.1,0.0374,1512.0,0.0099,0,Normal
2020-01-03 02:39:00,27.15,36.35,1665,31.4,32,5.475,9.2,0.0189,1004.8,0.0105,0,Normal
2020-01-03 02:40:00,27.15,36.35,1474,38.7,35,5.974,9.2,0.0263,1354.5,0.0115,0,Normal
2020-01-03 02:41:00,27.25,36.35,1543,38.9,37,6.286,9.1,0.0252,1439.3,0.0122,0,Normal
2020-01-03 02:42:00,27.05,36.25,1459,43.9,39,6.707,9.2,0.0301,1712.1,0.0128,0,Normal
2020-01-03 02:43:00,27.15,36.35,1551,37.9,42,6.156,9.2,0.0244,1591.8,0.0138,0,Normal
2020-01-03 02:44:00,27.05,36.25,1981,21.4,44,4.439,9.2,0.0108,941.6,0.0144,0,Normal
2020-01-03 02:45:00,27.05,36.25,1526,35.3,46,5.641,9.2,0.0231,1623.8,0.0151,0,Normal
2020-01-03 02:46:00,27.05,36.25,1501,40.0,48,6.287,9.2,0.0266,1920.0,0.0158,0,Normal
2020-01-03 02:47:00,27.05,36.25,1558,38.3,51,6.249,9.2,0.0246,1953.3,0.0167,0,Normal
2020-01-03 02:48:00,27.05,36.15,1532,43.2,53,6.931,9.1,0.0282,2289.6,0.0174,0,Normal
2020-01-03 02:49:00,26.95,36.05,1326,55.9,55,7.762,9.1,0.0422,3074.5,0.018,0,Normal
2020-01-03 02:50:00,27.05,36.05,1431,51.3,57,7.688,9.0,0.0358,2924.1,0.0187,0,Normal
2020-01-03 02:51:00,27.05,36.15,1366,49.3,59,7.052,9.1,0.0361,2908.7,0.0193,0,Normal
2020-01-03 02:52:00,26.95,36.05,1421,42.5,61,6.324,9.1,0.0299,2592.5,0.02,0,Normal
2020-01-03 02:53:00,27.05,36.15,1506,35.6,63,5.614,9.1,0.0236,2242.8,0.0206,0,Normal
2020-01-03 02:54:00,27.05,36.15,1342,48.7,68,6.844,9.1,0.0363,3311.6,0.0223,0,Normal
2020-01-03 02:55:00,26.95,36.05,1427,37.6,73,5.619,9.1,0.0263,2744.8,0.0239,0,Normal
2020-01-03 02:56:00,27.05,36.05,1667,29.9,75,5.22,9.0,0.0179,2242.5,0.0245,0,Normal
2020-01-03 02:57:00,26.95,35.95,1400,46.7,77,6.847,9.0,0.0334,3595.9,0.0252,0,Normal
2020-01-03 02:58:00,26.85,35.85,1709,32.1,79,5.745,9.0,0.0188,2535.9,0.0258,0,Normal
2020-01-03 02:59:00,26.85,35.85,1368,45.8,81,6.561,9.0,0.0335,3709.8,0.0265,0,Normal
2020-01-03 03:00:00,26.85,35.95,1882,23.8,84,4.691,9.1,0.0126,1999.2,0.0274,0,Normal
2020-01-03 03:01:00,26.95,35.95,1353,58.7,86,8.317,9.0,0.0434,5048.2,0.0281,0,Normal
2020-01-03 03:02:00,26.75,35.85,1553,40.0,88,6.505,9.1,0.0258,3520.0,0.0287,0,Normal
2020-01-03 03:03:00,26.85,35.95,1431,45.4,90,6.803,9.1,0.0317,4086.0,0.0294,0,Normal
2020-01-03 03:04:00,26.95,35.95,1731,30.4,92,5.511,9.0,0.0176,2796.8,0.03,0,Normal
2020-01-03 03:05:00,26.95,36.05,1687,27.7,95,4.894,9.1,0.0164,2631.5,0.031,0,Normal
2020-01-03 03:06:00,26.95,36.05,1457,44.3,98,6.759,9.1,0.0304,4341.4,0.032,0,Normal
2020-01-03 03:07:00,26.95,36.05,1533,37.0,101,5.94,9.1,0.0241,3737.0,0.0329,0,Normal
2020-01-03 03:08:00,26.85,35.85,1622,31.8,103,5.401,9.0,0.0196,3275.4,0.0336,0,Normal
2020-01-03 03:09:00,26.85,35.95,1791,28.2,108,5.289,9.1,0.0157,3045.6,0.0352,0,Normal
2020-01-03 03:10:00,26.85,35.95,1631,28.3,110,4.834,9.1,0.0174,3113.0,0.0358,0,Normal
2020-01-03 03:11:00,26.85,35.85,2174,16.9,112,3.847,9.0,0.0078,1892.8,0.0365,0,Normal
2020-01-03 03:12:00,26.95,35.85,1314,58.2,114,8.008,8.9,0.0443,6634.8,0.0371,0,Normal
2020-01-03 03:13:00,26.95,35.95,1478,46.9,116,7.259,9.0,0.0317,5440.4,0.0377,0,Normal
2020-01-03 03:14:00,26.95,36.05,1783,27.3,118,5.097,9.1,0.0153,3221.4,0.0384,0,Normal
2020-01-03 03:15:00,26.95,36.05,1385,46.1,120,6.686,9.1,0.0333,5532.0,0.039,0,Normal
2020-01-03 03:16:00,26.85,36.05,1444,43.6,123,6.593,9.2,0.0302,5362.8,0.04,0,Normal
2020-01-03 03:17:00,26.95,36.15,1841,23.0,125,4.434,9.2,0.0125,2875.0,0.0406,0,Normal
2020-01-03 03:18:00,26.95,36.25,1349,56.2,127,7.939,9.3,0.0417,7137.4,0.0412,0,Normal
2020-01-03 03:19:00,26.95,36.15,1340,56.0,130,7.858,9.2,0.0418,7280.0,0.0422,0,Normal
2020-01-03 03:20:00,26.75,36.05,1539,43.2,132,6.962,9.3,0.0281,5702.4,0.0428,0,Normal
2020-01-03 03:21:00,26.85,36.15,1932,21.8,135,4.411,9.3,0.0113,2943.0,0.0438,0,Normal
2020-01-03 03:22:00,26.85,36.15,1407,43.9,138,6.468,9.3,0.0312,6058.2,0.0448,0,Normal
2020-01-03 03:23:00,26.95,36.15,1712,28.5,141,5.109,9.2,0.0166,4018.5,0.0457,0,Normal
2020-01-03 03:24:00,26.95,36.25,1329,55.2,143,7.682,9.3,0.0415,7893.6,0.0464,0,Normal
2020-01-03 03:25:00,26.95,36.05,1441,42.9,148,6.474,9.1,0.0298,6349.2,0.048,0,Normal
2020-01-03 03:26:00,26.85,36.05,1610,32.1,150,5.412,9.2,0.0199,4815.0,0.0486,0,Normal
2020-01-03 03:27:00,26.85,35.95,1474,45.2,152,6.977,9.1,0.0307,6870.4,0.0492,0,Normal
2020-01-03 03:28:00,26.85,35.95,1624,30.8,155,5.238,9.1,0.019,4774.0,0.0502,0,Normal
2020-01-03 03:29:00,26.95,36.15,1520,38.2,158,6.08,9.2,0.0251,6035.6,0.0511,0,Normal
2020-01-03 03:30:00,26.95,36.15,1448,45.8,163,6.945,9.2,0.0316,7465.4,0.0527,0,Normal
2020-01-03 03:31:00,26.85,36.15,1558,29.7,168,4.846,9.3,0.0191,4989.6,0.0543,0,Normal
2020-01-03 03:32:00,26.85,36.15,2293,16.3,170,3.914,9.3,0.0071,2771.0,0.055,0,Normal
2020-01-03 03:33:00,26.85,36.15,1397,51.2,173,7.49,9.3,0.0366,8857.6,0.0559,0,Normal
2020-01-03 03:34:00,26.85,36.15,1972,22.0,175,4.543,9.3,0.0112,3850.0,0.0565,0,Normal
2020-01-03 03:35:00,26.75,36.05,1574,36.5,177,6.016,9.3,0.0232,6460.5,0.0572,0,Normal
2020-01-03 03:36:00,26.75,36.05,1560,38.9,180,6.355,9.3,0.0249,7002.0,0.0581,0,Normal
2020-01-03 03:37:00,26.75,36.05,1353,49.8,182,7.056,9.3,0.0368,9063.6,0.0587,0,Normal
2020-01-03 03:38:00,26.75,36.05,1389,51.2,185,7.447,9.3,0.0369,9472.0,0.0597,0,Normal
2020-01-03 03:39:00,26.75,35.95,1513,43.8,188,6.94,9.2,0.0289,8234.4,0.0606,0,Normal
2020-01-03 03:40:00,26.65,35.95,1578,42.1,191,6.957,9.3,0.0267,8041.1,0.0616,0,Normal
2020-01-03 03:41:00,26.65,35.85,1467,37.3,193,5.73,9.2,0.0254,7198.9,0.0622,0,Normal
2020-01-03 03:42:00,26.75,35.95,1412,48.3,198,7.142,9.2,0.0342,9563.4,0.0638,0,Normal
2020-01-03 03:43:00,26.65,35.95,1668,30.3,200,5.293,9.3,0.0182,6060.0,0.0644,0,Normal
2020-01-03 03:44:00,26.65,36.05,1678,29.8,202,5.236,9.4,0.0178,6019.6,0.0651,0,Normal
2020-01-03 03:45:00,26.65,35.95,1612,35.4,205,5.976,9.3,0.022,7257.0,0.066,0,Normal
2020-01-03 03:46:00,26.65,35.95,1485,39.9,207,6.205,9.3,0.0269,8259.3,0.0666,0,Normal
2020-01-03 03:47:00,26.65,35.95,1456,39.4,209,6.007,9.3,0.0271,8234.6,0.0672,0,Normal
2020-01-03 03:48:00,26.65,36.05,1504,38.7,212,6.095,9.4,0.0257,8204.4,0.0682,0,Normal
2020-01-03 03:49:00,26.75,36.05,1491,44.3,214,6.917,9.3,0.0297,9480.2,0.0688,0,Normal
2020-01-03 03:50:00,26.75,36.05,1525,33.2,0,5.302,9.3,0.0218,0.0,0.0,0,Normal
2020-01-03 03:51:00,26.85,36.05,1759,27.9,5,5.139,9.2,0.0159,139.5,0.0016,0,Normal
2020-01-03 03:52:00,26.65,35.95,1355,56.7,7,8.045,9.3,0.0418,396.9,0.0022,0,Normal
2020-01-03 03:53:00,26.75,35.95,1345,56.8,10,8.0,9.2,0.0422,568.0,0.0032,0,Normal
2020-01-03 03:54:00,26.75,36.05,1683,30.5,13,5.375,9.3,0.0181,396.5,0.0042,0,Normal
2020-01-03 03:55:00,26.75,36.05,1658,34.8,16,6.042,9.3,0.021,556.8,0.0051,0,Normal
2020-01-03 03:56:00,26.85,36.05,1566,34.4,18,5.641,9.2,0.022,619.2,0.0058,0,Normal
2020-01-03 03:57:00,26.95,36.15,1469,43.9,20,6.753,9.2,0.0299,878.0,0.0064,0,Normal
2020-01-03 03:58:00,27.05,36.35,1458,46.9,23,7.161,9.3,0.0322,1078.7,0.0074,0,Normal
2020-01-03 03:59:00,26.95,36.25,1858,23.6,26,4.592,9.3,0.0127,613.6,0.0083,0,Normal
2020-01-03 04:00:00,26.95,36.25,1563,40.8,28,6.678,9.3,0.0261,1142.4,0.009,0,Normal
2020-01-03 04:01:00,26.95,36.25,2141,17.9,33,4.013,9.3,0.0084,590.7,0.0106,0,Normal
2020-01-03 04:02:00,26.85,36.15,1473,46.0,35,7.096,9.3,0.0312,1610.0,0.0112,0,Normal
2020-01-03 04:03:00,26.85,36.25,1498,38.5,37,6.04,9.4,0.0257,1424.5,0.0118,0,Normal
2020-01-03 04:04:00,26.95,36.25,1568,39.7,42,6.519,9.3,0.0253,1667.4,0.0134,0,Normal
2020-01-03 04:05:00,26.95,36.25,1694,27.4,44,4.861,9.3,0.0162,1205.6,0.0141,0,Normal
2020-01-03 04:06:00,26.85,36.25,1499,35.7,46,5.604,9.4,0.0238,1642.2,0.0147,0,Normal
2020-01-03 04:07:00,26.85,36.35,1717,28.3,48,5.088,9.5,0.0165,1358.4,0.0153,0,Normal
2020-01-03 04:08:00,26.95,36.35,1462,42.8,50,6.553,9.4,0.0293,2140.0,0.016,0,Normal
2020-01-03 04:09:00,26.95,36.45,1642,34.5,53,5.932,9.5,0.021,1828.5,0.0169,0,Normal
2020-01-03 04:10:00,26.95,36.45,1760,25.4,55,4.681,9.5,0.0144,1397.0,0.0176,0,Normal
2020-01-03 04:11:00,26.95,36.35,1660,32.7,57,5.684,9.4,0.0197,1863.9,0.0182,0,Normal
2020-01-03 04:12:00,26.95,36.35,1557,40.6,59,6.62,9.4,0.0261,2395.4,0.0188,0,Normal
2020-01-03 04:13:00,27.05,36.45,1442,49.2,61,7.429,9.4,0.0341,3001.2,0.0195,0,Normal
2020-01-03 04:14:00,27.05,36.45,1359,51.5,66,7.329,9.4,0.0379,3399.0,0.0211,0,Normal
2020-01-03 04:15:00,27.25,36.65,1342,52.5,68,7.378,9.4,0.0391,3570.0,0.0217,0,Normal
2020-01-03 04:16:00,27.25,36.75,1435,54.8,70,8.235,9.5,0.0382,3836.0,0.0223,0,Normal
2020-01-03 04:17:00,27.25,36.75,1567,36.5,72,5.989,9.5,0.0233,2628.0,0.0229,0,Normal
2020-01-03 04:18:00,27.25,36.75,1376,43.5,74,6.268,9.5,0.0316,3219.0,0.0236,0,Normal
2020-01-03 04:19:00,27.25,36.75,1513,38.7,76,6.132,9.5,0.0256,2941.2,0.0242,0,Normal
2020-01-03 04:20:00,27.25,36.75,2563,12.8,81,3.435,9.5,0.005,1036.8,0.0258,1,Power_Failure
2020-01-03 04:21:00,27.35,36.85,1521,45.1,86,7.183,9.5,0.0297,3878.6,0.0274,0,Normal
2020-01-03 04:22:00,27.45,36.85,1658,34.7,88,6.025,9.4,0.0209,3053.6,0.028,0,Normal
2020-01-03 04:23:00,27.45,36.85,1419,42.4,90,6.301,9.4,0.0299,3816.0,0.0286,0,Normal
2020-01-03 04:24:00,27.45,36.85,1478,36.3,95,5.618,9.4,0.0246,3448.5,0.0302,0,Normal
2020-01-03 04:25:00,27.35,36.85,1415,43.5,98,6.446,9.5,0.0307,4263.0,0.0312,0,Normal
2020-01-03 04:26:00,27.35,36.75,1780,26.5,101,4.94,9.4,0.0149,2676.5,0.0321,0,Normal
2020-01-03 04:27:00,27.25,36.55,1440,42.8,104,6.454,9.3,0.0297,4451.2,0.033,0,Normal
2020-01-03 04:28:00,27.25,36.65,1448,39.7,107,6.02,9.4,0.0274,4247.9,0.034,0,Normal
2020-01-03 04:29:00,27.25,36.55,1500,35.2,112,5.529,9.3,0.0235,3942.4,0.0356,0,Normal
2020-01-03 04:30:00,27.25,36.65,1513,32.9,117,5.213,9.4,0.0217,3849.3,0.0371,0,Normal
2020-01-03 04:31:00,27.35,36.65,1428,43.8,119,6.55,9.3,0.0307,5212.2,0.0378,0,Normal
2020-01-03 04:32:00,27.35,36.65,1473,42.3,121,6.525,9.3,0.0287,5118.3,0.0384,0,Normal
2020-01-03 04:33:00,27.35,36.75,1483,49.3,124,7.656,9.4,0.0332,6113.2,0.0393,0,Normal
2020-01-03 04:34:00,27.25,36.55,1534,42.5,127,6.827,9.3,0.0277,5397.5,0.0403,0,Normal
2020-01-03 04:35:00,27.35,36.65,1367,54.0,129,7.73,9.3,0.0395,6966.0,0.0409,0,Normal
2020-01-03 04:36:00,27.25,36.55,1467,36.9,131,5.669,9.3,0.0252,4833.9,0.0415,0,Normal
2020-01-03 04:37:00,27.25,36.55,1488,42.2,133,6.576,9.3,0.0284,5612.6,0.0421,0,Normal
2020-01-03 04:38:00,27.25,36.55,1679,30.1,136,5.292,9.3,0.0179,4093.6,0.0431,0,Normal
2020-01-03 04:39:00,27.25,36.65,1409,47.5,138,7.009,9.4,0.0337,6555.0,0.0437,0,Normal
2020-01-03 04:40:00,27.25,36.55,1367,51.2,143,7.329,9.3,0.0375,7321.6,0.0452,0,Normal
2020-01-03 04:41:00,27.25,36.65,1314,63.1,146,8.683,9.4,0.048,9212.6,0.0462,0,Normal
2020-01-03 04:42:00,27.35,36.75,1480,40.0,148,6.199,9.4,0.027,5920.0,0.0468,0,Normal
2020-01-03 04:43:00,27.25,36.65,1549,38.9,150,6.31,9.4,0.0251,5835.0,0.0474,0,Normal
2020-01-03 04:44:00,27.25,36.55,1685,31.3,152,5.523,9.3,0.0186,4757.6,0.048,0,Normal
2020-01-03 04:45:00,27.25,36.45,1536,34.5,154,5.549,9.2,0.0225,5313.0,0.0486,0,Normal
2020-01-03 04:46:00,27.25,36.55,1539,37.7,156,6.076,9.3,0.0245,5881.2,0.0493,0,Normal
2020-01-03 04:47:00,27.25,36.55,1384,45.1,159,6.536,9.3,0.0326,7170.9,0.0502,0,Normal
2020-01-03 04:48:00,27.25,36.45,1614,30.3,161,5.121,9.2,0.0188,4878.3,0.0508,0,Normal
2020-01-03 04:49:00,27.25,36.45,1675,35.5,164,6.227,9.2,0.0212,5822.0,0.0517,0,Normal
2020-01-03 04:50:00,27.25,36.55,1685,32.3,167,5.699,9.3,0.0192,5394.1,0.0527,0,Normal
2020-01-03 04:51:00,27.25,36.45,1386,56.9,170,8.259,9.2,0.0411,9673.0,0.0536,0,Normal
2020-01-03 04:52:00,27.15,36.45,1488,41.3,172,6.435,9.3,0.0278,7103.6,0.0542,0,Normal
2020-01-03 04:53:00,27.15,36.45,1624,32.6,175,5.544,9.3,0.0201,5705.0,0.0551,0,Normal
2020-01-03 04:54:00,27.15,36.45,1600,34.6,177,5.797,9.3,0.0216,6124.2,0.0557,0,Normal
2020-01-03 04:55:00,27.15,36.45,1468,44.7,179,6.872,9.3,0.0304,8001.3,0.0564,0,Normal
2020-01-03 04:56:00,27.15,36.45,1435,45.4,181,6.822,9.3,0.0316,8217.4,0.057,0,Normal
2020-01-03 04:57:00,27.05,36.35,1564,33.4,183,5.47,9.3,0.0214,6112.2,0.0576,0,Normal
2020-01-03 04:58:00,27.05,36.25,1329,53.6,186,7.46,9.2,0.0403,9969.6,0.0585,0,Normal
2020-01-03 04:59:00,26.95,36.15,1570,36.8,189,6.05,9.2,0.0234,6955.2,0.0594,0,Normal
2020-01-03 05:00:00,27.05,36.25,1433,48.8,191,7.323,9.2,0.0341,9320.8,0.06,0,Normal
2020-01-03 05:01:00,27.05,36.25,1527,37.0,194,5.917,9.2,0.0242,7178.0,0.061,0,Normal
2020-01-03 05:02:00,26.95,36.15,1443,50.3,196,7.601,9.2,0.0349,9858.8,0.0616,0,Normal
2020-01-03 05:03:00,26.95,36.15,1616,32.0,199,5.415,9.2,0.0198,6368.0,0.0625,0,Normal
2020-01-03 05:04:00,26.95,36.15,1654,31.0,201,5.369,9.2,0.0187,6231.0,0.0631,0,Normal
2020-01-03 05:05:00,26.95,36.15,1685,27.1,203,4.782,9.2,0.0161,5501.3,0.0637,0,Normal
2020-01-03 05:06:00,27.05,36.25,1456,48.8,205,7.441,9.2,0.0335,10004.0,0.0643,0,Normal
2020-01-03 05:07:00,27.05,36.25,1752,27.8,208,5.1,9.2,0.0159,5782.4,0.0652,0,Normal
2020-01-03 05:08:00,26.95,36.05,1438,51.0,211,7.68,9.1,0.0355,10761.0,0.0662,0,Normal
2020-01-03 05:09:00,26.95,35.95,1551,33.7,214,5.474,9.0,0.0217,7211.8,0.0671,0,Normal
2020-01-03 05:10:00,26.95,36.05,1599,30.1,216,5.04,9.1,0.0188,6501.6,0.0677,0,Normal
2020-01-03 05:11:00,26.95,36.05,1732,33.7,218,6.112,9.1,0.0195,7346.6,0.0683,0,Normal
2020-01-03 05:12:00,26.95,36.05,1418,39.8,221,5.91,9.1,0.0281,8795.8,0.0692,0,Normal
2020-01-03 05:13:00,26.85,35.95,1401,44.5,0,6.529,9.1,0.0318,0.0,0.0,0,Normal
2020-01-03 05:14:00,26.85,35.85,1454,51.7,2,7.872,9.0,0.0356,103.4,0.0006,0,Normal
2020-01-03 05:15:00,26.85,36.05,1635,32.4,4,5.547,9.2,0.0198,129.6,0.0013,0,Normal
2020-01-03 05:16:00,26.85,35.95,1489,40.3,7,6.284,9.1,0.0271,282.1,0.0022,0,Normal
2020-01-03 05:17:00,26.85,35.95,1465,40.6,9,6.229,9.1,0.0277,365.4,0.0028,0,Normal
2020-01-03 05:18:00,26.85,35.95,1463,45.7,11,7.001,9.1,0.0312,502.7,0.0034,0,Normal
2020-01-03 05:19:00,26.95,35.95,1560,35.4,14,5.783,9.0,0.0227,495.6,0.0044,0,Normal
2020-01-03 05:20:00,26.95,36.05,1454,44.4,19,6.76,9.1,0.0305,843.6,0.0059,0,Normal
2020-01-03 05:21:00,27.05,35.95,1479,47.0,22,7.279,8.9,0.0318,1034.0,0.0069,0,Normal
2020-01-03 05:22:00,27.05,36.05,1430,43.4,24,6.499,9.0,0.0303,1041.6,0.0075,0,Normal
2020-01-03 05:23:00,26.95,35.95,1533,38.0,26,6.1,9.0,0.0248,988.0,0.0081,0,Normal
2020-01-03 05:24:00,26.95,35.85,1404,54.8,29,8.057,8.9,0.039,1589.2,0.009,0,Normal
2020-01-03 05:25:00,26.95,35.75,1548,38.4,31,6.225,8.8,0.0248,1190.4,0.0097,0,Normal
2020-01-03 05:26:00,26.95,35.85,1612,33.0,34,5.571,8.9,0.0205,1122.0,0.0106,0,Normal
2020-01-03 05:27:00,27.05,35.85,1642,31.2,37,5.365,8.8,0.019,1154.4,0.0115,0,Normal
2020-01-03 05:28:00,27.05,35.95,1406,42.2,40,6.213,8.9,0.03,1688.0,0.0125,0,Normal
2020-01-03 05:29:00,27.15,36.05,1587,31.4,43,5.218,8.9,0.0198,1350.2,0.0134,0,Normal
2020-01-03 05:30:00,27.15,36.05,1364,47.6,45,6.799,8.9,0.0349,2142.0,0.014,0,Normal
2020-01-03 05:31:00,27.15,36.05,1462,51.4,48,7.869,8.9,0.0352,2467.2,0.0149,0,Normal
2020-01-03 05:32:00,27.15,36.05,1649,32.4,50,5.595,8.9,0.0196,1620.0,0.0156,0,Normal
2020-01-03 05:33:00,27.25,36.05,1752,29.0,52,5.321,8.8,0.0166,1508.0,0.0162,0,Normal
2020-01-03 05:34:00,27.25,36.15,1396,51.2,54,7.485,8.9,0.0367,2764.8,0.0168,0,Normal
2020-01-03 05:35:00,27.35,36.25,2179,16.3,59,3.719,8.9,0.0075,961.7,0.0183,0,Normal
2020-01-03 05:36:00,27.35,36.35,1653,27.6,62,4.778,9.0,0.0167,1711.2,0.0193,0,Normal
2020-01-03 05:37:00,27.45,36.35,2025,21.4,64,4.538,8.9,0.0106,1369.6,0.0199,0,Normal
2020-01-03 05:38:00,27.45,36.45,1426,53.6,66,8.004,9.0,0.0376,3537.6,0.0205,0,Normal
2020-01-03 05:39:00,27.45,36.45,1503,38.4,68,6.044,9.0,0.0255,2611.2,0.0211,0,Normal
2020-01-03 05:40:00,27.55,36.45,1525,36.5,71,5.829,8.9,0.0239,2591.5,0.022,0,Normal
2020-01-03 05:41:00,27.45,36.45,1423,49.1,74,7.317,9.0,0.0345,3633.4,0.023,0,Normal
2020-01-03 05:42:00,27.55,36.55,1435,44.7,76,6.717,9.0,0.0311,3397.2,0.0236,0,Normal
2020-01-03 05:43:00,27.45,36.35,1495,36.5,79,5.714,8.9,0.0244,2883.5,0.0245,0,Normal
2020-01-03 05:44:00,27.45,36.35,1557,33.8,84,5.511,8.9,0.0217,2839.2,0.026,0,Normal
2020-01-03 05:45:00,27.45,36.25,1474,40.7,87,6.282,8.8,0.0276,3540.9,0.027,0,Normal
2020-01-03 05:46:00,27.35,36.15,1465,46.0,89,7.057,8.8,0.0314,4094.0,0.0276,0,Normal
2020-01-03 05:47:00,27.35,36.15,1589,34.9,91,5.807,8.8,0.022,3175.9,0.0282,0,Normal
2020-01-03 05:48:00,27.35,36.15,1475,46.8,94,7.229,8.8,0.0317,4399.2,0.0291,0,Normal
2020-01-03 05:49:00,27.45,36.25,1442,43.2,96,6.523,8.8,0.03,4147.2,0.0297,0,Normal
2020-01-03 05:50:00,27.45,36.25,1556,36.0,98,5.866,8.8,0.0231,3528.0,0.0303,0,Normal
2020-01-03 05:51:00,27.55,36.15,1425,45.3,100,6.76,8.6,0.0318,4530.0,0.0309,0,Normal
2020-01-03 05:52:00,27.55,36.15,1580,38.3,102,6.337,8.6,0.0242,3906.6,0.0315,0,Normal
2020-01-03 05:53:00,27.65,36.25,1474,40.7,104,6.282,8.6,0.0276,4232.8,0.0322,0,Normal
2020-01-03 05:54:00,27.65,36.25,1489,38.4,109,5.988,8.6,0.0258,4185.6,0.0337,0,Normal
2020-01-03 05:55:00,27.65,36.25,1946,20.5,111,4.178,8.6,0.0105,2275.5,0.0343,0,Normal
2020-01-03 05:56:00,27.65,36.25,1342,62.4,113,8.769,8.6,0.0465,7051.2,0.0349,1,Heat_Dissipation_Failure
2020-01-03 05:57:00,27.75,36.35,1758,26.8,116,4.934,8.6,0.0152,3108.8,0.0358,0,Normal
2020-01-03 05:58:00,27.75,36.25,1724,25.6,119,4.622,8.5,0.0148,3046.4,0.0367,0,Normal
2020-01-03 05:59:00,27.85,36.35,1430,48.5,122,7.263,8.5,0.0339,5917.0,0.0377,0,Normal
2020-01-03 06:00:00,27.75,36.35,1612,35.2,124,5.942,8.6,0.0218,4364.8,0.0383,0,Normal
2020-01-03 06:01:00,27.75,36.35,1469,43.4,126,6.676,8.6,0.0295,5468.4,0.0389,0,Normal
2020-01-03 06:02:00,27.75,36.45,1384,42.4,131,6.145,8.7,0.0306,5554.4,0.0404,0,Normal
2020-01-03 06:03:00,27.85,36.45,1724,28.1,133,5.073,8.6,0.0163,3737.3,0.041,0,Normal
2020-01-03 06:04:00,27.85,36.45,1397,48.0,135,7.022,8.6,0.0344,6480.0,0.0416,0,Normal
2020-01-03 06:05:00,27.85,36.45,1588,32.7,138,5.438,8.6,0.0206,4512.6,0.0425,0,Normal
2020-01-03 06:06:00,27.85,36.55,1468,42.0,141,6.457,8.7,0.0286,5922.0,0.0434,0,Normal
2020-01-03 06:07:00,27.85,36.65,1594,31.1,143,5.191,8.8,0.0195,4447.3,0.044,0,Normal
2020-01-03 06:08:00,27.85,36.55,1511,39.3,146,6.218,8.7,0.026,5737.8,0.0449,0,Normal
2020-01-03 06:09:00,27.95,36.65,1493,38.9,149,6.082,8.7,0.0261,5796.1,0.0458,0,Normal
2020-01-03 06:10:00,28.05,36.65,1709,27.0,151,4.832,8.6,0.0158,4077.0,0.0464,0,Normal
2020-01-03 06:11:00,27.95,36.45,1501,36.1,156,5.674,8.5,0.0241,5631.6,0.048,0,Normal
2020-01-03 06:12:00,27.95,36.55,1668,30.8,158,5.38,8.6,0.0185,4866.4,0.0486,0,Normal
2020-01-03 06:13:00,27.95,36.45,1502,48.9,160,7.691,8.5,0.0326,7824.0,0.0492,0,Normal
2020-01-03 06:14:00,27.85,36.55,1288,58.4,162,7.877,8.7,0.0453,9460.8,0.0498,0,Normal
2020-01-03 06:15:00,27.85,36.55,1491,42.9,165,6.698,8.7,0.0288,7078.5,0.0507,0,Normal
2020-01-03 06:16:00,27.95,36.65,1519,39.6,167,6.299,8.7,0.0261,6613.2,0.0513,0,Normal
2020-01-03 06:17:00,28.05,36.75,1984,19.7,169,4.093,8.7,0.0099,3329.3,0.0519,0,Normal
2020-01-03 06:18:00,28.05,36.75,1643,32.9,171,5.661,8.7,0.02,5625.9,0.0525,0,Normal
2020-01-03 06:19:00,28.05,36.85,1625,31.6,173,5.377,8.8,0.0194,5466.8,0.0531,0,Normal
2020-01-03 06:20:00,28.15,36.85,2068,17.8,176,3.855,8.7,0.0086,3132.8,0.054,0,Normal
2020-01-03 06:21:00,28.15,36.95,1469,39.7,179,6.107,8.8,0.027,7106.3,0.0549,0,Normal
2020-01-03 06:22:00,28.15,36.95,1558,36.3,184,5.922,8.8,0.0233,6679.2,0.0564,0,Normal
2020-01-03 06:23:00,28.15,36.85,1344,54.8,186,7.713,8.7,0.0408,10192.8,0.057,0,Normal
2020-01-03 06:24:00,28.15,36.95,1455,44.1,188,6.719,8.8,0.0303,8290.8,0.0576,0,Normal
2020-01-03 06:25:00,28.15,36.95,1355,53.6,193,7.606,8.8,0.0396,10344.8,0.0591,0,Normal
2020-01-03 06:26:00,28.15,36.95,1269,56.8,195,7.548,8.8,0.0448,11076.0,0.0597,1,Overstrain_Failure
2020-01-03 06:27:00,28.15,36.85,1550,41.5,197,6.736,8.7,0.0268,8175.5,0.0603,0,Normal
2020-01-03 06:28:00,28.15,36.95,1525,37.8,199,6.037,8.8,0.0248,7522.2,0.0609,0,Normal
2020-01-03 06:29:00,28.15,36.85,1696,32.4,202,5.754,8.7,0.0191,6544.8,0.0618,0,Normal
2020-01-03 06:30:00,28.25,36.95,1937,21.8,205,4.422,8.7,0.0113,4469.0,0.0627,0,Normal
2020-01-03 06:31:00,28.25,36.85,1689,32.1,207,5.678,8.6,0.019,6644.7,0.0633,0,Normal
2020-01-03 06:32:00,28.15,36.85,1593,30.8,210,5.138,8.7,0.0193,6468.0,0.0642,0,Normal
2020-01-03 06:33:00,28.15,36.75,1565,36.0,213,5.9,8.6,0.023,7668.0,0.0651,0,Normal
2020-01-03 06:34:00,28.15,36.85,1665,31.4,0,5.475,8.7,0.0189,0.0,0.0,0,Normal
2020-01-03 06:35:00,28.15,36.85,1532,36.3,2,5.824,8.7,0.0237,72.6,0.0006,0,Normal
2020-01-03 06:36:00,28.15,36.85,1438,40.9,7,6.159,8.7,0.0284,286.3,0.0021,0,Normal
2020-01-03 06:37:00,28.15,36.95,1531,41.6,9,6.67,8.8,0.0272,374.4,0.0027,0,Normal
2020-01-03 06:38:00,28.15,36.85,1506,40.8,11,6.434,8.7,0.0271,448.8,0.0034,0,Normal
2020-01-03 06:39:00,28.05,36.75,1382,52.4,13,7.583,8.7,0.0379,681.2,0.004,0,Normal
2020-01-03 06:40:00,28.05,36.75,1456,50.8,15,7.746,8.7,0.0349,762.0,0.0046,0,Normal
2020-01-03 06:41:00,28.05,36.85,1445,45.6,18,6.9,8.8,0.0316,820.8,0.0055,0,Normal
2020-01-03 06:42:00,28.05,36.75,1515,40.9,21,6.489,8.7,0.027,858.9,0.0064,0,Normal
2020-01-03 06:43:00,28.05,36.75,1449,45.5,23,6.904,8.7,0.0314,1046.5,0.007,0,Normal
2020-01-03 06:44:00,28.05,36.75,1362,50.7,25,7.231,8.7,0.0372,1267.5,0.0076,0,Normal
2020-01-03 06:45:00,28.05,36.75,1687,29.7,30,5.247,8.7,0.0176,891.0,0.0091,0,Normal
2020-01-03 06:46:00,28.05,36.85,1618,37.6,32,6.371,8.8,0.0232,1203.2,0.0097,0,Normal
2020-01-03 06:47:00,28.05,36.95,1558,32.6,34,5.319,8.9,0.0209,1108.4,0.0103,0,Normal
2020-01-03 06:48:00,28.15,36.95,1662,31.0,37,5.395,8.8,0.0187,1147.0,0.0112,0,Normal
2020-01-03 06:49:00,28.05,36.95,1295,56.6,39,7.676,8.9,0.0437,2207.4,0.0119,0,Normal
2020-01-03 06:50:00,28.05,37.05,1385,42.3,42,6.135,9.0,0.0305,1776.6,0.0128,0,Normal
2020-01-03 06:51:00,28.05,36.95,1479,45.5,44,7.047,8.9,0.0308,2002.0,0.0134,0,Normal
2020-01-03 06:52:00,28.15,37.15,1400,44.3,47,6.495,9.0,0.0316,2082.1,0.0143,0,Normal
2020-01-03 06:53:00,28.05,37.15,1357,54.5,49,7.745,9.1,0.0402,2670.5,0.0149,0,Normal
2020-01-03 06:54:00,27.95,37.05,1657,34.1,52,5.917,9.1,0.0206,1773.2,0.0158,0,Normal
2020-01-03 06:55:00,27.95,37.05,1496,43.4,54,6.799,9.1,0.029,2343.6,0.0164,0,Normal
2020-01-03 06:56:00,28.05,37.15,1379,43.2,56,6.238,9.1,0.0313,2419.2,0.017,0,Normal
2020-01-03 06:57:00,28.05,37.15,1548,38.6,59,6.257,9.1,0.0249,2277.4,0.0179,0,Normal
2020-01-03 06:58:00,28.05,37.15,1499,38.1,61,5.981,9.1,0.0254,2324.1,0.0185,0,Normal
2020-01-03 06:59:00,28.15,37.35,1390,45.8,63,6.667,9.2,0.0329,2885.4,0.0191,0,Normal
2020-01-03 07:00:00,28.15,37.25,1538,38.4,65,6.185,9.1,0.025,2496.0,0.0197,0,Normal
2020-01-03 07:01:00,28.15,37.35,1365,47.7,70,6.818,9.2,0.0349,3339.0,0.0212,0,Normal
2020-01-03 07:02:00,28.15,37.35,1503,48.6,72,7.649,9.2,0.0323,3499.2,0.0218,0,Normal
2020-01-03 07:03:00,28.05,37.25,1390,49.9,74,7.263,9.2,0.0359,3692.6,0.0224,0,Normal
2020-01-03 07:04:00,28.05,37.15,1497,45.7,76,7.164,9.1,0.0305,3473.2,0.023,0,Normal
2020-01-03 07:05:00,28.15,37.25,1577,48.3,78,7.976,9.1,0.0306,3767.4,0.0236,0,Normal
2020-01-03 07:06:00,28.25,37.35,1432,54.3,81,8.143,9.1,0.0379,4398.3,0.0245,0,Normal
2020-01-03 07:07:00,28.25,37.35,1563,39.9,83,6.531,9.1,0.0255,3311.7,0.0251,0,Normal
2020-01-03 07:08:00,28.25,37.25,1433,43.4,86,6.513,9.0,0.0303,3732.4,0.026,0,Normal
2020-01-03 07:09:00,28.15,37.25,1384,50.1,88,7.261,9.1,0.0362,4408.8,0.0266,0,Normal
2020-01-03 07:10:00,28.15,37.25,1346,46.7,90,6.582,9.1,0.0347,4203.0,0.0272,0,Normal
2020-01-03 07:11:00,28.15,37.25,1459,44.7,92,6.83,9.1,0.0306,4112.4,0.0278,0,Normal
2020-01-03 07:12:00,28.25,37.25,1639,28.9,94,4.96,9.0,0.0176,2716.6,0.0284,0,Normal
2020-01-03 07:13:00,28.25,37.25,1737,31.9,96,5.803,9.0,0.0184,3062.4,0.029,0,Normal
2020-01-03 07:14:00,28.25,37.35,1489,43.5,98,6.783,9.1,0.0292,4263.0,0.0296,0,Normal
2020-01-03 07:15:00,28.35,37.45,1492,43.0,100,6.718,9.1,0.0288,4300.0,0.0302,0,Normal
2020-01-03 07:16:00,28.25,37.35,1217,60.6,103,7.723,9.1,0.0498,6241.8,0.0311,0,Normal
2020-01-03 07:17:00,28.35,37.35,1636,28.7,106,4.917,9.0,0.0175,3042.2,0.0319,0,Normal
2020-01-03 07:18:00,28.25,37.25,1436,49.7,108,7.474,9.0,0.0346,5367.6,0.0325,0,Normal
2020-01-03 07:19:00,28.25,37.25,1689,30.6,110,5.412,9.0,0.0181,3366.0,0.0331,0,Normal
2020-01-03 07:20:00,28.35,37.35,2289,16.4,112,3.931,9.0,0.0072,1836.8,0.0337,0,Normal
2020-01-03 07:21:00,28.35,37.45,1522,41.0,114,6.535,9.1,0.0269,4674.0,0.0343,0,Normal
2020-01-03 07:22:00,28.35,37.35,1351,52.9,116,7.484,9.0,0.0392,6136.4,0.0349,0,Normal
2020-01-03 07:23:00,28.35,37.35,1589,36.7,118,6.107,9.0,0.0231,4330.6,0.0355,0,Normal
2020-01-03 07:24:00,28.35,37.45,1578,34.1,120,5.635,9.1,0.0216,4092.0,0.0361,0,Normal
2020-01-03 07:25:00,28.35,37.45,1587,33.7,122,5.601,9.1,0.0212,4111.4,0.0367,0,Normal
2020-01-03 07:26:00,28.35,37.45,1962,20.2,124,4.15,9.1,0.0103,2504.8,0.0373,0,Normal
2020-01-03 07:27:00,28.35,37.45,2432,14.2,126,3.616,9.1,0.0058,1789.2,0.0379,0,Normal
2020-01-03 07:28:00,28.45,37.45,1418,43.9,129,6.519,9.0,0.031,5663.1,0.0388,0,Normal
2020-01-03 07:29:00,28.45,37.55,1683,29.7,131,5.234,9.1,0.0176,3890.7,0.0393,0,Normal
2020-01-03 07:30:00,28.55,37.65,1385,50.7,133,7.353,9.1,0.0366,6743.1,0.0399,0,Normal
2020-01-03 07:31:00,28.55,37.65,1559,44.5,135,7.265,9.1,0.0285,6007.5,0.0405,0,Normal
2020-01-03 07:32:00,28.55,37.65,1671,31.6,137,5.53,9.1,0.0189,4329.2,0.0411,0,Normal
2020-01-03 07:33:00,28.45,37.65,1343,49.5,140,6.962,9.2,0.0369,6930.0,0.042,0,Normal
2020-01-03 07:34:00,28.45,37.65,1548,34.2,143,5.544,9.2,0.0221,4890.6,0.0429,0,Normal
2020-01-03 07:35:00,28.55,37.75,1705,31.2,146,5.571,9.2,0.0183,4555.2,0.0438,0,Normal
2020-01-03 07:36:00,28.45,37.65,1535,35.4,148,5.69,9.2,0.0231,5239.2,0.0444,0,Normal
2020-01-03 07:37:00,28.45,37.65,1564,34.1,150,5.585,9.2,0.0218,5115.0,0.0449,0,Normal
2020-01-03 07:38:00,28.45,37.75,1510,40.9,152,6.467,9.3,0.0271,6216.8,0.0455,0,Normal
2020-01-03 07:39:00,28.45,37.75,1492,45.2,155,7.062,9.3,0.0303,7006.0,0.0464,0,Normal
2020-01-03 07:40:00,28.35,37.65,1452,44.1,157,6.706,9.3,0.0304,6923.7,0.047,0,Normal
2020-01-03 07:41:00,28.25,37.55,1329,52.0,160,7.237,9.3,0.0391,8320.0,0.0479,0,Normal
2020-01-03 07:42:00,28.35,37.65,1382,52.4,165,7.583,9.3,0.0379,8646.0,0.0494,0,Normal
2020-01-03 07:43:00,28.35,37.65,1628,36.4,167,6.206,9.3,0.0224,6078.8,0.0499,0,Normal
2020-01-03 07:44:00,28.25,37.55,1706,27.9,170,4.984,9.3,0.0164,4743.0,0.0508,0,Normal
2020-01-03 07:45:00,28.15,37.55,1594,34.1,172,5.692,9.4,0.0214,5865.2,0.0514,0,Normal
2020-01-03 07:46:00,28.15,37.55,1761,24.3,174,4.481,9.4,0.0138,4228.2,0.052,0,Normal
2020-01-03 07:47:00,28.15,37.45,1529,41.8,176,6.693,9.3,0.0273,7356.8,0.0526,0,Normal
2020-01-03 07:48:00,28.15,37.55,1532,40.7,178,6.53,9.4,0.0266,7244.6,0.0532,0,Normal
2020-01-03 07:49:00,28.25,37.55,1673,27.8,181,4.87,9.3,0.0166,5031.8,0.054,0,Normal
2020-01-03 07:50:00,28.25,37.65,1285,62.6,183,8.424,9.4,0.0487,11455.8,0.0546,1,Overstrain_Failure
2020-01-03 07:51:00,28.25,37.65,1680,31.4,185,5.524,9.4,0.0187,5809.0,0.0552,0,Normal
2020-01-03 07:52:00,28.25,37.65,1610,34.6,187,5.834,9.4,0.0215,6470.2,0.0558,0,Normal
2020-01-03 07:53:00,28.45,37.75,1632,31.6,189,5.401,9.3,0.0194,5972.4,0.0564,0,Normal
2020-01-03 07:54:00,28.45,37.75,1559,40.2,191,6.563,9.3,0.0258,7678.2,0.0569,0,Normal
2020-01-03 07:55:00,28.35,37.65,1367,49.0,193,7.014,9.3,0.0358,9457.0,0.0575,0,Normal
2020-01-03 07:56:00,28.45,37.65,1355,57.8,195,8.202,9.2,0.0427,11271.0,0.0581,1,Overstrain_Failure
2020-01-03 07:57:00,28.45,37.55,1414,51.7,197,7.655,9.1,0.0366,10184.9,0.0587,0,Normal
2020-01-03 07:58:00,28.35,37.45,1522,36.6,202,5.833,9.1,0.024,7393.2,0.0601,0,Normal
2020-01-03 07:59:00,28.35,37.45,1525,41.9,204,6.691,9.1,0.0275,8547.6,0.0607,0,Normal
2020-01-03 08:00:00,28.35,37.45,1394,46.5,206,6.788,9.1,0.0334,9579.0,0.0613,0,Normal
2020-01-03 08:01:00,28.35,37.45,1519,40.7,208,6.474,9.1,0.0268,8465.6,0.0619,0,Normal
2020-01-03 08:02:00,28.25,37.45,1445,43.9,210,6.643,9.2,0.0304,9219.0,0.0624,0,Normal
2020-01-03 08:03:00,28.25,37.45,1555,43.3,212,7.051,9.2,0.0278,9179.6,0.063,0,Normal
2020-01-03 08:04:00,28.25,37.35,1633,39.5,0,6.755,9.1,0.0242,0.0,0.0,0,Normal
2020-01-03 08:05:00,28.25,37.45,1630,30.3,2,5.172,9.2,0.0186,60.6,0.0006,0,Normal
2020-01-03 08:06:00,28.25,37.55,1692,32.3,5,5.723,9.3,0.0191,161.5,0.0015,0,Normal
2020-01-03 08:07:00,28.35,37.55,1790,26.2,8,4.911,9.2,0.0146,209.6,0.0024,0,Normal
2020-01-03 08:08:00,28.35,37.65,1350,58.5,13,8.27,9.3,0.0433,760.5,0.0039,0,Normal
2020-01-03 08:09:00,28.35,37.75,2760,8.0,15,2.312,9.4,0.0029,120.0,0.0045,1,Power_Failure
2020-01-03 08:10:00,28.25,37.55,1584,32.2,17,5.341,9.3,0.0203,547.4,0.005,0,Normal
2020-01-03 08:11:00,28.25,37.55,1989,21.8,19,4.541,9.3,0.011,414.2,0.0056,0,Normal
2020-01-03 08:12:00,28.25,37.65,1431,44.3,21,6.639,9.4,0.031,930.3,0.0062,0,Normal
2020-01-03 08:13:00,28.25,37.55,1568,35.2,23,5.78,9.3,0.0224,809.6,0.0068,0,Normal
2020-01-03 08:14:00,28.25,37.55,1376,50.6,25,7.291,9.3,0.0368,1265.0,0.0074,0,Normal
2020-01-03 08:15:00,28.25,37.45,1459,46.9,27,7.166,9.2,0.0321,1266.3,0.008,0,Normal
2020-01-03 08:16:00,28.35,37.65,1385,47.5,30,6.889,9.3,0.0343,1425.0,0.0089,0,Normal
2020-01-03 08:17:00,28.35,37.65,1591,29.6,33,4.932,9.3,0.0186,976.8,0.0098,0,Normal
2020-01-03 08:18:00,28.35,37.55,1568,33.1,38,5.435,9.2,0.0211,1257.8,0.0112,0,Normal
2020-01-03 08:19:00,28.25,37.55,1459,37.7,40,5.76,9.3,0.0258,1508.0,0.0118,0,Normal
2020-01-03 08:20:00,28.25,37.55,1590,36.3,43,6.044,9.3,0.0228,1560.9,0.0127,0,Normal
2020-01-03 08:21:00,28.15,37.45,1376,47.6,45,6.859,9.3,0.0346,2142.0,0.0133,0,Normal
2020-01-03 08:22:00,28.15,37.45,1510,38.5,47,6.088,9.3,0.0255,1809.5,0.0139,0,Normal
2020-01-03 08:23:00,28.25,37.45,1674,33.6,49,5.89,9.2,0.0201,1646.4,0.0145,0,Normal
2020-01-03 08:24:00,28.15,37.45,1426,40.7,54,6.078,9.3,0.0285,2197.8,0.016,0,Normal
2020-01-03 08:25:00,28.35,37.55,1466,43.6,56,6.693,9.2,0.0297,2441.6,0.0165,0,Normal
2020-01-03 08:26:00,28.35,37.65,1474,38.7,58,5.974,9.3,0.0263,2244.6,0.0171,0,Normal
2020-01-03 08:27:00,28.45,37.65,1290,65.3,63,8.821,9.2,0.0506,4113.9,0.0186,0,Normal
2020-01-03 08:28:00,28.55,37.75,1435,48.0,66,7.213,9.2,0.0334,3168.0,0.0195,0,Normal
2020-01-03 08:29:00,28.35,37.55,1416,53.2,69,7.889,9.2,0.0376,3670.8,0.0204,0,Normal
2020-01-03 08:30:00,28.35,37.55,1599,40.4,72,6.765,9.2,0.0253,2908.8,0.0212,0,Normal
2020-01-03 08:31:00,28.35,37.55,1466,47.3,77,7.261,9.2,0.0323,3642.1,0.0227,0,Normal
2020-01-03 08:32:00,28.35,37.55,1408,47.3,79,6.974,9.2,0.0336,3736.7,0.0233,0,Normal
2020-01-03 08:33:00,28.35,37.45,1490,48.1,81,7.505,9.1,0.0323,3896.1,0.0239,0,Normal
2020-01-03 08:34:00,28.35,37.45,1405,42.3,83,6.224,9.1,0.0301,3510.9,0.0244,0,Normal
2020-01-03 08:35:00,28.25,37.35,1647,33.3,85,5.743,9.1,0.0202,2830.5,0.025,0,Normal
2020-01-03 08:36:00,28.25,37.45,1459,35.0,87,5.348,9.2,0.024,3045.0,0.0256,0,Normal
2020-01-03 08:37:00,28.25,37.45,1648,30.7,90,5.298,9.2,0.0186,2763.0,0.0265,0,Normal
2020-01-03 08:38:00,28.25,37.55,1675,30.7,92,5.385,9.3,0.0183,2824.4,0.0271,0,Normal
2020-01-03 08:39:00,28.25,37.55,1605,34.2,94,5.748,9.3,0.0213,3214.8,0.0276,0,Normal
2020-01-03 08:40:00,28.25,37.55,1536,44.4,96,7.142,9.3,0.0289,4262.4,0.0282,0,Normal
2020-01-03 08:41:00,28.25,37.55,1617,34.3,101,5.808,9.3,0.0212,3464.3,0.0297,0,Normal
2020-01-03 08:42:00,28.25,37.45,1347,53.3,104,7.518,9.2,0.0396,5543.2,0.0306,0,Normal
2020-01-03 08:43:00,28.15,37.35,1337,52.7,106,7.379,9.2,0.0394,5586.2,0.0311,0,Normal
2020-01-03 08:44:00,28.15,37.25,1695,30.9,108,5.485,9.1,0.0182,3337.2,0.0317,0,Normal
2020-01-03 08:45:00,28.15,37.25,1635,32.5,110,5.565,9.1,0.0199,3575.0,0.0323,0,Normal
2020-01-03 08:46:00,28.05,37.25,1470,44.0,113,6.773,9.2,0.0299,4972.0,0.0332,0,Normal
2020-01-03 08:47:00,28.05,37.25,1381,49.8,115,7.202,9.2,0.0361,5727.0,0.0337,0,Normal
2020-01-03 08:48:00,28.05,37.25,1382,41.6,117,6.02,9.2,0.0301,4867.2,0.0343,0,Normal
2020-01-03 08:49:00,28.05,37.25,1697,30.0,120,5.331,9.2,0.0177,3600.0,0.0352,0,Normal
2020-01-03 08:50:00,28.05,37.15,1451,39.7,123,6.032,9.1,0.0274,4883.1,0.0361,0,Normal
2020-01-03 08:51:00,28.15,37.15,1419,55.7,125,8.277,9.0,0.0393,6962.5,0.0366,0,Normal
2020-01-03 08:52:00,28.15,37.15,1313,55.6,127,7.645,9.0,0.0423,7061.2,0.0372,0,Normal
2020-01-03 08:53:00,28.15,37.15,1560,36.3,129,5.93,9.0,0.0233,4682.7,0.0378,0,Normal
2020-01-03 08:54:00,28.15,37.15,1555,41.2,131,6.709,9.0,0.0265,5397.2,0.0384,0,Normal
2020-01-03 08:55:00,28.25,37.25,1579,36.9,133,6.102,9.0,0.0234,4907.7,0.0389,0,Normal
2020-01-03 08:56:00,28.35,37.35,1435,44.6,135,6.702,9.0,0.0311,6021.0,0.0395,0,Normal
2020-01-03 08:57:00,28.45,37.45,1621,33.7,137,5.721,9.0,0.0208,4616.9,0.0401,0,Normal
2020-01-03 08:58:00,28.45,37.45,1555,40.4,139,6.579,9.0,0.026,5615.6,0.0407,0,Normal
2020-01-03 08:59:00,28.35,37.35,1611,33.8,144,5.702,9.0,0.021,4867.2,0.0421,0,Normal
2020-01-03 09:00:00,28.45,37.45,1834,23.5,146,4.513,9.0,0.0128,3431.0,0.0427,0,Normal
2020-01-03 09:01:00,28.35,37.35,1612,29.8,148,5.03,9.0,0.0185,4410.4,0.0432,0,Normal
2020-01-03 09:02:00,28.35,37.25,1629,34.1,151,5.817,8.9,0.0209,5149.1,0.0441,0,Normal
2020-01-03 09:03:00,28.25,37.25,1496,35.2,153,5.514,9.0,0.0235,5385.6,0.0447,0,Normal
2020-01-03 09:04:00,28.35,37.35,1593,32.9,155,5.488,9.0,0.0207,5099.5,0.0453,0,Normal
2020-01-03 09:05:00,28.35,37.35,1623,33.5,157,5.694,9.0,0.0206,5259.5,0.0458,0,Normal
2020-01-03 09:06:00,28.35,37.35,1380,48.7,160,7.038,9.0,0.0353,7792.0,0.0467,0,Normal
2020-01-03 09:07:00,28.45,37.45,1562,34.4,162,5.627,9.0,0.022,5572.8,0.0473,0,Normal
2020-01-03 09:08:00,28.45,37.45,1391,49.4,164,7.196,9.0,0.0355,8101.6,0.0478,0,Normal
2020-01-03 09:09:00,28.35,37.35,1551,34.3,166,5.571,9.0,0.0221,5693.8,0.0484,0,Normal
2020-01-03 09:10:00,28.45,37.45,1821,26.2,171,4.996,9.0,0.0144,4480.2,0.0498,0,Normal
2020-01-03 09:11:00,28.45,37.55,1429,43.6,176,6.525,9.1,0.0305,7673.6,0.0513,0,Normal
2020-01-03 09:12:00,28.45,37.55,2012,20.7,178,4.361,9.1,0.0103,3684.6,0.0518,0,Normal
2020-01-03 09:13:00,28.45,37.45,1924,23.6,181,4.755,9.0,0.0123,4271.6,0.0527,0,Normal
2020-01-03 09:14:00,28.35,37.35,1412,44.1,184,6.521,9.0,0.0312,8114.4,0.0536,0,Normal
2020-01-03 09:15:00,28.35,37.35,1389,54.9,187,7.986,9.0,0.0395,10266.3,0.0544,0,Normal
2020-01-03 09:16:00,28.35,37.35,1466,48.1,189,7.384,9.0,0.0328,9090.9,0.055,0,Normal
2020-01-03 09:17:00,28.35,37.35,2297,15.8,191,3.801,9.0,0.0069,3017.8,0.0556,0,Normal
2020-01-03 09:18:00,28.25,37.25,1471,37.5,193,5.777,9.0,0.0255,7237.5,0.0561,0,Normal
2020-01-03 09:19:00,28.25,37.15,1492,41.4,195,6.468,8.9,0.0277,8073.0,0.0567,0,Normal
2020-01-03 09:20:00,28.15,37.15,1460,41.5,197,6.345,9.0,0.0284,8175.5,0.0573,0,Normal
2020-01-03 09:21:00,28.25,37.25,1559,39.4,199,6.432,9.0,0.0253,7840.6,0.0578,0,Normal
2020-01-03 09:22:00,28.25,37.35,1495,52.5,201,8.219,9.1,0.0351,10552.5,0.0584,0,Normal
2020-01-03 09:23:00,28.35,37.35,1535,39.0,204,6.269,9.0,0.0254,7956.0,0.0592,0,Normal
2020-01-03 09:24:00,28.35,37.45,1381,50.7,206,7.332,9.1,0.0367,10444.2,0.0598,0,Normal
2020-01-03 09:25:00,28.45,37.45,1599,36.1,208,6.045,9.0,0.0226,7508.8,0.0604,0,Normal
2020-01-03 09:26:00,28.45,37.45,1400,49.5,211,7.257,9.0,0.0354,10444.5,0.0612,0,Normal
2020-01-03 09:27:00,28.55,37.45,1624,34.5,216,5.867,8.9,0.0212,7452.0,0.0626,0,Normal
2020-01-03 09:28:00,28.45,37.45,1478,36.6,218,5.665,9.0,0.0248,7978.8,0.0632,0,Normal
2020-01-03 09:29:00,28.55,37.55,1605,33.3,220,5.597,9.0,0.0207,7326.0,0.0638,0,Normal
2020-01-03 09:30:00,28.45,37.45,1506,43.4,222,6.845,9.0,0.0288,9634.8,0.0643,0,Normal
2020-01-03 09:31:00,28.45,37.45,1455,43.9,0,6.689,9.0,0.0302,0.0,0.0,0,Normal
2020-01-03 09:32:00,28.45,37.35,1602,32.3,2,5.419,8.9,0.0202,64.6,0.0006,0,Normal
2020-01-03 09:33:00,28.35,37.25,1425,54.4,7,8.118,8.9,0.0382,380.8,0.002,0,Normal
2020-01-03 09:34:00,28.35,37.25,1918,21.8,9,4.379,8.9,0.0114,196.2,0.0026,0,Normal
2020-01-03 09:35:00,28.25,37.15,1611,41.5,11,7.001,8.9,0.0258,456.5,0.0032,0,Normal
2020-01-03 09:36:00,28.25,37.25,1610,38.6,16,6.508,9.0,0.024,617.6,0.0046,0,Normal
2020-01-03 09:37:00,28.35,37.25,2639,12.0,21,3.316,8.9,0.0045,252.0,0.0061,1,Power_Failure
2020-01-03 09:38:00,28.35,37.25,1329,46.6,24,6.485,8.9,0.0351,1118.4,0.0069,0,Normal
2020-01-03 09:39:00,28.35,37.25,1270,54.2,26,7.208,8.9,0.0427,1409.2,0.0075,0,Normal
2020-01-03 09:40:00,28.35,37.15,1415,41.6,28,6.164,8.8,0.0294,1164.8,0.0081,0,Normal
2020-01-03 09:41:00,28.45,37.25,1330,49.5,30,6.894,8.8,0.0372,1485.0,0.0087,0,Normal
2020-01-03 09:42:00,28.45,37.35,1786,27.1,35,5.068,8.9,0.0152,948.5,0.0101,0,Normal
2020-01-03 09:43:00,28.45,37.35,1809,25.5,40,4.831,8.9,0.0141,1020.0,0.0115,0,Normal
2020-01-03 09:44:00,28.55,37.45,1303,59.7,42,8.146,8.9,0.0458,2507.4,0.0121,0,Normal
2020-01-03 09:45:00,28.65,37.55,1383,45.7,44,6.619,8.9,0.033,2010.8,0.0127,0,Normal
2020-01-03 09:46:00,28.55,37.45,1447,56.9,47,8.622,8.9,0.0393,2674.3,0.0136,0,Normal
2020-01-03 09:47:00,28.65,37.55,1461,44.2,49,6.762,8.9,0.0303,2165.8,0.0141,0,Normal
2020-01-03 09:48:00,28.65,37.55,2092,18.6,51,4.075,8.9,0.0089,948.6,0.0147,0,Normal
2020-01-03 09:49:00,28.65,37.55,1429,47.9,53,7.168,8.9,0.0335,2538.7,0.0153,0,Normal
2020-01-03 09:50:00,28.65,37.65,1736,26.5,56,4.818,9.0,0.0153,1484.0,0.0161,0,Normal
2020-01-03 09:51:00,28.65,37.55,1441,49.3,58,7.439,8.9,0.0342,2859.4,0.0167,0,Normal
2020-01-03 09:52:00,28.65,37.55,1523,43.3,60,6.906,8.9,0.0284,2598.0,0.0173,0,Normal
2020-01-03 09:53:00,28.65,37.65,1691,33.4,62,5.915,9.0,0.0198,2070.8,0.0178,0,Normal
2020-01-03 09:54:00,28.75,37.65,1557,35.3,65,5.756,8.9,0.0227,2294.5,0.0187,0,Normal
2020-01-03 09:55:00,28.65,37.55,1644,33.4,68,5.75,8.9,0.0203,2271.2,0.0196,0,Normal
2020-01-03 09:56:00,28.65,37.45,1522,43.8,70,6.981,8.8,0.0288,3066.0,0.0201,0,Normal
2020-01-03 09:57:00,28.65,37.55,1547,41.7,72,6.755,8.9,0.027,3002.4,0.0207,0,Normal
2020-01-03 09:58:00,28.65,37.55,1597,30.8,74,5.151,8.9,0.0193,2279.2,0.0213,0,Normal
2020-01-03 09:59:00,28.65,37.65,1619,31.0,76,5.256,9.0,0.0191,2356.0,0.0218,0,Normal
2020-01-03 10:00:00,28.75,37.65,1400,58.2,79,8.533,8.9,0.0416,4597.8,0.0227,0,Normal
2020-01-03 10:01:00,28.85,37.75,1663,31.5,81,5.486,8.9,0.0189,2551.5,0.0233,0,Normal
2020-01-03 10:02:00,28.75,37.65,1540,37.6,83,6.064,8.9,0.0244,3120.8,0.0238,0,Normal
2020-01-03 10:03:00,28.75,37.65,1455,42.7,85,6.506,8.9,0.0293,3629.5,0.0244,0,Normal
2020-01-03 10:04:00,28.75,37.65,1519,39.0,90,6.204,8.9,0.0257,3510.0,0.0258,0,Normal
2020-01-03 10:05:00,28.75,37.65,1427,47.7,92,7.128,8.9,0.0334,4388.4,0.0264,0,Normal
2020-01-03 10:06:00,28.75,37.65,1650,29.8,94,5.149,8.9,0.0181,2801.2,0.027,0,Normal
2020-01-03 10:07:00,28.65,37.65,1508,38.8,96,6.127,9.0,0.0257,3724.8,0.0275,0,Normal
2020-01-03 10:08:00,28.75,37.75,1379,54.8,99,7.914,9.0,0.0397,5425.2,0.0284,0,Normal
2020-01-03 10:09:00,28.75,37.75,1542,36.7,101,5.926,9.0,0.0238,3706.7,0.0289,0,Normal
2020-01-03 10:10:00,28.75,37.75,1763,28.4,103,5.243,9.0,0.0161,2925.2,0.0295,0,Normal
2020-01-03 10:11:00,28.75,37.75,1590,34.3,106,5.711,9.0,0.0216,3635.8,0.0304,0,Normal
2020-01-03 10:12:00,28.75,37.85,1336,63.6,111,8.898,9.1,0.0476,7059.6,0.0318,0,Normal
2020-01-03 10:13:00,28.75,37.85,1638,35.4,116,6.072,9.1,0.0216,4106.4,0.0332,0,Normal
2020-01-03 10:14:00,28.75,37.85,1356,45.7,119,6.489,9.1,0.0337,5438.3,0.034,0,Normal
2020-01-03 10:15:00,28.75,37.85,1384,47.4,121,6.87,9.1,0.0342,5735.4,0.0346,0,Normal
2020-01-03 10:16:00,28.75,37.75,1309,48.0,124,6.58,9.0,0.0367,5952.0,0.0355,0,Normal
2020-01-03 10:17:00,28.75,37.85,1642,33.1,126,5.692,9.1,0.0202,4170.6,0.036,0,Normal
2020-01-03 10:18:00,28.75,37.85,1289,54.9,128,7.411,9.1,0.0426,7027.2,0.0366,0,Normal
2020-01-03 10:19:00,28.75,37.85,1353,43.8,130,6.206,9.1,0.0324,5694.0,0.0371,0,Normal
2020-01-03 10:20:00,28.75,37.85,1871,26.0,132,5.094,9.1,0.0139,3432.0,0.0377,0,Normal
2020-01-03 10:21:00,28.75,37.85,1291,63.6,137,8.598,9.1,0.0493,8713.2,0.0391,0,Normal
2020-01-03 10:22:00,28.65,37.75,1346,44.6,142,6.286,9.1,0.0331,6333.2,0.0405,0,Normal
2020-01-03 10:23:00,28.55,37.65,1493,47.6,145,7.442,9.1,0.0319,6902.0,0.0414,0,Normal
2020-01-03 10:24:00,28.55,37.65,1524,41.3,147,6.591,9.1,0.0271,6071.1,0.0419,0,Normal
2020-01-03 10:25:00,28.45,37.65,1726,26.7,150,4.826,9.2,0.0155,4005.0,0.0428,0,Normal
2020-01-03 10:26:00,28.45,37.65,1435,47.2,152,7.093,9.2,0.0329,7174.4,0.0433,0,Normal
2020-01-03 10:27:00,28.55,37.65,1502,34.4,157,5.411,9.1,0.0229,5400.8,0.0448,0,Normal
2020-01-03 10:28:00,28.55,37.75,1608,33.0,160,5.557,9.2,0.0205,5280.0,0.0456,0,Normal
2020-01-03 10:29:00,28.65,37.85,1771,27.2,162,5.044,9.2,0.0154,4406.4,0.0462,0,Normal
2020-01-03 10:30:00,28.55,37.85,1474,42.6,164,6.576,9.3,0.0289,6986.4,0.0467,0,Normal
2020-01-03 10:31:00,28.65,37.85,1322,53.0,166,7.337,9.2,0.0401,8798.0,0.0473,0,Normal
2020-01-03 10:32:00,28.65,37.85,1393,49.5,168,7.221,9.2,0.0355,8316.0,0.0478,0,Normal
2020-01-03 10:33:00,28.75,37.95,1417,52.5,171,7.79,9.2,0.0371,8977.5,0.0487,0,Normal
2020-01-03 10:34:00,28.75,37.85,1430,49.8,174,7.458,9.1,0.0348,8665.2,0.0495,0,Normal
2020-01-03 10:35:00,28.75,37.95,1605,40.0,179,6.723,9.2,0.0249,7160.0,0.0509,0,Normal
2020-01-03 10:36:00,28.85,37.95,1402,47.8,182,7.018,9.1,0.0341,8699.6,0.0517,0,Normal
2020-01-03 10:37:00,28.85,37.85,1550,35.2,184,5.714,9.0,0.0227,6476.8,0.0523,0,Normal
2020-01-03 10:38:00,28.75,37.85,1376,44.9,186,6.47,9.1,0.0326,8351.4,0.0529,0,Normal
2020-01-03 10:39:00,28.75,37.75,1569,32.5,188,5.34,9.0,0.0207,6110.0,0.0534,0,Normal
2020-01-03 10:40:00,28.75,37.85,1669,32.2,191,5.628,9.1,0.0193,6150.2,0.0542,0,Normal
2020-01-03 10:41:00,28.75,37.85,1541,38.9,193,6.277,9.1,0.0252,7507.7,0.0548,0,Normal
2020-01-03 10:42:00,28.65,37.85,1651,32.5,195,5.619,9.2,0.0197,6337.5,0.0554,0,Normal
2020-01-03 10:43:00,28.65,37.75,1521,39.3,197,6.26,9.1,0.0258,7742.1,0.0559,0,Normal
2020-01-03 10:44:00,28.65,37.65,1365,48.2,199,6.89,9.0,0.0353,9591.8,0.0565,0,Normal
2020-01-03 10:45:00,28.65,37.75,1609,31.7,202,5.341,9.1,0.0197,6403.4,0.0573,0,Normal
2020-01-03 10:46:00,28.65,37.65,1470,37.6,204,5.788,9.0,0.0256,7670.4,0.0578,0,Normal
2020-01-03 10:47:00,28.75,37.75,1573,38.9,209,6.408,9.0,0.0247,8130.1,0.0592,0,Normal
2020-01-03 10:48:00,28.85,37.75,1378,53.1,212,7.663,8.9,0.0385,11257.2,0.0601,1,Overstrain_Failure
2020-01-03 10:49:00,28.75,37.75,1567,39.0,214,6.4,9.0,0.0249,8346.0,0.0606,1,Tool_Wear_Failure
2020-01-03 10:50:00,28.75,37.75,1441,43.7,0,6.594,9.0,0.0303,0.0,0.0,0,Normal
2020-01-03 10:51:00,28.75,37.75,1641,33.2,3,5.705,9.0,0.0202,99.6,0.0008,0,Normal
2020-01-03 10:52:00,28.75,37.75,1486,40.3,6,6.271,9.0,0.0271,241.8,0.0017,0,Normal
2020-01-03 10:53:00,28.85,37.85,1563,36.2,8,5.925,9.0,0.0232,289.6,0.0023,0,Normal
2020-01-03 10:54:00,28.85,37.95,1769,26.0,10,4.816,9.1,0.0147,260.0,0.0028,0,Normal
2020-01-03 10:55:00,28.75,37.85,1672,29.9,13,5.235,9.1,0.0179,388.7,0.0037,0,Normal
2020-01-03 10:56:00,28.85,37.85,1632,34.2,18,5.845,9.0,0.021,615.6,0.0051,0,Normal
2020-01-03 10:57:00,28.85,37.85,1980,21.5,20,4.458,9.0,0.0109,430.0,0.0057,0,Normal
2020-01-03 10:58:00,28.85,37.95,1635,36.0,23,6.164,9.1,0.022,828.0,0.0065,0,Normal
2020-01-03 10:59:00,28.85,37.85,1686,32.5,25,5.738,9.0,0.0193,812.5,0.0071,0,Normal
2020-01-03 11:00:00,28.75,37.75,1574,31.4,27,5.176,9.0,0.0199,847.8,0.0076,0,Normal
2020-01-03 11:01:00,28.65,37.65,1546,43.4,29,7.026,9.0,0.0281,1258.6,0.0082,0,Normal
2020-01-03 11:02:00,28.65,37.75,1899,24.7,31,4.912,9.1,0.013,765.7,0.0087,0,Normal
2020-01-03 11:03:00,28.65,37.75,1449,36.5,33,5.538,9.1,0.0252,1204.5,0.0093,0,Normal
2020-01-03 11:04:00,28.75,37.75,1483,37.0,35,5.746,9.0,0.0249,1295.0,0.0099,0,Normal
2020-01-03 11:05:00,28.65,37.65,1576,38.6,38,6.37,9.0,0.0245,1466.8,0.0107,0,Normal
2020-01-03 11:06:00,28.75,37.75,1317,51.9,40,7.158,9.0,0.0394,2076.0,0.0113,0,Normal
2020-01-03 11:07:00,28.75,37.85,1467,48.1,43,7.389,9.1,0.0328,2068.3,0.0121,0,Normal
2020-01-03 11:08:00,28.75,37.75,1616,34.5,46,5.838,9.0,0.0213,1587.0,0.013,0,Normal
2020-01-03 11:09:00,28.65,37.75,1299,60.4,48,8.216,9.1,0.0465,2899.2,0.0135,0,Normal
2020-01-03 11:10:00,28.75,37.85,1432,41.5,51,6.223,9.1,0.029,2116.5,0.0144,0,Normal
2020-01-03 11:11:00,28.75,37.75,1799,24.2,54,4.559,9.0,0.0135,1306.8,0.0152,0,Normal
2020-01-03 11:12:00,28.65,37.75,1358,52.3,56,7.438,9.1,0.0385,2928.8,0.0158,0,Normal
2020-01-03 11:13:00,28.65,37.65,1618,37.8,59,6.405,9.0,0.0234,2230.2,0.0166,0,Normal
2020-01-03 11:14:00,28.75,37.65,1525,43.2,62,6.899,8.9,0.0283,2678.4,0.0174,0,Normal
2020-01-03 11:15:00,28.65,37.55,1551,37.7,64,6.123,8.9,0.0243,2412.8,0.018,0,Normal
2020-01-03 11:16:00,28.75,37.65,1735,31.5,66,5.723,8.9,0.0182,2079.0,0.0186,0,Normal
2020-01-03 11:17:00,28.65,37.55,1309,43.3,68,5.935,8.9,0.0331,2944.4,0.0191,0,Normal
2020-01-03 11:18:00,28.55,37.45,1743,26.2,71,4.782,8.9,0.015,1860.2,0.0199,0,Normal
2020-01-03 11:19:00,28.55,37.55,1659,29.9,73,5.195,9.0,0.018,2182.7,0.0205,0,Normal
2020-01-03 11:20:00,28.65,37.55,1680,32.4,76,5.7,8.9,0.0193,2462.4,0.0213,0,Normal
2020-01-03 11:21:00,28.55,37.45,1486,38.5,78,5.991,8.9,0.0259,3003.0,0.0219,0,Normal
2020-01-03 11:22:00,28.55,37.45,1471,43.8,80,6.747,8.9,0.0298,3504.0,0.0225,0,Normal
2020-01-03 11:23:00,28.65,37.55,1465,35.8,82,5.492,8.9,0.0244,2935.6,0.023,0,Normal
2020-01-03 11:24:00,28.55,37.45,1492,42.2,85,6.593,8.9,0.0283,3587.0,0.0238,0,Normal
2020-01-03 11:25:00,28.65,37.55,1420,52.0,88,7.733,8.9,0.0366,4576.0,0.0247,0,Normal
2020-01-03 11:26:00,28.65,37.45,1295,62.3,91,8.449,8.8,0.0481,5669.3,0.0255,0,Normal
2020-01-03 11:27:00,28.65,37.35,1548,34.1,93,5.528,8.7,0.022,3171.3,0.0261,0,Normal
2020-01-03 11:28:00,28.65,37.45,1372,54.7,95,7.859,8.8,0.0399,5196.5,0.0266,0,Normal
2020-01-03 11:29:00,28.65,37.45,1552,35.9,97,5.835,8.8,0.0231,3482.3,0.0272,0,Normal
2020-01-03 11:30:00,28.65,37.45,1441,46.3,100,6.987,8.8,0.0321,4630.0,0.028,0,Normal
2020-01-03 11:31:00,28.55,37.45,1691,27.7,105,4.905,8.9,0.0164,2908.5,0.0294,0,Normal
2020-01-03 11:32:00,28.65,37.45,1451,50.7,108,7.704,8.8,0.0349,5475.6,0.0302,0,Normal
2020-01-03 11:33:00,28.65,37.45,1452,48.4,110,7.359,8.8,0.0333,5324.0,0.0308,0,Normal
2020-01-03 11:34:00,28.55,37.45,1406,46.0,112,6.773,8.9,0.0327,5152.0,0.0313,0,Normal
2020-01-03 11:35:00,28.55,37.35,1567,39.1,114,6.416,8.8,0.025,4457.4,0.0319,0,Normal
2020-01-03 11:36:00,28.45,37.25,1599,41.7,116,6.983,8.8,0.0261,4837.2,0.0324,0,Normal
2020-01-03 11:37:00,28.45,37.25,1455,39.0,118,5.942,8.8,0.0268,4602.0,0.033,0,Normal
2020-01-03 11:38:00,28.55,37.35,1625,35.9,121,6.109,8.8,0.0221,4343.9,0.0338,0,Normal
2020-01-03 11:39:00,28.65,37.45,2672,11.8,124,3.302,8.8,0.0044,1463.2,0.0346,1,Power_Failure
2020-01-03 11:40:00,28.65,37.45,1650,31.9,126,5.512,8.8,0.0193,4019.4,0.0352,0,Normal
2020-01-03 11:41:00,28.65,37.45,1459,40.2,128,6.142,8.8,0.0276,5145.6,0.0357,0,Normal
2020-01-03 11:42:00,28.65,37.45,1395,50.5,131,7.377,8.8,0.0362,6615.5,0.0366,0,Normal
2020-01-03 11:43:00,28.65,37.55,1751,29.3,133,5.373,8.9,0.0167,3896.9,0.0371,0,Normal
2020-01-03 11:44:00,28.65,37.45,1192,68.9,135,8.601,8.8,0.0578,9301.5,0.0377,0,Normal
2020-01-03 11:45:00,28.75,37.55,1947,25.0,137,5.097,8.8,0.0128,3425.0,0.0382,0,Normal
2020-01-03 11:46:00,28.65,37.35,1593,34.9,139,5.822,8.7,0.0219,4851.1,0.0388,0,Normal
2020-01-03 11:47:00,28.65,37.35,1478,38.6,141,5.974,8.7,0.0261,5442.6,0.0393,0,Normal
2020-01-03 11:48:00,28.55,37.45,1505,44.5,146,7.013,8.9,0.0296,6497.0,0.0407,0,Normal
2020-01-03 11:49:00,28.55,37.35,2465,13.7,149,3.536,8.8,0.0056,2041.3,0.0415,0,Normal
2020-01-03 11:50:00,28.65,37.45,1403,46.8,151,6.876,8.8,0.0334,7066.8,0.042,0,Normal
2020-01-03 11:51:00,28.55,37.35,1458,41.4,153,6.321,8.8,0.0284,6334.2,0.0426,0,Normal
2020-01-03 11:52:00,28.45,37.25,1369,45.4,156,6.509,8.8,0.0332,7082.4,0.0434,0,Normal
2020-01-03 11:53:00,28.45,37.25,1377,44.9,161,6.475,8.8,0.0326,7228.9,0.0448,0,Normal
2020-01-03 11:54:00,28.45,37.25,1452,45.7,164,6.949,8.8,0.0315,7494.8,0.0456,0,Normal
2020-01-03 11:55:00,28.45,37.25,1517,41.1,167,6.529,8.8,0.0271,6863.7,0.0464,0,Normal
2020-01-03 11:56:00,28.55,37.35,1354,50.0,169,7.09,8.8,0.0369,8450.0,0.047,0,Normal
2020-01-03 11:57:00,28.55,37.35,1724,33.0,171,5.958,8.8,0.0191,5643.0,0.0475,0,Normal
2020-01-03 11:58:00,28.55,37.35,1399,53.2,174,7.794,8.8,0.038,9256.8,0.0483,0,Normal
2020-01-03 11:59:00,28.55,37.35,1388,50.5,176,7.34,8.8,0.0364,8888.0,0.0489,0,Normal
2020-01-03 12:00:00,28.55,37.35,1523,34.7,181,5.534,8.8,0.0228,6280.7,0.0503,0,Normal
2020-01-03 12:01:00,28.55,37.35,1377,43.1,183,6.215,8.8,0.0313,7887.3,0.0508,0,Normal
2020-01-03 12:02:00,28.55,37.45,1417,45.2,185,6.707,8.9,0.0319,8362.0,0.0513,0,Normal
2020-01-03 12:03:00,28.55,37.55,1542,40.0,188,6.459,9.0,0.0259,7520.0,0.0522,0,Normal
2020-01-03 12:04:00,28.65,37.65,1557,33.3,190,5.43,9.0,0.0214,6327.0,0.0527,0,Normal
2020-01-03 12:05:00,28.55,37.55,1641,31.9,192,5.482,9.0,0.0194,6124.8,0.0532,0,Normal
2020-01-03 12:06:00,28.55,37.55,1318,55.0,194,7.591,9.0,0.0417,10670.0,0.0538,0,Normal
2020-01-03 12:07:00,28.45,37.55,1638,33.8,196,5.798,9.1,0.0206,6624.8,0.0543,0,Normal
2020-01-03 12:08:00,28.55,37.65,1954,21.6,198,4.42,9.1,0.0111,4276.8,0.0549,0,Normal
2020-01-03 12:09:00,28.55,37.75,1644,32.5,201,5.595,9.2,0.0198,6532.5,0.0557,0,Normal
2020-01-03 12:10:00,28.55,37.65,1594,32.4,204,5.408,9.1,0.0203,6609.6,0.0565,0,Normal
2020-01-03 12:11:00,28.55,37.75,1405,46.4,207,6.827,9.2,0.033,9604.8,0.0573,1,Tool_Wear_Failure
2020-01-03 12:12:00,28.55,37.65,1622,37.8,0,6.421,9.1,0.0233,0.0,0.0,0,Normal
2020-01-03 12:13:00,28.55,37.75,1557,39.4,2,6.424,9.2,0.0253,78.8,0.0006,0,Normal
2020-01-03 12:14:00,28.65,37.85,1606,33.3,4,5.6,9.2,0.0207,133.2,0.0011,0,Normal
2020-01-03 12:15:00,28.65,37.95,1647,31.6,6,5.45,9.3,0.0192,189.6,0.0017,0,Normal
2020-01-03 12:16:00,28.65,37.95,1413,42.2,9,6.244,9.3,0.0299,379.8,0.0025,0,Normal
2020-01-03 12:17:00,28.65,37.85,1529,41.6,12,6.661,9.2,0.0272,499.2,0.0033,0,Normal
2020-01-03 12:18:00,28.75,37.95,1448,46.3,14,7.021,9.2,0.032,648.2,0.0039,0,Normal
2020-01-03 12:19:00,28.75,38.05,1435,44.2,16,6.642,9.3,0.0308,707.2,0.0044,0,Normal
2020-01-03 12:20:00,28.75,38.05,1474,41.8,18,6.452,9.3,0.0284,752.4,0.005,0,Normal
2020-01-03 12:21:00,28.75,38.05,1657,29.1,23,5.049,9.3,0.0176,669.3,0.0064,0,Normal
2020-01-03 12:22:00,28.85,38.15,1509,39.9,25,6.305,9.3,0.0264,997.5,0.0069,0,Normal
2020-01-03 12:23:00,28.85,38.15,1530,36.4,27,5.832,9.3,0.0238,982.8,0.0075,0,Normal
2020-01-03 12:24:00,28.85,38.25,1587,35.9,30,5.966,9.4,0.0226,1077.0,0.0083,0,Normal
2020-01-03 12:25:00,28.95,38.25,1467,43.4,33,6.667,9.3,0.0296,1432.2,0.0091,0,Normal
2020-01-03 12:26:00,29.05,38.35,1360,53.0,36,7.548,9.3,0.039,1908.0,0.0099,0,Normal
2020-01-03 12:27:00,29.05,38.35,1588,30.6,39,5.089,9.3,0.0193,1193.4,0.0107,0,Normal
2020-01-03 12:28:00,29.05,38.25,1609,32.1,41,5.409,9.2,0.02,1316.1,0.0113,0,Normal
2020-01-03 12:29:00,28.95,38.15,1415,44.1,43,6.535,9.2,0.0312,1896.3,0.0118,0,Normal
2020-01-03 12:30:00,28.85,38.05,1845,27.3,45,5.275,9.2,0.0148,1228.5,0.0124,0,Normal
2020-01-03 12:31:00,28.95,38.25,1419,36.2,47,5.379,9.3,0.0255,1701.4,0.0129,0,Normal
2020-01-03 12:32:00,28.95,38.15,1634,30.6,50,5.236,9.2,0.0187,1530.0,0.0138,0,Normal
2020-01-03 12:33:00,29.05,38.15,1521,40.6,52,6.467,9.1,0.0267,2111.2,0.0143,0,Normal
2020-01-03 12:34:00,29.05,38.25,1499,37.7,55,5.918,9.2,0.0252,2073.5,0.0151,0,Normal
2020-01-03 12:35:00,28.95,38.05,1616,35.1,57,5.94,9.1,0.0217,2000.7,0.0157,0,Normal
2020-01-03 12:36:00,29.05,38.25,1449,46.5,60,7.056,9.2,0.0321,2790.0,0.0165,0,Normal
2020-01-03 12:37:00,29.05,38.25,1626,31.6,62,5.381,9.2,0.0194,1959.2,0.017,0,Normal
2020-01-03 12:38:00,29.15,38.35,1445,44.8,65,6.779,9.2,0.031,2912.0,0.0179,0,Normal
2020-01-03 12:39:00,29.25,38.45,1622,35.0,68,5.945,9.2,0.0216,2380.0,0.0187,0,Normal
2020-01-03 12:40:00,29.25,38.45,1544,39.1,70,6.322,9.2,0.0253,2737.0,0.0192,0,Normal
2020-01-03 12:41:00,29.15,38.45,1488,41.8,75,6.513,9.3,0.0281,3135.0,0.0206,0,Normal
2020-01-03 12:42:00,29.15,38.45,1309,57.6,77,7.896,9.3,0.044,4435.2,0.0211,0,Normal
2020-01-03 12:43:00,29.15,38.45,1784,26.4,79,4.932,9.3,0.0148,2085.6,0.0217,0,Normal
2020-01-03 12:44:00,29.05,38.35,1548,32.4,81,5.252,9.3,0.0209,2624.4,0.0222,0,Normal
2020-01-03 12:45:00,29.05,38.35,1413,43.5,83,6.437,9.3,0.0308,3610.5,0.0228,0,Normal
2020-01-03 12:46:00,29.05,38.35,1863,25.7,85,5.014,9.3,0.0138,2184.5,0.0233,0,Normal
2020-01-03 12:47:00,29.05,38.35,1427,43.8,88,6.545,9.3,0.0307,3854.4,0.0241,0,Normal
2020-01-03 12:48:00,29.05,38.35,1443,47.0,90,7.102,9.3,0.0326,4230.0,0.0247,0,Normal
2020-01-03 12:49:00,29.05,38.35,1481,40.4,93,6.266,9.3,0.0273,3757.2,0.0255,0,Normal
2020-01-03 12:50:00,28.95,38.25,1446,39.7,95,6.012,9.3,0.0275,3771.5,0.026,0,Normal
2020-01-03 12:51:00,28.95,38.35,1444,44.9,97,6.79,9.4,0.0311,4355.3,0.0266,0,Normal
2020-01-03 12:52:00,28.95,38.35,1341,50.8,99,7.134,9.4,0.0379,5029.2,0.0271,0,Normal
2020-01-03 12:53:00,28.95,38.25,1518,37.4,102,5.945,9.3,0.0246,3814.8,0.0279,0,Normal
2020-01-03 12:54:00,28.95,38.25,1603,35.9,104,6.026,9.3,0.0224,3733.6,0.0285,0,Normal
2020-01-03 12:55:00,28.95,38.25,1686,30.9,106,5.456,9.3,0.0183,3275.4,0.029,0,Normal
2020-01-03 12:56:00,28.95,38.35,1383,53.6,108,7.763,9.4,0.0388,5788.8,0.0295,0,Normal
2020-01-03 12:57:00,28.95,38.35,1477,45.4,111,7.022,9.4,0.0307,5039.4,0.0303,0,Normal
2020-01-03 12:58:00,29.05,38.35,1449,44.5,113,6.752,9.3,0.0307,5028.5,0.0309,0,Normal
2020-01-03 12:59:00,29.05,38.35,1734,25.0,116,4.54,9.3,0.0144,2900.0,0.0317,0,Normal
2020-01-03 13:00:00,29.15,38.45,1398,49.1,119,7.188,9.3,0.0351,5842.9,0.0325,0,Normal
2020-01-03 13:01:00,29.15,38.55,1639,36.6,121,6.282,9.4,0.0223,4428.6,0.033,0,Normal
2020-01-03 13:02:00,29.15,38.55,1517,37.6,124,5.973,9.4,0.0248,4662.4,0.0339,0,Normal
2020-01-03 13:03:00,29.15,38.55,1442,41.7,127,6.297,9.4,0.0289,5295.9,0.0347,0,Normal
2020-01-03 13:04:00,29.15,38.55,1685,30.8,130,5.435,9.4,0.0183,4004.0,0.0355,0,Normal
2020-01-03 13:05:00,29.25,38.65,1358,50.6,133,7.196,9.4,0.0373,6729.8,0.0363,0,Normal
2020-01-03 13:06:00,29.15,38.45,1608,39.9,136,6.719,9.3,0.0248,5426.4,0.0371,0,Normal
2020-01-03 13:07:00,29.15,38.45,1665,34.3,139,5.98,9.3,0.0206,4767.7,0.0379,0,Normal
2020-01-03 13:08:00,29.15,38.55,1510,38.7,141,6.12,9.4,0.0256,5456.7,0.0384,0,Normal
2020-01-03 13:09:00,29.25,38.65,1465,40.2,143,6.167,9.4,0.0274,5748.6,0.039,0,Normal
2020-01-03 13:10:00,29.15,38.55,1701,27.5,145,4.899,9.4,0.0162,3987.5,0.0395,0,Normal
2020-01-03 13:11:00,29.15,38.55,1486,39.6,147,6.162,9.4,0.0266,5821.2,0.04,0,Normal
2020-01-03 13:12:00,29.15,38.45,1658,32.3,150,5.608,9.3,0.0195,4845.0,0.0408,0,Normal
2020-01-03 13:13:00,29.15,38.55,1449,44.5,152,6.752,9.4,0.0307,6764.0,0.0414,0,Normal
2020-01-03 13:14:00,29.05,38.35,1346,52.4,157,7.386,9.3,0.0389,8226.8,0.0427,0,Normal
2020-01-03 13:15:00,28.95,38.35,1866,23.1,159,4.514,9.4,0.0124,3672.9,0.0433,0,Normal
2020-01-03 13:16:00,29.05,38.35,1562,38.0,162,6.216,9.3,0.0243,6156.0,0.0441,0,Normal
2020-01-03 13:17:00,29.15,38.55,1368,53.6,165,7.679,9.4,0.0392,8844.0,0.0449,0,Normal
2020-01-03 13:18:00,29.05,38.35,1567,33.1,168,5.432,9.3,0.0211,5560.8,0.0457,0,Normal
2020-01-03 13:19:00,29.05,38.35,1725,34.0,170,6.142,9.3,0.0197,5780.0,0.0462,0,Normal
2020-01-03 13:20:00,29.05,38.35,1744,31.2,172,5.698,9.3,0.0179,5366.4,0.0467,0,Normal
2020-01-03 13:21:00,28.95,38.15,1453,45.1,174,6.862,9.2,0.031,7847.4,0.0473,0,Normal
2020-01-03 13:22:00,28.95,38.05,1550,34.8,177,5.649,9.1,0.0225,6159.6,0.0481,0,Normal
2020-01-03 13:23:00,28.85,38.05,1558,39.1,179,6.379,9.2,0.0251,6998.9,0.0486,0,Normal
2020-01-03 13:24:00,28.85,38.05,1270,65.3,182,8.685,9.2,0.0514,11884.6,0.0494,1,Overstrain_Failure
2020-01-03 13:25:00,28.75,37.95,1380,51.6,184,7.457,9.2,0.0374,9494.4,0.0499,0,Normal
2020-01-03 13:26:00,28.85,37.95,1406,50.5,187,7.435,9.1,0.0359,9443.5,0.0507,0,Normal
2020-01-03 13:27:00,28.85,38.05,1625,30.7,189,5.224,9.2,0.0189,5802.3,0.0512,0,Normal
2020-01-03 13:28:00,28.85,38.05,1420,45.8,192,6.811,9.2,0.0323,8793.6,0.052,0,Normal
2020-01-03 13:29:00,28.95,38.25,1889,22.7,194,4.49,9.3,0.012,4403.8,0.0526,0,Normal
2020-01-03 13:30:00,28.95,38.15,1477,43.6,196,6.744,9.2,0.0295,8545.6,0.0531,0,Normal
2020-01-03 13:31:00,28.95,38.05,1460,46.9,198,7.171,9.1,0.0321,9286.2,0.0536,0,Normal
2020-01-03 13:32:00,28.95,38.15,1758,24.4,200,4.492,9.2,0.0139,4880.0,0.0542,0,Normal
2020-01-03 13:33:00,28.95,38.15,1521,31.5,202,5.017,9.2,0.0207,6363.0,0.0547,0,Normal
2020-01-03 13:34:00,28.95,38.15,1511,45.0,204,7.12,9.2,0.0298,9180.0,0.0552,0,Normal
2020-01-03 13:35:00,29.05,38.15,1530,37.3,207,5.976,9.1,0.0244,7721.1,0.056,1,Tool_Wear_Failure
2020-01-03 13:36:00,28.95,38.05,1454,46.8,0,7.126,9.1,0.0322,0.0,0.0,0,Normal
2020-01-03 13:37:00,29.05,38.05,1928,23.1,2,4.664,9.0,0.012,46.2,0.0005,0,Normal
2020-01-03 13:38:00,29.05,38.15,1758,26.4,4,4.86,9.1,0.015,105.6,0.0011,0,Normal
2020-01-03 13:39:00,29.05,38.05,1649,33.2,9,5.733,9.0,0.0201,298.8,0.0024,0,Normal
2020-01-03 13:40:00,28.95,38.05,1447,50.3,11,7.622,9.1,0.0348,553.3,0.003,0,Normal
2020-01-03 13:41:00,28.95,38.05,1417,48.0,13,7.123,9.1,0.0339,624.0,0.0035,0,Normal
2020-01-03 13:42:00,28.85,38.05,1434,44.9,15,6.743,9.2,0.0313,673.5,0.0041,0,Normal
2020-01-03 13:43:00,28.85,38.05,1418,49.5,17,7.35,9.2,0.0349,841.5,0.0046,0,Normal
2020-01-03 13:44:00,28.85,38.05,1400,49.5,20,7.257,9.2,0.0354,990.0,0.0054,0,Normal
2020-01-03 13:45:00,28.85,38.15,1725,27.7,23,5.004,9.3,0.0161,637.1,0.0062,0,Normal
2020-01-03 13:46:00,28.85,38.15,1567,41.1,26,6.744,9.3,0.0262,1068.6,0.007,0,Normal
2020-01-03 13:47:00,28.95,38.15,1497,38.4,28,6.02,9.2,0.0257,1075.2,0.0076,0,Normal
2020-01-03 13:48:00,28.95,38.25,1549,44.6,31,7.235,9.3,0.0288,1382.6,0.0084,0,Normal
2020-01-03 13:49:00,29.05,38.25,1754,26.9,33,4.941,9.2,0.0153,887.7,0.0089,0,Normal
2020-01-03 13:50:00,29.05,38.35,1489,38.3,35,5.972,9.3,0.0257,1340.5,0.0094,0,Normal
2020-01-03 13:51:00,29.05,38.35,1543,38.5,37,6.221,9.3,0.025,1424.5,0.01,0,Normal
2020-01-03 13:52:00,29.15,38.35,1543,33.1,39,5.348,9.2,0.0215,1290.9,0.0105,0,Normal
2020-01-03 13:53:00,29.15,38.35,1565,35.6,41,5.834,9.2,0.0227,1459.6,0.011,0,Normal
2020-01-03 13:54:00,29.15,38.25,1855,23.9,43,4.643,9.1,0.0129,1027.7,0.0116,0,Normal
2020-01-03 13:55:00,29.25,38.25,1475,45.2,46,6.982,9.0,0.0306,2079.2,0.0124,0,Normal
2020-01-03 13:56:00,29.15,38.25,1609,32.3,49,5.442,9.1,0.0201,1582.7,0.0132,0,Normal
2020-01-03 13:57:00,29.15,38.25,1443,44.1,51,6.664,9.1,0.0306,2249.1,0.0137,0,Normal
2020-01-03 13:58:00,29.25,38.25,1450,44.1,56,6.696,9.0,0.0304,2469.6,0.0151,0,Normal
2020-01-03 13:59:00,29.25,38.35,1590,39.9,58,6.644,9.1,0.0251,2314.2,0.0156,0,Normal
2020-01-03 14:00:00,29.25,38.25,1508,41.2,60,6.506,9.0,0.0273,2472.0,0.0161,0,Normal
2020-01-03 14:01:00,29.05,38.05,1544,43.6,63,7.05,9.0,0.0282,2746.8,0.0169,0,Normal
2020-01-03 14:02:00,29.05,38.05,1451,41.8,66,6.351,9.0,0.0288,2758.8,0.0177,0,Normal
2020-01-03 14:03:00,29.15,38.05,1758,24.4,68,4.492,8.9,0.0139,1659.2,0.0183,0,Normal
2020-01-03 14:04:00,29.15,38.05,1507,47.7,70,7.528,8.9,0.0317,3339.0,0.0188,0,Normal
2020-01-03 14:05:00,29.15,37.95,1543,37.5,73,6.059,8.8,0.0243,2737.5,0.0196,0,Normal
2020-01-03 14:06:00,29.15,38.05,1505,36.7,78,5.784,8.9,0.0244,2862.6,0.0209,0,Normal
2020-01-03 14:07:00,29.15,38.05,1786,24.3,81,4.545,8.9,0.0136,1968.3,0.0217,0,Normal
2020-01-03 14:08:00,29.15,38.15,1457,44.5,83,6.79,9.0,0.0305,3693.5,0.0223,0,Normal
2020-01-03 14:09:00,29.25,38.15,1312,61.5,85,8.45,8.9,0.0469,5227.5,0.0228,0,Normal
2020-01-03 14:10:00,29.15,38.05,1405,47.7,88,7.018,8.9,0.034,4197.6,0.0236,0,Normal
2020-01-03 14:11:00,29.05,38.05,1377,43.0,91,6.201,9.0,0.0312,3913.0,0.0244,0,Normal
2020-01-03 14:12:00,29.05,38.05,1347,49.8,94,7.025,9.0,0.037,4681.2,0.0252,0,Normal
2020-01-03 14:13:00,29.05,37.95,1470,39.6,97,6.096,8.9,0.0269,3841.2,0.026,0,Normal
2020-01-03 14:14:00,29.05,38.05,1873,24.0,99,4.707,9.0,0.0128,2376.0,0.0265,0,Normal
2020-01-03 14:15:00,29.05,37.95,1434,58.6,102,8.8,8.9,0.0409,5977.2,0.0273,0,Normal
2020-01-03 14:16:00,29.05,37.95,1628,30.6,105,5.217,8.9,0.0188,3213.0,0.0281,0,Normal
2020-01-03 14:17:00,29.05,37.95,1351,48.6,110,6.876,8.9,0.036,5346.0,0.0294,0,Normal
2020-01-03 14:18:00,29.15,38.05,1454,43.8,112,6.669,8.9,0.0301,4905.6,0.03,0,Normal
2020-01-03 14:19:00,29.05,38.05,1663,29.6,115,5.155,9.0,0.0178,3404.0,0.0307,0,Normal
2020-01-03 14:20:00,29.15,38.05,1401,49.7,118,7.292,8.9,0.0355,5864.6,0.0315,0,Normal
2020-01-03 14:21:00,29.25,38.15,1503,38.2,120,6.012,8.9,0.0254,4584.0,0.0321,0,Normal
2020-01-03 14:22:00,29.25,38.25,1564,35.0,122,5.732,9.0,0.0224,4270.0,0.0326,0,Normal
2020-01-03 14:23:00,29.35,38.25,1759,24.6,124,4.531,8.9,0.014,3050.4,0.0331,0,Normal
2020-01-03 14:24:00,29.35,38.25,1409,53.1,126,7.835,8.9,0.0377,6690.6,0.0336,0,Normal
2020-01-03 14:25:00,29.45,38.25,1738,25.8,128,4.696,8.8,0.0148,3302.4,0.0342,0,Normal
2020-01-03 14:26:00,29.35,38.15,1393,47.5,130,6.929,8.8,0.0341,6175.0,0.0347,0,Normal
2020-01-03 14:27:00,29.35,37.95,1499,38.8,135,6.091,8.6,0.0259,5238.0,0.036,0,Normal
2020-01-03 14:28:00,29.35,37.95,1493,39.0,137,6.098,8.6,0.0261,5343.0,0.0365,0,Normal
2020-01-03 14:29:00,29.25,37.95,1652,33.9,139,5.865,8.7,0.0205,4712.1,0.0371,0,Normal
2020-01-03 14:30:00,29.15,37.95,1589,29.9,141,4.975,8.8,0.0188,4215.9,0.0376,0,Normal
2020-01-03 14:31:00,29.25,37.95,1520,42.2,143,6.717,8.7,0.0278,6034.6,0.0381,0,Normal
2020-01-03 14:32:00,29.15,37.95,1455,40.3,145,6.14,8.8,0.0277,5843.5,0.0386,0,Normal
2020-01-03 14:33:00,29.05,37.85,1463,46.8,150,7.17,8.8,0.032,7020.0,0.04,0,Normal
2020-01-03 14:34:00,29.15,37.85,1442,43.7,152,6.599,8.7,0.0303,6642.4,0.0405,0,Normal
2020-01-03 14:35:00,29.15,37.85,1329,51.5,154,7.167,8.7,0.0388,7931.0,0.041,0,Normal
2020-01-03 14:36:00,29.15,37.95,1546,33.1,156,5.359,8.8,0.0214,5163.6,0.0415,0,Normal
2020-01-03 14:37:00,29.05,37.95,1516,33.7,158,5.35,8.9,0.0222,5324.6,0.042,0,Normal
2020-01-03 14:38:00,29.05,37.85,1476,47.4,161,7.326,8.8,0.0321,7631.4,0.0428,0,Normal
2020-01-03 14:39:00,29.15,37.85,1412,47.0,164,6.95,8.7,0.0333,7708.0,0.0436,0,Normal
2020-01-03 14:40:00,29.15,37.75,1377,46.8,166,6.749,8.6,0.034,7768.8,0.0441,1,Heat_Dissipation_Failure
2020-01-03 14:41:00,29.25,37.85,1490,37.1,168,5.789,8.6,0.0249,6232.8,0.0447,0,Normal
2020-01-03 14:42:00,29.15,37.85,1526,37.7,171,6.025,8.7,0.0247,6446.7,0.0454,0,Normal
2020-01-03 14:43:00,29.15,37.85,1428,47.9,174,7.163,8.7,0.0335,8334.6,0.0462,0,Normal
2020-01-03 14:44:00,29.25,37.85,1329,54.6,176,7.599,8.6,0.0411,9609.6,0.0467,0,Normal
2020-01-03 14:45:00,29.25,37.95,1443,51.8,178,7.828,8.7,0.0359,9220.4,0.0473,0,Normal
2020-01-03 14:46:00,29.15,37.95,1373,53.0,181,7.62,8.8,0.0386,9593.0,0.048,0,Normal
2020-01-03 14:47:00,29.15,37.95,1630,35.6,183,6.077,8.8,0.0218,6514.8,0.0486,0,Normal
2020-01-03 14:48:00,29.05,37.85,1555,34.2,185,5.569,8.8,0.022,6327.0,0.0491,0,Normal
2020-01-03 14:49:00,29.05,37.85,1436,47.0,187,7.068,8.8,0.0327,8789.0,0.0496,0,Normal
2020-01-03 14:50:00,29.15,37.85,1609,31.0,190,5.223,8.7,0.0193,5890.0,0.0504,0,Normal
2020-01-03 14:51:00,29.15,37.85,1384,49.7,192,7.203,8.7,0.0359,9542.4,0.0509,0,Normal
2020-01-03 14:52:00,29.25,37.95,1448,44.8,195,6.793,8.7,0.0309,8736.0,0.0517,0,Normal
2020-01-03 14:53:00,29.25,37.95,1887,22.4,197,4.426,8.7,0.0119,4412.8,0.0522,0,Normal
2020-01-03 14:54:00,29.25,37.95,1480,45.7,200,7.083,8.7,0.0309,9140.0,0.053,0,Normal
2020-01-03 14:55:00,29.35,37.95,1850,23.3,203,4.514,8.6,0.0126,4729.9,0.0538,0,Normal
2020-01-03 14:56:00,29.35,37.95,1538,36.8,208,5.927,8.6,0.0239,7654.4,0.0551,0,Normal
2020-01-03 14:57:00,29.25,37.95,1721,30.1,210,5.425,8.7,0.0175,6321.0,0.0556,0,Normal
2020-01-03 14:58:00,29.25,37.95,1366,54.4,0,7.782,8.7,0.0398,0.0,0.0,0,Normal
2020-01-03 14:59:00,29.15,37.85,1657,31.1,3,5.396,8.7,0.0188,93.3,0.0008,0,Normal
2020-01-03 15:00:00,29.25,37.95,1446,42.9,5,6.496,8.7,0.0297,214.5,0.0013,0,Normal
2020-01-03 15:01:00,29.15,37.65,1465,43.8,7,6.72,8.5,0.0299,306.6,0.0019,0,Normal
2020-01-03 15:02:00,29.05,37.65,1827,23.8,9,4.553,8.6,0.013,214.2,0.0024,0,Normal
2020-01-03 15:03:00,29.05,37.65,1397,47.6,11,6.964,8.6,0.0341,523.6,0.0029,0,Normal
2020-01-03 15:04:00,29.05,37.65,1744,29.7,16,5.424,8.6,0.017,475.2,0.0042,0,Normal
2020-01-03 15:05:00,29.15,37.75,1545,36.7,18,5.938,8.6,0.0238,660.6,0.0048,0,Normal
2020-01-03 15:06:00,29.15,37.75,1587,36.6,20,6.083,8.6,0.0231,732.0,0.0053,0,Normal
2020-01-03 15:07:00,29.15,37.65,1377,47.3,22,6.821,8.5,0.0344,1040.6,0.0058,1,Heat_Dissipation_Failure
2020-01-03 15:08:00,29.15,37.65,1511,48.1,24,7.611,8.5,0.0318,1154.4,0.0063,0,Normal
2020-01-03 15:09:00,29.15,37.65,1650,32.4,26,5.598,8.5,0.0196,842.4,0.0069,0,Normal
2020-01-03 15:10:00,29.15,37.75,1412,48.9,28,7.231,8.6,0.0346,1369.2,0.0074,0,Normal
2020-01-03 15:11:00,29.15,37.85,1528,43.1,30,6.897,8.7,0.0282,1293.0,0.0079,0,Normal
2020-01-03 15:12:00,29.15,37.75,1459,35.0,32,5.348,8.6,0.024,1120.0,0.0084,0,Normal
2020-01-03 15:13:00,29.15,37.75,1379,49.3,34,7.119,8.6,0.0358,1676.2,0.009,1,Heat_Dissipation_Failure
2020-01-03 15:14:00,29.05,37.65,1356,48.3,36,6.859,8.6,0.0356,1738.8,0.0095,0,Normal
2020-01-03 15:15:00,28.95,37.65,1409,41.3,39,6.094,8.7,0.0293,1610.7,0.0103,0,Normal
2020-01-03 15:16:00,28.95,37.65,1504,37.5,42,5.906,8.7,0.0249,1575.0,0.0111,0,Normal
2020-01-03 15:17:00,28.95,37.65,1622,36.8,45,6.251,8.7,0.0227,1656.0,0.0118,0,Normal
2020-01-03 15:18:00,28.95,37.65,1786,25.7,47,4.807,8.7,0.0144,1207.9,0.0124,0,Normal
2020-01-03 15:19:00,29.05,37.75,1506,34.0,49,5.362,8.7,0.0226,1666.0,0.0129,0,Normal
2020-01-03 15:20:00,28.95,37.75,1916,23.1,51,4.635,8.8,0.0121,1178.1,0.0134,0,Normal
2020-01-03 15:21:00,29.05,37.75,1771,27.6,54,5.119,8.7,0.0156,1490.4,0.0142,0,Normal
2020-01-03 15:22:00,29.05,37.75,1488,44.2,57,6.887,8.7,0.0297,2519.4,0.015,0,Normal
2020-01-03 15:23:00,29.05,37.75,1531,37.5,60,6.012,8.7,0.0245,2250.0,0.0158,0,Normal
2020-01-03 15:24:00,29.15,37.75,1529,33.4,62,5.348,8.6,0.0218,2070.8,0.0163,0,Normal
2020-01-03 15:25:00,29.25,37.85,1580,36.5,64,6.039,8.6,0.0231,2336.0,0.0168,0,Normal
2020-01-03 15:26:00,29.15,37.75,1360,44.0,67,6.266,8.6,0.0324,2948.0,0.0176,1,Heat_Dissipation_Failure
2020-01-03 15:27:00,29.15,37.85,1546,35.5,70,5.747,8.7,0.023,2485.0,0.0184,0,Normal
2020-01-03 15:28:00,29.15,37.75,1762,24.5,73,4.521,8.6,0.0139,1788.5,0.0192,0,Normal
2020-01-03 15:29:00,29.05,37.65,1350,56.6,76,8.002,8.6,0.0419,4301.6,0.0199,0,Normal
2020-01-03 15:30:00,29.05,37.65,1562,38.1,78,6.232,8.6,0.0244,2971.8,0.0205,0,Normal
2020-01-03 15:31:00,28.95,37.55,1608,30.3,81,5.102,8.6,0.0188,2454.3,0.0212,0,Normal
2020-01-03 15:32:00,28.85,37.45,1392,50.0,84,7.288,8.6,0.0359,4200.0,0.022,0,Normal
2020-01-03 15:33:00,28.85,37.45,1467,44.9,86,6.898,8.6,0.0306,3861.4,0.0225,0,Normal
2020-01-03 15:34:00,28.95,37.45,1326,59.1,88,8.207,8.5,0.0446,5200.8,0.0231,1,Heat_Dissipation_Failure
2020-01-03 15:35:00,29.05,37.55,1769,24.9,91,4.613,8.5,0.0141,2265.9,0.0238,0,Normal
2020-01-03 15:36:00,28.95,37.45,1459,47.6,93,7.273,8.5,0.0326,4426.8,0.0244,0,Normal
2020-01-03 15:37:00,28.95,37.45,1421,52.0,95,7.738,8.5,0.0366,4940.0,0.0249,0,Normal
2020-01-03 15:38:00,28.95,37.55,1491,42.8,98,6.683,8.6,0.0287,4194.4,0.0257,0,Normal
2020-01-03 15:39:00,29.05,37.55,1567,36.4,100,5.973,8.5,0.0232,3640.0,0.0262,0,Normal
2020-01-03 15:40:00,29.15,37.65,1421,41.4,102,6.161,8.5,0.0291,4222.8,0.0267,0,Normal
2020-01-03 15:41:00,29.15,37.75,1596,33.5,104,5.599,8.6,0.021,3484.0,0.0272,0,Normal
2020-01-03 15:42:00,29.25,37.85,1464,44.2,106,6.776,8.6,0.0302,4685.2,0.0277,0,Normal
2020-01-03 15:43:00,29.15,37.75,1581,36.1,109,5.977,8.6,0.0228,3934.9,0.0285,0,Normal
2020-01-03 15:44:00,29.15,37.75,1620,30.3,112,5.14,8.6,0.0187,3393.6,0.0293,0,Normal
2020-01-03 15:45:00,29.05,37.55,1413,48.9,114,7.236,8.5,0.0346,5574.6,0.0298,0,Normal
2020-01-03 15:46:00,29.15,37.65,1438,43.8,119,6.596,8.5,0.0305,5212.2,0.0311,0,Normal
2020-01-03 15:47:00,29.25,37.75,1469,41.6,124,6.399,8.5,0.0283,5158.4,0.0324,0,Normal
2020-01-03 15:48:00,29.15,37.65,1762,27.8,127,5.13,8.5,0.0158,3530.6,0.0332,0,Normal
2020-01-03 15:49:00,29.15,37.75,1366,48.4,130,6.923,8.6,0.0354,6292.0,0.0339,1,Heat_Dissipation_Failure
2020-01-03 15:50:00,29.15,37.75,1891,22.7,135,4.495,8.6,0.012,3064.5,0.0352,0,Normal
2020-01-03 15:51:00,29.15,37.75,1742,29.7,137,5.418,8.6,0.017,4068.9,0.0358,0,Normal
2020-01-03 15:52:00,29.05,37.75,1465,43.5,140,6.674,8.7,0.0297,6090.0,0.0365,0,Normal
2020-01-03 15:53:00,29.15,37.85,1541,36.6,143,5.906,8.7,0.0238,5233.8,0.0373,0,Normal
2020-01-03 15:54:00,29.15,37.95,1295,57.1,146,7.743,8.8,0.0441,8336.6,0.0381,0,Normal
2020-01-03 15:55:00,29.15,37.95,1435,43.1,149,6.477,8.8,0.03,6421.9,0.0388,0,Normal
2020-01-03 15:56:00,29.25,38.05,1466,43.9,152,6.739,8.8,0.0299,6672.8,0.0396,0,Normal
2020-01-03 15:57:00,29.25,38.05,1450,47.9,154,7.273,8.8,0.033,7376.6,0.0401,0,Normal
2020-01-03 15:58:00,29.25,37.95,1880,24.5,156,4.823,8.7,0.013,3822.0,0.0406,0,Normal
2020-01-03 15:59:00,29.15,37.85,1578,33.5,158,5.536,8.7,0.0212,5293.0,0.0411,0,Normal
2020-01-03 16:00:00,29.25,37.85,1610,33.1,161,5.581,8.6,0.0206,5329.1,0.0419,0,Normal
2020-01-03 16:01:00,29.25,37.95,1565,42.8,163,7.014,8.7,0.0273,6976.4,0.0424,0,Normal
2020-01-03 16:02:00,29.35,38.05,1545,40.1,165,6.488,8.7,0.026,6616.5,0.0429,0,Normal
2020-01-03 16:03:00,29.35,38.05,1227,60.1,167,7.722,8.7,0.049,10036.7,0.0434,0,Normal
2020-01-03 16:04:00,29.25,37.95,1484,45.9,169,7.133,8.7,0.0309,7757.1,0.044,0,Normal
2020-01-03 16:05:00,29.15,37.85,1591,32.7,171,5.448,8.7,0.0206,5591.7,0.0445,0,Normal
2020-01-03 16:06:00,29.15,37.75,1403,47.2,173,6.935,8.6,0.0336,8165.6,0.045,0,Normal
2020-01-03 16:07:00,29.15,37.85,1450,45.7,175,6.939,8.7,0.0315,7997.5,0.0455,0,Normal
2020-01-03 16:08:00,29.15,37.75,1720,28.1,178,5.061,8.6,0.0163,5001.8,0.0462,0,Normal
2020-01-03 16:09:00,29.15,37.85,1561,37.2,180,6.081,8.7,0.0238,6696.0,0.0468,0,Normal
2020-01-03 16:10:00,29.15,37.85,1421,41.3,182,6.146,8.7,0.0291,7516.6,0.0473,0,Normal
2020-01-03 16:11:00,29.05,37.75,1415,48.4,185,7.172,8.7,0.0342,8954.0,0.048,0,Normal
2020-01-03 16:12:00,29.15,37.75,2034,19.7,190,4.196,8.6,0.0097,3743.0,0.0493,0,Normal
2020-01-03 16:13:00,29.25,37.85,1486,40.4,192,6.287,8.6,0.0272,7756.8,0.0498,0,Normal
2020-01-03 16:14:00,29.25,37.85,1338,67.6,194,9.472,8.6,0.0505,13114.4,0.0503,1,Power_Failure
2020-01-03 16:15:00,29.25,37.95,1578,32.3,196,5.338,8.7,0.0205,6330.8,0.0508,0,Normal
2020-01-03 16:16:00,29.25,38.05,1330,58.6,201,8.162,8.8,0.0441,11778.6,0.0521,0,Normal
2020-01-03 16:17:00,29.25,38.05,1506,40.8,204,6.434,8.8,0.0271,8323.2,0.0529,0,Normal
2020-01-03 16:18:00,29.35,38.25,1559,37.6,209,6.139,8.9,0.0241,7858.4,0.0542,0,Normal
2020-01-03 16:19:00,29.45,38.35,1599,37.0,211,6.196,8.9,0.0231,7807.0,0.0547,0,Normal
2020-01-03 16:20:00,29.45,38.35,1427,38.9,213,5.813,8.9,0.0273,8285.7,0.0552,0,Normal
2020-01-03 16:21:00,29.35,38.35,1481,41.1,215,6.374,9.0,0.0278,8836.5,0.0557,0,Normal
2020-01-03 16:22:00,29.35,38.35,1496,43.8,218,6.862,9.0,0.0293,9548.4,0.0564,0,Normal
2020-01-03 16:23:00,29.35,38.25,1674,27.0,223,4.733,8.9,0.0161,6021.0,0.0577,0,Normal
2020-01-03 16:24:00,29.35,38.25,1629,31.7,225,5.408,8.9,0.0195,7132.5,0.0582,0,Normal
2020-01-03 16:25:00,29.45,38.35,1629,34.4,228,5.868,8.9,0.0211,7843.2,0.059,1,Tool_Wear_Failure
2020-01-03 16:26:00,29.45,38.45,1311,53.2,0,7.304,9.0,0.0406,0.0,0.0,0,Normal
2020-01-03 16:27:00,29.55,38.45,2709,9.7,2,2.752,8.9,0.0036,19.4,0.0005,1,Power_Failure
2020-01-03 16:28:00,29.55,38.55,1759,29.9,5,5.508,9.0,0.017,149.5,0.0013,0,Normal
2020-01-03 16:29:00,29.55,38.55,1480,45.2,8,7.005,9.0,0.0305,361.6,0.0021,0,Normal
2020-01-03 16:30:00,29.55,38.65,1461,46.1,10,7.053,9.1,0.0316,461.0,0.0026,0,Normal
2020-01-03 16:31:00,29.55,38.65,1728,30.0,12,5.429,9.1,0.0174,360.0,0.0031,0,Normal
2020-01-03 16:32:00,29.55,38.75,1389,46.5,15,6.764,9.2,0.0335,697.5,0.0039,0,Normal
2020-01-03 16:33:00,29.45,38.65,1638,35.1,17,6.021,9.2,0.0214,596.7,0.0044,0,Normal
2020-01-03 16:34:00,29.45,38.55,1254,54.1,19,7.104,9.1,0.0431,1027.9,0.0049,0,Normal
2020-01-03 16:35:00,29.45,38.65,1427,50.1,21,7.487,9.2,0.0351,1052.1,0.0054,0,Normal
2020-01-03 16:36:00,29.45,38.65,1627,31.8,23,5.418,9.2,0.0195,731.4,0.0059,0,Normal
2020-01-03 16:37:00,29.45,38.55,1471,48.3,25,7.44,9.1,0.0328,1207.5,0.0064,0,Normal
2020-01-03 16:38:00,29.45,38.55,1773,27.1,30,5.032,9.1,0.0153,813.0,0.0077,0,Normal
2020-01-03 16:39:00,29.45,38.55,1430,51.7,32,7.742,9.1,0.0362,1654.4,0.0082,0,Normal
2020-01-03 16:40:00,29.35,38.45,1595,29.5,35,4.927,9.1,0.0185,1032.5,0.009,0,Normal
2020-01-03 16:41:00,29.35,38.35,1521,44.1,37,7.024,9.0,0.029,1631.7,0.0095,0,Normal
2020-01-03 16:42:00,29.35,38.45,1419,43.7,39,6.494,9.1,0.0308,1704.3,0.01,0,Normal
2020-01-03 16:43:00,29.25,38.25,1534,40.1,41,6.442,9.0,0.0261,1644.1,0.0106,0,Normal
2020-01-03 16:44:00,29.35,38.35,1626,36.0,44,6.13,9.0,0.0221,1584.0,0.0113,0,Normal
2020-01-03 16:45:00,29.35,38.35,1677,29.2,49,5.128,9.0,0.0174,1430.8,0.0126,0,Normal
2020-01-03 16:46:00,29.25,38.15,1392,50.5,51,7.361,8.9,0.0363,2575.5,0.0131,0,Normal
2020-01-03 16:47:00,29.25,38.05,1448,50.5,53,7.658,8.8,0.0349,2676.5,0.0136,0,Normal
2020-01-03 16:48:00,29.15,38.05,1903,22.9,55,4.564,8.9,0.012,1259.5,0.0141,0,Normal
2020-01-03 16:49:00,29.25,38.05,1404,52.0,57,7.645,8.8,0.037,2964.0,0.0147,0,Normal
2020-01-03 16:50:00,29.15,38.05,1386,53.5,59,7.765,8.9,0.0386,3156.5,0.0152,0,Normal
2020-01-03 16:51:00,29.05,37.95,1418,47.0,61,6.979,8.9,0.0331,2867.0,0.0157,0,Normal
2020-01-03 16:52:00,29.15,37.95,1338,53.3,63,7.468,8.8,0.0398,3357.9,0.0162,0,Normal
2020-01-03 16:53:00,29.15,38.05,1549,40.6,66,6.586,8.9,0.0262,2679.6,0.0169,0,Normal
2020-01-03 16:54:00,29.15,38.05,1432,42.7,68,6.403,8.9,0.0298,2903.6,0.0175,0,Normal
2020-01-03 16:55:00,29.15,38.05,1546,40.0,71,6.476,8.9,0.0259,2840.0,0.0182,0,Normal
2020-01-03 16:56:00,29.05,38.05,1627,33.2,74,5.657,9.0,0.0204,2456.8,0.019,0,Normal
2020-01-03 16:57:00,29.05,37.95,1640,32.8,77,5.633,8.9,0.02,2525.6,0.0198,0,Normal
2020-01-03 16:58:00,28.95,37.95,1423,36.8,80,5.484,9.0,0.0259,2944.0,0.0205,0,Normal
2020-01-03 16:59:00,28.95,37.85,1711,28.7,83,5.142,8.9,0.0168,2382.1,0.0213,0,Normal
2020-01-03 17:00:00,28.95,37.95,1450,51.6,86,7.835,9.0,0.0356,4437.6,0.022,0,Normal
2020-01-03 17:01:00,29.05,37.95,1553,34.1,89,5.546,8.9,0.022,3034.9,0.0228,0,Normal
2020-01-03 17:02:00,29.05,37.95,1630,34.6,94,5.906,8.9,0.0212,3252.4,0.0241,0,Normal
2020-01-03 17:03:00,29.05,37.95,1476,39.6,96,6.121,8.9,0.0268,3801.6,0.0246,0,Normal
2020-01-03 17:04:00,29.05,37.95,1426,50.6,101,7.556,8.9,0.0355,5110.6,0.0259,0,Normal
2020-01-03 17:05:00,29.05,38.05,1561,34.9,106,5.705,9.0,0.0224,3699.4,0.0271,0,Normal
2020-01-03 17:06:00,29.15,38.05,1297,62.5,109,8.489,8.9,0.0482,6812.5,0.0279,0,Normal
2020-01-03 17:07:00,29.15,38.05,1842,23.9,111,4.61,8.9,0.013,2652.9,0.0284,0,Normal
2020-01-03 17:08:00,29.15,38.05,1633,36.4,114,6.225,8.9,0.0223,4149.6,0.0292,0,Normal
2020-01-03 17:09:00,29.15,38.15,1744,30.3,116,5.534,9.0,0.0174,3514.8,0.0297,0,Normal
2020-01-03 17:10:00,29.25,38.25,1831,26.9,121,5.158,9.0,0.0147,3254.9,0.0309,0,Normal
2020-01-03 17:11:00,29.15,38.15,1339,50.8,123,7.123,9.0,0.0379,6248.4,0.0314,0,Normal
2020-01-03 17:12:00,29.25,38.25,1475,40.4,126,6.24,9.0,0.0274,5090.4,0.0322,0,Normal
2020-01-03 17:13:00,29.25,38.25,1675,29.6,128,5.192,9.0,0.0177,3788.8,0.0327,0,Normal
2020-01-03 17:14:00,29.35,38.35,1493,35.1,131,5.488,9.0,0.0235,4598.1,0.0335,0,Normal
2020-01-03 17:15:00,29.35,38.35,1700,29.5,133,5.252,9.0,0.0174,3923.5,0.034,0,Normal
2020-01-03 17:16:00,29.45,38.45,1453,37.0,135,5.63,9.0,0.0255,4995.0,0.0345,0,Normal
2020-01-03 17:17:00,29.45,38.55,1542,34.1,137,5.506,9.1,0.0221,4671.7,0.035,0,Normal
2020-01-03 17:18:00,29.35,38.35,1358,52.7,139,7.494,9.0,0.0388,7325.3,0.0355,0,Normal
2020-01-03 17:19:00,29.35,38.35,1655,32.3,142,5.598,9.0,0.0195,4586.6,0.0362,0,Normal
2020-01-03 17:20:00,29.45,38.35,1885,27.5,147,5.428,8.9,0.0146,4042.5,0.0375,0,Normal
2020-01-03 17:21:00,29.55,38.35,1494,41.4,149,6.477,8.8,0.0277,6168.6,0.038,0,Normal
2020-01-03 17:22:00,29.45,38.25,1757,29.5,151,5.428,8.8,0.0168,4454.5,0.0385,0,Normal
2020-01-03 17:23:00,29.45,38.25,1718,31.2,154,5.613,8.8,0.0182,4804.8,0.0392,0,Normal
2020-01-03 17:24:00,29.35,38.25,1636,35.0,157,5.996,8.9,0.0214,5495.0,0.04,0,Normal
2020-01-03 17:25:00,29.45,38.45,1638,29.6,160,5.077,9.0,0.0181,4736.0,0.0408,0,Normal
2020-01-03 17:26:00,29.45,38.35,1609,36.0,162,6.066,8.9,0.0224,5832.0,0.0413,0,Normal
2020-01-03 17:27:00,29.55,38.35,1556,35.0,164,5.703,8.8,0.0225,5740.0,0.0418,0,Normal
2020-01-03 17:28:00,29.45,38.35,1442,59.8,169,9.03,8.9,0.0415,10106.2,0.043,1,Power_Failure
2020-01-03 17:29:00,29.55,38.45,1501,38.8,171,6.099,8.9,0.0258,6634.8,0.0435,0,Normal
2020-01-03 17:30:00,29.45,38.45,2041,19.2,174,4.104,9.0,0.0094,3340.8,0.0443,0,Normal
2020-01-03 17:31:00,29.55,38.55,1784,25.1,177,4.689,9.0,0.0141,4442.7,0.045,0,Normal
2020-01-03 17:32:00,29.45,38.45,1953,22.4,180,4.581,9.0,0.0115,4032.0,0.0458,0,Normal
2020-01-03 17:33:00,29.45,38.45,1576,34.7,182,5.727,9.0,0.022,6315.4,0.0463,0,Normal
2020-01-03 17:34:00,29.45,38.45,1518,39.0,184,6.2,9.0,0.0257,7176.0,0.0468,0,Normal
2020-01-03 17:35:00,29.45,38.45,1227,68.2,187,8.763,9.0,0.0556,12753.4,0.0475,1,Overstrain_Failure
2020-01-03 17:36:00,29.35,38.35,1985,18.8,190,3.908,9.0,0.0095,3572.0,0.0483,0,Normal
2020-01-03 17:37:00,29.35,38.35,1802,26.4,192,4.982,9.0,0.0147,5068.8,0.0488,0,Normal
2020-01-03 17:38:00,29.35,38.35,1603,32.4,194,5.439,9.0,0.0202,6285.6,0.0493,0,Normal
2020-01-03 17:39:00,29.35,38.45,1400,54.0,196,7.917,9.1,0.0386,10584.0,0.0497,0,Normal
2020-01-03 17:40:00,29.15,38.35,1395,54.2,198,7.918,9.2,0.0389,10731.6,0.0502,0,Normal
2020-01-03 17:41:00,29.05,38.25,1987,19.9,200,4.141,9.2,0.01,3980.0,0.0507,0,Normal
2020-01-03 17:42:00,29.05,38.25,1398,47.2,202,6.91,9.2,0.0338,9534.4,0.0512,0,Normal
2020-01-03 17:43:00,29.15,38.25,1333,66.7,205,9.311,9.1,0.05,13673.5,0.052,1,Power_Failure
2020-01-03 17:44:00,29.05,38.05,1381,49.4,207,7.144,9.0,0.0358,10225.8,0.0525,0,Normal
2020-01-03 17:45:00,29.05,38.15,1570,36.1,0,5.935,9.1,0.023,0.0,0.0,0,Normal
2020-01-03 17:46:00,29.05,38.15,1658,31.0,2,5.382,9.1,0.0187,62.0,0.0005,0,Normal
2020-01-03 17:47:00,29.05,38.15,1749,29.2,5,5.348,9.1,0.0167,146.0,0.0013,0,Normal
2020-01-03 17:48:00,29.05,38.15,1510,37.1,10,5.867,9.1,0.0246,371.0,0.0025,0,Normal
2020-01-03 17:49:00,29.15,38.35,1384,50.8,13,7.363,9.2,0.0367,660.4,0.0033,0,Normal
2020-01-03 17:50:00,29.15,38.25,1570,37.2,15,6.116,9.1,0.0237,558.0,0.0038,0,Normal
2020-01-03 17:51:00,29.15,38.25,1571,32.7,17,5.38,9.1,0.0208,555.9,0.0043,0,Normal
2020-01-03 17:52:00,29.15,38.25,1476,37.3,20,5.765,9.1,0.0253,746.0,0.0051,0,Normal
2020-01-03 17:53:00,29.15,38.25,1484,39.5,22,6.138,9.1,0.0266,869.0,0.0056,0,Normal
2020-01-03 17:54:00,29.15,38.25,1909,23.2,25,4.638,9.1,0.0122,580.0,0.0063,0,Normal
2020-01-03 17:55:00,29.15,38.35,1448,49.6,28,7.521,9.2,0.0343,1388.8,0.0071,0,Normal
2020-01-03 17:56:00,29.15,38.25,1500,40.2,30,6.315,9.1,0.0268,1206.0,0.0076,0,Normal
2020-01-03 17:57:00,29.05,38.25,1510,44.9,33,7.1,9.2,0.0297,1481.7,0.0083,0,Normal
2020-01-03 17:58:00,29.05,38.15,1378,55.5,35,8.009,9.1,0.0403,1942.5,0.0088,0,Normal
2020-01-03 17:59:00,29.05,38.25,1538,37.4,37,6.024,9.2,0.0243,1383.8,0.0093,0,Normal
2020-01-03 18:00:00,29.05,38.25,1390,48.1,40,7.001,9.2,0.0346,1924.0,0.0101,0,Normal
2020-01-03 18:01:00,29.05,38.25,1642,32.1,42,5.52,9.2,0.0195,1348.2,0.0106,0,Normal
2020-01-03 18:02:00,29.25,38.35,1785,24.8,45,4.636,9.1,0.0139,1116.0,0.0114,0,Normal
2020-01-03 18:03:00,29.15,38.35,1526,38.2,47,6.104,9.2,0.025,1795.4,0.0119,0,Normal
2020-01-03 18:04:00,29.15,38.45,1668,33.2,52,5.799,9.3,0.0199,1726.4,0.0131,0,Normal
2020-01-03 18:05:00,29.15,38.35,1507,37.5,55,5.918,9.2,0.0249,2062.5,0.0139,0,Normal
2020-01-03 18:06:00,29.15,38.35,1530,37.8,57,6.056,9.2,0.0247,2154.6,0.0144,0,Normal
2020-01-03 18:07:00,29.15,38.25,1479,45.6,59,7.063,9.1,0.0308,2690.4,0.0149,0,Normal
2020-01-03 18:08:00,29.15,38.25,1418,41.3,62,6.133,9.1,0.0291,2560.6,0.0156,0,Normal
2020-01-03 18:09:00,29.15,38.25,1504,38.7,65,6.095,9.1,0.0257,2515.5,0.0164,0,Normal
2020-01-03 18:10:00,29.15,38.25,1345,47.6,67,6.704,9.1,0.0354,3189.2,0.0169,0,Normal
2020-01-03 18:11:00,29.05,38.25,1625,35.4,70,6.024,9.2,0.0218,2478.0,0.0176,0,Normal
2020-01-03 18:12:00,29.15,38.25,1511,34.7,75,5.491,9.1,0.023,2602.5,0.0189,0,Normal
2020-01-03 18:13:00,29.15,38.25,1535,41.8,77,6.719,9.1,0.0272,3218.6,0.0194,0,Normal
2020-01-03 18:14:00,29.25,38.35,1505,37.9,79,5.973,9.1,0.0252,2994.1,0.0199,0,Normal
2020-01-03 18:15:00,29.25,38.35,1540,43.7,81,7.047,9.1,0.0284,3539.7,0.0204,0,Normal
2020-01-03 18:16:00,29.15,38.25,1372,46.0,86,6.609,9.1,0.0335,3956.0,0.0216,0,Normal
2020-01-03 18:17:00,29.05,38.15,1510,36.6,91,5.787,9.1,0.0242,3330.6,0.0229,0,Normal
2020-01-03 18:18:00,29.05,38.15,1382,46.4,94,6.715,9.1,0.0336,4361.6,0.0236,0,Normal
2020-01-03 18:19:00,29.15,38.15,1439,41.8,96,6.299,9.0,0.029,4012.8,0.0241,0,Normal
2020-01-03 18:20:00,29.05,38.15,1375,47.0,98,6.768,9.1,0.0342,4606.0,0.0246,0,Normal
2020-01-03 18:21:00,29.05,38.15,1931,21.9,101,4.428,9.1,0.0113,2211.9,0.0254,0,Normal
2020-01-03 18:22:00,29.05,38.15,1475,48.6,104,7.507,9.1,0.0329,5054.4,0.0261,0,Normal
2020-01-03 18:23:00,29.05,38.15,1389,46.9,106,6.822,9.1,0.0338,4971.4,0.0266,0,Normal
2020-01-03 18:24:00,29.15,38.15,1652,32.8,108,5.674,9.0,0.0199,3542.4,0.0271,0,Normal
2020-01-03 18:25:00,29.15,38.05,1386,50.3,110,7.301,8.9,0.0363,5533.0,0.0276,0,Normal
2020-01-03 18:26:00,29.05,38.15,1577,29.8,112,4.921,9.1,0.0189,3337.6,0.0281,0,Normal
2020-01-03 18:27:00,29.15,38.15,1444,43.1,115,6.517,9.0,0.0298,4956.5,0.0288,0,Normal
2020-01-03 18:28:00,29.05,38.15,1554,40.2,118,6.542,9.1,0.0259,4743.6,0.0296,0,Normal
2020-01-03 18:29:00,29.05,38.15,1602,32.8,120,5.503,9.1,0.0205,3936.0,0.0301,0,Normal
2020-01-03 18:30:00,29.05,38.05,1692,28.2,122,4.997,9.0,0.0167,3440.4,0.0306,0,Normal
2020-01-03 18:31:00,29.15,38.15,1682,34.4,127,6.059,9.0,0.0205,4368.8,0.0318,0,Normal
2020-01-03 18:32:00,29.15,38.15,1614,34.1,129,5.764,9.0,0.0211,4398.9,0.0323,0,Normal
2020-01-03 18:33:00,29.15,38.15,1324,47.8,131,6.627,9.0,0.0361,6261.8,0.0328,0,Normal
2020-01-03 18:34:00,29.15,38.25,1434,40.3,133,6.052,9.1,0.0281,5359.9,0.0333,0,Normal
2020-01-03 18:35:00,29.15,38.15,1621,31.6,135,5.364,9.0,0.0195,4266.0,0.0338,0,Normal
2020-01-03 18:36:00,29.15,38.15,1625,33.1,137,5.633,9.0,0.0204,4534.7,0.0343,0,Normal
2020-01-03 18:37:00,29.05,37.95,1394,53.7,140,7.839,8.9,0.0385,7518.0,0.035,0,Normal
2020-01-03 18:38:00,28.95,37.85,1586,35.1,142,5.83,8.9,0.0221,4984.2,0.0355,0,Normal
2020-01-03 18:39:00,28.85,37.85,1420,45.9,144,6.825,9.0,0.0323,6609.6,0.036,0,Normal
2020-01-03 18:40:00,28.95,38.05,1422,50.3,146,7.49,9.1,0.0354,7343.8,0.0365,0,Normal
2020-01-03 18:41:00,28.95,38.05,1598,37.9,148,6.342,9.1,0.0237,5609.2,0.037,0,Normal
2020-01-03 18:42:00,28.95,38.05,1454,59.2,153,9.014,9.1,0.0407,9057.6,0.0382,1,Power_Failure
2020-01-03 18:43:00,28.95,38.05,1519,39.3,155,6.251,9.1,0.0259,6091.5,0.0387,0,Normal
2020-01-03 18:44:00,28.85,37.95,1373,55.7,157,8.009,9.1,0.0406,8744.9,0.0392,0,Normal
2020-01-03 18:45:00,28.85,37.95,1406,48.8,159,7.185,9.1,0.0347,7759.2,0.0397,0,Normal
2020-01-03 18:46:00,28.95,38.05,1492,45.0,162,7.031,9.1,0.0302,7290.0,0.0404,0,Normal
2020-01-03 18:47:00,28.95,38.05,1369,50.8,164,7.283,9.1,0.0371,8331.2,0.0409,0,Normal
2020-01-03 18:48:00,29.05,38.05,1471,41.9,166,6.454,9.0,0.0285,6955.4,0.0414,0,Normal
2020-01-03 18:49:00,29.05,38.05,1630,36.0,169,6.145,9.0,0.0221,6084.0,0.0421,0,Normal
2020-01-03 18:50:00,28.95,37.95,1605,37.6,171,6.32,9.0,0.0234,6429.6,0.0426,0,Normal
2020-01-03 18:51:00,29.05,37.95,1447,52.1,174,7.895,8.9,0.036,9065.4,0.0434,0,Normal
2020-01-03 18:52:00,29.05,38.05,1360,52.8,176,7.52,9.0,0.0388,9292.8,0.0439,0,Normal
2020-01-03 18:53:00,29.05,37.95,1728,34.0,179,6.152,8.9,0.0197,6086.0,0.0446,0,Normal
2020-01-03 18:54:00,28.95,37.85,1740,30.8,182,5.612,8.9,0.0177,5605.6,0.0453,0,Normal
2020-01-03 18:55:00,28.95,37.75,1477,41.4,184,6.403,8.8,0.028,7617.6,0.0458,0,Normal
2020-01-03 18:56:00,28.95,37.75,1658,30.3,186,5.261,8.8,0.0183,5635.8,0.0463,0,Normal
2020-01-03 18:57:00,28.85,37.65,1902,23.4,188,4.661,8.8,0.0123,4399.2,0.0468,0,Normal
2020-01-03 18:58:00,28.85,37.65,1783,23.1,190,4.313,8.8,0.013,4389.0,0.0473,0,Normal
2020-01-03 18:59:00,28.85,37.75,1558,45.3,193,7.391,8.9,0.0291,8742.9,0.048,0,Normal
2020-01-03 19:00:00,28.95,37.85,1351,49.5,196,7.003,8.9,0.0366,9702.0,0.0487,0,Normal
2020-01-03 19:01:00,28.95,37.75,1452,42.5,198,6.462,8.8,0.0293,8415.0,0.0492,0,Normal
2020-01-03 19:02:00,28.95,37.75,1666,30.7,203,5.356,8.8,0.0184,6232.1,0.0505,0,Normal
2020-01-03 19:03:00,28.95,37.85,1364,50.0,205,7.142,8.9,0.0367,10250.0,0.0509,0,Normal
2020-01-03 19:04:00,28.95,37.85,1351,60.3,207,8.531,8.9,0.0446,12482.1,0.0514,1,Overstrain_Failure
2020-01-03 19:05:00,28.95,37.85,1729,26.1,210,4.726,8.9,0.0151,5481.0,0.0522,0,Normal
2020-01-03 19:06:00,28.95,37.85,1574,34.1,215,5.621,8.9,0.0217,7331.5,0.0534,0,Normal
2020-01-03 19:07:00,28.85,37.85,1566,37.8,218,6.199,9.0,0.0241,8240.4,0.0541,0,Normal
2020-01-03 19:08:00,28.85,37.75,1455,43.2,220,6.582,8.9,0.0297,9504.0,0.0546,0,Normal
2020-01-03 19:09:00,28.85,37.75,1679,29.0,222,5.099,8.9,0.0173,6438.0,0.0551,0,Normal
2020-01-03 19:10:00,28.85,37.65,2143,17.3,227,3.882,8.8,0.0081,3927.1,0.0563,0,Normal
2020-01-03 19:11:00,28.85,37.65,1447,42.7,229,6.47,8.8,0.0295,9778.3,0.0568,0,Normal
2020-01-03 19:12:00,28.85,37.65,1383,50.3,231,7.285,8.8,0.0364,11619.3,0.0573,1,Overstrain_Failure
2020-01-03 19:13:00,28.95,37.65,1772,27.1,233,5.029,8.7,0.0153,6314.3,0.0578,0,Normal
2020-01-03 19:14:00,28.85,37.65,1615,29.0,235,4.905,8.8,0.018,6815.0,0.0582,1,Tool_Wear_Failure
2020-01-03 19:15:00,28.85,37.65,1454,36.6,0,5.573,8.8,0.0252,0.0,0.0,0,Normal
2020-01-03 19:16:00,28.85,37.65,1445,49.1,2,7.43,8.8,0.034,98.2,0.0005,0,Normal
2020-01-03 19:17:00,28.85,37.65,1609,35.2,4,5.931,8.8,0.0219,140.8,0.001,0,Normal
2020-01-03 19:18:00,28.85,37.75,1546,34.4,7,5.569,8.9,0.0223,240.8,0.0017,0,Normal
2020-01-03 19:19:00,28.75,37.65,1567,39.3,9,6.449,8.9,0.0251,353.7,0.0022,0,Normal
2020-01-03 19:20:00,28.85,37.65,1767,27.4,11,5.07,8.8,0.0155,301.4,0.0027,0,Normal
2020-01-03 19:21:00,28.85,37.75,1539,34.2,13,5.512,8.9,0.0222,444.6,0.0032,0,Normal
2020-01-03 19:22:00,28.85,37.75,1564,39.0,15,6.387,8.9,0.0249,585.0,0.0037,0,Normal
2020-01-03 19:23:00,28.85,37.65,1445,46.3,17,7.006,8.8,0.032,787.1,0.0042,0,Normal
2020-01-03 19:24:00,28.75,37.75,1419,47.7,20,7.088,9.0,0.0336,954.0,0.0049,1,Random_Failure
2020-01-03 19:25:00,28.65,37.75,1881,20.9,23,4.117,9.1,0.0111,480.7,0.0057,0,Normal
2020-01-03 19:26:00,28.75,37.75,1421,46.2,26,6.875,9.0,0.0325,1201.2,0.0064,0,Normal
2020-01-03 19:27:00,28.75,37.85,1455,46.0,29,7.009,9.1,0.0316,1334.0,0.0072,0,Normal
2020-01-03 19:28:00,28.75,37.85,2691,12.1,31,3.41,9.1,0.0045,375.1,0.0077,1,Power_Failure
2020-01-03 19:29:00,28.65,37.65,1505,41.2,33,6.493,9.0,0.0274,1359.6,0.0081,0,Normal
2020-01-03 19:30:00,28.65,37.65,1456,46.6,35,7.105,9.0,0.032,1631.0,0.0086,0,Normal
2020-01-03 19:31:00,28.65,37.65,1383,46.4,37,6.72,9.0,0.0336,1716.8,0.0091,0,Normal
2020-01-03 19:32:00,28.75,37.65,1563,39.2,39,6.416,8.9,0.0251,1528.8,0.0096,0,Normal
2020-01-03 19:33:00,28.75,37.75,2305,16.1,42,3.886,9.0,0.007,676.2,0.0104,0,Normal
2020-01-03 19:34:00,28.75,37.75,1456,43.6,45,6.648,9.0,0.0299,1962.0,0.0111,0,Normal
2020-01-03 19:35:00,28.85,37.85,1865,22.7,48,4.433,9.0,0.0122,1089.6,0.0118,0,Normal
2020-01-03 19:36:00,28.75,37.75,1597,36.9,50,6.171,9.0,0.0231,1845.0,0.0123,0,Normal
2020-01-03 19:37:00,28.85,37.75,1495,38.6,52,6.043,8.9,0.0258,2007.2,0.0128,0,Normal
2020-01-03 19:38:00,28.85,37.75,1456,47.2,54,7.197,8.9,0.0324,2548.8,0.0133,0,Normal
2020-01-03 19:39:00,28.75,37.65,1465,44.3,57,6.796,8.9,0.0302,2525.1,0.014,0,Normal
2020-01-03 19:40:00,28.85,37.75,1352,55.5,59,7.858,8.9,0.0411,3274.5,0.0145,0,Normal
2020-01-03 19:41:00,28.75,37.65,1906,21.7,62,4.331,8.9,0.0114,1345.4,0.0153,0,Normal
2020-01-03 19:42:00,28.85,37.75,1446,44.0,64,6.663,8.9,0.0304,2816.0,0.0158,0,Normal
2020-01-03 19:43:00,28.85,37.65,1948,19.7,66,4.019,8.8,0.0101,1300.2,0.0162,0,Normal
2020-01-03 19:44:00,28.75,37.55,1480,47.1,68,7.3,8.8,0.0318,3202.8,0.0167,0,Normal
2020-01-03 19:45:00,28.75,37.55,1511,37.6,70,5.95,8.8,0.0249,2632.0,0.0172,0,Normal
2020-01-03 19:46:00,28.75,37.55,1472,47.0,73,7.245,8.8,0.0319,3431.0,0.0179,0,Normal
2020-01-03 19:47:00,28.75,37.55,1429,51.0,76,7.632,8.8,0.0357,3876.0,0.0187,0,Normal
2020-01-03 19:48:00,28.75,37.55,1405,48.8,78,7.18,8.8,0.0347,3806.4,0.0192,0,Normal
2020-01-03 19:49:00,28.75,37.55,1405,47.9,80,7.048,8.8,0.0341,3832.0,0.0197,0,Normal
2020-01-03 19:50:00,28.85,37.55,1348,58.1,83,8.202,8.7,0.0431,4822.3,0.0204,0,Normal
2020-01-03 19:51:00,28.75,37.45,1331,68.6,85,9.562,8.7,0.0515,5831.0,0.0209,1,Power_Failure
2020-01-03 19:52:00,28.75,37.45,1610,33.4,87,5.631,8.7,0.0207,2905.8,0.0214,0,Normal
2020-01-03 19:53:00,28.75,37.45,1412,46.5,89,6.876,8.7,0.0329,4138.5,0.0218,0,Normal
2020-01-03 19:54:00,28.85,37.55,1453,42.7,92,6.497,8.7,0.0294,3928.4,0.0226,0,Normal
2020-01-03 19:55:00,28.85,37.45,1583,38.9,94,6.449,8.6,0.0246,3656.6,0.0231,0,Normal
2020-01-03 19:56:00,28.85,37.45,1539,37.4,96,6.028,8.6,0.0243,3590.4,0.0235,0,Normal
2020-01-03 19:57:00,28.85,37.35,1635,39.8,99,6.814,8.5,0.0243,3940.2,0.0243,0,Normal
2020-01-03 19:58:00,28.95,37.55,1294,62.4,101,8.456,8.6,0.0482,6302.4,0.0248,1,Heat_Dissipation_Failure
2020-01-03 19:59:00,28.85,37.35,1978,22.0,106,4.557,8.5,0.0111,2332.0,0.026,0,Normal
2020-01-03 20:00:00,28.85,37.25,1357,58.0,108,8.242,8.4,0.0427,6264.0,0.0265,1,Heat_Dissipation_Failure
2020-01-03 20:01:00,28.85,37.25,1336,58.2,110,8.143,8.4,0.0436,6402.0,0.0269,1,Heat_Dissipation_Failure
2020-01-03 20:02:00,28.85,37.25,1568,39.2,112,6.437,8.4,0.025,4390.4,0.0274,0,Normal
2020-01-03 20:03:00,28.85,37.25,1567,36.4,114,5.973,8.4,0.0232,4149.6,0.0279,0,Normal
2020-01-03 20:04:00,28.85,37.25,1611,35.6,117,6.006,8.4,0.0221,4165.2,0.0286,0,Normal
2020-01-03 20:05:00,28.85,37.35,1841,23.6,119,4.55,8.5,0.0128,2808.4,0.0291,0,Normal
2020-01-03 20:06:00,28.85,37.35,1567,36.1,124,5.924,8.5,0.023,4476.4,0.0303,0,Normal
2020-01-03 20:07:00,28.75,37.25,1376,54.9,126,7.911,8.5,0.0399,6917.4,0.0308,1,Heat_Dissipation_Failure
2020-01-03 20:08:00,28.75,37.35,1477,42.4,128,6.558,8.6,0.0287,5427.2,0.0313,0,Normal
2020-01-03 20:09:00,28.75,37.35,1590,40.3,130,6.71,8.6,0.0253,5239.0,0.0318,0,Normal
2020-01-03 20:10:00,28.85,37.35,2197,15.8,133,3.635,8.5,0.0072,2101.4,0.0325,0,Normal
2020-01-03 20:11:00,28.85,37.25,1595,32.9,135,5.495,8.4,0.0206,4441.5,0.033,0,Normal
2020-01-03 20:12:00,28.85,37.35,1812,24.4,138,4.63,8.5,0.0135,3367.2,0.0337,0,Normal
2020-01-03 20:13:00,28.85,37.35,1573,32.1,143,5.288,8.5,0.0204,4590.3,0.0349,0,Normal
2020-01-03 20:14:00,28.85,37.35,1651,30.9,146,5.342,8.5,0.0187,4511.4,0.0357,0,Normal
2020-01-03 20:15:00,28.85,37.35,1459,43.2,148,6.6,8.5,0.0296,6393.6,0.0361,0,Normal
2020-01-03 20:16:00,28.75,37.25,1370,51.7,153,7.417,8.5,0.0377,7910.1,0.0373,1,Heat_Dissipation_Failure
2020-01-03 20:17:00,28.75,37.25,1518,34.1,155,5.421,8.5,0.0225,5285.5,0.0378,0,Normal
2020-01-03 20:18:00,28.85,37.15,1648,29.6,157,5.108,8.3,0.018,4647.2,0.0383,0,Normal
2020-01-03 20:19:00,28.85,37.25,1464,47.2,159,7.236,8.4,0.0322,7504.8,0.0388,0,Normal
2020-01-03 20:20:00,28.85,37.25,1895,23.2,161,4.604,8.4,0.0122,3735.2,0.0393,0,Normal
2020-01-03 20:21:00,28.75,37.25,1884,23.4,163,4.617,8.5,0.0124,3814.2,0.0397,0,Normal
2020-01-03 20:22:00,28.85,37.25,1450,46.6,165,7.076,8.4,0.0321,7689.0,0.0402,0,Normal
2020-01-03 20:23:00,28.85,37.25,1448,43.4,167,6.581,8.4,0.03,7247.8,0.0407,0,Normal
2020-01-03 20:24:00,28.95,37.35,1389,49.6,169,7.215,8.4,0.0357,8382.4,0.0412,0,Normal
2020-01-03 20:25:00,28.85,37.45,1583,35.2,171,5.835,8.6,0.0222,6019.2,0.0416,0,Normal
2020-01-03 20:26:00,28.75,37.35,1425,51.1,173,7.625,8.6,0.0359,8840.3,0.0421,0,Normal
2020-01-03 20:27:00,28.85,37.35,1809,27.1,175,5.134,8.5,0.015,4742.5,0.0426,0,Normal
2020-01-03 20:28:00,28.75,37.35,1892,21.8,177,4.319,8.6,0.0115,3858.6,0.0431,0,Normal
2020-01-03 20:29:00,28.75,37.45,1475,47.8,179,7.383,8.7,0.0324,8556.2,0.0436,0,Normal
2020-01-03 20:30:00,28.85,37.45,1361,46.7,182,6.656,8.6,0.0343,8499.4,0.0443,0,Normal
2020-01-03 20:31:00,28.85,37.45,1563,41.0,184,6.711,8.6,0.0262,7544.0,0.0447,0,Normal
2020-01-03 20:32:00,28.75,37.35,1472,39.7,187,6.12,8.6,0.027,7423.9,0.0455,0,Normal
2020-01-03 20:33:00,28.85,37.45,1325,55.3,192,7.673,8.6,0.0417,10617.6,0.0467,0,Normal
2020-01-03 20:34:00,28.85,37.45,1358,53.1,194,7.551,8.6,0.0391,10301.4,0.0471,0,Normal
2020-01-03 20:35:00,28.85,37.45,1346,54.7,196,7.71,8.6,0.0406,10721.2,0.0476,0,Normal
2020-01-03 20:36:00,28.85,37.35,1381,58.4,201,8.446,8.5,0.0423,11738.4,0.0488,0,Normal
2020-01-03 20:37:00,28.75,37.35,1340,55.7,204,7.816,8.6,0.0416,11362.8,0.0495,1,Overstrain_Failure
2020-01-03 20:38:00,28.85,37.45,1366,47.7,206,6.823,8.6,0.0349,9826.2,0.05,0,Normal
2020-01-03 20:39:00,28.95,37.55,1325,45.1,208,6.258,8.6,0.034,9380.8,0.0505,1,Heat_Dissipation_Failure
2020-01-03 20:40:00,28.95,37.55,1376,46.3,210,6.672,8.6,0.0336,9723.0,0.051,1,Heat_Dissipation_Failure
2020-01-03 20:41:00,28.95,37.55,1364,47.8,213,6.828,8.6,0.035,10181.4,0.0517,1,Heat_Dissipation_Failure
2020-01-03 20:42:00,29.05,37.45,1462,43.6,0,6.675,8.4,0.0298,0.0,0.0,0,Normal
2020-01-03 20:43:00,28.95,37.45,1517,38.9,2,6.18,8.5,0.0256,77.8,0.0005,0,Normal
2020-01-03 20:44:00,28.95,37.45,1385,53.6,5,7.774,8.5,0.0387,268.0,0.0012,0,Normal
2020-01-03 20:45:00,28.95,37.45,1439,40.0,7,6.028,8.5,0.0278,280.0,0.0017,0,Normal
2020-01-03 20:46:00,28.85,37.45,1623,34.3,9,5.83,8.6,0.0211,308.7,0.0022,0,Normal
2020-01-03 20:47:00,28.85,37.45,1438,43.2,12,6.505,8.6,0.03,518.4,0.0029,0,Normal
2020-01-03 20:48:00,28.75,37.25,1708,24.8,17,4.436,8.5,0.0145,421.6,0.0041,0,Normal
2020-01-03 20:49:00,28.65,37.15,1666,32.7,19,5.705,8.5,0.0196,621.3,0.0046,0,Normal
2020-01-03 20:50:00,28.75,37.25,1286,62.8,22,8.457,8.5,0.0488,1381.6,0.0053,1,Heat_Dissipation_Failure
2020-01-03 20:51:00,28.75,37.15,1485,46.3,24,7.2,8.4,0.0312,1111.2,0.0058,0,Normal
2020-01-03 20:52:00,28.65,37.15,1409,52.5,26,7.746,8.5,0.0373,1365.0,0.0063,0,Normal
2020-01-03 20:53:00,28.65,37.15,1765,27.3,29,5.046,8.5,0.0155,791.7,0.007,0,Normal
2020-01-03 20:54:00,28.65,37.15,1688,28.8,31,5.091,8.5,0.0171,892.8,0.0075,0,Normal
2020-01-03 20:55:00,28.55,37.15,1787,26.7,33,4.996,8.6,0.0149,881.1,0.008,0,Normal
2020-01-03 20:56:00,28.55,36.95,1487,48.0,36,7.474,8.4,0.0323,1728.0,0.0087,0,Normal
2020-01-03 20:57:00,28.55,36.95,1384,50.5,38,7.319,8.4,0.0365,1919.0,0.0092,0,Normal
2020-01-03 20:58:00,28.55,37.05,1311,57.4,40,7.88,8.5,0.0438,2296.0,0.0097,1,Heat_Dissipation_Failure
2020-01-03 20:59:00,28.55,37.05,1620,30.8,42,5.225,8.5,0.019,1293.6,0.0101,0,Normal
2020-01-03 21:00:00,28.55,37.05,1331,61.2,47,8.53,8.5,0.046,2876.4,0.0113,1,Heat_Dissipation_Failure
2020-01-03 21:01:00,28.55,36.95,1462,38.3,49,5.864,8.4,0.0262,1876.7,0.0118,0,Normal
2020-01-03 21:02:00,28.55,36.95,1424,50.2,54,7.486,8.4,0.0353,2710.8,0.013,0,Normal
2020-01-03 21:03:00,28.55,36.95,1500,39.6,56,6.22,8.4,0.0264,2217.6,0.0135,0,Normal
2020-01-03 21:04:00,28.65,36.95,1738,28.0,58,5.096,8.3,0.0161,1624.0,0.014,0,Normal
2020-01-03 21:05:00,28.65,37.15,1465,46.5,60,7.134,8.5,0.0317,2790.0,0.0145,0,Normal
2020-01-03 21:06:00,28.65,37.15,1482,41.4,63,6.425,8.5,0.0279,2608.2,0.0152,0,Normal
2020-01-03 21:07:00,28.75,37.15,1398,44.0,65,6.442,8.4,0.0315,2860.0,0.0157,0,Normal
2020-01-03 21:08:00,28.75,37.15,1972,21.3,67,4.399,8.4,0.0108,1427.1,0.0161,0,Normal
2020-01-03 21:09:00,28.75,37.25,1603,37.6,69,6.312,8.5,0.0235,2594.4,0.0166,0,Normal
2020-01-03 21:10:00,28.75,37.25,1610,34.8,71,5.867,8.5,0.0216,2470.8,0.0171,0,Normal
2020-01-03 21:11:00,28.75,37.25,1373,48.0,73,6.901,8.5,0.035,3504.0,0.0176,1,Heat_Dissipation_Failure
2020-01-03 21:12:00,28.85,37.35,1425,44.7,76,6.67,8.5,0.0314,3397.2,0.0183,0,Normal
2020-01-03 21:13:00,28.85,37.25,1212,55.6,79,7.057,8.4,0.0459,4392.4,0.019,1,Heat_Dissipation_Failure
2020-01-03 21:14:00,28.85,37.25,1828,26.3,82,5.035,8.4,0.0144,2156.6,0.0197,0,Normal
2020-01-03 21:15:00,28.85,37.35,1370,44.4,85,6.37,8.5,0.0324,3774.0,0.0205,1,Heat_Dissipation_Failure
2020-01-03 21:16:00,28.85,37.35,1823,25.1,87,4.792,8.5,0.0138,2183.7,0.0209,0,Normal
2020-01-03 21:17:00,28.85,37.35,1263,60.6,90,8.015,8.5,0.048,5454.0,0.0216,1,Heat_Dissipation_Failure
2020-01-03 21:18:00,28.75,37.25,1889,21.5,92,4.253,8.5,0.0114,1978.0,0.0221,0,Normal
2020-01-03 21:19:00,28.85,37.35,1639,32.9,94,5.647,8.5,0.0201,3092.6,0.0226,0,Normal
2020-01-03 21:20:00,28.85,37.25,1608,33.1,97,5.574,8.4,0.0206,3210.7,0.0233,0,Normal
2020-01-03 21:21:00,28.75,37.15,1653,32.4,100,5.608,8.4,0.0196,3240.0,0.024,0,Normal
2020-01-03 21:22:00,28.85,37.25,1591,29.8,105,4.965,8.4,0.0187,3129.0,0.0252,0,Normal
2020-01-03 21:23:00,28.95,37.35,1696,30.9,107,5.488,8.4,0.0182,3306.3,0.0257,0,Normal
2020-01-03 21:24:00,29.05,37.45,1346,47.5,109,6.695,8.4,0.0353,5177.5,0.0262,1,Heat_Dissipation_Failure
2020-01-03 21:25:00,29.05,37.35,1507,40.4,111,6.376,8.3,0.0268,4484.4,0.0266,0,Normal
2020-01-03 21:26:00,29.15,37.45,1525,48.7,114,7.777,8.3,0.0319,5551.8,0.0274,0,Normal
2020-01-03 21:27:00,29.15,37.55,1559,33.9,119,5.534,8.4,0.0217,4034.1,0.0286,0,Normal
2020-01-03 21:28:00,29.05,37.45,1632,30.5,122,5.213,8.4,0.0187,3721.0,0.0293,0,Normal
2020-01-03 21:29:00,28.95,37.35,1559,36.0,124,5.877,8.4,0.0231,4464.0,0.0297,0,Normal
2020-01-03 21:30:00,29.05,37.45,1355,51.5,126,7.308,8.4,0.038,6489.0,0.0302,1,Heat_Dissipation_Failure
2020-01-03 21:31:00,29.05,37.35,1832,23.7,129,4.547,8.3,0.0129,3057.3,0.0309,0,Normal
2020-01-03 21:32:00,29.05,37.45,1386,50.0,132,7.257,8.4,0.0361,6600.0,0.0316,0,Normal
2020-01-03 21:33:00,29.05,37.45,1346,49.2,134,6.935,8.4,0.0366,6592.8,0.0321,1,Heat_Dissipation_Failure
2020-01-03 21:34:00,29.15,37.55,1499,37.8,137,5.934,8.4,0.0252,5178.6,0.0328,0,Normal
2020-01-03 21:35:00,29.15,37.55,1612,33.4,139,5.638,8.4,0.0207,4642.6,0.0333,0,Normal
2020-01-03 21:36:00,29.15,37.55,1544,39.7,141,6.419,8.4,0.0257,5597.7,0.0338,0,Normal
2020-01-03 21:37:00,29.35,37.75,1477,39.2,144,6.063,8.4,0.0265,5644.8,0.0345,0,Normal
2020-01-03 21:38:00,29.35,37.75,1624,34.4,146,5.85,8.4,0.0212,5022.4,0.0349,0,Normal
2020-01-03 21:39:00,29.25,37.75,1349,46.1,148,6.512,8.5,0.0342,6822.8,0.0354,1,Heat_Dissipation_Failure
2020-01-03 21:40:00,29.25,37.65,1686,28.8,150,5.085,8.4,0.0171,4320.0,0.0359,0,Normal
2020-01-03 21:41:00,29.25,37.55,1521,40.4,152,6.435,8.3,0.0266,6140.8,0.0363,0,Normal
2020-01-03 21:42:00,29.25,37.55,1362,54.8,155,7.816,8.3,0.0402,8494.0,0.0371,1,Heat_Dissipation_Failure
2020-01-03 21:43:00,29.15,37.55,1402,50.9,157,7.473,8.4,0.0363,7991.3,0.0375,0,Normal
2020-01-03 21:44:00,29.05,37.45,1334,53.2,159,7.432,8.4,0.0399,8458.8,0.038,1,Heat_Dissipation_Failure
2020-01-03 21:45:00,29.05,37.45,1348,48.4,161,6.832,8.4,0.0359,7792.4,0.0385,1,Heat_Dissipation_Failure
2020-01-03 21:46:00,29.05,37.45,1570,34.6,163,5.689,8.4,0.022,5639.8,0.0389,0,Normal
2020-01-03 21:47:00,29.05,37.55,1601,33.0,166,5.533,8.5,0.0206,5478.0,0.0396,0,Normal
2020-01-03 21:48:00,29.15,37.65,1611,31.8,169,5.365,8.5,0.0197,5374.2,0.0403,0,Normal
2020-01-03 21:49:00,29.25,37.75,1560,31.8,172,5.195,8.5,0.0204,5469.6,0.0411,0,Normal
2020-01-03 21:50:00,29.25,37.75,1444,40.7,174,6.154,8.5,0.0282,7081.8,0.0415,0,Normal
2020-01-03 21:51:00,29.25,37.85,1317,59.4,179,8.192,8.6,0.0451,10632.6,0.0427,0,Normal
2020-01-03 21:52:00,29.35,37.85,1463,43.1,181,6.603,8.5,0.0295,7801.1,0.0432,0,Normal
2020-01-03 21:53:00,29.25,37.95,1634,34.2,184,5.852,8.7,0.0209,6292.8,0.0439,0,Normal
2020-01-03 21:54:00,29.25,37.85,1423,46.2,186,6.885,8.6,0.0325,8593.2,0.0443,0,Normal
2020-01-03 21:55:00,29.35,37.85,1548,38.4,188,6.225,8.5,0.0248,7219.2,0.0448,0,Normal
2020-01-03 21:56:00,29.35,37.85,1563,35.6,190,5.827,8.5,0.0228,6764.0,0.0453,0,Normal
2020-01-03 21:57:00,29.25,37.85,1573,36.5,193,6.012,8.6,0.0232,7044.5,0.046,0,Normal
2020-01-03 21:58:00,29.25,37.95,1432,44.5,195,6.673,8.7,0.0311,8677.5,0.0464,0,Normal
2020-01-03 21:59:00,29.35,37.95,1638,32.0,198,5.489,8.6,0.0195,6336.0,0.0471,0,Normal
2020-01-03 22:00:00,29.35,37.95,1571,34.2,201,5.626,8.6,0.0218,6874.2,0.0478,0,Normal
2020-01-03 22:01:00,29.25,37.85,2211,15.4,203,3.566,8.6,0.007,3126.2,0.0483,0,Normal
2020-01-03 22:02:00,29.25,37.85,1555,40.6,205,6.611,8.6,0.0261,8323.0,0.0488,0,Normal
2020-01-03 22:03:00,29.15,37.75,1558,31.9,207,5.205,8.6,0.0205,6603.3,0.0492,0,Normal
2020-01-03 22:04:00,29.15,37.75,1523,43.2,210,6.89,8.6,0.0284,9072.0,0.0499,0,Normal
2020-01-03 22:05:00,29.15,37.65,1723,26.3,213,4.745,8.5,0.0153,5601.9,0.0506,0,Normal
2020-01-03 22:06:00,29.15,37.65,1721,28.4,215,5.118,8.5,0.0165,6106.0,0.0511,0,Normal
2020-01-03 22:07:00,29.15,37.75,1710,30.4,218,5.444,8.6,0.0178,6627.2,0.0518,1,Tool_Wear_Failure
2020-01-03 22:08:00,29.15,37.75,1627,32.3,0,5.503,8.6,0.0199,0.0,0.0,0,Normal
2020-01-03 22:09:00,29.05,37.65,1422,47.0,3,6.999,8.6,0.0331,141.0,0.0007,0,Normal
2020-01-03 22:10:00,28.95,37.65,1565,35.3,6,5.785,8.7,0.0226,211.8,0.0014,0,Normal
2020-01-03 22:11:00,28.95,37.55,1314,52.8,8,7.265,8.6,0.0402,422.4,0.0019,1,Heat_Dissipation_Failure
2020-01-03 22:12:00,28.85,37.45,1392,60.5,10,8.819,8.6,0.0435,605.0,0.0024,0,Normal
2020-01-03 22:13:00,28.95,37.55,1465,40.7,13,6.244,8.6,0.0278,529.1,0.0031,0,Normal
2020-01-03 22:14:00,28.75,37.45,1573,36.6,15,6.029,8.7,0.0233,549.0,0.0036,0,Normal
2020-01-03 22:15:00,28.85,37.55,2157,17.8,17,4.021,8.7,0.0083,302.6,0.004,0,Normal
2020-01-03 22:16:00,28.75,37.55,1370,50.3,20,7.216,8.8,0.0367,1006.0,0.0047,0,Normal
2020-01-03 22:17:00,28.75,37.45,1462,38.8,22,5.94,8.7,0.0265,853.6,0.0052,0,Normal
2020-01-03 22:18:00,28.85,37.45,1479,40.5,24,6.273,8.6,0.0274,972.0,0.0057,0,Normal
2020-01-03 22:19:00,28.75,37.55,1717,26.8,27,4.819,8.8,0.0156,723.6,0.0064,0,Normal
2020-01-03 22:20:00,28.75,37.45,1260,65.9,29,8.695,8.7,0.0523,1911.1,0.0069,0,Normal
2020-01-03 22:21:00,28.75,37.45,1467,39.3,32,6.037,8.7,0.0268,1257.6,0.0076,0,Normal
2020-01-03 22:22:00,28.85,37.45,1535,38.6,34,6.205,8.6,0.0251,1312.4,0.0081,0,Normal
2020-01-03 22:23:00,28.85,37.55,1657,31.9,37,5.535,8.7,0.0193,1180.3,0.0088,0,Normal
2020-01-03 22:24:00,28.85,37.55,1698,28.1,39,4.997,8.7,0.0165,1095.9,0.0092,0,Normal
2020-01-03 22:25:00,28.95,37.55,1359,49.3,41,7.016,8.6,0.0363,2021.3,0.0097,1,Heat_Dissipation_Failure
2020-01-03 22:26:00,28.95,37.65,1596,37.1,43,6.201,8.7,0.0232,1595.3,0.0102,0,Normal
2020-01-03 22:27:00,29.05,37.65,1383,46.9,45,6.792,8.6,0.0339,2110.5,0.0106,0,Normal
2020-01-03 22:28:00,29.05,37.65,2203,16.6,47,3.83,8.6,0.0075,780.2,0.0111,0,Normal
2020-01-03 22:29:00,29.05,37.65,1408,46.8,49,6.9,8.6,0.0332,2293.2,0.0116,0,Normal
2020-01-03 22:30:00,29.05,37.65,1673,32.9,52,5.764,8.6,0.0197,1710.8,0.0123,0,Normal
2020-01-03 22:31:00,29.05,37.65,1340,47.8,54,6.708,8.6,0.0357,2581.2,0.0128,0,Normal
2020-01-03 22:32:00,29.05,37.75,1452,42.3,56,6.432,8.7,0.0291,2368.8,0.0132,0,Normal
2020-01-03 22:33:00,29.05,37.75,1302,53.4,58,7.281,8.7,0.041,3097.2,0.0137,0,Normal
2020-01-03 22:34:00,29.05,37.75,1522,35.9,61,5.722,8.7,0.0236,2189.9,0.0144,0,Normal
2020-01-03 22:35:00,29.05,37.65,1438,41.4,66,6.234,8.6,0.0288,2732.4,0.0156,0,Normal
2020-01-03 22:36:00,29.05,37.75,1604,40.5,68,6.803,8.7,0.0252,2754.0,0.016,0,Normal
2020-01-03 22:37:00,29.05,37.85,1832,23.2,70,4.451,8.8,0.0127,1624.0,0.0165,0,Normal
2020-01-03 22:38:00,29.15,37.85,1521,34.8,72,5.543,8.7,0.0229,2505.6,0.017,0,Normal
2020-01-03 22:39:00,29.15,37.85,1446,37.6,75,5.694,8.7,0.026,2820.0,0.0177,0,Normal
2020-01-03 22:40:00,29.25,37.95,1905,20.9,77,4.169,8.7,0.011,1609.3,0.0182,0,Normal
2020-01-03 22:41:00,29.25,37.85,1475,47.9,79,7.399,8.6,0.0325,3784.1,0.0186,0,Normal
2020-01-03 22:42:00,29.25,37.85,1462,48.5,81,7.425,8.6,0.0332,3928.5,0.0191,0,Normal
2020-01-03 22:43:00,29.25,37.75,1435,42.3,83,6.357,8.5,0.0295,3510.9,0.0196,0,Normal
2020-01-03 22:44:00,29.25,37.75,1469,39.6,86,6.092,8.5,0.027,3405.6,0.0203,0,Normal
2020-01-03 22:45:00,29.45,37.95,1520,43.0,88,6.844,8.5,0.0283,3784.0,0.0207,0,Normal
2020-01-03 22:46:00,29.45,37.85,1537,35.5,91,5.714,8.4,0.0231,3230.5,0.0214,0,Normal
2020-01-03 22:47:00,29.45,37.85,1369,60.0,93,8.602,8.4,0.0438,5580.0,0.0219,1,Heat_Dissipation_Failure
2020-01-03 22:48:00,29.45,37.85,1506,37.2,95,5.867,8.4,0.0247,3534.0,0.0224,0,Normal
2020-01-03 22:49:00,29.35,37.75,1330,56.9,97,7.925,8.4,0.0428,5519.3,0.0228,1,Heat_Dissipation_Failure
2020-01-03 22:50:00,29.45,37.85,1660,38.0,99,6.606,8.4,0.0229,3762.0,0.0233,0,Normal
2020-01-03 22:51:00,29.35,37.75,1356,55.5,101,7.881,8.4,0.0409,5605.5,0.0238,1,Heat_Dissipation_Failure
2020-01-03 22:52:00,29.45,37.85,1438,51.0,106,7.68,8.4,0.0355,5406.0,0.0249,0,Normal
2020-01-03 22:53:00,29.45,37.85,1329,48.6,111,6.764,8.4,0.0366,5394.6,0.0261,1,Heat_Dissipation_Failure
2020-01-03 22:54:00,29.45,37.85,1284,68.0,114,9.143,8.4,0.053,7752.0,0.0268,1,Heat_Dissipation_Failure
2020-01-03 22:55:00,29.35,37.85,1387,52.1,116,7.567,8.5,0.0376,6043.6,0.0273,0,Normal
2020-01-03 22:56:00,29.45,37.85,1591,33.9,119,5.648,8.4,0.0213,4034.1,0.028,0,Normal
2020-01-03 22:57:00,29.45,37.85,1589,39.0,122,6.49,8.4,0.0245,4758.0,0.0287,0,Normal
2020-01-03 22:58:00,29.55,37.95,1297,60.7,125,8.244,8.4,0.0468,7587.5,0.0293,1,Heat_Dissipation_Failure
2020-01-03 22:59:00,29.55,38.05,1545,35.1,128,5.679,8.5,0.0227,4492.8,0.03,0,Normal
2020-01-03 23:00:00,29.55,37.95,1418,43.4,130,6.445,8.4,0.0306,5642.0,0.0305,0,Normal
2020-01-03 23:01:00,29.55,37.95,1730,28.1,135,5.091,8.4,0.0162,3793.5,0.0317,0,Normal
2020-01-03 23:02:00,29.45,37.85,2001,20.7,137,4.338,8.4,0.0103,2835.9,0.0321,0,Normal
2020-01-03 23:03:00,29.45,37.85,1620,36.2,139,6.141,8.4,0.0223,5031.8,0.0326,0,Normal
2020-01-03 23:04:00,29.45,37.85,1542,39.7,141,6.411,8.4,0.0257,5597.7,0.0331,0,Normal
2020-01-03 23:05:00,29.45,37.85,1424,38.0,144,5.667,8.4,0.0267,5472.0,0.0338,0,Normal
2020-01-03 23:06:00,29.55,37.95,1440,39.5,146,5.956,8.4,0.0274,5767.0,0.0342,0,Normal
2020-01-03 23:07:00,29.45,37.85,1520,42.8,148,6.813,8.4,0.0282,6334.4,0.0347,0,Normal
2020-01-03 23:08:00,29.55,37.85,1694,29.8,150,5.286,8.3,0.0176,4470.0,0.0351,0,Normal
2020-01-03 23:09:00,29.45,37.85,1610,39.2,152,6.609,8.4,0.0243,5958.4,0.0356,0,Normal
2020-01-03 23:10:00,29.45,37.75,1331,52.0,154,7.248,8.3,0.0391,8008.0,0.0361,1,Heat_Dissipation_Failure
2020-01-03 23:11:00,29.45,37.65,1470,41.2,156,6.342,8.2,0.028,6427.2,0.0365,0,Normal
2020-01-03 23:12:00,29.35,37.65,1577,36.9,158,6.094,8.3,0.0234,5830.2,0.037,0,Normal
2020-01-03 23:13:00,29.45,37.65,1486,36.4,160,5.664,8.2,0.0245,5824.0,0.0374,0,Normal
2020-01-03 23:14:00,29.25,37.45,1445,40.3,162,6.098,8.2,0.0279,6528.6,0.0379,0,Normal
2020-01-03 23:15:00,29.25,37.35,1500,36.7,164,5.765,8.1,0.0245,6018.8,0.0384,0,Normal
2020-01-03 23:16:00,29.05,37.25,1456,47.5,167,7.242,8.2,0.0326,7932.5,0.039,0,Normal
2020-01-03 23:17:00,29.05,37.25,1743,28.1,170,5.129,8.2,0.0161,4777.0,0.0397,0,Normal
2020-01-03 23:18:00,28.85,36.95,1409,50.4,172,7.437,8.1,0.0358,8668.8,0.0402,0,Normal
2020-01-03 23:19:00,28.85,36.95,1361,45.4,174,6.471,8.1,0.0334,7899.6,0.0407,1,Heat_Dissipation_Failure
2020-01-03 23:20:00,28.95,36.95,1753,28.9,176,5.305,8.0,0.0165,5086.4,0.0411,0,Normal
2020-01-03 23:21:00,28.85,36.85,1832,22.9,178,4.393,8.0,0.0125,4076.2,0.0416,0,Normal
2020-01-03 23:22:00,28.75,36.75,1374,48.5,180,6.978,8.0,0.0353,8730.0,0.042,1,Heat_Dissipation_Failure
2020-01-03 23:23:00,28.65,36.75,1334,61.0,182,8.521,8.1,0.0457,11102.0,0.0425,1,Heat_Dissipation_Failure
2020-01-03 23:24:00,28.65,36.85,1493,40.3,185,6.301,8.2,0.027,7455.5,0.0432,0,Normal
2020-01-03 23:25:00,28.55,36.75,1317,49.0,187,6.758,8.2,0.0372,9163.0,0.0436,1,Heat_Dissipation_Failure
2020-01-03 23:26:00,28.55,36.75,1434,47.9,189,7.193,8.2,0.0334,9053.1,0.0441,0,Normal
2020-01-03 23:27:00,28.55,36.75,1457,39.2,192,5.981,8.2,0.0269,7526.4,0.0448,0,Normal
2020-01-03 23:28:00,28.55,36.85,1391,50.6,195,7.371,8.3,0.0364,9867.0,0.0455,0,Normal
2020-01-03 23:29:00,28.65,36.85,1781,23.9,198,4.457,8.2,0.0134,4732.2,0.0462,0,Normal
2020-01-03 23:30:00,28.65,36.85,1642,32.6,201,5.606,8.2,0.0199,6552.6,0.0468,0,Normal
2020-01-03 23:31:00,28.65,36.85,2032,19.0,203,4.043,8.2,0.0094,3857.0,0.0473,0,Normal
2020-01-03 23:32:00,28.65,36.95,2372,13.9,205,3.453,8.3,0.0059,2849.5,0.0478,1,Power_Failure
2020-01-03 23:33:00,28.65,36.85,1393,44.9,208,6.55,8.2,0.0322,9339.2,0.0484,0,Normal
2020-01-03 23:34:00,28.55,36.95,1743,27.3,210,4.983,8.4,0.0157,5733.0,0.0489,0,Normal
2020-01-03 23:35:00,28.65,37.05,1457,40.4,213,6.164,8.4,0.0277,8605.2,0.0496,0,Normal
2020-01-03 23:36:00,28.65,37.05,2825,5.8,215,1.716,8.4,0.0021,1247.0,0.05,1,Power_Failure
2020-01-03 23:37:00,28.65,37.05,1609,34.2,217,5.762,8.4,0.0213,7421.4,0.0505,0,Normal
2020-01-03 23:38:00,28.65,37.05,1437,42.3,0,6.365,8.4,0.0294,0.0,0.0,0,Normal
2020-01-03 23:39:00,28.55,36.95,1402,50.1,3,7.356,8.4,0.0357,150.3,0.0007,0,Normal
2020-01-03 23:40:00,28.55,36.95,1644,34.6,5,5.957,8.4,0.021,173.0,0.0012,0,Normal
2020-01-03 23:41:00,28.55,37.05,1471,51.1,8,7.872,8.5,0.0347,408.8,0.0019,0,Normal
2020-01-03 23:42:00,28.55,36.95,2695,12.6,10,3.556,8.4,0.0047,126.0,0.0023,0,Normal
2020-01-03 23:43:00,28.55,37.05,1435,48.1,12,7.228,8.5,0.0335,577.2,0.0028,0,Normal
2020-01-03 23:44:00,28.45,36.95,1694,26.3,14,4.665,8.5,0.0155,368.2,0.0033,0,Normal
2020-01-03 23:45:00,28.45,36.95,1687,26.6,16,4.699,8.5,0.0158,425.6,0.0037,0,Normal
2020-01-03 23:46:00,28.45,36.85,1869,22.9,18,4.482,8.4,0.0123,412.2,0.0042,0,Normal
2020-01-03 23:47:00,28.25,36.75,1259,63.9,20,8.425,8.5,0.0508,1278.0,0.0046,1,Heat_Dissipation_Failure
2020-01-03 23:48:00,28.25,36.75,1460,47.2,22,7.216,8.5,0.0323,1038.4,0.0051,0,Normal
2020-01-03 23:49:00,28.15,36.75,1501,39.5,27,6.209,8.6,0.0263,1066.5,0.0063,0,Normal
2020-01-03 23:50:00,28.25,36.85,1776,25.6,30,4.761,8.6,0.0144,768.0,0.007,0,Normal
2020-01-03 23:51:00,28.35,36.95,1468,40.8,32,6.272,8.6,0.0278,1305.6,0.0074,0,Normal
2020-01-03 23:52:00,28.35,36.95,1430,46.5,35,6.963,8.6,0.0325,1627.5,0.0081,0,Normal
2020-01-03 23:53:00,28.25,36.95,1502,46.6,37,7.33,8.7,0.031,1724.2,0.0086,0,Normal
2020-01-03 23:54:00,28.25,36.95,1623,32.3,39,5.49,8.7,0.0199,1259.7,0.009,0,Normal
2020-01-03 23:55:00,28.25,36.85,1651,29.8,44,5.152,8.6,0.018,1311.2,0.0102,0,Normal
2020-01-03 23:56:00,28.35,36.95,1639,33.4,47,5.733,8.6,0.0204,1569.8,0.0109,0,Normal
2020-01-03 23:57:00,28.35,36.85,1417,44.6,49,6.618,8.5,0.0315,2185.4,0.0113,0,Normal
2020-01-03 23:58:00,28.35,36.95,1541,42.2,52,6.81,8.6,0.0274,2194.4,0.012,0,Normal
2020-01-03 23:59:00,28.45,37.05,1411,45.1,54,6.664,8.6,0.032,2435.4,0.0125,0,Normal
2020-01-04 00:00:00,28.55,37.15,1397,44.6,57,6.525,8.6,0.0319,2542.2,0.0132,0,Normal
2020-01-04 00:01:00,28.55,37.05,1686,28.9,59,5.103,8.5,0.0171,1705.1,0.0137,0,Normal
2020-01-04 00:02:00,28.55,36.95,1431,44.0,61,6.594,8.4,0.0307,2684.0,0.0141,0,Normal
2020-01-04 00:03:00,28.65,37.15,1341,50.5,64,7.092,8.5,0.0377,3232.0,0.0148,1,Heat_Dissipation_Failure
2020-01-04 00:04:00,28.55,37.05,1486,43.0,66,6.691,8.5,0.0289,2838.0,0.0153,0,Normal
2020-01-04 00:05:00,28.45,37.05,1384,57.1,68,8.276,8.6,0.0413,3882.8,0.0157,0,Normal
2020-01-04 00:06:00,28.45,36.95,1362,55.8,70,7.959,8.5,0.041,3906.0,0.0162,1,Heat_Dissipation_Failure
2020-01-04 00:07:00,28.55,36.95,1660,29.3,72,5.093,8.4,0.0177,2109.6,0.0166,0,Normal
2020-01-04 00:08:00,28.45,36.95,1326,48.2,77,6.693,8.5,0.0363,3711.4,0.0178,1,Heat_Dissipation_Failure
2020-01-04 00:09:00,28.45,36.85,1566,30.3,79,4.969,8.4,0.0193,2393.7,0.0182,0,Normal
2020-01-04 00:10:00,28.35,36.65,1549,38.5,81,6.245,8.3,0.0249,3118.5,0.0187,0,Normal
2020-01-04 00:11:00,28.45,36.75,1746,31.1,83,5.686,8.3,0.0178,2581.3,0.0192,0,Normal
2020-01-04 00:12:00,28.55,36.75,1452,41.5,86,6.31,8.2,0.0286,3569.0,0.0198,0,Normal
2020-01-04 00:13:00,28.45,36.65,1588,33.9,89,5.637,8.2,0.0213,3017.1,0.0205,0,Normal
2020-01-04 00:14:00,28.45,36.65,1472,42.5,91,6.551,8.2,0.0289,3867.5,0.021,0,Normal
2020-01-04 00:15:00,28.55,36.75,1607,37.7,93,6.344,8.2,0.0235,3506.1,0.0214,0,Normal
2020-01-04 00:16:00,28.45,36.75,1423,53.6,95,7.987,8.3,0.0377,5092.0,0.0219,0,Normal
2020-01-04 00:17:00,28.45,36.75,1440,43.4,100,6.545,8.3,0.0301,4340.0,0.0231,0,Normal
2020-01-04 00:18:00,28.45,36.75,1397,43.7,102,6.393,8.3,0.0313,4457.4,0.0235,0,Normal
2020-01-04 00:19:00,28.55,36.75,1524,46.6,104,7.437,8.2,0.0306,4846.4,0.024,0,Normal
2020-01-04 00:20:00,28.55,36.75,1533,40.9,106,6.566,8.2,0.0267,4335.4,0.0244,0,Normal
2020-01-04 00:21:00,28.55,36.65,1398,46.0,109,6.734,8.1,0.0329,5014.0,0.0251,0,Normal
2020-01-04 00:22:00,28.55,36.65,1284,68.2,111,9.17,8.1,0.0531,7570.2,0.0256,1,Heat_Dissipation_Failure
2020-01-04 00:23:00,28.55,36.65,1491,39.3,114,6.136,8.1,0.0264,4480.2,0.0262,0,Normal
2020-01-04 00:24:00,28.65,36.75,1418,51.3,116,7.618,8.1,0.0362,5950.8,0.0267,0,Normal
2020-01-04 00:25:00,28.65,36.65,1546,39.8,121,6.443,8.0,0.0257,4815.8,0.0278,0,Normal
2020-01-04 00:26:00,28.65,36.55,1598,30.4,124,5.087,7.9,0.019,3769.6,0.0285,0,Normal
2020-01-04 00:27:00,28.75,36.65,1724,27.5,126,4.965,7.9,0.016,3465.0,0.029,0,Normal
2020-01-04 00:28:00,28.75,36.65,1507,44.7,131,7.054,7.9,0.0297,5855.7,0.0301,0,Normal
2020-01-04 00:29:00,28.75,36.55,1595,31.4,133,5.245,7.8,0.0197,4176.2,0.0306,0,Normal
2020-01-04 00:30:00,28.75,36.55,1568,37.5,135,6.158,7.8,0.0239,5062.5,0.031,0,Normal
2020-01-04 00:31:00,28.65,36.45,1432,43.7,138,6.553,7.8,0.0305,6030.6,0.0317,0,Normal
2020-01-04 00:32:00,28.75,36.55,1424,42.8,140,6.382,7.8,0.0301,5992.0,0.0322,0,Normal
2020-01-04 00:33:00,28.85,36.55,1386,62.7,142,9.1,7.7,0.0452,8903.4,0.0326,1,Power_Failure
2020-01-04 00:34:00,28.85,36.65,1456,58.1,145,8.859,7.8,0.0399,8424.5,0.0333,0,Normal
2020-01-04 00:35:00,28.85,36.65,1280,57.3,147,7.681,7.8,0.0448,8423.1,0.0337,1,Heat_Dissipation_Failure
2020-01-04 00:36:00,28.85,36.65,1649,31.0,152,5.353,7.8,0.0188,4712.0,0.0349,0,Normal
2020-01-04 00:37:00,28.85,36.75,1407,52.8,154,7.78,7.9,0.0375,8131.2,0.0353,0,Normal
2020-01-04 00:38:00,28.85,36.75,1606,34.5,156,5.802,7.9,0.0215,5382.0,0.0358,0,Normal
2020-01-04 00:39:00,28.95,36.85,1531,38.0,161,6.092,7.9,0.0248,6118.0,0.0369,0,Normal
2020-01-04 00:40:00,28.95,36.95,1543,35.8,164,5.785,8.0,0.0232,5871.2,0.0376,0,Normal
2020-01-04 00:41:00,28.95,36.95,1379,48.2,166,6.96,8.0,0.035,8001.2,0.0381,1,Heat_Dissipation_Failure
2020-01-04 00:42:00,28.95,36.95,1447,46.6,169,7.061,8.0,0.0322,7875.4,0.0387,0,Normal
2020-01-04 00:43:00,28.95,36.95,1844,24.6,171,4.75,8.0,0.0133,4206.6,0.0392,0,Normal
2020-01-04 00:44:00,28.95,36.95,1615,29.9,176,5.057,8.0,0.0185,5262.4,0.0403,0,Normal
2020-01-04 00:45:00,28.85,36.85,1449,48.8,181,7.405,8.0,0.0337,8832.8,0.0415,0,Normal
2020-01-04 00:46:00,28.85,36.75,1388,51.4,183,7.471,7.9,0.037,9406.2,0.0419,0,Normal
2020-01-04 00:47:00,28.85,36.75,1447,42.8,185,6.485,7.9,0.0296,7918.0,0.0424,0,Normal
2020-01-04 00:48:00,28.85,36.85,1664,28.6,190,4.984,8.0,0.0172,5434.0,0.0435,0,Normal
2020-01-04 00:49:00,28.85,36.75,1735,27.2,192,4.942,7.9,0.0157,5222.4,0.0439,0,Normal
2020-01-04 00:50:00,28.85,36.75,1308,57.6,197,7.89,7.9,0.044,11347.2,0.0451,1,Heat_Dissipation_Failure
2020-01-04 00:51:00,28.85,36.65,1480,40.0,199,6.199,7.8,0.027,7960.0,0.0455,0,Normal
2020-01-04 00:52:00,28.75,36.45,1439,41.7,201,6.284,7.7,0.029,8381.7,0.046,0,Normal
2020-01-04 00:53:00,28.75,36.55,1533,35.9,204,5.763,7.8,0.0234,7323.6,0.0466,0,Normal
2020-01-04 00:54:00,28.85,36.55,1551,34.8,207,5.652,7.7,0.0224,7203.6,0.0473,0,Normal
2020-01-04 00:55:00,28.85,36.55,1414,36.3,209,5.375,7.7,0.0257,7586.7,0.0478,0,Normal
2020-01-04 00:56:00,28.75,36.45,1551,34.6,211,5.62,7.7,0.0223,7300.6,0.0482,0,Normal
2020-01-04 00:57:00,28.65,36.45,1436,49.0,214,7.369,7.8,0.0341,10486.0,0.0489,0,Normal
2020-01-04 00:58:00,28.75,36.45,1385,45.8,217,6.643,7.7,0.0331,9938.6,0.0496,0,Normal
2020-01-04 00:59:00,28.65,36.35,1732,30.1,220,5.459,7.7,0.0174,6622.0,0.0502,0,Normal
2020-01-04 01:00:00,28.75,36.45,1410,49.0,223,7.235,7.7,0.0348,10927.0,0.0509,0,Normal
2020-01-04 01:01:00,28.75,36.45,1446,43.2,225,6.542,7.7,0.0299,9720.0,0.0513,0,Normal
2020-01-04 01:02:00,28.65,36.35,1525,39.6,227,6.324,7.7,0.026,8989.2,0.0518,0,Normal
2020-01-04 01:03:00,28.55,36.35,1298,65.5,229,8.903,7.8,0.0505,14999.5,0.0522,1,Heat_Dissipation_Failure
2020-01-04 01:04:00,28.65,36.45,1443,42.7,231,6.452,7.8,0.0296,9863.7,0.0527,0,Normal
2020-01-04 01:05:00,28.65,36.55,1442,45.3,233,6.841,7.9,0.0314,10554.9,0.0531,1,Tool_Wear_Failure
2020-01-04 01:06:00,28.75,36.55,1719,31.9,0,5.742,7.8,0.0186,0.0,0.0,0,Normal
2020-01-04 01:07:00,28.85,36.65,1532,39.4,2,6.321,7.8,0.0257,78.8,0.0005,0,Normal
2020-01-04 01:08:00,28.85,36.65,1701,27.2,4,4.845,7.8,0.016,108.8,0.0009,0,Normal
2020-01-04 01:09:00,28.95,36.85,1355,45.1,6,6.399,7.9,0.0333,270.6,0.0014,1,Heat_Dissipation_Failure
2020-01-04 01:10:00,29.05,36.95,1421,45.4,9,6.756,7.9,0.0319,408.6,0.002,0,Normal
2020-01-04 01:11:00,29.05,36.95,1368,51.6,12,7.392,7.9,0.0377,619.2,0.0027,1,Heat_Dissipation_Failure
2020-01-04 01:12:00,29.05,36.95,1458,45.1,15,6.886,7.9,0.0309,676.5,0.0034,0,Normal
2020-01-04 01:13:00,29.05,36.95,1572,34.6,17,5.696,7.9,0.022,588.2,0.0039,0,Normal
2020-01-04 01:14:00,29.05,36.85,1483,48.7,20,7.563,7.8,0.0328,974.0,0.0046,0,Normal
2020-01-04 01:15:00,29.15,36.95,1513,40.4,22,6.401,7.8,0.0267,888.8,0.005,0,Normal
2020-01-04 01:16:00,29.15,36.95,1383,42.9,24,6.213,7.8,0.031,1029.6,0.0055,0,Normal
2020-01-04 01:17:00,29.25,37.05,1539,37.7,29,6.076,7.8,0.0245,1093.3,0.0066,0,Normal
2020-01-04 01:18:00,29.15,36.95,1563,37.8,31,6.187,7.8,0.0242,1171.8,0.007,0,Normal
2020-01-04 01:19:00,29.15,36.95,1653,29.7,34,5.141,7.8,0.018,1009.8,0.0077,0,Normal
2020-01-04 01:20:00,29.15,36.95,1353,50.9,36,7.212,7.8,0.0376,1832.4,0.0082,1,Heat_Dissipation_Failure
2020-01-04 01:21:00,29.05,36.85,1468,43.6,38,6.703,7.8,0.0297,1656.8,0.0086,0,Normal
2020-01-04 01:22:00,29.15,37.05,1506,33.8,43,5.331,7.9,0.0224,1453.4,0.0098,0,Normal
2020-01-04 01:23:00,29.15,36.95,1388,49.9,48,7.253,7.8,0.036,2395.2,0.0109,0,Normal
2020-01-04 01:24:00,29.25,37.05,1485,45.9,50,7.138,7.8,0.0309,2295.0,0.0114,0,Normal
2020-01-04 01:25:00,29.25,37.05,1331,45.5,53,6.342,7.8,0.0342,2411.5,0.012,1,Heat_Dissipation_Failure
2020-01-04 01:26:00,29.35,37.15,1326,58.5,55,8.123,7.8,0.0441,3217.5,0.0125,1,Heat_Dissipation_Failure
2020-01-04 01:27:00,29.15,37.05,1394,55.4,57,8.087,7.9,0.0397,3157.8,0.0129,0,Normal
2020-01-04 01:28:00,29.25,36.95,2009,18.9,59,3.976,7.7,0.0094,1115.1,0.0134,0,Normal
2020-01-04 01:29:00,29.25,36.95,1358,54.6,61,7.765,7.7,0.0402,3330.6,0.0138,1,Heat_Dissipation_Failure
2020-01-04 01:30:00,29.35,37.05,1586,32.2,64,5.348,7.7,0.0203,2060.8,0.0145,0,Normal
2020-01-04 01:31:00,29.35,37.15,1688,31.6,66,5.586,7.8,0.0187,2085.6,0.015,0,Normal
2020-01-04 01:32:00,29.45,37.35,1450,43.2,68,6.56,7.9,0.0298,2937.6,0.0154,0,Normal
2020-01-04 01:33:00,29.55,37.35,1398,47.3,70,6.925,7.8,0.0338,3311.0,0.0159,0,Normal
2020-01-04 01:34:00,29.55,37.35,1520,39.3,73,6.256,7.8,0.0259,2868.9,0.0165,0,Normal
2020-01-04 01:35:00,29.45,37.25,1514,42.7,75,6.77,7.8,0.0282,3202.5,0.017,0,Normal
2020-01-04 01:36:00,29.45,37.25,1532,36.1,77,5.792,7.8,0.0236,2779.7,0.0174,0,Normal
2020-01-04 01:37:00,29.45,37.25,1365,66.8,80,9.549,7.8,0.0489,5344.0,0.0181,1,Heat_Dissipation_Failure
2020-01-04 01:38:00,29.45,37.15,1642,33.2,82,5.709,7.7,0.0202,2722.4,0.0186,0,Normal
2020-01-04 01:39:00,29.45,37.05,2676,10.8,84,3.026,7.6,0.004,907.2,0.019,1,Power_Failure
2020-01-04 01:40:00,29.45,37.05,1873,21.3,87,4.178,7.6,0.0114,1853.1,0.0197,0,Normal
2020-01-04 01:41:00,29.45,37.05,1325,62.4,92,8.658,7.6,0.0471,5740.8,0.0208,1,Heat_Dissipation_Failure
2020-01-04 01:42:00,29.45,37.05,2157,17.2,94,3.885,7.6,0.008,1616.8,0.0213,0,Normal
2020-01-04 01:43:00,29.45,37.05,1563,39.0,97,6.383,7.6,0.025,3783.0,0.0219,0,Normal
2020-01-04 01:44:00,29.45,37.05,1631,31.0,100,5.295,7.6,0.019,3100.0,0.0226,0,Normal
2020-01-04 01:45:00,29.35,37.05,1547,36.9,103,5.978,7.7,0.0239,3800.7,0.0233,0,Normal
2020-01-04 01:46:00,29.45,37.15,1479,40.4,105,6.257,7.7,0.0273,4242.0,0.0237,0,Normal
2020-01-04 01:47:00,29.25,36.95,1379,48.9,107,7.062,7.7,0.0355,5232.3,0.0242,1,Heat_Dissipation_Failure
2020-01-04 01:48:00,29.25,36.95,1906,21.2,110,4.231,7.7,0.0111,2332.0,0.0248,0,Normal
2020-01-04 01:49:00,29.15,36.95,1731,33.4,112,6.054,7.8,0.0193,3740.8,0.0253,0,Normal
2020-01-04 01:50:00,29.15,36.95,1688,30.4,115,5.374,7.8,0.018,3496.0,0.026,0,Normal
2020-01-04 01:51:00,29.15,37.05,1443,54.6,120,8.251,7.9,0.0378,6552.0,0.0271,0,Normal
2020-01-04 01:52:00,29.25,37.05,1445,46.4,125,7.021,7.8,0.0321,5800.0,0.0282,0,Normal
2020-01-04 01:53:00,29.25,37.05,1435,44.9,127,6.747,7.8,0.0313,5702.3,0.0286,0,Normal
2020-01-04 01:54:00,29.25,36.95,1556,32.9,132,5.361,7.7,0.0211,4342.8,0.0298,0,Normal
2020-01-04 01:55:00,29.15,36.95,1321,52.7,134,7.29,7.8,0.0399,7061.8,0.0302,1,Heat_Dissipation_Failure
2020-01-04 01:56:00,29.25,36.95,1577,35.8,136,5.912,7.7,0.0227,4868.8,0.0307,0,Normal
2020-01-04 01:57:00,29.25,37.05,1578,31.2,139,5.156,7.8,0.0198,4336.8,0.0313,0,Normal
2020-01-04 01:58:00,29.25,36.95,1418,52.3,141,7.766,7.7,0.0369,7374.3,0.0318,0,Normal
2020-01-04 01:59:00,29.25,37.05,1392,55.8,143,8.134,7.8,0.0401,7979.4,0.0322,0,Normal
2020-01-04 02:00:00,29.35,37.15,1446,44.0,146,6.663,7.8,0.0304,6424.0,0.0329,0,Normal
2020-01-04 02:01:00,29.35,37.05,1329,50.6,148,7.042,7.7,0.0381,7488.8,0.0333,1,Heat_Dissipation_Failure
2020-01-04 02:02:00,29.35,37.05,1563,34.8,150,5.696,7.7,0.0223,5220.0,0.0338,0,Normal
2020-01-04 02:03:00,29.35,37.15,1405,57.4,152,8.445,7.8,0.0409,8724.8,0.0342,0,Normal
2020-01-04 02:04:00,29.25,37.05,2224,16.0,154,3.726,7.8,0.0072,2464.0,0.0346,0,Normal
2020-01-04 02:05:00,29.35,37.05,1716,29.9,156,5.373,7.7,0.0174,4664.4,0.0351,0,Normal
2020-01-04 02:06:00,29.35,37.15,1584,35.5,158,5.889,7.8,0.0224,5609.0,0.0355,0,Normal
2020-01-04 02:07:00,29.35,37.15,1488,41.8,160,6.513,7.8,0.0281,6688.0,0.036,0,Normal
2020-01-04 02:08:00,29.25,37.15,1374,51.2,163,7.367,7.9,0.0373,8345.6,0.0366,1,Heat_Dissipation_Failure
2020-01-04 02:09:00,29.25,37.15,1378,54.3,165,7.836,7.9,0.0394,8959.5,0.0371,1,Heat_Dissipation_Failure
2020-01-04 02:10:00,29.35,37.15,1551,37.3,168,6.058,7.8,0.024,6266.4,0.0377,0,Normal
2020-01-04 02:11:00,29.35,37.15,1549,40.9,170,6.634,7.8,0.0264,6953.0,0.0382,0,Normal
2020-01-04 02:12:00,29.35,37.15,1447,39.2,172,5.94,7.8,0.0271,6742.4,0.0386,0,Normal
2020-01-04 02:13:00,29.25,37.05,1400,53.7,175,7.873,7.8,0.0384,9397.5,0.0393,0,Normal
2020-01-04 02:14:00,29.25,36.95,1401,48.8,177,7.16,7.7,0.0348,8637.6,0.0397,0,Normal
2020-01-04 02:15:00,29.25,36.95,1597,28.9,179,4.833,7.7,0.0181,5173.1,0.0402,0,Normal
2020-01-04 02:16:00,29.15,36.95,1487,46.0,184,7.163,7.8,0.0309,8464.0,0.0413,0,Normal
2020-01-04 02:17:00,29.35,37.15,1710,27.3,186,4.889,7.8,0.016,5077.8,0.0417,0,Normal
2020-01-04 02:18:00,29.45,37.25,1478,47.7,189,7.383,7.8,0.0323,9015.3,0.0424,0,Normal
2020-01-04 02:19:00,29.45,37.25,1743,26.3,191,4.8,7.8,0.0151,5023.3,0.0428,0,Normal
2020-01-04 02:20:00,29.45,37.35,1596,32.8,193,5.482,7.9,0.0206,6330.4,0.0433,0,Normal
2020-01-04 02:21:00,29.55,37.35,1642,30.8,195,5.296,7.8,0.0188,6006.0,0.0437,0,Normal
2020-01-04 02:22:00,29.55,37.35,1263,67.8,197,8.967,7.8,0.0537,13356.6,0.0441,1,Heat_Dissipation_Failure
2020-01-04 02:23:00,29.65,37.45,2016,19.9,199,4.201,7.8,0.0099,3960.1,0.0446,0,Normal
2020-01-04 02:24:00,29.65,37.45,1671,30.5,201,5.337,7.8,0.0183,6130.5,0.045,0,Normal
2020-01-04 02:25:00,29.65,37.45,1404,43.2,203,6.352,7.8,0.0308,8769.6,0.0455,0,Normal
2020-01-04 02:26:00,29.65,37.45,1470,41.1,205,6.327,7.8,0.028,8425.5,0.0459,0,Normal
2020-01-04 02:27:00,29.65,37.45,1617,37.9,207,6.418,7.8,0.0234,7845.3,0.0463,0,Normal
2020-01-04 02:28:00,29.55,37.35,1725,29.0,209,5.239,7.8,0.0168,6061.0,0.0468,0,Normal
2020-01-04 02:29:00,29.55,37.35,1446,40.9,211,6.193,7.8,0.0283,8629.9,0.0472,1,Tool_Wear_Failure
2020-01-04 02:30:00,29.55,37.45,1564,34.3,0,5.618,7.9,0.0219,0.0,0.0,0,Normal
2020-01-04 02:31:00,29.65,37.45,1670,29.1,2,5.089,7.8,0.0174,58.2,0.0004,0,Normal
2020-01-04 02:32:00,29.55,37.45,1501,48.7,4,7.655,7.9,0.0324,194.8,0.0009,0,Normal
2020-01-04 02:33:00,29.55,37.35,1551,35.9,6,5.831,7.8,0.0231,215.4,0.0013,0,Normal
2020-01-04 02:34:00,29.55,37.35,1563,35.0,8,5.729,7.8,0.0224,280.0,0.0018,0,Normal
2020-01-04 02:35:00,29.55,37.35,1351,41.8,10,5.914,7.8,0.0309,418.0,0.0022,1,Heat_Dissipation_Failure
2020-01-04 02:36:00,29.45,37.25,1415,52.1,12,7.72,7.8,0.0368,625.2,0.0027,0,Normal
2020-01-04 02:37:00,29.45,37.15,1647,34.2,14,5.899,7.7,0.0208,478.8,0.0031,0,Normal
2020-01-04 02:38:00,29.35,37.05,1477,41.6,16,6.434,7.7,0.0282,665.6,0.0036,0,Normal
2020-01-04 02:39:00,29.45,37.05,1923,21.5,18,4.33,7.6,0.0112,387.0,0.004,0,Normal
2020-01-04 02:40:00,29.55,37.25,1305,55.2,20,7.544,7.7,0.0423,1104.0,0.0045,1,Heat_Dissipation_Failure
2020-01-04 02:41:00,29.45,37.25,1544,35.1,25,5.675,7.8,0.0227,877.5,0.0056,0,Normal
2020-01-04 02:42:00,29.55,37.35,1568,36.9,28,6.059,7.8,0.0235,1033.2,0.0062,0,Normal
2020-01-04 02:43:00,29.55,37.25,1489,42.7,33,6.658,7.7,0.0287,1409.1,0.0074,0,Normal
2020-01-04 02:44:00,29.45,37.25,1451,43.1,35,6.549,7.8,0.0297,1508.5,0.0078,0,Normal
2020-01-04 02:45:00,29.55,37.25,1542,35.7,38,5.765,7.7,0.0232,1356.6,0.0085,0,Normal
2020-01-04 02:46:00,29.45,37.35,1965,20.2,40,4.157,7.9,0.0103,808.0,0.0089,0,Normal
2020-01-04 02:47:00,29.35,37.35,1436,36.5,43,5.489,8.0,0.0254,1569.5,0.0096,0,Normal
2020-01-04 02:48:00,29.35,37.25,1509,37.6,45,5.942,7.9,0.0249,1692.0,0.01,0,Normal
2020-01-04 02:49:00,29.35,37.25,1487,40.2,48,6.26,7.9,0.027,1929.6,0.0107,0,Normal
2020-01-04 02:50:00,29.35,37.25,1967,20.3,50,4.181,7.9,0.0103,1015.0,0.0111,0,Normal
2020-01-04 02:51:00,29.45,37.25,1409,53.3,52,7.864,7.8,0.0378,2771.6,0.0116,0,Normal
2020-01-04 02:52:00,29.45,37.35,1420,56.4,57,8.387,7.9,0.0397,3214.8,0.0127,0,Normal
2020-01-04 02:53:00,29.55,37.35,1511,37.7,60,5.965,7.8,0.025,2262.0,0.0134,0,Normal
2020-01-04 02:54:00,29.45,37.25,1649,30.1,62,5.198,7.8,0.0183,1866.2,0.0138,0,Normal
2020-01-04 02:55:00,29.45,37.25,1359,57.2,67,8.14,7.8,0.0421,3832.4,0.0149,1,Heat_Dissipation_Failure
2020-01-04 02:56:00,29.35,37.25,1605,36.0,69,6.051,7.9,0.0224,2484.0,0.0153,0,Normal
2020-01-04 02:57:00,29.35,37.15,1523,36.0,72,5.742,7.8,0.0236,2592.0,0.016,0,Normal
2020-01-04 02:58:00,29.45,37.25,1614,36.0,74,6.085,7.8,0.0223,2664.0,0.0164,0,Normal
2020-01-04 02:59:00,29.45,37.15,1721,27.4,79,4.938,7.7,0.0159,2164.6,0.0176,0,Normal
2020-01-04 03:00:00,29.45,37.25,1638,36.2,84,6.209,7.8,0.0221,3040.8,0.0187,0,Normal
2020-01-04 03:01:00,29.35,37.05,1307,54.0,86,7.391,7.7,0.0413,4644.0,0.0191,1,Heat_Dissipation_Failure
2020-01-04 03:02:00,29.25,37.05,1642,28.3,88,4.866,7.8,0.0172,2490.4,0.0195,0,Normal
2020-01-04 03:03:00,29.35,37.05,1751,30.5,90,5.593,7.7,0.0174,2745.0,0.02,0,Normal
2020-01-04 03:04:00,29.25,36.95,1645,31.6,93,5.444,7.7,0.0192,2938.8,0.0206,0,Normal
2020-01-04 03:05:00,29.25,36.95,1426,46.8,95,6.989,7.7,0.0328,4446.0,0.0211,0,Normal
2020-01-04 03:06:00,29.25,36.95,1520,36.6,97,5.826,7.7,0.0241,3550.2,0.0215,0,Normal
2020-01-04 03:07:00,29.25,36.95,1709,31.8,100,5.691,7.7,0.0186,3180.0,0.0222,0,Normal
2020-01-04 03:08:00,29.25,36.85,1426,46.6,102,6.959,7.6,0.0327,4753.2,0.0226,0,Normal
2020-01-04 03:09:00,29.25,36.95,1429,43.7,104,6.539,7.7,0.0306,4544.8,0.0231,0,Normal
2020-01-04 03:10:00,29.25,37.05,1346,62.4,106,8.795,7.8,0.0464,6614.4,0.0235,1,Heat_Dissipation_Failure
2020-01-04 03:11:00,29.35,37.05,1454,43.0,108,6.547,7.7,0.0296,4644.0,0.0239,0,Normal
2020-01-04 03:12:00,29.35,37.15,1411,49.5,110,7.314,7.8,0.0351,5445.0,0.0244,0,Normal
2020-01-04 03:13:00,29.25,37.15,1900,24.4,113,4.855,7.9,0.0128,2757.2,0.025,0,Normal
2020-01-04 03:14:00,29.25,37.15,1479,36.2,115,5.607,7.9,0.0245,4163.0,0.0255,0,Normal
2020-01-04 03:15:00,29.35,37.25,1415,48.2,117,7.142,7.9,0.0341,5639.4,0.0259,0,Normal
2020-01-04 03:16:00,29.35,37.15,1539,39.0,119,6.285,7.8,0.0253,4641.0,0.0263,0,Normal
2020-01-04 03:17:00,29.25,37.15,1520,31.6,121,5.03,7.9,0.0208,3823.6,0.0268,0,Normal
2020-01-04 03:18:00,29.25,37.15,1480,45.8,123,7.098,7.9,0.0309,5633.4,0.0272,0,Normal
2020-01-04 03:19:00,29.25,37.25,1666,29.7,125,5.182,8.0,0.0178,3712.5,0.0277,0,Normal
2020-01-04 03:20:00,29.25,37.25,1456,47.6,127,7.258,8.0,0.0327,6045.2,0.0281,0,Normal
2020-01-04 03:21:00,29.25,37.25,1865,23.9,129,4.668,8.0,0.0128,3083.1,0.0285,0,Normal
2020-01-04 03:22:00,29.35,37.35,1918,21.6,131,4.338,8.0,0.0113,2829.6,0.029,0,Normal
2020-01-04 03:23:00,29.35,37.25,1488,48.4,134,7.542,7.9,0.0325,6485.6,0.0296,0,Normal
2020-01-04 03:24:00,29.35,37.35,1527,38.8,136,6.204,8.0,0.0254,5276.8,0.0301,0,Normal
2020-01-04 03:25:00,29.25,37.25,1463,42.2,139,6.465,8.0,0.0288,5865.8,0.0307,0,Normal
2020-01-04 03:26:00,29.25,37.25,1521,38.5,142,6.132,8.0,0.0253,5467.0,0.0314,0,Normal
2020-01-04 03:27:00,29.25,37.35,1372,45.7,144,6.566,8.1,0.0333,6580.8,0.0318,1,Heat_Dissipation_Failure
2020-01-04 03:28:00,29.35,37.35,1507,39.5,147,6.234,8.0,0.0262,5806.5,0.0325,0,Normal
2020-01-04 03:29:00,29.25,37.25,1586,34.3,149,5.697,8.0,0.0216,5110.7,0.0329,0,Normal
2020-01-04 03:30:00,29.35,37.25,1487,42.0,152,6.54,7.9,0.0282,6384.0,0.0335,0,Normal
2020-01-04 03:31:00,29.35,37.35,1520,41.2,154,6.558,8.0,0.0271,6344.8,0.034,0,Normal
2020-01-04 03:32:00,29.35,37.25,1422,41.9,156,6.239,7.9,0.0295,6536.4,0.0344,0,Normal
2020-01-04 03:33:00,29.25,37.15,1375,52.5,161,7.559,7.9,0.0382,8452.5,0.0355,1,Heat_Dissipation_Failure
2020-01-04 03:34:00,29.25,37.05,1633,28.0,164,4.788,7.8,0.0171,4592.0,0.0362,0,Normal
2020-01-04 03:35:00,29.25,37.05,1503,36.2,166,5.698,7.8,0.0241,6009.2,0.0366,0,Normal
2020-01-04 03:36:00,29.25,37.05,1351,45.1,168,6.381,7.8,0.0334,7576.8,0.037,1,Heat_Dissipation_Failure
2020-01-04 03:37:00,29.15,37.05,1548,35.3,170,5.722,7.9,0.0228,6001.0,0.0375,0,Normal
2020-01-04 03:38:00,29.25,37.15,1923,23.3,172,4.692,7.9,0.0121,4007.6,0.0379,0,Normal
2020-01-04 03:39:00,29.35,37.15,1592,32.6,174,5.435,7.8,0.0205,5672.4,0.0383,0,Normal
2020-01-04 03:40:00,29.35,37.25,1580,35.6,176,5.89,7.9,0.0225,6265.6,0.0388,0,Normal
2020-01-04 03:41:00,29.35,37.25,1427,46.8,179,6.994,7.9,0.0328,8377.2,0.0394,0,Normal
2020-01-04 03:42:00,29.35,37.25,1581,32.7,181,5.414,7.9,0.0207,5918.7,0.0398,0,Normal
2020-01-04 03:43:00,29.45,37.35,1542,39.9,184,6.443,7.9,0.0259,7341.6,0.0405,0,Normal
2020-01-04 03:44:00,29.35,37.25,1349,55.1,187,7.784,7.9,0.0408,10303.7,0.0411,1,Heat_Dissipation_Failure
2020-01-04 03:45:00,29.35,37.35,1463,43.0,189,6.588,8.0,0.0294,8127.0,0.0416,0,Normal
2020-01-04 03:46:00,29.35,37.25,1429,43.2,191,6.465,7.9,0.0302,8251.2,0.042,0,Normal
2020-01-04 03:47:00,29.35,37.25,1451,53.6,194,8.144,7.9,0.0369,10398.4,0.0427,0,Normal
2020-01-04 03:48:00,29.45,37.35,1511,37.2,197,5.886,7.9,0.0246,7328.4,0.0433,0,Normal
2020-01-04 03:49:00,29.45,37.45,1549,37.5,199,6.083,8.0,0.0242,7462.5,0.0437,0,Normal
2020-01-04 03:50:00,29.35,37.35,1507,40.2,201,6.344,8.0,0.0267,8080.2,0.0442,0,Normal
2020-01-04 03:51:00,29.45,37.35,1524,33.7,204,5.378,7.9,0.0221,6874.8,0.0448,0,Normal
2020-01-04 03:52:00,29.55,37.35,1880,22.7,207,4.469,7.8,0.0121,4698.9,0.0455,0,Normal
2020-01-04 03:53:00,29.45,37.35,1461,45.4,0,6.946,7.9,0.0311,0.0,0.0,0,Normal
2020-01-04 03:54:00,29.45,37.35,1748,28.2,2,5.162,7.9,0.0161,56.4,0.0004,0,Normal
2020-01-04 03:55:00,29.55,37.45,1690,26.7,4,4.725,7.9,0.0158,106.8,0.0009,0,Normal
2020-01-04 03:56:00,29.55,37.45,1349,51.2,6,7.233,7.9,0.038,307.2,0.0013,1,Heat_Dissipation_Failure
2020-01-04 03:57:00,29.55,37.45,1686,26.3,9,4.643,7.9,0.0156,236.7,0.002,0,Normal
2020-01-04 03:58:00,29.55,37.55,1369,47.5,11,6.81,8.0,0.0347,522.5,0.0024,1,Heat_Dissipation_Failure
2020-01-04 03:59:00,29.55,37.55,1433,43.7,13,6.558,8.0,0.0305,568.1,0.0029,0,Normal
2020-01-04 04:00:00,29.55,37.55,1597,41.9,15,7.007,8.0,0.0262,628.5,0.0033,0,Normal
2020-01-04 04:01:00,29.75,37.65,1610,32.2,17,5.429,7.9,0.02,547.4,0.0037,0,Normal
2020-01-04 04:02:00,29.55,37.55,1398,57.7,19,8.447,8.0,0.0413,1096.3,0.0042,0,Normal
2020-01-04 04:03:00,29.55,37.55,1977,20.0,21,4.141,8.0,0.0101,420.0,0.0046,0,Normal
2020-01-04 04:04:00,29.65,37.65,1516,39.5,23,6.271,8.0,0.0261,908.5,0.005,0,Normal
2020-01-04 04:05:00,29.55,37.65,1275,55.0,25,7.343,8.1,0.0431,1375.0,0.0055,1,Heat_Dissipation_Failure
2020-01-04 04:06:00,29.65,37.65,1402,50.5,30,7.414,8.0,0.036,1515.0,0.0066,0,Normal
2020-01-04 04:07:00,29.65,37.65,1451,44.7,32,6.792,8.0,0.0308,1430.4,0.007,0,Normal
2020-01-04 04:08:00,29.55,37.65,1555,36.1,35,5.878,8.1,0.0232,1263.5,0.0077,0,Normal
2020-01-04 04:09:00,29.65,37.75,1636,35.0,38,5.996,8.1,0.0214,1330.0,0.0083,0,Normal
2020-01-04 04:10:00,29.65,37.75,1312,52.2,40,7.172,8.1,0.0398,2088.0,0.0088,1,Heat_Dissipation_Failure
2020-01-04 04:11:00,29.65,37.75,1708,29.8,42,5.33,8.1,0.0174,1251.6,0.0092,0,Normal
2020-01-04 04:12:00,29.75,37.85,1556,36.5,44,5.947,8.1,0.0235,1606.0,0.0096,0,Normal
2020-01-04 04:13:00,29.65,37.85,1436,43.5,47,6.541,8.2,0.0303,2044.5,0.0103,0,Normal
2020-01-04 04:14:00,29.75,37.85,1402,40.7,52,5.975,8.1,0.029,2116.4,0.0114,0,Normal
2020-01-04 04:15:00,29.75,37.85,1437,49.9,55,7.509,8.1,0.0347,2744.5,0.012,0,Normal
2020-01-04 04:16:00,29.75,37.95,1926,21.8,58,4.397,8.2,0.0113,1264.4,0.0127,0,Normal
2020-01-04 04:17:00,29.85,38.05,1800,23.7,61,4.467,8.2,0.0132,1445.7,0.0133,0,Normal
2020-01-04 04:18:00,29.85,38.05,1641,32.6,63,5.602,8.2,0.0199,2053.8,0.0138,0,Normal
2020-01-04 04:19:00,29.85,38.05,1374,48.2,65,6.935,8.2,0.0351,3133.0,0.0142,1,Heat_Dissipation_Failure
2020-01-04 04:20:00,29.85,38.05,1494,37.0,67,5.789,8.2,0.0248,2479.0,0.0146,0,Normal
2020-01-04 04:21:00,29.85,38.05,1601,32.9,69,5.516,8.2,0.0205,2270.1,0.0151,0,Normal
2020-01-04 04:22:00,29.75,38.05,1634,36.9,71,6.314,8.3,0.0226,2619.9,0.0155,0,Normal
2020-01-04 04:23:00,29.75,38.05,1467,37.7,73,5.792,8.3,0.0257,2752.1,0.0159,0,Normal
2020-01-04 04:24:00,29.65,37.95,1550,32.3,76,5.243,8.3,0.0208,2454.8,0.0166,0,Normal
2020-01-04 04:25:00,29.65,37.95,1563,32.2,78,5.27,8.3,0.0206,2511.6,0.017,0,Normal
2020-01-04 04:26:00,29.55,37.75,1395,48.3,80,7.056,8.2,0.0346,3864.0,0.0174,0,Normal
2020-01-04 04:27:00,29.65,37.85,1507,33.4,82,5.271,8.2,0.0222,2738.8,0.0179,0,Normal
2020-01-04 04:28:00,29.65,37.85,1564,38.5,85,6.306,8.2,0.0246,3272.5,0.0185,0,Normal
2020-01-04 04:29:00,29.65,37.95,1721,30.0,87,5.407,8.3,0.0174,2610.0,0.019,0,Normal
2020-01-04 04:30:00,29.65,37.95,1456,36.1,89,5.504,8.3,0.0248,3212.9,0.0194,0,Normal
2020-01-04 04:31:00,29.75,38.05,2102,17.8,91,3.918,8.3,0.0085,1619.8,0.0198,0,Normal
2020-01-04 04:32:00,29.75,37.95,1555,33.9,96,5.52,8.2,0.0218,3254.4,0.0209,0,Normal
2020-01-04 04:33:00,29.85,38.05,1409,41.9,98,6.182,8.2,0.0297,4106.2,0.0213,0,Normal
2020-01-04 04:34:00,29.85,38.05,1387,41.4,100,6.013,8.2,0.0298,4140.0,0.0218,0,Normal
2020-01-04 04:35:00,29.85,38.05,1460,43.9,103,6.712,8.2,0.0301,4521.7,0.0224,0,Normal
2020-01-04 04:36:00,29.85,38.05,1361,47.6,106,6.784,8.2,0.035,5045.6,0.0231,1,Heat_Dissipation_Failure
2020-01-04 04:37:00,29.85,37.95,1490,43.0,108,6.709,8.1,0.0289,4644.0,0.0235,0,Normal
2020-01-04 04:38:00,29.95,38.05,1399,49.2,111,7.208,8.1,0.0352,5461.2,0.0241,0,Normal
2020-01-04 04:39:00,29.95,37.95,1420,55.8,113,8.298,8.0,0.0393,6305.4,0.0246,0,Normal
2020-01-04 04:40:00,29.85,37.85,1359,44.2,115,6.29,8.0,0.0325,5083.0,0.025,1,Heat_Dissipation_Failure
2020-01-04 04:41:00,29.85,37.95,1372,54.3,117,7.802,8.1,0.0396,6353.1,0.0254,1,Heat_Dissipation_Failure
2020-01-04 04:42:00,29.85,37.85,1409,41.7,120,6.153,8.0,0.0296,5004.0,0.0261,0,Normal
2020-01-04 04:43:00,29.75,37.85,1452,58.3,123,8.865,8.1,0.0402,7170.9,0.0267,0,Normal
2020-01-04 04:44:00,29.75,37.85,1820,24.6,128,4.689,8.1,0.0135,3148.8,0.0278,0,Normal
2020-01-04 04:45:00,29.75,37.85,1469,48.7,130,7.492,8.1,0.0332,6331.0,0.0282,0,Normal
2020-01-04 04:46:00,29.75,37.95,1556,45.3,135,7.381,8.2,0.0291,6115.5,0.0293,0,Normal
2020-01-04 04:47:00,29.85,37.95,1980,20.2,137,4.188,8.1,0.0102,2767.4,0.0297,0,Normal
2020-01-04 04:48:00,29.85,38.05,1519,38.0,139,6.045,8.2,0.025,5282.0,0.0302,0,Normal
2020-01-04 04:49:00,29.85,38.05,1456,44.0,142,6.709,8.2,0.0302,6248.0,0.0308,0,Normal
2020-01-04 04:50:00,29.95,38.05,1394,45.3,144,6.613,8.1,0.0325,6523.2,0.0312,0,Normal
2020-01-04 04:51:00,29.85,38.15,1365,56.2,146,8.033,8.3,0.0412,8205.2,0.0317,1,Heat_Dissipation_Failure
2020-01-04 04:52:00,29.85,38.15,2194,16.5,148,3.791,8.3,0.0075,2442.0,0.0321,0,Normal
2020-01-04 04:53:00,29.95,38.15,1403,55.6,150,8.169,8.2,0.0396,8340.0,0.0325,0,Normal
2020-01-04 04:54:00,29.85,38.05,1503,37.0,152,5.824,8.2,0.0246,5624.0,0.0329,0,Normal
2020-01-04 04:55:00,29.85,38.15,1793,29.3,157,5.501,8.3,0.0163,4600.1,0.034,0,Normal
2020-01-04 04:56:00,29.95,38.25,1829,24.5,159,4.693,8.3,0.0134,3895.5,0.0344,0,Normal
2020-01-04 04:57:00,29.95,38.25,1831,23.3,161,4.468,8.3,0.0127,3751.3,0.0349,0,Normal
2020-01-04 04:58:00,29.85,38.15,1335,53.6,164,7.493,8.3,0.0401,8790.4,0.0355,1,Heat_Dissipation_Failure
2020-01-04 04:59:00,29.95,38.15,2056,19.7,167,4.241,8.2,0.0096,3289.9,0.0361,0,Normal
2020-01-04 05:00:00,29.95,38.15,1336,52.6,172,7.359,8.2,0.0394,9047.2,0.0372,1,Heat_Dissipation_Failure
2020-01-04 05:01:00,29.85,38.05,1341,51.0,174,7.162,8.2,0.038,8874.0,0.0376,1,Heat_Dissipation_Failure
2020-01-04 05:02:00,29.85,37.95,1526,37.3,176,5.961,8.1,0.0244,6564.8,0.0381,0,Normal
2020-01-04 05:03:00,29.85,37.95,1525,40.7,179,6.5,8.1,0.0267,7285.3,0.0387,0,Normal
2020-01-04 05:04:00,29.85,37.95,1428,39.8,181,5.952,8.1,0.0279,7203.8,0.0391,0,Normal
2020-01-04 05:05:00,29.85,38.05,1511,45.7,184,7.231,8.2,0.0302,8408.8,0.0398,0,Normal
2020-01-04 05:06:00,29.85,38.05,1664,29.8,186,5.193,8.2,0.0179,5542.8,0.0402,0,Normal
2020-01-04 05:07:00,29.85,38.05,1592,38.9,188,6.485,8.2,0.0244,7313.2,0.0406,0,Normal
2020-01-04 05:08:00,29.85,37.95,1597,36.7,191,6.138,8.1,0.023,7009.7,0.0413,0,Normal
2020-01-04 05:09:00,29.85,38.05,1735,26.1,194,4.742,8.2,0.015,5063.4,0.0419,0,Normal
2020-01-04 05:10:00,29.75,38.05,1751,23.8,196,4.364,8.3,0.0136,4664.8,0.0423,0,Normal
2020-01-04 05:11:00,29.85,38.05,1383,44.6,198,6.459,8.2,0.0322,8830.8,0.0427,0,Normal
2020-01-04 05:12:00,29.75,38.05,1330,53.7,200,7.479,8.3,0.0404,10740.0,0.0432,1,Heat_Dissipation_Failure
2020-01-04 05:13:00,29.85,38.05,1382,50.5,203,7.308,8.2,0.0365,10251.5,0.0438,0,Normal
2020-01-04 05:14:00,29.85,38.05,1755,30.4,205,5.587,8.2,0.0173,6232.0,0.0442,0,Normal
2020-01-04 05:15:00,29.85,38.05,1614,35.7,207,6.034,8.2,0.0221,7389.9,0.0447,0,Normal
2020-01-04 05:16:00,29.85,38.15,1466,43.0,210,6.601,8.3,0.0293,9030.0,0.0453,0,Normal
2020-01-04 05:17:00,29.95,38.15,1847,24.7,212,4.777,8.2,0.0134,5236.4,0.0457,0,Normal
2020-01-04 05:18:00,29.95,38.15,1474,34.8,215,5.372,8.2,0.0236,7482.0,0.0463,0,Normal
2020-01-04 05:19:00,29.95,38.15,1657,31.8,217,5.518,8.2,0.0192,6900.6,0.0468,0,Normal
2020-01-04 05:20:00,29.95,38.05,1435,40.1,219,6.026,8.1,0.0279,8781.9,0.0472,0,Normal
2020-01-04 05:21:00,29.95,38.15,1494,42.7,221,6.68,8.2,0.0286,9436.7,0.0476,0,Normal
2020-01-04 05:22:00,30.05,38.25,1238,54.6,226,7.079,8.2,0.0441,12339.6,0.0487,1,Heat_Dissipation_Failure
2020-01-04 05:23:00,30.05,38.25,1324,54.2,228,7.515,8.2,0.0409,12357.6,0.0491,1,Heat_Dissipation_Failure
2020-01-04 05:24:00,30.05,38.25,1514,41.2,230,6.532,8.2,0.0272,9476.0,0.0495,0,Normal
2020-01-04 05:25:00,30.15,38.25,1732,25.6,232,4.643,8.1,0.0148,5939.2,0.0499,0,Normal
2020-01-04 05:26:00,30.15,38.25,1497,46.0,234,7.211,8.1,0.0307,10764.0,0.0504,1,Tool_Wear_Failure
2020-01-04 05:27:00,30.15,38.25,1958,21.5,0,4.408,8.1,0.011,0.0,0.0,0,Normal
2020-01-04 05:28:00,30.15,38.25,1630,32.5,2,5.548,8.1,0.0199,65.0,0.0004,0,Normal
2020-01-04 05:29:00,30.15,38.25,1395,59.1,4,8.634,8.1,0.0424,236.4,0.0009,0,Normal
2020-01-04 05:30:00,30.15,38.25,1658,30.5,7,5.296,8.1,0.0184,213.5,0.0015,0,Normal
2020-01-04 05:31:00,30.05,38.25,1349,51.1,9,7.219,8.2,0.0379,459.9,0.0019,1,Heat_Dissipation_Failure
2020-01-04 05:32:00,29.95,38.05,1452,52.9,11,8.044,8.1,0.0364,581.9,0.0024,0,Normal
2020-01-04 05:33:00,29.95,37.95,1594,35.5,13,5.926,8.0,0.0223,461.5,0.0028,0,Normal
2020-01-04 05:34:00,29.95,37.85,1510,47.6,16,7.527,7.9,0.0315,761.6,0.0034,0,Normal
2020-01-04 05:35:00,29.95,37.95,1854,22.6,19,4.388,8.0,0.0122,429.4,0.0041,0,Normal
2020-01-04 05:36:00,29.95,38.05,1626,32.3,21,5.5,8.1,0.0199,678.3,0.0045,0,Normal
2020-01-04 05:37:00,29.95,38.05,1628,35.2,23,6.001,8.1,0.0216,809.6,0.0049,0,Normal
2020-01-04 05:38:00,29.95,38.05,1679,34.8,25,6.119,8.1,0.0207,870.0,0.0054,0,Normal
2020-01-04 05:39:00,29.95,38.05,1489,44.5,27,6.939,8.1,0.0299,1201.5,0.0058,0,Normal
2020-01-04 05:40:00,30.05,38.05,1439,43.9,30,6.615,8.0,0.0305,1317.0,0.0064,0,Normal
2020-01-04 05:41:00,30.15,38.15,1350,48.1,32,6.8,8.0,0.0356,1539.2,0.0069,1,Heat_Dissipation_Failure
2020-01-04 05:42:00,30.15,38.05,1607,31.7,34,5.335,7.9,0.0197,1077.8,0.0073,0,Normal
2020-01-04 05:43:00,30.15,38.15,1389,53.9,39,7.84,8.0,0.0388,2102.1,0.0084,0,Normal
2020-01-04 05:44:00,30.15,38.15,1566,46.1,41,7.56,8.0,0.0294,1890.1,0.0088,0,Normal
2020-01-04 05:45:00,30.25,38.25,1307,54.0,44,7.391,8.0,0.0413,2376.0,0.0094,1,Heat_Dissipation_Failure
2020-01-04 05:46:00,30.15,38.35,1569,36.6,47,6.014,8.2,0.0233,1720.2,0.0101,0,Normal
2020-01-04 05:47:00,30.15,38.25,1651,30.6,50,5.291,8.1,0.0185,1530.0,0.0107,0,Normal
2020-01-04 05:48:00,30.15,38.25,1692,27.9,55,4.943,8.1,0.0165,1534.5,0.0118,0,Normal
2020-01-04 05:49:00,30.15,38.35,1373,47.3,60,6.801,8.2,0.0345,2838.0,0.0128,1,Heat_Dissipation_Failure
2020-01-04 05:50:00,30.05,38.25,1610,35.5,63,5.985,8.2,0.022,2236.5,0.0135,0,Normal
2020-01-04 05:51:00,30.15,38.25,1511,43.4,65,6.867,8.1,0.0287,2821.0,0.0139,0,Normal
2020-01-04 05:52:00,30.15,38.35,1412,55.6,67,8.221,8.2,0.0394,3725.2,0.0143,0,Normal
2020-01-04 05:53:00,30.25,38.35,1501,36.2,69,5.69,8.1,0.0241,2497.8,0.0148,0,Normal
2020-01-04 05:54:00,30.25,38.35,1414,44.8,71,6.634,8.1,0.0317,3180.8,0.0152,0,Normal
2020-01-04 05:55:00,30.35,38.35,1629,33.5,73,5.715,8.0,0.0206,2445.5,0.0156,0,Normal
2020-01-04 05:56:00,30.25,38.35,1879,21.3,78,4.191,8.1,0.0113,1661.4,0.0167,0,Normal
2020-01-04 05:57:00,30.35,38.45,1466,47.0,80,7.215,8.1,0.0321,3760.0,0.0171,0,Normal
2020-01-04 05:58:00,30.45,38.55,1476,40.1,85,6.198,8.1,0.0272,3408.5,0.0182,0,Normal
2020-01-04 05:59:00,30.45,38.65,1695,30.7,90,5.449,8.2,0.0181,2763.0,0.0192,0,Normal
2020-01-04 06:00:00,30.45,38.55,1491,39.8,92,6.214,8.1,0.0267,3661.6,0.0197,0,Normal
2020-01-04 06:01:00,30.45,38.65,1659,34.7,94,6.028,8.2,0.0209,3261.8,0.0201,0,Normal
2020-01-04 06:02:00,30.45,38.65,1567,31.7,97,5.202,8.2,0.0202,3074.9,0.0207,0,Normal
2020-01-04 06:03:00,30.45,38.65,1736,32.9,99,5.981,8.2,0.019,3257.1,0.0211,0,Normal
2020-01-04 06:04:00,30.45,38.65,1421,44.8,101,6.667,8.2,0.0315,4524.8,0.0216,1,Random_Failure
2020-01-04 06:05:00,30.45,38.65,1627,30.8,104,5.248,8.2,0.0189,3203.2,0.0222,0,Normal
2020-01-04 06:06:00,30.35,38.45,1562,34.2,107,5.594,8.1,0.0219,3659.4,0.0228,0,Normal
2020-01-04 06:07:00,30.35,38.45,2183,17.0,110,3.886,8.1,0.0078,1870.0,0.0235,0,Normal
2020-01-04 06:08:00,30.35,38.45,1577,38.1,112,6.292,8.1,0.0242,4267.2,0.0239,0,Normal
2020-01-04 06:09:00,30.25,38.35,1560,36.4,114,5.946,8.1,0.0233,4149.6,0.0243,0,Normal
2020-01-04 06:10:00,30.25,38.35,1483,43.0,117,6.678,8.1,0.029,5031.0,0.0249,0,Normal
2020-01-04 06:11:00,30.35,38.35,1535,33.3,120,5.353,8.0,0.0217,3996.0,0.0256,0,Normal
2020-01-04 06:12:00,30.25,38.25,1606,29.6,122,4.978,8.0,0.0184,3611.2,0.026,0,Normal
2020-01-04 06:13:00,30.25,38.35,1817,24.7,125,4.7,8.1,0.0136,3087.5,0.0266,0,Normal
2020-01-04 06:14:00,30.25,38.35,1424,50.8,128,7.575,8.1,0.0357,6502.4,0.0273,0,Normal
2020-01-04 06:15:00,30.15,38.45,1514,34.7,130,5.502,8.3,0.0229,4511.0,0.0277,0,Normal
2020-01-04 06:16:00,30.25,38.45,1449,41.7,132,6.328,8.2,0.0288,5504.4,0.0281,0,Normal
2020-01-04 06:17:00,30.35,38.45,1573,34.0,134,5.601,8.1,0.0216,4556.0,0.0285,0,Normal
2020-01-04 06:18:00,30.25,38.45,1564,41.9,137,6.862,8.2,0.0268,5740.3,0.0292,0,Normal
2020-01-04 06:19:00,30.35,38.45,1428,46.2,139,6.909,8.1,0.0324,6421.8,0.0296,0,Normal
2020-01-04 06:20:00,30.35,38.55,1620,31.0,141,5.259,8.2,0.0191,4371.0,0.03,0,Normal
2020-01-04 06:21:00,30.35,38.55,1584,32.7,143,5.424,8.2,0.0206,4676.1,0.0304,0,Normal
2020-01-04 06:22:00,30.45,38.65,1222,66.8,148,8.548,8.2,0.0547,9886.4,0.0315,1,Heat_Dissipation_Failure
2020-01-04 06:23:00,30.45,38.65,1432,42.5,150,6.373,8.2,0.0297,6375.0,0.0319,0,Normal
2020-01-04 06:24:00,30.55,38.75,1561,33.3,153,5.443,8.2,0.0213,5094.9,0.0325,0,Normal
2020-01-04 06:25:00,30.45,38.65,1614,33.2,155,5.611,8.2,0.0206,5146.0,0.0329,0,Normal
2020-01-04 06:26:00,30.35,38.55,1959,22.3,157,4.575,8.2,0.0114,3501.1,0.0334,0,Normal
2020-01-04 06:27:00,30.35,38.65,1944,23.5,159,4.784,8.3,0.0121,3736.5,0.0338,0,Normal
2020-01-04 06:28:00,30.25,38.55,1793,25.8,161,4.844,8.3,0.0144,4153.8,0.0342,0,Normal
2020-01-04 06:29:00,30.25,38.45,1446,50.0,163,7.571,8.2,0.0346,8150.0,0.0346,0,Normal
2020-01-04 06:30:00,30.25,38.55,1673,32.2,166,5.641,8.3,0.0192,5345.2,0.0352,0,Normal
2020-01-04 06:31:00,30.25,38.55,1515,44.2,168,7.012,8.3,0.0292,7425.6,0.0357,0,Normal
2020-01-04 06:32:00,30.25,38.65,1564,35.9,171,5.88,8.4,0.023,6138.9,0.0363,0,Normal
2020-01-04 06:33:00,30.35,38.65,1451,45.2,173,6.868,8.3,0.0312,7819.6,0.0367,0,Normal
2020-01-04 06:34:00,30.25,38.65,1693,28.3,175,5.017,8.4,0.0167,4952.5,0.0371,0,Normal
2020-01-04 06:35:00,30.25,38.55,1476,42.3,180,6.538,8.3,0.0287,7614.0,0.0382,0,Normal
2020-01-04 06:36:00,30.25,38.45,1712,30.1,182,5.396,8.2,0.0176,5478.2,0.0386,0,Normal
2020-01-04 06:37:00,30.25,38.45,1425,45.4,184,6.775,8.2,0.0319,8353.6,0.039,0,Normal
2020-01-04 06:38:00,30.15,38.45,1337,56.8,187,7.953,8.3,0.0425,10621.6,0.0396,1,Heat_Dissipation_Failure
2020-01-04 06:39:00,30.25,38.55,1690,34.9,189,6.176,8.3,0.0207,6596.1,0.04,0,Normal
2020-01-04 06:40:00,30.25,38.55,1353,44.1,192,6.248,8.3,0.0326,8467.2,0.0407,1,Heat_Dissipation_Failure
2020-01-04 06:41:00,30.35,38.65,1927,21.9,195,4.419,8.3,0.0114,4270.5,0.0413,0,Normal
2020-01-04 06:42:00,30.25,38.65,1391,42.7,197,6.22,8.4,0.0307,8411.9,0.0417,0,Normal
2020-01-04 06:43:00,30.25,38.65,1366,50.9,200,7.281,8.4,0.0373,10180.0,0.0423,1,Heat_Dissipation_Failure
2020-01-04 06:44:00,30.25,38.75,1771,31.6,202,5.86,8.5,0.0178,6383.2,0.0428,0,Normal
2020-01-04 06:45:00,30.25,38.65,1515,42.6,204,6.759,8.4,0.0281,8690.4,0.0432,0,Normal
2020-01-04 06:46:00,30.25,38.65,2133,18.3,207,4.088,8.4,0.0086,3788.1,0.0438,0,Normal
2020-01-04 06:47:00,30.25,38.65,1341,47.0,210,6.6,8.4,0.035,9870.0,0.0444,1,Heat_Dissipation_Failure
2020-01-04 06:48:00,30.25,38.55,1406,47.1,213,6.935,8.3,0.0335,10032.3,0.045,0,Normal
2020-01-04 06:49:00,30.25,38.65,1306,61.0,215,8.343,8.4,0.0467,13115.0,0.0455,1,Heat_Dissipation_Failure
2020-01-04 06:50:00,30.15,38.55,1508,35.5,217,5.606,8.4,0.0235,7703.5,0.0459,0,Normal
2020-01-04 06:51:00,30.15,38.45,1301,45.1,219,6.144,8.3,0.0347,9876.9,0.0463,1,Heat_Dissipation_Failure
2020-01-04 06:52:00,30.15,38.55,1539,38.5,221,6.205,8.4,0.025,8508.5,0.0467,0,Normal
2020-01-04 06:53:00,30.15,38.45,1484,44.6,223,6.931,8.3,0.0301,9945.8,0.0471,0,Normal
2020-01-04 06:54:00,30.05,38.35,1507,39.2,225,6.186,8.3,0.026,8820.0,0.0475,0,Normal
2020-01-04 06:55:00,30.05,38.35,1544,42.5,227,6.872,8.3,0.0275,9647.5,0.0479,0,Normal
2020-01-04 06:56:00,30.05,38.35,1513,37.9,0,6.005,8.3,0.025,0.0,0.0,0,Normal
2020-01-04 06:57:00,30.05,38.35,1336,58.2,2,8.143,8.3,0.0436,116.4,0.0004,1,Heat_Dissipation_Failure
2020-01-04 06:58:00,30.05,38.25,2102,19.0,5,4.182,8.2,0.009,95.0,0.0011,0,Normal
2020-01-04 06:59:00,30.05,38.25,1351,53.8,8,7.611,8.2,0.0398,430.4,0.0017,1,Heat_Dissipation_Failure
2020-01-04 07:00:00,30.15,38.35,1601,35.2,10,5.902,8.2,0.022,352.0,0.0021,0,Normal
2020-01-04 07:01:00,30.05,38.15,1393,52.9,12,7.717,8.1,0.038,634.8,0.0025,0,Normal
2020-01-04 07:02:00,30.15,38.15,1592,33.7,14,5.618,8.0,0.0212,471.8,0.003,0,Normal
2020-01-04 07:03:00,30.15,38.15,1409,51.8,16,7.643,8.0,0.0368,828.8,0.0034,0,Normal
2020-01-04 07:04:00,30.15,38.15,1393,47.4,18,6.914,8.0,0.034,853.2,0.0038,0,Normal
2020-01-04 07:05:00,30.05,38.05,1475,43.1,20,6.657,8.0,0.0292,862.0,0.0042,0,Normal
2020-01-04 07:06:00,30.05,38.05,1427,45.6,25,6.814,8.0,0.032,1140.0,0.0053,0,Normal
2020-01-04 07:07:00,30.15,38.05,1763,27.3,27,5.04,7.9,0.0155,737.1,0.0057,0,Normal
2020-01-04 07:08:00,30.05,38.05,1363,46.7,29,6.666,8.0,0.0343,1354.3,0.0061,1,Heat_Dissipation_Failure
2020-01-04 07:09:00,30.05,38.05,1404,50.9,31,7.484,8.0,0.0363,1577.9,0.0065,0,Normal
2020-01-04 07:10:00,30.05,38.05,1688,31.9,33,5.639,8.0,0.0189,1052.7,0.0069,0,Normal
2020-01-04 07:11:00,30.15,38.25,1510,37.3,36,5.898,8.1,0.0247,1342.8,0.0076,0,Normal
2020-01-04 07:12:00,30.15,38.15,1502,39.5,38,6.213,8.0,0.0263,1501.0,0.008,0,Normal
2020-01-04 07:13:00,30.05,38.25,1607,36.6,43,6.159,8.2,0.0228,1573.8,0.009,0,Normal
2020-01-04 07:14:00,30.15,38.35,1384,54.8,48,7.942,8.2,0.0396,2630.4,0.0101,0,Normal
2020-01-04 07:15:00,30.25,38.55,1295,51.3,51,6.957,8.3,0.0396,2616.3,0.0107,1,Heat_Dissipation_Failure
2020-01-04 07:16:00,30.25,38.55,1991,19.0,53,3.961,8.3,0.0095,1007.0,0.0111,0,Normal
2020-01-04 07:17:00,30.25,38.45,1497,42.8,58,6.71,8.2,0.0286,2482.4,0.0122,0,Normal
2020-01-04 07:18:00,30.35,38.45,1465,48.7,60,7.471,8.1,0.0332,2922.0,0.0126,0,Normal
2020-01-04 07:19:00,30.35,38.45,1361,46.5,62,6.627,8.1,0.0342,2883.0,0.013,1,Heat_Dissipation_Failure
2020-01-04 07:20:00,30.45,38.55,1546,38.5,64,6.233,8.1,0.0249,2464.0,0.0134,0,Normal
2020-01-04 07:21:00,30.55,38.75,1332,52.7,66,7.351,8.2,0.0396,3478.2,0.0139,1,Heat_Dissipation_Failure
2020-01-04 07:22:00,30.55,38.85,2663,11.4,71,3.179,8.3,0.0043,809.4,0.0149,1,Power_Failure
2020-01-04 07:23:00,30.55,38.95,1443,45.9,74,6.936,8.4,0.0318,3396.6,0.0155,0,Normal
2020-01-04 07:24:00,30.55,38.85,1402,48.6,76,7.135,8.3,0.0347,3693.6,0.0159,0,Normal
2020-01-04 07:25:00,30.55,38.85,1892,22.5,79,4.458,8.3,0.0119,1777.5,0.0166,0,Normal
2020-01-04 07:26:00,30.45,38.85,1645,35.7,81,6.15,8.4,0.0217,2891.7,0.017,0,Normal
2020-01-04 07:27:00,30.45,38.75,1473,50.1,84,7.728,8.3,0.034,4208.4,0.0176,0,Normal
2020-01-04 07:28:00,30.45,38.85,1309,52.9,86,7.251,8.4,0.0404,4549.4,0.018,1,Heat_Dissipation_Failure
2020-01-04 07:29:00,30.45,38.75,1544,37.1,88,5.999,8.3,0.024,3264.8,0.0184,0,Normal
2020-01-04 07:30:00,30.35,38.75,1344,49.3,93,6.939,8.4,0.0367,4584.9,0.0195,1,Heat_Dissipation_Failure
2020-01-04 07:31:00,30.45,38.75,1617,36.0,95,6.096,8.3,0.0223,3420.0,0.0199,0,Normal
2020-01-04 07:32:00,30.45,38.85,1435,37.9,98,5.695,8.4,0.0264,3714.2,0.0205,0,Normal
2020-01-04 07:33:00,30.45,38.85,1391,50.3,101,7.327,8.4,0.0362,5080.3,0.0212,0,Normal
2020-01-04 07:34:00,30.45,38.85,1827,23.3,103,4.458,8.4,0.0128,2399.9,0.0216,0,Normal
2020-01-04 07:35:00,30.35,38.85,1761,25.8,105,4.758,8.5,0.0147,2709.0,0.022,0,Normal
2020-01-04 07:36:00,30.35,38.95,1522,36.4,107,5.802,8.6,0.0239,3894.8,0.0224,0,Normal
2020-01-04 07:37:00,30.35,39.05,1818,23.6,109,4.493,8.7,0.013,2572.4,0.0228,0,Normal
2020-01-04 07:38:00,30.45,39.05,1371,54.6,112,7.839,8.6,0.0398,6115.2,0.0234,1,Heat_Dissipation_Failure
2020-01-04 07:39:00,30.55,39.15,1511,38.9,117,6.155,8.6,0.0257,4551.3,0.0245,0,Normal
2020-01-04 07:40:00,30.55,39.25,1404,46.6,119,6.851,8.7,0.0332,5545.4,0.0249,0,Normal
2020-01-04 07:41:00,30.55,39.15,1384,45.9,121,6.652,8.6,0.0332,5553.9,0.0253,0,Normal
2020-01-04 07:42:00,30.65,39.35,1368,52.6,123,7.535,8.7,0.0385,6469.8,0.0257,0,Normal
2020-01-04 07:43:00,30.55,39.35,1641,36.0,125,6.186,8.8,0.0219,4500.0,0.0261,0,Normal
2020-01-04 07:44:00,30.75,39.45,1642,32.3,127,5.554,8.7,0.0197,4102.1,0.0265,0,Normal
2020-01-04 07:45:00,30.75,39.55,1401,50.0,129,7.336,8.8,0.0357,6450.0,0.027,0,Normal
2020-01-04 07:46:00,30.65,39.45,1577,41.3,134,6.82,8.8,0.0262,5534.2,0.028,0,Normal
2020-01-04 07:47:00,30.55,39.45,1396,44.1,136,6.447,8.9,0.0316,5997.6,0.0284,0,Normal
2020-01-04 07:48:00,30.55,39.45,1514,35.5,138,5.628,8.9,0.0234,4899.0,0.0288,0,Normal
2020-01-04 07:49:00,30.65,39.65,1646,35.8,143,6.171,9.0,0.0217,5119.4,0.0299,0,Normal
2020-01-04 07:50:00,30.65,39.65,1443,40.7,145,6.15,9.0,0.0282,5901.5,0.0303,0,Normal
2020-01-04 07:51:00,30.55,39.55,1469,48.5,147,7.461,9.0,0.033,7129.5,0.0307,0,Normal
2020-01-04 07:52:00,30.55,39.55,1564,40.2,150,6.584,9.0,0.0257,6030.0,0.0313,0,Normal
2020-01-04 07:53:00,30.45,39.45,1498,40.2,155,6.306,9.0,0.0268,6231.0,0.0323,0,Normal
2020-01-04 07:54:00,30.45,39.45,1699,27.9,160,4.964,9.0,0.0164,4464.0,0.0334,0,Normal
2020-01-04 07:55:00,30.45,39.35,1431,49.0,162,7.343,8.9,0.0342,7938.0,0.0338,0,Normal
2020-01-04 07:56:00,30.35,39.25,1390,47.3,164,6.885,8.9,0.034,7757.2,0.0342,0,Normal
2020-01-04 07:57:00,30.35,39.35,1380,46.1,166,6.662,9.0,0.0334,7652.6,0.0346,0,Normal
2020-01-04 07:58:00,30.35,39.35,1457,46.4,168,7.08,9.0,0.0318,7795.2,0.035,0,Normal
2020-01-04 07:59:00,30.35,39.35,1418,42.2,170,6.266,9.0,0.0298,7174.0,0.0354,0,Normal
2020-01-04 08:00:00,30.35,39.35,1353,51.0,172,7.226,9.0,0.0377,8772.0,0.0358,0,Normal
2020-01-04 08:01:00,30.35,39.25,1574,32.7,175,5.39,8.9,0.0208,5722.5,0.0364,0,Normal
2020-01-04 08:02:00,30.35,39.25,1318,54.2,177,7.481,8.9,0.0411,9593.4,0.0369,0,Normal
2020-01-04 08:03:00,30.45,39.35,1710,31.4,180,5.623,8.9,0.0184,5652.0,0.0375,0,Normal
2020-01-04 08:04:00,30.55,39.45,1621,38.8,182,6.586,8.9,0.0239,7061.6,0.0379,0,Normal
2020-01-04 08:05:00,30.45,39.45,1606,33.6,184,5.651,9.0,0.0209,6182.4,0.0383,0,Normal
2020-01-04 08:06:00,30.45,39.35,1375,54.0,186,7.775,8.9,0.0393,10044.0,0.0387,0,Normal
2020-01-04 08:07:00,30.35,39.25,1503,36.5,191,5.745,8.9,0.0243,6971.5,0.0397,0,Normal
2020-01-04 08:08:00,30.35,39.15,1404,48.6,193,7.145,8.8,0.0346,9379.8,0.0401,0,Normal
2020-01-04 08:09:00,30.25,39.05,1656,32.7,195,5.671,8.8,0.0197,6376.5,0.0405,0,Normal
2020-01-04 08:10:00,30.25,38.95,1499,39.4,197,6.185,8.7,0.0263,7761.8,0.0409,0,Normal
2020-01-04 08:11:00,30.25,38.85,1748,28.4,200,5.199,8.6,0.0162,5680.0,0.0416,0,Normal
2020-01-04 08:12:00,30.25,38.75,1531,37.9,203,6.076,8.5,0.0248,7693.7,0.0422,0,Normal
2020-01-04 08:13:00,30.15,38.65,1536,40.6,205,6.53,8.5,0.0264,8323.0,0.0426,0,Normal
2020-01-04 08:14:00,30.25,38.65,1401,53.0,208,7.776,8.4,0.0378,11024.0,0.0432,1,Overstrain_Failure
2020-01-04 08:15:00,30.25,38.75,1534,33.2,210,5.333,8.5,0.0216,6972.0,0.0436,0,Normal
2020-01-04 08:16:00,30.25,38.85,1521,35.9,215,5.718,8.6,0.0236,7718.5,0.0446,1,Tool_Wear_Failure
2020-01-04 08:17:00,30.35,38.95,1674,30.8,0,5.399,8.6,0.0184,0.0,0.0,0,Normal
2020-01-04 08:18:00,30.45,38.95,1967,20.9,2,4.305,8.5,0.0106,41.8,0.0004,0,Normal
2020-01-04 08:19:00,30.45,39.05,1696,30.7,5,5.452,8.6,0.0181,153.5,0.001,0,Normal
2020-01-04 08:20:00,30.45,38.95,1627,32.5,7,5.537,8.5,0.02,227.5,0.0015,0,Normal
2020-01-04 08:21:00,30.35,38.75,1405,45.6,10,6.709,8.4,0.0325,456.0,0.0021,0,Normal
2020-01-04 08:22:00,30.35,38.75,1565,38.9,12,6.375,8.4,0.0249,466.8,0.0025,0,Normal
2020-01-04 08:23:00,30.35,38.75,1493,38.7,14,6.051,8.4,0.0259,541.8,0.0029,0,Normal
2020-01-04 08:24:00,30.25,38.65,1499,45.0,16,7.064,8.4,0.03,720.0,0.0033,0,Normal
2020-01-04 08:25:00,30.15,38.65,1692,30.6,18,5.422,8.5,0.0181,550.8,0.0037,0,Normal
2020-01-04 08:26:00,30.25,38.65,2268,15.8,20,3.753,8.4,0.007,316.0,0.0041,0,Normal
2020-01-04 08:27:00,30.25,38.65,1438,58.9,22,8.87,8.4,0.041,1295.8,0.0046,0,Normal
2020-01-04 08:28:00,30.35,38.75,1515,39.2,24,6.219,8.4,0.0259,940.8,0.005,0,Normal
2020-01-04 08:29:00,30.25,38.75,1491,38.2,26,5.964,8.5,0.0256,993.2,0.0054,0,Normal
2020-01-04 08:30:00,30.35,38.85,1756,29.7,28,5.461,8.5,0.0169,831.6,0.0058,0,Normal
2020-01-04 08:31:00,30.35,38.85,1366,54.5,30,7.796,8.5,0.0399,1635.0,0.0062,1,Heat_Dissipation_Failure
2020-01-04 08:32:00,30.35,38.85,1436,45.1,32,6.782,8.5,0.0314,1443.2,0.0066,0,Normal
2020-01-04 08:33:00,30.25,38.75,1377,41.6,34,5.999,8.5,0.0302,1414.4,0.007,1,Heat_Dissipation_Failure
2020-01-04 08:34:00,30.25,38.75,1510,42.2,36,6.673,8.5,0.0279,1519.2,0.0074,0,Normal
2020-01-04 08:35:00,30.25,38.75,1419,50.9,39,7.564,8.5,0.0359,1985.1,0.0081,0,Normal
2020-01-04 08:36:00,30.15,38.65,1315,62.0,42,8.538,8.5,0.0471,2604.0,0.0087,1,Heat_Dissipation_Failure
2020-01-04 08:37:00,30.15,38.65,1806,27.7,44,5.239,8.5,0.0153,1218.8,0.0091,0,Normal
2020-01-04 08:38:00,30.15,38.65,1649,29.4,49,5.077,8.5,0.0178,1440.6,0.0101,0,Normal
2020-01-04 08:39:00,30.25,38.75,1402,50.0,54,7.341,8.5,0.0357,2700.0,0.0112,0,Normal
2020-01-04 08:40:00,30.25,38.75,1298,63.9,59,8.686,8.5,0.0492,3770.1,0.0122,1,Heat_Dissipation_Failure
2020-01-04 08:41:00,30.15,38.65,1441,44.9,61,6.775,8.5,0.0312,2738.9,0.0126,0,Normal
2020-01-04 08:42:00,30.15,38.65,1489,49.4,64,7.703,8.5,0.0332,3161.6,0.0132,0,Normal
2020-01-04 08:43:00,30.15,38.65,1842,24.5,67,4.726,8.5,0.0133,1641.5,0.0138,0,Normal
2020-01-04 08:44:00,30.25,38.65,1316,50.9,69,7.015,8.4,0.0387,3512.1,0.0142,1,Heat_Dissipation_Failure
2020-01-04 08:45:00,30.15,38.65,1583,33.3,72,5.52,8.5,0.021,2397.6,0.0149,0,Normal
2020-01-04 08:46:00,30.15,38.65,1548,33.5,75,5.431,8.5,0.0216,2512.5,0.0155,0,Normal
2020-01-04 08:47:00,30.25,38.75,1434,44.6,78,6.697,8.5,0.0311,3478.8,0.0161,0,Normal
2020-01-04 08:48:00,30.35,38.85,1397,52.9,80,7.739,8.5,0.0379,4232.0,0.0165,0,Normal
2020-01-04 08:49:00,30.35,38.85,1475,42.9,85,6.626,8.5,0.0291,3646.5,0.0175,0,Normal
2020-01-04 08:50:00,30.35,38.85,1441,56.8,88,8.571,8.5,0.0394,4998.4,0.0181,0,Normal
2020-01-04 08:51:00,30.55,38.95,1363,51.8,90,7.394,8.4,0.038,4662.0,0.0185,1,Heat_Dissipation_Failure
2020-01-04 08:52:00,30.55,39.05,1619,34.9,92,5.917,8.5,0.0216,3210.8,0.019,0,Normal
2020-01-04 08:53:00,30.55,39.05,1487,34.0,94,5.294,8.5,0.0229,3196.0,0.0194,0,Normal
2020-01-04 08:54:00,30.55,39.05,1568,33.8,96,5.55,8.5,0.0216,3244.8,0.0198,0,Normal
2020-01-04 08:55:00,30.55,39.15,1375,46.2,98,6.652,8.6,0.0336,4527.6,0.0202,0,Normal
2020-01-04 08:56:00,30.45,39.15,1698,31.3,100,5.566,8.7,0.0184,3130.0,0.0206,0,Normal
2020-01-04 08:57:00,30.55,39.15,1606,37.4,103,6.29,8.6,0.0233,3852.2,0.0212,0,Normal
2020-01-04 08:58:00,30.55,39.15,1349,51.0,105,7.205,8.6,0.0378,5355.0,0.0216,0,Normal
2020-01-04 08:59:00,30.55,39.25,1535,38.6,107,6.205,8.7,0.0251,4130.2,0.022,0,Normal
2020-01-04 09:00:00,30.45,39.25,1504,49.5,109,7.796,8.8,0.0329,5395.5,0.0224,0,Normal
2020-01-04 09:01:00,30.35,39.15,1946,21.1,112,4.3,8.8,0.0108,2363.2,0.023,0,Normal
2020-01-04 09:02:00,30.35,38.95,1326,55.7,114,7.734,8.6,0.042,6349.8,0.0234,0,Normal
2020-01-04 09:03:00,30.45,39.15,1915,22.3,116,4.472,8.7,0.0116,2586.8,0.0238,0,Normal
2020-01-04 09:04:00,30.45,39.15,1451,43.4,119,6.595,8.7,0.0299,5164.6,0.0245,0,Normal
2020-01-04 09:05:00,30.35,39.15,1624,34.8,121,5.918,8.8,0.0214,4210.8,0.0249,0,Normal
2020-01-04 09:06:00,30.45,39.25,1781,28.7,124,5.353,8.8,0.0161,3558.8,0.0255,0,Normal
2020-01-04 09:07:00,30.45,39.35,1345,54.1,126,7.62,8.9,0.0402,6816.6,0.0259,0,Normal
2020-01-04 09:08:00,30.45,39.25,1418,46.0,128,6.831,8.8,0.0324,5888.0,0.0263,0,Normal
2020-01-04 09:09:00,30.55,39.25,1718,26.5,130,4.768,8.7,0.0154,3445.0,0.0267,0,Normal
2020-01-04 09:10:00,30.55,39.25,1631,28.5,132,4.868,8.7,0.0175,3762.0,0.0271,0,Normal
2020-01-04 09:11:00,30.55,39.25,1513,40.1,135,6.353,8.7,0.0265,5413.5,0.0277,0,Normal
2020-01-04 09:12:00,30.55,39.25,1316,59.3,137,8.172,8.7,0.0451,8124.1,0.0281,0,Normal
2020-01-04 09:13:00,30.55,39.25,1474,38.8,139,5.989,8.7,0.0263,5393.2,0.0285,0,Normal
2020-01-04 09:14:00,30.65,39.35,1619,30.9,142,5.239,8.7,0.0191,4387.8,0.0291,0,Normal
2020-01-04 09:15:00,30.55,39.25,1702,31.2,144,5.561,8.7,0.0183,4492.8,0.0295,0,Normal
2020-01-04 09:16:00,30.55,39.25,1540,37.4,146,6.031,8.7,0.0243,5460.4,0.0299,0,Normal
2020-01-04 09:17:00,30.55,39.25,1546,33.7,149,5.456,8.7,0.0218,5021.3,0.0305,0,Normal
2020-01-04 09:18:00,30.55,39.25,1348,51.0,152,7.199,8.7,0.0378,7752.0,0.0312,0,Normal
2020-01-04 09:19:00,30.55,39.35,1520,35.6,154,5.667,8.8,0.0234,5482.4,0.0316,0,Normal
2020-01-04 09:20:00,30.65,39.45,1527,41.9,159,6.7,8.8,0.0274,6662.1,0.0326,0,Normal
2020-01-04 09:21:00,30.65,39.45,1406,47.1,162,6.935,8.8,0.0335,7630.2,0.0332,0,Normal
2020-01-04 09:22:00,30.55,39.35,1462,46.2,165,7.073,8.8,0.0316,7623.0,0.0338,0,Normal
2020-01-04 09:23:00,30.65,39.45,1684,29.3,167,5.167,8.8,0.0174,4893.1,0.0342,0,Normal
2020-01-04 09:24:00,30.65,39.35,1655,28.0,170,4.853,8.7,0.0169,4760.0,0.0348,0,Normal
2020-01-04 09:25:00,30.65,39.35,1748,25.1,175,4.595,8.7,0.0144,4392.5,0.0358,0,Normal
2020-01-04 09:26:00,30.65,39.35,1372,45.7,180,6.566,8.7,0.0333,8226.0,0.0368,0,Normal
2020-01-04 09:27:00,30.55,39.35,1481,33.3,182,5.164,8.8,0.0225,6060.6,0.0372,0,Normal
2020-01-04 09:28:00,30.55,39.25,1512,39.2,184,6.207,8.7,0.0259,7212.8,0.0376,0,Normal
2020-01-04 09:29:00,30.55,39.35,1632,36.6,186,6.255,8.8,0.0224,6807.6,0.038,0,Normal
2020-01-04 09:30:00,30.55,39.25,1525,43.9,188,7.011,8.7,0.0288,8253.2,0.0384,0,Normal
2020-01-04 09:31:00,30.55,39.15,1756,26.4,190,4.855,8.6,0.015,5016.0,0.0388,0,Normal
2020-01-04 09:32:00,30.55,39.15,1922,23.1,193,4.649,8.6,0.012,4458.3,0.0394,0,Normal
2020-01-04 09:33:00,30.65,39.35,1448,44.3,195,6.717,8.7,0.0306,8638.5,0.0398,0,Normal
2020-01-04 09:34:00,30.65,39.35,1447,46.6,198,7.061,8.7,0.0322,9226.8,0.0404,0,Normal
2020-01-04 09:35:00,30.65,39.25,1597,33.4,203,5.586,8.6,0.0209,6780.2,0.0415,0,Normal
2020-01-04 09:36:00,30.55,39.25,1642,32.3,206,5.554,8.7,0.0197,6653.8,0.0421,0,Normal
2020-01-04 09:37:00,30.65,39.35,1525,38.0,209,6.069,8.7,0.0249,7942.0,0.0427,0,Normal
2020-01-04 09:38:00,30.45,39.25,1460,53.7,214,8.21,8.8,0.0368,11491.8,0.0437,0,Normal
2020-01-04 09:39:00,30.45,39.15,2168,17.7,219,4.018,8.7,0.0082,3876.3,0.0447,0,Normal
2020-01-04 09:40:00,30.45,39.25,1388,41.9,221,6.09,8.8,0.0302,9259.9,0.0451,0,Normal
2020-01-04 09:41:00,30.45,39.15,1630,32.4,223,5.53,8.7,0.0199,7225.2,0.0455,0,Normal
2020-01-04 09:42:00,30.45,39.15,1616,29.3,226,4.958,8.7,0.0181,6621.8,0.0461,0,Normal
2020-01-04 09:43:00,30.45,39.25,2232,16.8,0,3.927,8.8,0.0075,0.0,0.0,0,Normal
2020-01-04 09:44:00,30.45,39.25,1480,50.7,2,7.858,8.8,0.0343,101.4,0.0004,0,Normal
2020-01-04 09:45:00,30.45,39.25,1363,53.1,7,7.579,8.8,0.039,371.7,0.0014,0,Normal
2020-01-04 09:46:00,30.45,39.25,1436,45.6,9,6.857,8.8,0.0318,410.4,0.0018,0,Normal
2020-01-04 09:47:00,30.45,39.35,1607,33.7,14,5.671,8.9,0.021,471.8,0.0029,0,Normal
2020-01-04 09:48:00,30.45,39.35,1459,48.2,17,7.364,8.9,0.033,819.4,0.0035,0,Normal
2020-01-04 09:49:00,30.35,39.25,1481,43.7,20,6.777,8.9,0.0295,874.0,0.0041,0,Normal
2020-01-04 09:50:00,30.35,39.25,1606,31.7,22,5.331,8.9,0.0197,697.4,0.0045,0,Normal
2020-01-04 09:51:00,30.35,39.15,1681,29.8,25,5.246,8.8,0.0177,745.0,0.0051,0,Normal
2020-01-04 09:52:00,30.35,39.05,1511,37.1,27,5.87,8.7,0.0246,1001.7,0.0055,0,Normal
2020-01-04 09:53:00,30.35,39.15,1593,35.2,29,5.872,8.8,0.0221,1020.8,0.0059,0,Normal
2020-01-04 09:54:00,30.35,39.15,1532,41.7,32,6.69,8.8,0.0272,1334.4,0.0065,0,Normal
2020-01-04 09:55:00,30.35,39.15,1386,49.0,35,7.112,8.8,0.0354,1715.0,0.0071,0,Normal
2020-01-04 09:56:00,30.25,39.15,1769,27.9,40,5.168,8.9,0.0158,1116.0,0.0081,0,Normal
2020-01-04 09:57:00,30.25,39.05,1561,38.2,45,6.244,8.8,0.0245,1719.0,0.0092,0,Normal
2020-01-04 09:58:00,30.15,39.05,1457,40.7,48,6.21,8.9,0.0279,1953.6,0.0098,0,Normal
2020-01-04 09:59:00,30.15,39.05,1506,40.0,50,6.308,8.9,0.0266,2000.0,0.0102,0,Normal
2020-01-04 10:00:00,30.25,39.05,1337,69.4,52,9.717,8.8,0.0519,3608.8,0.0106,1,Power_Failure
2020-01-04 10:01:00,30.25,39.15,1287,54.8,54,7.386,8.9,0.0426,2959.2,0.011,0,Normal
2020-01-04 10:02:00,30.25,39.05,1615,35.7,56,6.038,8.8,0.0221,1999.2,0.0114,0,Normal
2020-01-04 10:03:00,30.25,39.05,1972,23.5,59,4.853,8.8,0.0119,1386.5,0.012,0,Normal
2020-01-04 10:04:00,30.25,39.15,1522,42.1,62,6.71,8.9,0.0277,2610.2,0.0126,0,Normal
2020-01-04 10:05:00,30.25,39.15,1680,30.6,67,5.383,8.9,0.0182,2050.2,0.0136,0,Normal
2020-01-04 10:06:00,30.25,39.15,1502,36.0,69,5.662,8.9,0.024,2484.0,0.014,0,Normal
2020-01-04 10:07:00,30.35,39.15,1543,33.3,71,5.381,8.8,0.0216,2364.3,0.0144,0,Normal
2020-01-04 10:08:00,30.35,39.15,1584,35.2,74,5.839,8.8,0.0222,2604.8,0.015,0,Normal
2020-01-04 10:09:00,30.35,39.25,1340,44.5,76,6.244,8.9,0.0332,3382.0,0.0154,0,Normal
2020-01-04 10:10:00,30.25,39.15,1663,33.9,78,5.904,8.9,0.0204,2644.2,0.0158,0,Normal
2020-01-04 10:11:00,30.15,38.95,1693,30.0,80,5.319,8.8,0.0177,2400.0,0.0162,0,Normal
2020-01-04 10:12:00,30.15,38.95,1418,44.7,83,6.638,8.8,0.0315,3710.1,0.0168,0,Normal
2020-01-04 10:13:00,30.25,39.05,1554,36.8,85,5.989,8.8,0.0237,3128.0,0.0172,0,Normal
2020-01-04 10:14:00,30.25,39.05,1580,35.8,90,5.923,8.8,0.0227,3222.0,0.0182,0,Normal
2020-01-04 10:15:00,30.25,39.15,1479,42.8,92,6.629,8.9,0.0289,3937.6,0.0186,0,Normal
2020-01-04 10:16:00,30.35,39.25,1284,70.6,94,9.493,8.9,0.055,6636.4,0.019,1,Power_Failure
2020-01-04 10:17:00,30.25,39.15,1540,38.7,96,6.241,8.9,0.0251,3715.2,0.0194,0,Normal
2020-01-04 10:18:00,30.35,39.25,1606,30.1,98,5.062,8.9,0.0187,2949.8,0.0198,0,Normal
2020-01-04 10:19:00,30.45,39.35,1286,62.4,101,8.403,8.9,0.0485,6302.4,0.0204,0,Normal
2020-01-04 10:20:00,30.45,39.45,1502,39.5,103,6.213,9.0,0.0263,4068.5,0.0208,0,Normal
2020-01-04 10:21:00,30.45,39.55,1699,31.5,105,5.604,9.1,0.0185,3307.5,0.0212,0,Normal
2020-01-04 10:22:00,30.35,39.45,1602,34.2,108,5.737,9.1,0.0213,3693.6,0.0218,0,Normal
2020-01-04 10:23:00,30.45,39.45,1436,42.0,110,6.316,9.0,0.0292,4620.0,0.0222,0,Normal
2020-01-04 10:24:00,30.45,39.55,1765,27.5,115,5.083,9.1,0.0156,3162.5,0.0233,0,Normal
2020-01-04 10:25:00,30.45,39.55,1418,44.1,118,6.549,9.1,0.0311,5203.8,0.0239,0,Normal
2020-01-04 10:26:00,30.55,39.55,1669,31.7,120,5.54,9.0,0.019,3804.0,0.0243,0,Normal
2020-01-04 10:27:00,30.55,39.55,1395,53.9,123,7.874,9.0,0.0386,6629.7,0.0249,0,Normal
2020-01-04 10:28:00,30.65,39.55,1500,41.7,125,6.55,8.9,0.0278,5212.5,0.0253,0,Normal
2020-01-04 10:29:00,30.65,39.55,1555,33.4,128,5.439,8.9,0.0215,4275.2,0.0259,0,Normal
2020-01-04 10:30:00,30.65,39.55,1919,20.2,131,4.059,8.9,0.0105,2646.2,0.0265,0,Normal
2020-01-04 10:31:00,30.65,39.55,1596,36.6,134,6.117,8.9,0.0229,4904.4,0.0271,0,Normal
2020-01-04 10:32:00,30.65,39.55,1374,53.6,136,7.712,8.9,0.039,7289.6,0.0275,0,Normal
2020-01-04 10:33:00,30.55,39.35,1670,26.1,139,4.564,8.8,0.0156,3627.9,0.0281,0,Normal
2020-01-04 10:34:00,30.55,39.45,1702,29.1,141,5.187,8.9,0.0171,4103.1,0.0285,0,Normal
2020-01-04 10:35:00,30.65,39.35,1366,45.1,143,6.451,8.7,0.033,6449.3,0.0289,0,Normal
2020-01-04 10:36:00,30.65,39.35,2344,15.2,146,3.731,8.7,0.0065,2219.2,0.0295,0,Normal
2020-01-04 10:37:00,30.65,39.45,1768,23.9,149,4.425,8.8,0.0135,3561.1,0.0301,0,Normal
2020-01-04 10:38:00,30.65,39.35,1523,47.0,152,7.496,8.7,0.0309,7144.0,0.0307,0,Normal
2020-01-04 10:39:00,30.65,39.45,1735,25.9,154,4.706,8.8,0.0149,3988.6,0.031,0,Normal
2020-01-04 10:40:00,30.75,39.55,1339,62.3,156,8.736,8.8,0.0465,9718.8,0.0314,0,Normal
2020-01-04 10:41:00,30.75,39.55,1800,24.3,158,4.58,8.8,0.0135,3839.4,0.0318,0,Normal
2020-01-04 10:42:00,30.85,39.55,1456,51.2,160,7.807,8.7,0.0352,8192.0,0.0322,0,Normal
2020-01-04 10:43:00,30.75,39.55,1789,24.4,163,4.571,8.8,0.0136,3977.2,0.0328,0,Normal
2020-01-04 10:44:00,30.75,39.55,1602,33.9,165,5.687,8.8,0.0212,5593.5,0.0332,0,Normal
2020-01-04 10:45:00,30.65,39.55,1364,49.3,167,7.042,8.9,0.0361,8233.1,0.0336,0,Normal
2020-01-04 10:46:00,30.65,39.45,1793,28.1,170,5.276,8.8,0.0157,4777.0,0.0342,0,Normal
2020-01-04 10:47:00,30.75,39.45,1426,53.4,172,7.974,8.7,0.0374,9184.8,0.0346,0,Normal
2020-01-04 10:48:00,30.75,39.55,1485,43.3,174,6.734,8.8,0.0292,7534.2,0.035,0,Normal
2020-01-04 10:49:00,30.75,39.55,1528,38.4,177,6.144,8.8,0.0251,6796.8,0.0356,0,Normal
2020-01-04 10:50:00,30.65,39.45,1565,36.0,179,5.9,8.8,0.023,6444.0,0.036,0,Normal
2020-01-04 10:51:00,30.65,39.55,1838,27.8,181,5.351,8.9,0.0151,5031.8,0.0364,0,Normal
2020-01-04 10:52:00,30.65,39.45,1811,24.9,183,4.722,8.8,0.0137,4556.7,0.0368,0,Normal
2020-01-04 10:53:00,30.65,39.55,1461,38.2,188,5.844,8.9,0.0261,7181.6,0.0378,0,Normal
2020-01-04 10:54:00,30.65,39.55,1414,41.7,190,6.175,8.9,0.0295,7923.0,0.0382,0,Normal
2020-01-04 10:55:00,30.55,39.55,1426,45.5,192,6.795,9.0,0.0319,8736.0,0.0386,0,Normal
2020-01-04 10:56:00,30.55,39.55,1359,56.8,194,8.083,9.0,0.0418,11019.2,0.039,1,Overstrain_Failure
2020-01-04 10:57:00,30.55,39.55,1540,44.8,196,7.225,9.0,0.0291,8780.8,0.0394,0,Normal
2020-01-04 10:58:00,30.45,39.55,1429,47.7,198,7.138,9.1,0.0334,9444.6,0.0398,0,Normal
2020-01-04 10:59:00,30.55,39.55,1612,36.3,200,6.128,9.0,0.0225,7260.0,0.0402,0,Normal
2020-01-04 11:00:00,30.55,39.65,1685,31.8,203,5.611,9.1,0.0189,6455.4,0.0408,0,Normal
2020-01-04 11:01:00,30.55,39.65,1558,37.7,206,6.151,9.1,0.0242,7766.2,0.0413,0,Normal
2020-01-04 11:02:00,30.55,39.85,1811,24.3,209,4.608,9.3,0.0134,5078.7,0.0419,0,Normal
2020-01-04 11:03:00,30.65,39.95,1869,25.8,211,5.05,9.3,0.0138,5443.8,0.0423,0,Normal
2020-01-04 11:04:00,30.65,39.95,1256,58.7,213,7.721,9.3,0.0467,12503.1,0.0427,1,Overstrain_Failure
2020-01-04 11:05:00,30.65,39.85,1789,23.5,215,4.403,9.2,0.0131,5052.5,0.0431,0,Normal
2020-01-04 11:06:00,30.55,39.75,1502,40.5,0,6.37,9.2,0.027,0.0,0.0,0,Normal
2020-01-04 11:07:00,30.55,39.85,1303,54.4,2,7.423,9.3,0.0417,108.8,0.0004,0,Normal
2020-01-04 11:08:00,30.65,39.95,2497,13.0,5,3.399,9.3,0.0052,65.0,0.001,1,Power_Failure
2020-01-04 11:09:00,30.75,40.05,1499,37.4,7,5.871,9.3,0.0249,261.8,0.0014,0,Normal
2020-01-04 11:10:00,30.75,40.05,1393,46.5,9,6.783,9.3,0.0334,418.5,0.0018,0,Normal
2020-01-04 11:11:00,30.75,39.85,1475,41.0,11,6.333,9.1,0.0278,451.0,0.0022,0,Normal
2020-01-04 11:12:00,30.65,39.75,1573,34.6,14,5.699,9.1,0.022,484.4,0.0028,0,Normal
2020-01-04 11:13:00,30.65,39.75,1819,23.7,16,4.515,9.1,0.013,379.2,0.0032,0,Normal
2020-01-04 11:14:00,30.35,39.45,1642,29.4,18,5.055,9.1,0.0179,529.2,0.0036,0,Normal
2020-01-04 11:15:00,30.45,39.45,1540,39.8,21,6.418,9.0,0.0258,835.8,0.0042,0,Normal
2020-01-04 11:16:00,30.45,39.65,1400,43.2,23,6.333,9.2,0.0309,993.6,0.0046,0,Normal
2020-01-04 11:17:00,30.45,39.65,2659,11.4,26,3.174,9.2,0.0043,296.4,0.0052,1,Power_Failure
2020-01-04 11:18:00,30.45,39.65,1825,25.2,29,4.816,9.2,0.0138,730.8,0.0058,0,Normal
2020-01-04 11:19:00,30.55,39.75,1532,41.3,32,6.626,9.2,0.027,1321.6,0.0064,0,Normal
2020-01-04 11:20:00,30.55,39.65,1832,23.6,35,4.528,9.1,0.0129,826.0,0.007,0,Normal
2020-01-04 11:21:00,30.45,39.55,2174,17.6,37,4.007,9.1,0.0081,651.2,0.0074,0,Normal
2020-01-04 11:22:00,30.55,39.65,1627,31.7,40,5.401,9.1,0.0195,1268.0,0.008,0,Normal
2020-01-04 11:23:00,30.55,39.65,1437,51.3,42,7.72,9.1,0.0357,2154.6,0.0084,0,Normal
2020-01-04 11:24:00,30.55,39.65,1364,46.3,44,6.613,9.1,0.0339,2037.2,0.0088,0,Normal
2020-01-04 11:25:00,30.55,39.75,1444,52.7,46,7.969,9.2,0.0365,2424.2,0.0092,0,Normal
2020-01-04 11:26:00,30.55,39.65,1366,47.3,49,6.766,9.1,0.0346,2317.7,0.0098,0,Normal
2020-01-04 11:27:00,30.65,39.75,1442,48.3,52,7.294,9.1,0.0335,2511.6,0.0104,0,Normal
2020-01-04 11:28:00,30.55,39.65,1488,42.8,54,6.669,9.1,0.0288,2311.2,0.0108,0,Normal
2020-01-04 11:29:00,30.55,39.65,1523,40.7,59,6.491,9.1,0.0267,2401.3,0.0118,0,Normal
2020-01-04 11:30:00,30.55,39.65,1543,38.3,61,6.189,9.1,0.0248,2336.3,0.0122,0,Normal
2020-01-04 11:31:00,30.55,39.65,1634,33.8,63,5.784,9.1,0.0207,2129.4,0.0126,0,Normal
2020-01-04 11:32:00,30.65,39.75,1815,27.8,66,5.284,9.1,0.0153,1834.8,0.0132,0,Normal
2020-01-04 11:33:00,30.65,39.75,1594,35.2,69,5.876,9.1,0.0221,2428.8,0.0138,0,Normal
2020-01-04 11:34:00,30.65,39.85,1452,38.6,72,5.869,9.2,0.0266,2779.2,0.0144,0,Normal
2020-01-04 11:35:00,30.75,39.85,1759,28.4,74,5.231,9.1,0.0161,2101.6,0.0148,0,Normal
2020-01-04 11:36:00,30.75,39.85,1408,47.5,76,7.004,9.1,0.0337,3610.0,0.0151,0,Normal
2020-01-04 11:37:00,30.75,39.85,1483,45.0,78,6.988,9.1,0.0303,3510.0,0.0155,0,Normal
2020-01-04 11:38:00,30.75,39.85,1620,36.6,80,6.209,9.1,0.0226,2928.0,0.0159,0,Normal
2020-01-04 11:39:00,30.85,39.95,1466,39.5,83,6.064,9.1,0.0269,3278.5,0.0165,0,Normal
2020-01-04 11:40:00,30.95,39.95,1556,36.3,86,5.915,9.0,0.0233,3121.8,0.0171,0,Normal
2020-01-04 11:41:00,30.85,39.85,1350,61.1,88,8.638,9.0,0.0453,5376.8,0.0175,0,Normal
2020-01-04 11:42:00,30.85,39.95,1404,47.1,90,6.925,9.1,0.0335,4239.0,0.0179,0,Normal
2020-01-04 11:43:00,30.85,39.85,1575,34.5,92,5.69,9.0,0.0219,3174.0,0.0183,0,Normal
2020-01-04 11:44:00,30.75,39.95,1639,29.0,95,4.977,9.2,0.0177,2755.0,0.0189,0,Normal
2020-01-04 11:45:00,30.75,39.95,1473,42.8,97,6.602,9.2,0.0291,4151.6,0.0193,0,Normal
2020-01-04 11:46:00,30.75,40.05,1481,40.0,100,6.204,9.3,0.027,4000.0,0.0199,0,Normal
2020-01-04 11:47:00,30.85,40.15,1294,54.6,102,7.399,9.3,0.0422,5569.2,0.0203,0,Normal
2020-01-04 11:48:00,30.75,40.05,1630,29.3,104,5.001,9.3,0.018,3047.2,0.0207,0,Normal
2020-01-04 11:49:00,30.75,40.05,1624,39.8,107,6.769,9.3,0.0245,4258.6,0.0213,0,Normal
2020-01-04 11:50:00,30.75,39.95,1437,48.3,110,7.268,9.2,0.0336,5313.0,0.0219,0,Normal
2020-01-04 11:51:00,30.65,39.85,1514,45.0,113,7.135,9.2,0.0297,5085.0,0.0225,0,Normal
2020-01-04 11:52:00,30.85,39.95,1694,31.4,116,5.57,9.1,0.0185,3642.4,0.023,0,Normal
2020-01-04 11:53:00,30.85,39.95,1564,50.9,119,8.336,9.1,0.0325,6057.1,0.0236,0,Normal
2020-01-04 11:54:00,30.75,39.95,1514,41.1,121,6.516,9.2,0.0271,4973.1,0.024,0,Normal
2020-01-04 11:55:00,30.85,40.05,1500,40.6,124,6.377,9.2,0.0271,5034.4,0.0246,0,Normal
2020-01-04 11:56:00,30.85,40.05,1615,37.8,127,6.393,9.2,0.0234,4800.6,0.0252,0,Normal
2020-01-04 11:57:00,30.95,40.05,1586,41.1,129,6.826,9.1,0.0259,5301.9,0.0256,0,Normal
2020-01-04 11:58:00,30.95,40.15,1732,28.5,132,5.169,9.2,0.0165,3762.0,0.0262,0,Normal
2020-01-04 11:59:00,30.95,40.15,1689,32.5,134,5.748,9.2,0.0192,4355.0,0.0266,0,Normal
2020-01-04 12:00:00,30.95,40.05,1586,34.6,139,5.747,9.1,0.0218,4809.4,0.0276,0,Normal
2020-01-04 12:01:00,30.85,40.05,1314,47.1,144,6.481,9.2,0.0358,6782.4,0.0286,0,Normal
2020-01-04 12:02:00,30.95,40.05,1569,35.8,146,5.882,9.1,0.0228,5226.8,0.029,0,Normal
2020-01-04 12:03:00,30.95,40.05,1468,39.4,148,6.057,9.1,0.0268,5831.2,0.0293,0,Normal
2020-01-04 12:04:00,30.95,40.05,1412,47.5,150,7.024,9.1,0.0336,7125.0,0.0297,0,Normal
2020-01-04 12:05:00,30.95,40.05,1510,46.9,152,7.416,9.1,0.0311,7128.8,0.0301,0,Normal
2020-01-04 12:06:00,30.95,40.05,1410,42.4,155,6.261,9.1,0.0301,6572.0,0.0307,0,Normal
2020-01-04 12:07:00,30.95,40.15,1680,29.3,158,5.155,9.2,0.0174,4629.4,0.0313,0,Normal
2020-01-04 12:08:00,30.85,40.05,1271,68.6,161,9.131,9.2,0.054,11044.6,0.0319,1,Power_Failure
2020-01-04 12:09:00,30.85,39.95,1472,45.5,166,7.014,9.1,0.0309,7553.0,0.0329,0,Normal
2020-01-04 12:10:00,30.85,39.85,1701,30.4,171,5.415,9.0,0.0179,5198.4,0.0339,0,Normal
2020-01-04 12:11:00,30.75,39.85,1480,39.9,176,6.184,9.1,0.027,7022.4,0.0348,0,Normal
2020-01-04 12:12:00,30.75,39.85,1433,48.4,178,7.263,9.1,0.0338,8615.2,0.0352,0,Normal
2020-01-04 12:13:00,30.65,39.75,1514,34.3,180,5.438,9.1,0.0227,6174.0,0.0356,0,Normal
2020-01-04 12:14:00,30.65,39.75,1619,35.7,182,6.053,9.1,0.0221,6497.4,0.036,0,Normal
2020-01-04 12:15:00,30.65,39.75,1378,45.6,184,6.58,9.1,0.0331,8390.4,0.0364,0,Normal
2020-01-04 12:16:00,30.75,39.75,1430,53.5,189,8.012,9.0,0.0374,10111.5,0.0374,0,Normal
2020-01-04 12:17:00,30.65,39.75,1367,49.9,192,7.143,9.1,0.0365,9580.8,0.038,0,Normal
2020-01-04 12:18:00,30.75,39.75,1526,42.5,194,6.792,9.0,0.0279,8245.0,0.0383,0,Normal
2020-01-04 12:19:00,30.75,39.65,1419,47.9,196,7.118,8.9,0.0338,9388.4,0.0387,0,Normal
2020-01-04 12:20:00,30.85,39.65,1542,42.7,198,6.895,8.8,0.0277,8454.6,0.0391,0,Normal
2020-01-04 12:21:00,30.85,39.75,1363,62.5,200,8.921,8.9,0.0459,12500.0,0.0395,1,Overstrain_Failure
2020-01-04 12:22:00,30.85,39.75,1313,53.9,202,7.411,8.9,0.0411,10887.8,0.0399,0,Normal
2020-01-04 12:23:00,30.85,39.75,1495,46.6,0,7.296,8.9,0.0312,0.0,0.0,0,Normal
2020-01-04 12:24:00,30.85,39.85,1407,42.1,5,6.203,9.0,0.0299,210.5,0.001,0,Normal
2020-01-04 12:25:00,30.95,39.85,1566,37.2,7,6.1,8.9,0.0238,260.4,0.0014,0,Normal
2020-01-04 12:26:00,30.95,39.95,1550,30.9,9,5.016,9.0,0.0199,278.1,0.0018,0,Normal
2020-01-04 12:27:00,31.05,40.05,1396,50.5,11,7.383,9.0,0.0362,555.5,0.0022,0,Normal
2020-01-04 12:28:00,31.15,40.15,1540,39.0,14,6.289,9.0,0.0253,546.0,0.0028,0,Normal
2020-01-04 12:29:00,31.05,40.05,1380,48.7,17,7.038,9.0,0.0353,827.9,0.0034,0,Normal
2020-01-04 12:30:00,31.05,39.95,1608,31.1,20,5.237,8.9,0.0193,622.0,0.0039,0,Normal
2020-01-04 12:31:00,31.05,39.85,1442,40.9,23,6.176,8.8,0.0284,940.7,0.0045,0,Normal
2020-01-04 12:32:00,30.95,39.85,1408,45.3,28,6.679,8.9,0.0322,1268.4,0.0055,0,Normal
2020-01-04 12:33:00,30.85,39.85,1454,46.8,30,7.126,9.0,0.0322,1404.0,0.0059,0,Normal
2020-01-04 12:34:00,30.95,39.95,1666,34.6,33,6.036,9.0,0.0208,1141.8,0.0065,0,Normal
2020-01-04 12:35:00,30.95,40.05,1366,46.6,35,6.666,9.1,0.0341,1631.0,0.0069,0,Normal
2020-01-04 12:36:00,31.05,40.05,1464,44.9,37,6.884,9.0,0.0307,1661.3,0.0073,0,Normal
2020-01-04 12:37:00,31.15,40.15,1775,24.9,39,4.628,9.0,0.014,971.1,0.0077,0,Normal
2020-01-04 12:38:00,31.15,40.25,1482,43.8,41,6.798,9.1,0.0296,1795.8,0.0081,0,Normal
2020-01-04 12:39:00,31.05,40.25,1411,54.8,44,8.097,9.2,0.0388,2411.2,0.0087,0,Normal
2020-01-04 12:40:00,31.05,40.15,1410,51.6,47,7.619,9.1,0.0366,2425.2,0.0093,0,Normal
2020-01-04 12:41:00,30.95,40.15,1494,39.0,49,6.102,9.2,0.0261,1911.0,0.0096,0,Normal
2020-01-04 12:42:00,30.95,40.05,1590,43.4,52,7.226,9.1,0.0273,2256.8,0.0102,0,Normal
2020-01-04 12:43:00,30.95,39.95,1327,54.1,57,7.518,9.0,0.0408,3083.7,0.0112,0,Normal
2020-01-04 12:44:00,30.95,39.95,1969,20.8,59,4.289,9.0,0.0106,1227.2,0.0116,0,Normal
2020-01-04 12:45:00,30.85,39.85,1377,56.0,61,8.075,9.0,0.0407,3416.0,0.012,0,Normal
2020-01-04 12:46:00,30.85,39.85,1541,45.9,64,7.407,9.0,0.0298,2937.6,0.0126,0,Normal
2020-01-04 12:47:00,30.85,39.85,1685,28.2,66,4.976,9.0,0.0167,1861.2,0.013,0,Normal
2020-01-04 12:48:00,30.85,39.95,1465,41.0,69,6.29,9.1,0.028,2829.0,0.0136,0,Normal
2020-01-04 12:49:00,30.75,39.95,1483,47.2,71,7.33,9.2,0.0318,3351.2,0.0139,0,Normal
2020-01-04 12:50:00,30.75,40.05,1570,40.7,74,6.691,9.3,0.0259,3011.8,0.0145,0,Normal
2020-01-04 12:51:00,30.75,40.05,1345,48.2,77,6.789,9.3,0.0358,3711.4,0.0151,0,Normal
2020-01-04 12:52:00,30.75,40.05,1608,40.6,79,6.837,9.3,0.0252,3207.4,0.0155,0,Normal
2020-01-04 12:53:00,30.85,40.15,1415,52.8,82,7.824,9.3,0.0373,4329.6,0.0161,0,Normal
2020-01-04 12:54:00,30.95,40.35,1470,45.8,85,7.05,9.4,0.0312,3893.0,0.0167,0,Normal
2020-01-04 12:55:00,30.95,40.35,1428,39.9,88,5.967,9.4,0.0279,3511.2,0.0173,0,Normal
2020-01-04 12:56:00,31.05,40.35,1627,32.2,91,5.486,9.3,0.0198,2930.2,0.0179,0,Normal
2020-01-04 12:57:00,31.05,40.25,1457,49.4,96,7.537,9.2,0.0339,4742.4,0.0188,0,Normal
2020-01-04 12:58:00,31.05,40.25,1475,40.2,98,6.209,9.2,0.0273,3939.6,0.0192,0,Normal
2020-01-04 12:59:00,31.05,40.35,1438,50.1,100,7.544,9.3,0.0348,5010.0,0.0196,0,Normal
2020-01-04 13:00:00,31.05,40.35,1437,47.2,102,7.103,9.3,0.0328,4814.4,0.02,0,Normal
2020-01-04 13:01:00,30.95,40.25,1518,42.4,105,6.74,9.3,0.0279,4452.0,0.0206,0,Normal
2020-01-04 13:02:00,30.95,40.35,1587,33.6,108,5.584,9.4,0.0212,3628.8,0.0212,0,Normal
2020-01-04 13:03:00,30.95,40.25,1399,43.7,111,6.402,9.3,0.0312,4850.7,0.0217,0,Normal
2020-01-04 13:04:00,30.95,40.35,1469,44.6,113,6.861,9.4,0.0304,5039.8,0.0221,0,Normal
2020-01-04 13:05:00,30.95,40.25,1374,56.6,115,8.144,9.3,0.0412,6509.0,0.0225,0,Normal
2020-01-04 13:06:00,30.85,40.15,1519,36.7,117,5.838,9.3,0.0242,4293.9,0.0229,0,Normal
2020-01-04 13:07:00,30.75,40.05,1540,44.4,119,7.16,9.3,0.0288,5283.6,0.0233,0,Normal
2020-01-04 13:08:00,30.75,40.15,1394,51.6,121,7.533,9.4,0.037,6243.6,0.0237,0,Normal
2020-01-04 13:09:00,30.85,40.25,1389,45.8,123,6.662,9.4,0.033,5633.4,0.0241,0,Normal
2020-01-04 13:10:00,30.85,40.35,1732,26.2,126,4.752,9.5,0.0151,3301.2,0.0247,0,Normal
2020-01-04 13:11:00,30.95,40.45,1556,37.4,129,6.094,9.5,0.024,4824.6,0.0252,0,Normal
2020-01-04 13:12:00,30.95,40.45,1441,43.7,131,6.594,9.5,0.0303,5724.7,0.0256,0,Normal
2020-01-04 13:13:00,30.95,40.45,1382,46.7,134,6.759,9.5,0.0338,6257.8,0.0262,0,Normal
2020-01-04 13:14:00,31.05,40.65,1481,44.9,136,6.964,9.6,0.0303,6106.4,0.0266,0,Normal
2020-01-04 13:15:00,31.05,40.55,2113,18.4,139,4.071,9.5,0.0087,2557.6,0.0272,0,Normal
2020-01-04 13:16:00,31.05,40.65,1401,53.9,142,7.908,9.6,0.0385,7653.8,0.0278,0,Normal
2020-01-04 13:17:00,30.95,40.45,1611,31.4,144,5.297,9.5,0.0195,4521.6,0.0281,0,Normal
2020-01-04 13:18:00,31.05,40.45,1512,33.4,146,5.288,9.4,0.0221,4876.4,0.0285,0,Normal
2020-01-04 13:19:00,31.05,40.45,1411,46.0,149,6.797,9.4,0.0326,6854.0,0.0291,0,Normal
2020-01-04 13:20:00,31.05,40.45,1424,43.7,151,6.517,9.4,0.0307,6598.7,0.0295,0,Normal
2020-01-04 13:21:00,31.05,40.45,1469,40.0,154,6.153,9.4,0.0272,6160.0,0.0301,0,Normal
2020-01-04 13:22:00,31.05,40.35,1684,29.8,156,5.255,9.3,0.0177,4648.8,0.0305,0,Normal
2020-01-04 13:23:00,31.05,40.35,1532,41.3,161,6.626,9.3,0.027,6649.3,0.0314,0,Normal
2020-01-04 13:24:00,31.05,40.35,1557,37.3,164,6.082,9.3,0.024,6117.2,0.032,0,Normal
2020-01-04 13:25:00,31.15,40.35,1416,48.1,167,7.132,9.2,0.034,8032.7,0.0326,0,Normal
2020-01-04 13:26:00,31.15,40.35,1802,25.4,170,4.793,9.2,0.0141,4318.0,0.0332,0,Normal
2020-01-04 13:27:00,31.15,40.35,2245,15.1,172,3.55,9.2,0.0067,2597.2,0.0335,0,Normal
2020-01-04 13:28:00,31.05,40.25,1434,42.5,175,6.382,9.2,0.0296,7437.5,0.0341,0,Normal
2020-01-04 13:29:00,30.95,40.15,1725,28.3,177,5.112,9.2,0.0164,5009.1,0.0345,0,Normal
2020-01-04 13:30:00,31.05,40.15,1668,35.7,180,6.236,9.1,0.0214,6426.0,0.0351,0,Normal
2020-01-04 13:31:00,30.95,40.15,1452,43.9,182,6.675,9.2,0.0302,7989.8,0.0355,0,Normal
2020-01-04 13:32:00,30.95,40.15,1415,50.0,184,7.409,9.2,0.0353,9200.0,0.0358,0,Normal
2020-01-04 13:33:00,30.95,40.05,1824,25.8,186,4.928,9.1,0.0141,4798.8,0.0362,0,Normal
2020-01-04 13:34:00,30.95,40.15,1438,45.5,188,6.852,9.2,0.0316,8554.0,0.0366,0,Normal
2020-01-04 13:35:00,30.95,40.15,1883,24.5,190,4.831,9.2,0.013,4655.0,0.037,0,Normal
2020-01-04 13:36:00,31.05,40.25,1735,28.9,192,5.251,9.2,0.0167,5548.8,0.0374,0,Normal
2020-01-04 13:37:00,31.15,40.35,1464,36.7,194,5.626,9.2,0.0251,7119.8,0.0378,0,Normal
2020-01-04 13:38:00,31.15,40.45,1489,40.3,196,6.284,9.3,0.0271,7898.8,0.0381,0,Normal
2020-01-04 13:39:00,31.25,40.45,1510,38.9,199,6.151,9.2,0.0258,7741.1,0.0387,0,Normal
2020-01-04 13:40:00,31.15,40.45,1585,32.1,202,5.328,9.3,0.0203,6484.2,0.0393,0,Normal
2020-01-04 13:41:00,31.25,40.55,1509,35.0,205,5.531,9.3,0.0232,7175.0,0.0399,1,Tool_Wear_Failure
2020-01-04 13:42:00,31.25,40.45,1568,39.1,0,6.42,9.2,0.0249,0.0,0.0,0,Normal
2020-01-04 13:43:00,31.15,40.35,1525,42.0,2,6.707,9.2,0.0275,84.0,0.0004,0,Normal
2020-01-04 13:44:00,31.25,40.55,1607,33.5,5,5.638,9.3,0.0208,167.5,0.001,0,Normal
2020-01-04 13:45:00,31.35,40.55,1670,32.9,7,5.754,9.2,0.0197,230.3,0.0014,0,Normal
2020-01-04 13:46:00,31.25,40.45,1585,38.9,9,6.457,9.2,0.0245,350.1,0.0017,0,Normal
2020-01-04 13:47:00,31.25,40.45,1569,38.4,11,6.309,9.2,0.0245,422.4,0.0021,0,Normal
2020-01-04 13:48:00,31.25,40.45,1507,43.1,13,6.802,9.2,0.0286,560.3,0.0025,0,Normal
2020-01-04 13:49:00,31.15,40.35,1452,41.5,15,6.31,9.2,0.0286,622.5,0.0029,0,Normal
2020-01-04 13:50:00,31.15,40.35,1590,29.8,17,4.962,9.2,0.0187,506.6,0.0033,0,Normal
2020-01-04 13:51:00,31.15,40.45,1409,56.0,19,8.263,9.3,0.0397,1064.0,0.0037,0,Normal
2020-01-04 13:52:00,31.15,40.35,2643,12.7,21,3.515,9.2,0.0048,266.7,0.0041,0,Normal
2020-01-04 13:53:00,31.05,40.25,1644,31.7,23,5.457,9.2,0.0193,729.1,0.0045,0,Normal
2020-01-04 13:54:00,31.05,40.25,1568,37.6,25,6.174,9.2,0.024,940.0,0.0048,0,Normal
2020-01-04 13:55:00,31.05,40.15,1625,37.3,27,6.347,9.1,0.023,1007.1,0.0052,0,Normal
2020-01-04 13:56:00,31.05,40.25,1482,41.4,32,6.425,9.2,0.0279,1324.8,0.0062,0,Normal
2020-01-04 13:57:00,30.95,40.15,1397,49.6,34,7.256,9.2,0.0355,1686.4,0.0066,0,Normal
2020-01-04 13:58:00,30.95,40.15,1459,50.3,39,7.685,9.2,0.0345,1961.7,0.0076,0,Normal
2020-01-04 13:59:00,31.05,40.25,1490,44.0,41,6.865,9.2,0.0295,1804.0,0.0079,0,Normal
2020-01-04 14:00:00,30.95,40.05,1434,50.1,43,7.523,9.1,0.0349,2154.3,0.0083,0,Normal
2020-01-04 14:01:00,30.95,40.05,2028,18.9,45,4.014,9.1,0.0093,850.5,0.0087,0,Normal
2020-01-04 14:02:00,31.05,40.15,1464,45.9,48,7.037,9.1,0.0314,2203.2,0.0093,0,Normal
2020-01-04 14:03:00,31.05,40.25,1713,23.5,50,4.216,9.2,0.0137,1175.0,0.0097,0,Normal
2020-01-04 14:04:00,31.15,40.25,1624,32.1,53,5.459,9.1,0.0198,1701.3,0.0103,0,Normal
2020-01-04 14:05:00,31.05,40.25,1421,43.4,56,6.458,9.2,0.0305,2430.4,0.0108,0,Normal
2020-01-04 14:06:00,31.05,40.35,1546,41.4,58,6.703,9.3,0.0268,2401.2,0.0112,0,Normal
2020-01-04 14:07:00,31.05,40.25,1639,32.7,63,5.612,9.2,0.02,2060.1,0.0122,0,Normal
2020-01-04 14:08:00,30.95,40.25,1696,29.6,65,5.257,9.3,0.0175,1924.0,0.0126,0,Normal
2020-01-04 14:09:00,30.95,40.15,1470,39.9,70,6.142,9.2,0.0271,2793.0,0.0135,0,Normal
2020-01-04 14:10:00,30.95,40.15,1480,38.4,72,5.951,9.2,0.0259,2764.8,0.0139,0,Normal
2020-01-04 14:11:00,31.05,40.25,1329,54.5,75,7.585,9.2,0.041,4087.5,0.0145,0,Normal
2020-01-04 14:12:00,31.05,40.25,1740,28.2,78,5.138,9.2,0.0162,2199.6,0.0151,0,Normal
2020-01-04 14:13:00,31.05,40.35,1739,28.1,80,5.117,9.3,0.0162,2248.0,0.0155,0,Normal
2020-01-04 14:14:00,31.05,40.35,1390,47.8,83,6.958,9.3,0.0344,3967.4,0.016,0,Normal
2020-01-04 14:15:00,31.05,40.25,1740,23.7,86,4.318,9.2,0.0136,2038.2,0.0166,0,Normal
2020-01-04 14:16:00,30.85,40.15,1844,27.1,88,5.233,9.3,0.0147,2384.8,0.017,0,Normal
2020-01-04 14:17:00,30.85,39.95,1388,53.2,91,7.733,9.1,0.0383,4841.2,0.0176,0,Normal
2020-01-04 14:18:00,30.85,40.05,1517,43.1,96,6.847,9.2,0.0284,4137.6,0.0185,0,Normal
2020-01-04 14:19:00,30.85,39.95,1450,42.8,101,6.499,9.1,0.0295,4322.8,0.0195,0,Normal
2020-01-04 14:20:00,30.85,40.05,1584,38.7,104,6.419,9.2,0.0244,4024.8,0.0201,0,Normal
2020-01-04 14:21:00,30.85,39.95,1720,28.7,106,5.169,9.1,0.0167,3042.2,0.0205,0,Normal
2020-01-04 14:22:00,30.75,39.95,1586,31.9,108,5.298,9.2,0.0201,3445.2,0.0208,0,Normal
2020-01-04 14:23:00,30.75,39.85,1901,22.5,110,4.479,9.1,0.0118,2475.0,0.0212,0,Normal
2020-01-04 14:24:00,30.85,39.85,1397,42.4,113,6.203,9.0,0.0304,4791.2,0.0218,0,Normal
2020-01-04 14:25:00,30.85,39.85,2012,21.1,115,4.446,9.0,0.0105,2426.5,0.0222,0,Normal
2020-01-04 14:26:00,30.85,39.85,2354,15.0,117,3.698,9.0,0.0064,1755.0,0.0226,0,Normal
2020-01-04 14:27:00,30.85,39.95,1648,35.7,119,6.161,9.1,0.0217,4248.3,0.0229,0,Normal
2020-01-04 14:28:00,30.85,40.05,1632,30.6,121,5.23,9.2,0.0187,3702.6,0.0233,0,Normal
2020-01-04 14:29:00,30.95,40.05,1427,46.9,123,7.009,9.1,0.0329,5768.7,0.0237,0,Normal
2020-01-04 14:30:00,30.95,40.05,1452,48.0,126,7.299,9.1,0.0331,6048.0,0.0243,0,Normal
2020-01-04 14:31:00,30.85,40.05,1416,46.0,128,6.821,9.2,0.0325,5888.0,0.0247,0,Normal
2020-01-04 14:32:00,30.75,39.95,1310,62.9,130,8.629,9.2,0.048,8177.0,0.025,0,Normal
2020-01-04 14:33:00,30.85,39.95,1408,39.8,132,5.868,9.1,0.0283,5253.6,0.0254,0,Normal
2020-01-04 14:34:00,30.75,39.95,1668,34.4,137,6.009,9.2,0.0206,4712.8,0.0264,0,Normal
2020-01-04 14:35:00,30.75,39.85,1551,36.8,140,5.977,9.1,0.0237,5152.0,0.0269,0,Normal
2020-01-04 14:36:00,30.75,39.85,1517,36.0,142,5.719,9.1,0.0237,5112.0,0.0273,0,Normal
2020-01-04 14:37:00,30.65,39.75,1570,35.8,147,5.886,9.1,0.0228,5262.6,0.0283,0,Normal
2020-01-04 14:38:00,30.65,39.65,1428,53.3,152,7.97,9.0,0.0373,8101.6,0.0292,0,Normal
2020-01-04 14:39:00,30.65,39.65,1503,40.0,154,6.296,9.0,0.0266,6160.0,0.0296,0,Normal
2020-01-04 14:40:00,30.65,39.65,1416,58.7,156,8.704,9.0,0.0415,9157.2,0.03,0,Normal
2020-01-04 14:41:00,30.55,39.55,1396,47.3,158,6.915,9.0,0.0339,7473.4,0.0304,0,Normal
2020-01-04 14:42:00,30.55,39.55,1335,51.1,161,7.144,9.0,0.0383,8227.1,0.0309,0,Normal
2020-01-04 14:43:00,30.55,39.45,1671,30.5,163,5.337,8.9,0.0183,4971.5,0.0313,0,Normal
2020-01-04 14:44:00,30.55,39.55,1989,22.4,166,4.666,9.0,0.0113,3718.4,0.0319,0,Normal
2020-01-04 14:45:00,30.55,39.55,1468,43.3,168,6.656,9.0,0.0295,7274.4,0.0323,0,Normal
2020-01-04 14:46:00,30.55,39.45,1711,27.6,170,4.945,8.9,0.0161,4692.0,0.0326,0,Normal
2020-01-04 14:47:00,30.65,39.55,1488,41.3,175,6.435,8.9,0.0278,7227.5,0.0336,0,Normal
2020-01-04 14:48:00,30.65,39.55,1664,29.3,178,5.106,8.9,0.0176,5215.4,0.0342,0,Normal
2020-01-04 14:49:00,30.65,39.55,1507,38.5,180,6.076,8.9,0.0255,6930.0,0.0345,0,Normal
2020-01-04 14:50:00,30.55,39.45,1466,42.5,183,6.525,8.9,0.029,7777.5,0.0351,0,Normal
2020-01-04 14:51:00,30.55,39.35,1433,53.6,185,8.043,8.8,0.0374,9916.0,0.0355,0,Normal
2020-01-04 14:52:00,30.55,39.35,1397,45.7,187,6.686,8.8,0.0327,8545.9,0.0359,0,Normal
2020-01-04 14:53:00,30.55,39.45,1429,43.3,189,6.48,8.9,0.0303,8183.7,0.0362,0,Normal
2020-01-04 14:54:00,30.55,39.55,1572,37.2,192,6.124,9.0,0.0237,7142.4,0.0368,0,Normal
2020-01-04 14:55:00,30.55,39.55,1532,42.7,194,6.85,9.0,0.0279,8283.8,0.0372,0,Normal
2020-01-04 14:56:00,30.55,39.55,1316,51.8,197,7.139,9.0,0.0394,10204.6,0.0378,0,Normal
2020-01-04 14:57:00,30.65,39.65,1420,47.9,200,7.123,9.0,0.0337,9580.0,0.0383,0,Normal
2020-01-04 14:58:00,30.65,39.75,1589,37.2,203,6.19,9.1,0.0234,7551.6,0.0389,0,Normal
2020-01-04 14:59:00,30.65,39.85,1365,59.9,205,8.562,9.2,0.0439,12279.5,0.0393,1,Overstrain_Failure
2020-01-04 15:00:00,30.65,39.85,1633,32.9,207,5.626,9.2,0.0201,6810.3,0.0396,0,Normal
2020-01-04 15:01:00,30.75,39.85,1626,31.4,209,5.347,9.1,0.0193,6562.6,0.04,0,Normal
2020-01-04 15:02:00,30.75,39.95,1665,29.6,0,5.161,9.2,0.0178,0.0,0.0,0,Normal
2020-01-04 15:03:00,30.75,40.05,1350,47.2,2,6.673,9.3,0.035,94.4,0.0004,0,Normal
2020-01-04 15:04:00,30.75,40.05,1590,31.9,5,5.311,9.3,0.0201,159.5,0.001,0,Normal
2020-01-04 15:05:00,30.85,40.05,1437,53.9,7,8.111,9.2,0.0375,377.3,0.0013,0,Normal
2020-01-04 15:06:00,30.75,39.85,1403,48.3,10,7.096,9.1,0.0344,483.0,0.0019,0,Normal
2020-01-04 15:07:00,30.75,39.95,1440,41.1,12,6.198,9.2,0.0285,493.2,0.0023,0,Normal
2020-01-04 15:08:00,30.75,39.95,1343,61.4,14,8.635,9.2,0.0457,859.6,0.0027,0,Normal
2020-01-04 15:09:00,30.75,39.95,1790,26.7,17,5.005,9.2,0.0149,453.9,0.0033,0,Normal
2020-01-04 15:10:00,30.65,39.95,2117,18.6,22,4.123,9.3,0.0088,409.2,0.0042,0,Normal
2020-01-04 15:11:00,30.65,39.95,1458,42.2,25,6.443,9.3,0.0289,1055.0,0.0048,0,Normal
2020-01-04 15:12:00,30.45,39.75,1381,57.8,27,8.359,9.3,0.0419,1560.6,0.0052,0,Normal
2020-01-04 15:13:00,30.45,39.75,1450,45.3,29,6.879,9.3,0.0312,1313.7,0.0055,0,Normal
2020-01-04 15:14:00,30.55,39.75,1461,50.1,31,7.665,9.2,0.0343,1553.1,0.0059,0,Normal
2020-01-04 15:15:00,30.55,39.75,1511,41.0,33,6.487,9.2,0.0271,1353.0,0.0063,0,Normal
2020-01-04 15:16:00,30.65,39.95,1394,45.4,36,6.627,9.3,0.0326,1634.4,0.0069,0,Normal
2020-01-04 15:17:00,30.65,39.85,1499,42.3,38,6.64,9.2,0.0282,1607.4,0.0073,0,Normal
2020-01-04 15:18:00,30.55,39.85,1457,44.1,40,6.729,9.3,0.0303,1764.0,0.0076,0,Normal
2020-01-04 15:19:00,30.55,39.85,1753,29.0,42,5.324,9.3,0.0165,1218.0,0.008,0,Normal
2020-01-04 15:20:00,30.55,39.85,1694,28.0,44,4.967,9.3,0.0165,1232.0,0.0084,0,Normal
2020-01-04 15:21:00,30.55,39.95,1683,28.4,46,5.005,9.4,0.0169,1306.4,0.0088,0,Normal
2020-01-04 15:22:00,30.55,39.95,1496,47.4,48,7.426,9.4,0.0317,2275.2,0.0092,0,Normal
2020-01-04 15:23:00,30.55,39.95,1721,34.8,50,6.272,9.4,0.0202,1740.0,0.0095,0,Normal
2020-01-04 15:24:00,30.45,39.85,1593,31.6,52,5.271,9.4,0.0198,1643.2,0.0099,0,Normal
2020-01-04 15:25:00,30.45,39.85,1575,38.3,54,6.317,9.4,0.0243,2068.2,0.0103,0,Normal
2020-01-04 15:26:00,30.35,39.85,1465,41.0,56,6.29,9.5,0.028,2296.0,0.0107,0,Normal
2020-01-04 15:27:00,30.45,39.95,1405,38.3,58,5.635,9.5,0.0273,2221.4,0.0111,0,Normal
2020-01-04 15:28:00,30.35,39.85,1902,21.6,60,4.302,9.5,0.0114,1296.0,0.0114,0,Normal
2020-01-04 15:29:00,30.25,39.75,1422,39.9,63,5.942,9.5,0.0281,2513.7,0.012,0,Normal
2020-01-04 15:30:00,30.35,39.75,1332,52.9,66,7.379,9.4,0.0397,3491.4,0.0126,0,Normal
2020-01-04 15:31:00,30.25,39.75,1307,54.3,68,7.432,9.5,0.0415,3692.4,0.0129,0,Normal
2020-01-04 15:32:00,30.35,39.85,1322,59.5,71,8.237,9.5,0.045,4224.5,0.0135,0,Normal
2020-01-04 15:33:00,30.35,39.85,1547,40.3,73,6.529,9.5,0.0261,2941.9,0.0139,0,Normal
2020-01-04 15:34:00,30.35,39.95,1897,23.6,75,4.688,9.6,0.0124,1770.0,0.0143,0,Normal
2020-01-04 15:35:00,30.35,39.85,1403,51.9,77,7.625,9.5,0.037,3996.3,0.0146,0,Normal
2020-01-04 15:36:00,30.35,39.85,1393,51.6,80,7.527,9.5,0.037,4128.0,0.0152,0,Normal
2020-01-04 15:37:00,30.35,39.85,1482,38.5,82,5.975,9.5,0.026,3157.0,0.0156,0,Normal
2020-01-04 15:38:00,30.35,39.75,1572,44.7,84,7.358,9.4,0.0284,3754.8,0.016,0,Normal
2020-01-04 15:39:00,30.35,39.75,1544,36.9,87,5.966,9.4,0.0239,3210.3,0.0165,0,Normal
2020-01-04 15:40:00,30.35,39.85,1492,46.1,89,7.203,9.5,0.0309,4102.9,0.0169,0,Normal
2020-01-04 15:41:00,30.25,39.65,1513,35.8,92,5.672,9.4,0.0237,3293.6,0.0175,0,Normal
2020-01-04 15:42:00,30.25,39.65,1449,43.9,94,6.661,9.4,0.0303,4126.6,0.0179,0,Normal
2020-01-04 15:43:00,30.35,39.65,1877,22.3,96,4.383,9.3,0.0119,2140.8,0.0182,0,Normal
2020-01-04 15:44:00,30.25,39.65,1376,53.4,98,7.695,9.4,0.0388,5233.2,0.0186,0,Normal
2020-01-04 15:45:00,30.35,39.75,1883,23.3,100,4.594,9.4,0.0124,2330.0,0.019,0,Normal
2020-01-04 15:46:00,30.25,39.65,1518,38.7,103,6.152,9.4,0.0255,3986.1,0.0196,0,Normal
2020-01-04 15:47:00,30.35,39.75,1438,42.8,106,6.445,9.4,0.0298,4536.8,0.0201,0,Normal
2020-01-04 15:48:00,30.25,39.75,1389,54.1,109,7.869,9.5,0.0389,5896.9,0.0207,0,Normal
2020-01-04 15:49:00,30.35,39.75,1504,44.8,111,7.056,9.4,0.0298,4972.8,0.0211,0,Normal
2020-01-04 15:50:00,30.35,39.75,1275,64.4,113,8.599,9.4,0.0505,7277.2,0.0214,0,Normal
2020-01-04 15:51:00,30.45,39.85,1534,39.7,115,6.377,9.4,0.0259,4565.5,0.0218,0,Normal
2020-01-04 15:52:00,30.45,39.85,1396,38.2,117,5.584,9.4,0.0274,4469.4,0.0222,0,Normal
2020-01-04 15:53:00,30.45,39.95,1395,44.1,120,6.442,9.5,0.0316,5292.0,0.0228,0,Normal
2020-01-04 15:54:00,30.45,39.85,1617,30.9,122,5.232,9.4,0.0191,3769.8,0.0231,0,Normal
2020-01-04 15:55:00,30.55,39.95,1423,41.2,124,6.139,9.4,0.029,5108.8,0.0235,0,Normal
2020-01-04 15:56:00,30.35,39.85,1606,34.0,126,5.718,9.5,0.0212,4284.0,0.0239,0,Normal
2020-01-04 15:57:00,30.35,39.75,1501,44.0,128,6.916,9.4,0.0293,5632.0,0.0243,0,Normal
2020-01-04 15:58:00,30.35,39.75,1618,30.4,130,5.151,9.4,0.0188,3952.0,0.0246,0,Normal
2020-01-04 15:59:00,30.45,39.85,1522,35.8,133,5.706,9.4,0.0235,4761.4,0.0252,0,Normal
2020-01-04 16:00:00,30.45,39.75,1480,41.4,135,6.416,9.3,0.028,5589.0,0.0256,0,Normal
2020-01-04 16:01:00,30.55,39.85,1469,39.9,137,6.138,9.3,0.0272,5466.3,0.0259,0,Normal
2020-01-04 16:02:00,30.65,40.05,1381,52.4,140,7.578,9.4,0.0379,7336.0,0.0265,0,Normal
2020-01-04 16:03:00,30.65,40.05,1525,41.9,145,6.691,9.4,0.0275,6075.5,0.0274,0,Normal
2020-01-04 16:04:00,30.65,40.05,1732,29.6,147,5.369,9.4,0.0171,4351.2,0.0278,0,Normal
2020-01-04 16:05:00,30.65,39.95,1523,39.8,150,6.348,9.3,0.0261,5970.0,0.0284,0,Normal
2020-01-04 16:06:00,30.65,39.95,1422,42.4,152,6.314,9.3,0.0298,6444.8,0.0287,0,Normal
2020-01-04 16:07:00,30.65,40.05,1506,46.9,154,7.397,9.4,0.0311,7222.6,0.0291,0,Normal
2020-01-04 16:08:00,30.65,40.05,1531,39.4,159,6.317,9.4,0.0257,6264.6,0.0301,0,Normal
2020-01-04 16:09:00,30.75,40.15,1507,34.3,161,5.413,9.4,0.0228,5522.3,0.0304,0,Normal
2020-01-04 16:10:00,30.75,40.15,1526,40.7,164,6.504,9.4,0.0267,6674.8,0.031,0,Normal
2020-01-04 16:11:00,30.65,40.15,1406,52.1,166,7.671,9.5,0.0371,8648.6,0.0314,0,Normal
2020-01-04 16:12:00,30.75,40.15,1567,35.0,168,5.743,9.4,0.0223,5880.0,0.0317,0,Normal
2020-01-04 16:13:00,30.75,40.25,1464,49.1,171,7.528,9.5,0.0335,8396.1,0.0323,0,Normal
2020-01-04 16:14:00,30.75,40.25,1442,48.5,174,7.324,9.5,0.0336,8439.0,0.0329,0,Normal
2020-01-04 16:15:00,30.65,40.05,1336,47.8,176,6.687,9.4,0.0358,8412.8,0.0332,0,Normal
2020-01-04 16:16:00,30.65,40.05,1379,50.2,178,7.249,9.4,0.0364,8935.6,0.0336,0,Normal
2020-01-04 16:17:00,30.55,39.95,1406,48.6,183,7.156,9.4,0.0346,8893.8,0.0345,0,Normal
2020-01-04 16:18:00,30.55,39.95,2130,18.1,185,4.037,9.4,0.0085,3348.5,0.0349,0,Normal
2020-01-04 16:19:00,30.55,39.95,1355,49.1,188,6.967,9.4,0.0362,9230.8,0.0355,0,Normal
2020-01-04 16:20:00,30.65,40.05,1710,26.5,190,4.745,9.4,0.0155,5035.0,0.0358,0,Normal
2020-01-04 16:21:00,30.65,39.95,1309,55.8,193,7.649,9.3,0.0426,10769.4,0.0364,0,Normal
2020-01-04 16:22:00,30.75,39.95,1491,37.2,195,5.808,9.2,0.0249,7254.0,0.0368,0,Normal
2020-01-04 16:23:00,30.75,40.05,1481,44.1,197,6.839,9.3,0.0298,8687.7,0.0371,0,Normal
2020-01-04 16:24:00,30.75,39.95,1425,49.3,199,7.357,9.2,0.0346,9810.7,0.0375,0,Normal
2020-01-04 16:25:00,30.75,40.05,1680,29.1,201,5.12,9.3,0.0173,5849.1,0.0379,0,Normal
2020-01-04 16:26:00,30.85,40.05,1612,31.7,206,5.351,9.2,0.0197,6530.2,0.0388,0,Normal
2020-01-04 16:27:00,30.85,40.15,1530,34.8,211,5.576,9.3,0.0227,7342.8,0.0398,0,Normal
2020-01-04 16:28:00,30.85,40.05,1481,42.6,213,6.607,9.2,0.0288,9073.8,0.0401,0,Normal
2020-01-04 16:29:00,30.75,40.05,1422,48.0,215,7.148,9.3,0.0338,10320.0,0.0405,1,Tool_Wear_Failure
2020-01-04 16:30:00,30.65,39.85,1427,43.0,0,6.426,9.2,0.0301,0.0,0.0,0,Normal
2020-01-04 16:31:00,30.55,39.75,1460,49.8,2,7.614,9.2,0.0341,99.6,0.0004,0,Normal
2020-01-04 16:32:00,30.45,39.75,1873,23.5,7,4.609,9.3,0.0125,164.5,0.0013,0,Normal
2020-01-04 16:33:00,30.55,39.75,1566,32.6,9,5.346,9.2,0.0208,293.4,0.0017,0,Normal
2020-01-04 16:34:00,30.45,39.65,1701,30.8,12,5.486,9.2,0.0181,369.6,0.0023,0,Normal
2020-01-04 16:35:00,30.45,39.65,1710,27.2,14,4.871,9.2,0.0159,380.8,0.0026,0,Normal
2020-01-04 16:36:00,30.45,39.65,1689,33.1,16,5.854,9.2,0.0196,529.6,0.003,0,Normal
2020-01-04 16:37:00,30.45,39.55,1637,32.9,19,5.64,9.1,0.0201,625.1,0.0036,0,Normal
2020-01-04 16:38:00,30.35,39.45,1496,39.0,21,6.11,9.1,0.0261,819.0,0.0039,0,Normal
2020-01-04 16:39:00,30.35,39.55,1402,47.0,23,6.9,9.2,0.0335,1081.0,0.0043,0,Normal
2020-01-04 16:40:00,30.25,39.55,1363,45.5,26,6.494,9.3,0.0334,1183.0,0.0049,0,Normal
2020-01-04 16:41:00,30.25,39.55,1576,49.9,28,8.235,9.3,0.0317,1397.2,0.0053,0,Normal
2020-01-04 16:42:00,30.25,39.55,1357,55.3,31,7.858,9.3,0.0408,1714.3,0.0058,0,Normal
2020-01-04 16:43:00,30.25,39.55,1399,48.4,34,7.091,9.3,0.0346,1645.6,0.0064,0,Normal
2020-01-04 16:44:00,30.25,39.65,1526,30.8,37,4.922,9.4,0.0202,1139.6,0.0069,0,Normal
2020-01-04 16:45:00,30.35,39.55,1694,27.3,40,4.843,9.2,0.0161,1092.0,0.0075,0,Normal
2020-01-04 16:46:00,30.35,39.55,1420,49.1,42,7.301,9.2,0.0346,2062.2,0.0079,0,Normal
2020-01-04 16:47:00,30.35,39.55,2116,16.7,45,3.701,9.2,0.0079,751.5,0.0084,0,Normal
2020-01-04 16:48:00,30.55,39.75,1406,41.9,48,6.169,9.2,0.0298,2011.2,0.009,0,Normal
2020-01-04 16:49:00,30.55,39.85,1456,45.5,51,6.937,9.3,0.0312,2320.5,0.0096,0,Normal
2020-01-04 16:50:00,30.45,39.75,1588,31.9,53,5.305,9.3,0.0201,1690.7,0.0099,0,Normal
2020-01-04 16:51:00,30.55,39.65,1448,44.5,55,6.748,9.1,0.0307,2447.5,0.0103,0,Normal
2020-01-04 16:52:00,30.45,39.55,1403,46.2,57,6.788,9.1,0.0329,2633.4,0.0107,0,Normal
2020-01-04 16:53:00,30.35,39.45,1405,51.6,62,7.592,9.1,0.0367,3199.2,0.0116,0,Normal
2020-01-04 16:54:00,30.25,39.45,2706,9.8,65,2.777,9.2,0.0036,637.0,0.0122,1,Power_Failure
2020-01-04 16:55:00,30.15,39.25,1505,38.9,68,6.131,9.1,0.0258,2645.2,0.0127,0,Normal
2020-01-04 16:56:00,30.05,39.25,1663,33.7,71,5.869,9.2,0.0203,2392.7,0.0133,0,Normal
2020-01-04 16:57:00,30.15,39.45,1482,44.4,73,6.891,9.3,0.03,3241.2,0.0137,0,Normal
2020-01-04 16:58:00,30.15,39.35,1674,32.7,76,5.732,9.2,0.0195,2485.2,0.0142,0,Normal
2020-01-04 16:59:00,30.25,39.55,1594,32.8,79,5.475,9.3,0.0206,2591.2,0.0148,0,Normal
2020-01-04 17:00:00,30.35,39.55,1393,49.3,82,7.192,9.2,0.0354,4042.6,0.0154,0,Normal
2020-01-04 17:01:00,30.35,39.65,1404,55.8,84,8.204,9.3,0.0397,4687.2,0.0157,0,Normal
2020-01-04 17:02:00,30.35,39.65,1375,45.7,89,6.58,9.3,0.0332,4067.3,0.0167,0,Normal
2020-01-04 17:03:00,30.35,39.65,1607,38.4,92,6.462,9.3,0.0239,3532.8,0.0172,0,Normal
2020-01-04 17:04:00,30.25,39.65,1360,50.8,94,7.235,9.4,0.0374,4775.2,0.0176,0,Normal
2020-01-04 17:05:00,30.35,39.65,1524,39.4,96,6.288,9.3,0.0259,3782.4,0.018,0,Normal
2020-01-04 17:06:00,30.25,39.55,1534,35.5,98,5.703,9.3,0.0231,3479.0,0.0183,0,Normal
2020-01-04 17:07:00,30.15,39.55,1262,63.8,100,8.432,9.4,0.0506,6380.0,0.0187,0,Normal
2020-01-04 17:08:00,30.15,39.45,1623,34.6,102,5.881,9.3,0.0213,3529.2,0.0191,0,Normal
2020-01-04 17:09:00,30.15,39.55,1642,33.6,104,5.778,9.4,0.0205,3494.4,0.0194,0,Normal
2020-01-04 17:10:00,30.25,39.65,1622,35.1,107,5.962,9.4,0.0216,3755.7,0.02,0,Normal
2020-01-04 17:11:00,30.35,39.75,1530,34.5,110,5.528,9.4,0.0225,3795.0,0.0206,0,Normal
2020-01-04 17:12:00,30.25,39.65,1590,36.3,113,6.044,9.4,0.0228,4101.9,0.0211,0,Normal
2020-01-04 17:13:00,30.25,39.55,1589,34.0,116,5.658,9.3,0.0214,3944.0,0.0217,0,Normal
2020-01-04 17:14:00,30.25,39.45,1462,37.5,118,5.741,9.2,0.0256,4425.0,0.022,0,Normal
2020-01-04 17:15:00,30.15,39.35,1328,49.8,120,6.926,9.2,0.0375,5976.0,0.0224,0,Normal
2020-01-04 17:16:00,30.15,39.45,1692,29.0,125,5.138,9.3,0.0171,3625.0,0.0233,0,Normal
2020-01-04 17:17:00,30.15,39.35,1968,20.6,130,4.245,9.2,0.0105,2678.0,0.0243,0,Normal
2020-01-04 17:18:00,30.15,39.45,1827,24.2,132,4.63,9.3,0.0132,3194.4,0.0246,0,Normal
2020-01-04 17:19:00,30.15,39.45,1397,47.1,137,6.89,9.3,0.0337,6452.7,0.0256,0,Normal
2020-01-04 17:20:00,30.15,39.45,1463,44.0,140,6.741,9.3,0.0301,6160.0,0.0261,0,Normal
2020-01-04 17:21:00,30.15,39.55,1643,30.7,142,5.282,9.4,0.0187,4359.4,0.0265,0,Normal
2020-01-04 17:22:00,30.05,39.45,1281,57.0,144,7.646,9.4,0.0445,8208.0,0.0269,0,Normal
2020-01-04 17:23:00,30.05,39.35,1518,39.9,146,6.343,9.3,0.0263,5825.4,0.0272,0,Normal
2020-01-04 17:24:00,30.05,39.45,1601,35.3,148,5.918,9.4,0.022,5224.4,0.0276,0,Normal
2020-01-04 17:25:00,29.95,39.45,1548,36.4,150,5.901,9.5,0.0235,5460.0,0.028,0,Normal
2020-01-04 17:26:00,29.95,39.45,1404,40.6,152,5.969,9.5,0.0289,6171.2,0.0283,0,Normal
2020-01-04 17:27:00,29.95,39.35,1766,26.7,157,4.938,9.4,0.0151,4191.9,0.0292,0,Normal
2020-01-04 17:28:00,29.95,39.35,1667,30.0,160,5.237,9.4,0.018,4800.0,0.0298,0,Normal
2020-01-04 17:29:00,29.85,39.35,1507,37.9,163,5.981,9.5,0.0251,6177.7,0.0304,0,Normal
2020-01-04 17:30:00,29.85,39.25,1627,37.1,168,6.321,9.4,0.0228,6232.8,0.0313,0,Normal
2020-01-04 17:31:00,29.75,39.15,1435,47.7,173,7.168,9.4,0.0332,8252.1,0.0322,0,Normal
2020-01-04 17:32:00,29.75,39.15,1509,46.8,175,7.395,9.4,0.031,8190.0,0.0326,0,Normal
2020-01-04 17:33:00,29.75,39.15,1809,25.0,180,4.736,9.4,0.0138,4500.0,0.0335,0,Normal
2020-01-04 17:34:00,29.75,39.15,1515,40.8,183,6.473,9.4,0.0269,7466.4,0.034,0,Normal
2020-01-04 17:35:00,29.75,39.15,1530,34.9,185,5.592,9.4,0.0228,6456.5,0.0344,0,Normal
2020-01-04 17:36:00,29.65,39.15,1336,57.5,187,8.045,9.5,0.043,10752.5,0.0348,0,Normal
2020-01-04 17:37:00,29.75,39.25,2030,19.1,192,4.06,9.5,0.0094,3667.2,0.0357,0,Normal
2020-01-04 17:38:00,29.75,39.25,1550,36.9,194,5.989,9.5,0.0238,7158.6,0.0361,0,Normal
2020-01-04 17:39:00,29.75,39.25,1446,41.7,196,6.314,9.5,0.0288,8173.2,0.0364,0,Normal
2020-01-04 17:40:00,29.65,39.15,1494,37.5,198,5.867,9.5,0.0251,7425.0,0.0368,0,Normal
2020-01-04 17:41:00,29.65,39.25,1651,27.0,200,4.668,9.6,0.0164,5400.0,0.0372,0,Normal
2020-01-04 17:42:00,29.75,39.25,1698,33.8,202,6.01,9.5,0.0199,6827.6,0.0375,0,Normal
2020-01-04 17:43:00,29.65,39.15,1504,40.3,204,6.347,9.5,0.0268,8221.2,0.0379,0,Normal
2020-01-04 17:44:00,29.75,39.25,1421,46.0,206,6.845,9.5,0.0324,9476.0,0.0383,0,Normal
2020-01-04 17:45:00,29.75,39.15,1754,26.9,209,4.941,9.4,0.0153,5622.1,0.0388,0,Normal
2020-01-04 17:46:00,29.75,39.05,1469,42.0,214,6.461,9.3,0.0286,8988.0,0.0397,0,Normal
2020-01-04 17:47:00,29.65,39.05,1433,50.0,216,7.503,9.4,0.0349,10800.0,0.0401,0,Normal
2020-01-04 17:48:00,29.65,39.15,1432,49.0,218,7.348,9.5,0.0342,10682.0,0.0405,0,Normal
2020-01-04 17:49:00,29.65,39.15,1366,49.1,221,7.024,9.5,0.0359,10851.1,0.041,0,Normal
2020-01-04 17:50:00,29.65,39.15,1483,47.2,223,7.33,9.5,0.0318,10525.6,0.0414,0,Normal
2020-01-04 17:51:00,29.55,39.05,1572,34.4,228,5.663,9.5,0.0219,7843.2,0.0423,0,Normal
2020-01-04 17:52:00,29.65,39.05,1481,40.2,230,6.235,9.4,0.0271,9246.0,0.0426,0,Normal
2020-01-04 17:53:00,29.65,39.15,1473,42.6,232,6.571,9.5,0.0289,9883.2,0.043,0,Normal
2020-01-04 17:54:00,29.65,39.15,1262,70.5,234,9.317,9.5,0.0559,16497.0,0.0434,1,Power_Failure
2020-01-04 17:55:00,29.65,39.25,1529,36.8,237,5.892,9.6,0.0241,8721.6,0.0439,0,Normal
2020-01-04 17:56:00,29.65,39.25,1523,39.7,239,6.332,9.6,0.0261,9488.3,0.0443,0,Normal
2020-01-04 17:57:00,29.65,39.15,1416,42.7,241,6.332,9.5,0.0302,10290.7,0.0446,0,Normal
2020-01-04 17:58:00,29.75,39.25,1923,23.9,244,4.813,9.5,0.0124,5831.6,0.0452,0,Normal
2020-01-04 17:59:00,29.65,39.25,1411,53.8,246,7.949,9.6,0.0381,13234.8,0.0456,1,Overstrain_Failure
2020-01-04 18:00:00,29.55,39.25,1477,46.3,251,7.161,9.7,0.0313,11621.3,0.0465,1,Overstrain_Failure
2020-01-04 18:01:00,29.45,39.15,1454,54.8,253,8.344,9.7,0.0377,13864.4,0.0468,1,Tool_Wear_Failure
2020-01-04 18:02:00,29.55,39.15,1421,48.5,0,7.217,9.6,0.0341,0.0,0.0,0,Normal
2020-01-04 18:03:00,29.55,39.15,1858,25.4,2,4.942,9.6,0.0137,50.8,0.0004,0,Normal
2020-01-04 18:04:00,29.65,39.35,1422,46.1,4,6.865,9.7,0.0324,184.4,0.0007,0,Normal
2020-01-04 18:05:00,29.55,39.25,1444,48.7,9,7.364,9.7,0.0337,438.3,0.0017,0,Normal
2020-01-04 18:06:00,29.55,39.25,1360,47.8,11,6.808,9.7,0.0351,525.8,0.002,0,Normal
2020-01-04 18:07:00,29.55,39.25,1954,24.8,13,5.075,9.7,0.0127,322.4,0.0024,0,Normal
2020-01-04 18:08:00,29.45,39.25,1628,33.0,15,5.626,9.8,0.0203,495.0,0.0028,0,Normal
2020-01-04 18:09:00,29.55,39.25,1433,44.2,17,6.633,9.7,0.0308,751.4,0.0031,0,Normal
2020-01-04 18:10:00,29.55,39.35,1417,51.5,19,7.642,9.8,0.0363,978.5,0.0035,0,Normal
2020-01-04 18:11:00,29.65,39.45,1462,39.4,22,6.032,9.8,0.0269,866.8,0.0041,0,Normal
2020-01-04 18:12:00,29.75,39.45,1328,59.9,24,8.33,9.7,0.0451,1437.6,0.0044,0,Normal
2020-01-04 18:13:00,29.55,39.35,1527,36.4,26,5.821,9.8,0.0238,946.4,0.0048,0,Normal
2020-01-04 18:14:00,29.45,39.15,1534,34.3,31,5.51,9.7,0.0224,1063.3,0.0057,0,Normal
2020-01-04 18:15:00,29.45,39.25,1410,50.3,33,7.427,9.8,0.0357,1659.9,0.0061,0,Normal
2020-01-04 18:16:00,29.45,39.15,1660,30.3,36,5.267,9.7,0.0183,1090.8,0.0066,0,Normal
2020-01-04 18:17:00,29.45,39.25,1386,45.8,38,6.647,9.8,0.033,1740.4,0.007,0,Normal
2020-01-04 18:18:00,29.45,39.25,1398,41.6,40,6.09,9.8,0.0298,1664.0,0.0074,0,Normal
2020-01-04 18:19:00,29.45,39.15,1321,53.4,42,7.387,9.7,0.0404,2242.8,0.0077,0,Normal
2020-01-04 18:20:00,29.45,39.15,1512,34.2,44,5.415,9.7,0.0226,1504.8,0.0081,0,Normal
2020-01-04 18:21:00,29.45,39.15,1566,36.6,46,6.002,9.7,0.0234,1683.6,0.0085,0,Normal
2020-01-04 18:22:00,29.55,39.25,1422,44.5,49,6.627,9.7,0.0313,2180.5,0.009,0,Normal
2020-01-04 18:23:00,29.45,39.15,1647,31.8,52,5.485,9.7,0.0193,1653.6,0.0096,0,Normal
2020-01-04 18:24:00,29.45,39.05,1377,45.5,54,6.561,9.6,0.033,2457.0,0.01,0,Normal
2020-01-04 18:25:00,29.35,39.05,1775,27.9,56,5.186,9.7,0.0157,1562.4,0.0103,0,Normal
2020-01-04 18:26:00,29.45,39.15,1554,42.0,58,6.835,9.7,0.027,2436.0,0.0107,0,Normal
2020-01-04 18:27:00,29.55,39.25,1423,51.9,60,7.734,9.7,0.0365,3114.0,0.0111,0,Normal
2020-01-04 18:28:00,29.55,39.25,1453,47.3,62,7.197,9.7,0.0326,2932.6,0.0114,0,Normal
2020-01-04 18:29:00,29.65,39.25,1590,34.4,64,5.728,9.6,0.0216,2201.6,0.0118,0,Normal
2020-01-04 18:30:00,29.65,39.35,1694,28.4,66,5.038,9.7,0.0168,1874.4,0.0122,0,Normal
2020-01-04 18:31:00,29.65,39.35,1462,43.4,68,6.645,9.7,0.0297,2951.2,0.0125,0,Normal
2020-01-04 18:32:00,29.65,39.25,1392,46.2,70,6.735,9.6,0.0332,3234.0,0.0129,0,Normal
2020-01-04 18:33:00,29.75,39.35,1550,45.5,72,7.385,9.6,0.0294,3276.0,0.0132,0,Normal
2020-01-04 18:34:00,29.75,39.35,1629,30.4,74,5.186,9.6,0.0187,2249.6,0.0136,0,Normal
2020-01-04 18:35:00,29.85,39.35,1524,42.1,76,6.719,9.5,0.0276,3199.6,0.014,0,Normal
2020-01-04 18:36:00,29.75,39.35,1679,30.9,79,5.433,9.6,0.0184,2441.1,0.0145,0,Normal
2020-01-04 18:37:00,29.75,39.45,1394,46.4,82,6.773,9.7,0.0333,3804.8,0.0151,0,Normal
2020-01-04 18:38:00,29.75,39.35,1683,32.1,85,5.657,9.6,0.0191,2728.5,0.0156,0,Normal
2020-01-04 18:39:00,29.85,39.35,1626,30.5,87,5.193,9.5,0.0188,2653.5,0.016,0,Normal
2020-01-04 18:40:00,29.85,39.35,1698,30.0,89,5.334,9.5,0.0177,2670.0,0.0164,0,Normal
2020-01-04 18:41:00,29.85,39.45,1392,42.9,94,6.254,9.6,0.0308,4032.6,0.0173,0,Normal
2020-01-04 18:42:00,29.95,39.55,1353,51.8,97,7.339,9.6,0.0383,5024.6,0.0178,0,Normal
2020-01-04 18:43:00,29.85,39.55,1426,46.8,99,6.989,9.7,0.0328,4633.2,0.0182,0,Normal
2020-01-04 18:44:00,29.85,39.55,2024,19.9,102,4.218,9.7,0.0098,2029.8,0.0187,0,Normal
2020-01-04 18:45:00,29.85,39.65,1648,32.1,104,5.54,9.8,0.0195,3338.4,0.0191,0,Normal
2020-01-04 18:46:00,29.95,39.75,1511,40.1,107,6.345,9.8,0.0265,4290.7,0.0196,0,Normal
2020-01-04 18:47:00,29.95,39.65,1465,44.1,109,6.766,9.7,0.0301,4806.9,0.02,0,Normal
2020-01-04 18:48:00,29.85,39.55,1551,41.8,111,6.789,9.7,0.027,4639.8,0.0204,0,Normal
2020-01-04 18:49:00,29.95,39.65,2329,15.1,113,3.683,9.7,0.0065,1706.3,0.0207,0,Normal
2020-01-04 18:50:00,29.95,39.65,1435,41.9,115,6.296,9.7,0.0292,4818.5,0.0211,0,Normal
2020-01-04 18:51:00,29.85,39.55,1361,48.8,120,6.955,9.7,0.0359,5856.0,0.022,0,Normal
2020-01-04 18:52:00,29.85,39.55,1553,35.8,122,5.822,9.7,0.0231,4367.6,0.0224,0,Normal
2020-01-04 18:53:00,29.85,39.45,1451,42.1,125,6.397,9.6,0.029,5262.5,0.0229,0,Normal
2020-01-04 18:54:00,29.85,39.35,1461,40.2,127,6.15,9.5,0.0275,5105.4,0.0233,0,Normal
2020-01-04 18:55:00,29.95,39.45,1895,23.5,129,4.663,9.5,0.0124,3031.5,0.0236,0,Normal
2020-01-04 18:56:00,29.95,39.45,1567,32.9,132,5.399,9.5,0.021,4342.8,0.0242,0,Normal
2020-01-04 18:57:00,29.85,39.35,1602,33.7,135,5.654,9.5,0.021,4549.5,0.0247,0,Normal
2020-01-04 18:58:00,29.95,39.45,1514,42.1,138,6.675,9.5,0.0278,5809.8,0.0253,0,Normal
2020-01-04 18:59:00,29.95,39.35,1453,49.1,140,7.471,9.4,0.0338,6874.0,0.0256,0,Normal
2020-01-04 19:00:00,29.85,39.25,1526,36.1,142,5.769,9.4,0.0237,5126.2,0.026,0,Normal
2020-01-04 19:01:00,29.75,39.15,1339,52.1,145,7.305,9.4,0.0389,7554.5,0.0265,0,Normal
2020-01-04 19:02:00,29.75,39.15,1889,22.8,148,4.51,9.4,0.0121,3374.4,0.0271,0,Normal
2020-01-04 19:03:00,29.75,39.25,1561,34.8,150,5.689,9.5,0.0223,5220.0,0.0275,0,Normal
2020-01-04 19:04:00,29.75,39.25,1659,33.1,152,5.75,9.5,0.02,5031.2,0.0278,0,Normal
2020-01-04 19:05:00,29.75,39.25,1424,49.5,155,7.381,9.5,0.0348,7672.5,0.0284,0,Normal
2020-01-04 19:06:00,29.75,39.15,1426,44.7,157,6.675,9.4,0.0313,7017.9,0.0287,0,Normal
2020-01-04 19:07:00,29.75,39.25,1383,51.4,160,7.444,9.5,0.0372,8224.0,0.0293,0,Normal
2020-01-04 19:08:00,29.65,39.15,1764,29.9,162,5.523,9.5,0.017,4843.8,0.0296,0,Normal
2020-01-04 19:09:00,29.55,39.05,1439,42.5,164,6.404,9.5,0.0295,6970.0,0.03,0,Normal
2020-01-04 19:10:00,29.55,39.05,1585,35.5,167,5.892,9.5,0.0224,5928.5,0.0305,0,Normal
2020-01-04 19:11:00,29.55,39.15,1346,61.2,170,8.626,9.6,0.0455,10404.0,0.0311,0,Normal
2020-01-04 19:12:00,29.65,39.15,1386,57.8,172,8.389,9.5,0.0417,9941.6,0.0314,0,Normal
2020-01-04 19:13:00,29.55,39.05,1369,51.8,174,7.426,9.5,0.0378,9013.2,0.0318,0,Normal
2020-01-04 19:14:00,29.55,38.95,1378,46.9,176,6.768,9.4,0.034,8254.4,0.0321,0,Normal
2020-01-04 19:15:00,29.55,39.05,1336,46.8,179,6.548,9.5,0.035,8377.2,0.0327,0,Normal
2020-01-04 19:16:00,29.45,38.95,1445,42.0,181,6.355,9.5,0.0291,7602.0,0.033,0,Normal
2020-01-04 19:17:00,29.55,38.95,1763,26.5,184,4.892,9.4,0.015,4876.0,0.0336,0,Normal
2020-01-04 19:18:00,29.55,39.05,1611,34.1,186,5.753,9.5,0.0212,6342.6,0.0339,0,Normal
2020-01-04 19:19:00,29.55,38.95,1564,32.1,188,5.257,9.4,0.0205,6034.8,0.0343,0,Normal
2020-01-04 19:20:00,29.55,38.95,1478,36.0,191,5.572,9.4,0.0244,6876.0,0.0348,0,Normal
2020-01-04 19:21:00,29.45,38.85,1781,28.5,196,5.315,9.4,0.016,5586.0,0.0358,0,Normal
2020-01-04 19:22:00,29.45,38.95,1782,26.8,198,5.001,9.5,0.015,5306.4,0.0361,0,Normal
2020-01-04 19:23:00,29.45,38.95,2000,21.9,200,4.587,9.5,0.0109,4380.0,0.0365,0,Normal
2020-01-04 19:24:00,29.35,38.85,1826,25.3,203,4.838,9.5,0.0139,5135.9,0.037,0,Normal
2020-01-04 19:25:00,29.45,38.95,1344,51.0,206,7.178,9.5,0.0379,10506.0,0.0376,0,Normal
2020-01-04 19:26:00,29.45,39.05,1520,43.0,208,6.844,9.6,0.0283,8944.0,0.0379,0,Normal
2020-01-04 19:27:00,29.45,38.95,1611,39.9,210,6.731,9.5,0.0248,8379.0,0.0383,0,Normal
2020-01-04 19:28:00,29.55,39.05,1450,52.1,213,7.911,9.5,0.0359,11097.3,0.0388,1,Overstrain_Failure
2020-01-04 19:29:00,29.45,38.95,1499,35.0,215,5.494,9.5,0.0233,7525.0,0.0392,0,Normal
2020-01-04 19:30:00,29.45,38.95,1288,68.5,0,9.239,9.5,0.0532,0.0,0.0,1,Power_Failure
2020-01-04 19:31:00,29.55,39.05,1350,58.6,2,8.284,9.5,0.0434,117.2,0.0004,0,Normal
2020-01-04 19:32:00,29.75,39.25,1334,50.9,5,7.111,9.5,0.0382,254.5,0.0009,0,Normal
2020-01-04 19:33:00,29.65,39.25,1376,57.1,8,8.228,9.6,0.0415,456.8,0.0015,0,Normal
2020-01-04 19:34:00,29.65,39.25,1368,49.5,10,7.091,9.6,0.0362,495.0,0.0018,0,Normal
2020-01-04 19:35:00,29.75,39.35,1357,55.0,12,7.816,9.6,0.0405,660.0,0.0022,0,Normal
2020-01-04 19:36:00,29.75,39.35,1924,24.0,17,4.836,9.6,0.0125,408.0,0.0031,0,Normal
2020-01-04 19:37:00,29.75,39.35,1551,40.0,20,6.497,9.6,0.0258,800.0,0.0036,0,Normal
2020-01-04 19:38:00,29.75,39.35,1903,21.2,23,4.225,9.6,0.0111,487.6,0.0042,0,Normal
2020-01-04 19:39:00,29.75,39.15,1417,48.7,26,7.226,9.4,0.0344,1266.2,0.0047,0,Normal
2020-01-04 19:40:00,29.55,38.95,1601,35.2,31,5.902,9.4,0.022,1091.2,0.0056,0,Normal
2020-01-04 19:41:00,29.55,38.95,1543,37.5,33,6.059,9.4,0.0243,1237.5,0.006,0,Normal
2020-01-04 19:42:00,29.45,38.95,1439,52.3,35,7.881,9.5,0.0363,1830.5,0.0064,0,Normal
2020-01-04 19:43:00,29.45,38.85,1657,29.3,37,5.084,9.4,0.0177,1084.1,0.0067,0,Normal
2020-01-04 19:44:00,29.65,39.05,1458,51.0,42,7.787,9.4,0.035,2142.0,0.0076,0,Normal
2020-01-04 19:45:00,29.65,39.05,1746,27.4,44,5.01,9.4,0.0157,1205.6,0.008,0,Normal
2020-01-04 19:46:00,29.75,39.05,1677,30.5,46,5.356,9.3,0.0182,1403.0,0.0084,0,Normal
2020-01-04 19:47:00,29.65,38.95,1520,39.9,48,6.351,9.3,0.0262,1915.2,0.0087,0,Normal
2020-01-04 19:48:00,29.75,39.05,1367,55.1,50,7.888,9.3,0.0403,2755.0,0.0091,0,Normal
2020-01-04 19:49:00,29.65,39.05,1509,36.5,52,5.768,9.4,0.0242,1898.0,0.0094,0,Normal
2020-01-04 19:50:00,29.65,38.95,1418,51.4,54,7.633,9.3,0.0362,2775.6,0.0098,0,Normal
2020-01-04 19:51:00,29.65,38.95,1958,20.3,56,4.162,9.3,0.0104,1136.8,0.0102,0,Normal
2020-01-04 19:52:00,29.65,39.05,1682,30.9,58,5.443,9.4,0.0184,1792.2,0.0105,0,Normal
2020-01-04 19:53:00,29.65,39.05,1452,50.3,60,7.648,9.4,0.0346,3018.0,0.0109,0,Normal
2020-01-04 19:54:00,29.55,38.85,1828,24.0,63,4.594,9.3,0.0131,1512.0,0.0114,0,Normal
2020-01-04 19:55:00,29.55,38.85,1484,41.5,65,6.449,9.3,0.028,2697.5,0.0118,0,Normal
2020-01-04 19:56:00,29.45,38.85,1674,32.2,70,5.645,9.4,0.0192,2254.0,0.0127,0,Normal
2020-01-04 19:57:00,29.45,38.75,1448,49.5,72,7.506,9.3,0.0342,3564.0,0.013,0,Normal
2020-01-04 19:58:00,29.35,38.65,2023,19.1,74,4.046,9.3,0.0094,1413.4,0.0134,0,Normal
2020-01-04 19:59:00,29.35,38.75,1452,47.4,77,7.207,9.4,0.0326,3649.8,0.0139,0,Normal
2020-01-04 20:00:00,29.45,38.85,1496,45.0,79,7.05,9.4,0.0301,3555.0,0.0143,0,Normal
2020-01-04 20:01:00,29.45,38.75,1397,46.9,82,6.861,9.3,0.0336,3845.8,0.0148,0,Normal
2020-01-04 20:02:00,29.45,38.75,1453,39.1,84,5.949,9.3,0.0269,3284.4,0.0152,0,Normal
2020-01-04 20:03:00,29.35,38.75,1524,34.8,86,5.554,9.4,0.0228,2992.8,0.0156,0,Normal
2020-01-04 20:04:00,29.45,38.75,1633,30.9,89,5.284,9.3,0.0189,2750.1,0.0161,0,Normal
2020-01-04 20:05:00,29.45,38.85,1363,45.7,91,6.523,9.4,0.0335,4158.7,0.0165,0,Normal
2020-01-04 20:06:00,29.35,38.75,1520,44.9,94,7.147,9.4,0.0295,4220.6,0.017,0,Normal
2020-01-04 20:07:00,29.35,38.75,1532,38.8,96,6.225,9.4,0.0253,3724.8,0.0174,0,Normal
2020-01-04 20:08:00,29.25,38.65,1384,50.9,99,7.377,9.4,0.0368,5039.1,0.0179,0,Normal
2020-01-04 20:09:00,29.25,38.65,1539,39.9,101,6.43,9.4,0.0259,4029.9,0.0183,0,Normal
2020-01-04 20:10:00,29.15,38.65,1355,50.1,104,7.109,9.5,0.037,5210.4,0.0188,0,Normal
2020-01-04 20:11:00,29.15,38.55,1504,37.3,107,5.875,9.4,0.0248,3991.1,0.0193,0,Normal
2020-01-04 20:12:00,29.25,38.65,1476,46.6,110,7.203,9.4,0.0316,5126.0,0.0199,0,Normal
2020-01-04 20:13:00,29.25,38.55,1721,26.9,112,4.848,9.3,0.0156,3012.8,0.0202,0,Normal
2020-01-04 20:14:00,29.15,38.55,1494,37.1,114,5.804,9.4,0.0248,4229.4,0.0206,0,Normal
2020-01-04 20:15:00,29.15,38.55,1465,43.5,117,6.674,9.4,0.0297,5089.5,0.0211,0,Normal
2020-01-04 20:16:00,29.15,38.65,1363,54.0,119,7.708,9.5,0.0396,6426.0,0.0215,1,Random_Failure
2020-01-04 20:17:00,29.25,38.65,1648,30.0,122,5.177,9.4,0.0182,3660.0,0.022,0,Normal
2020-01-04 20:18:00,29.15,38.65,1879,23.0,124,4.526,9.5,0.0122,2852.0,0.0224,0,Normal
2020-01-04 20:19:00,29.15,38.55,1482,39.0,127,6.053,9.4,0.0263,4953.0,0.0229,0,Normal
2020-01-04 20:20:00,29.25,38.65,1493,38.4,132,6.004,9.4,0.0257,5068.8,0.0238,0,Normal
2020-01-04 20:21:00,29.25,38.65,1433,42.2,134,6.333,9.4,0.0294,5654.8,0.0242,0,Normal
2020-01-04 20:22:00,29.15,38.55,1400,41.6,136,6.099,9.4,0.0297,5657.6,0.0245,0,Normal
2020-01-04 20:23:00,29.25,38.65,1255,59.0,138,7.754,9.4,0.047,8142.0,0.0249,0,Normal
2020-01-04 20:24:00,29.05,38.55,1471,45.6,140,7.024,9.5,0.031,6384.0,0.0252,0,Normal
2020-01-04 20:25:00,29.05,38.45,1357,44.2,142,6.281,9.4,0.0326,6276.4,0.0256,0,Normal
2020-01-04 20:26:00,29.15,38.55,1453,41.2,147,6.269,9.4,0.0284,6056.4,0.0265,0,Normal
2020-01-04 20:27:00,29.15,38.55,1540,28.9,149,4.661,9.4,0.0188,4306.1,0.0269,0,Normal
2020-01-04 20:28:00,29.15,38.65,1605,35.2,152,5.916,9.5,0.0219,5350.4,0.0274,0,Normal
2020-01-04 20:29:00,29.15,38.75,1374,52.4,154,7.54,9.6,0.0381,8069.6,0.0277,0,Normal
2020-01-04 20:30:00,29.15,38.75,1508,42.3,159,6.68,9.6,0.0281,6725.7,0.0286,0,Normal
2020-01-04 20:31:00,29.25,38.75,1366,47.3,162,6.766,9.5,0.0346,7662.6,0.0292,0,Normal
2020-01-04 20:32:00,29.35,38.85,1579,35.7,167,5.903,9.5,0.0226,5961.9,0.0301,0,Normal
2020-01-04 20:33:00,29.35,38.75,1306,59.7,172,8.165,9.4,0.0457,10268.4,0.031,0,Normal
2020-01-04 20:34:00,29.35,38.85,1521,40.2,174,6.403,9.5,0.0264,6994.8,0.0313,0,Normal
2020-01-04 20:35:00,29.35,38.85,1411,44.2,177,6.531,9.5,0.0313,7823.4,0.0319,0,Normal
2020-01-04 20:36:00,29.35,38.85,1357,42.0,179,5.968,9.5,0.031,7518.0,0.0322,0,Normal
2020-01-04 20:37:00,29.35,38.85,1436,43.5,184,6.541,9.5,0.0303,8004.0,0.0331,0,Normal
2020-01-04 20:38:00,29.35,38.75,1553,40.1,187,6.521,9.4,0.0258,7498.7,0.0336,0,Normal
2020-01-04 20:39:00,29.35,38.85,1451,43.2,189,6.564,9.5,0.0298,8164.8,0.034,0,Normal
2020-01-04 20:40:00,29.25,38.75,1541,37.9,192,6.116,9.5,0.0246,7276.8,0.0345,0,Normal
2020-01-04 20:41:00,29.15,38.55,1341,46.3,194,6.502,9.4,0.0345,8982.2,0.0349,0,Normal
2020-01-04 20:42:00,29.15,38.55,1648,32.1,197,5.54,9.4,0.0195,6323.7,0.0354,0,Normal
2020-01-04 20:43:00,29.15,38.55,1640,31.5,199,5.41,9.4,0.0192,6268.5,0.0358,0,Normal
2020-01-04 20:44:00,29.25,38.65,1416,46.1,202,6.836,9.4,0.0326,9312.2,0.0363,0,Normal
2020-01-04 20:45:00,29.25,38.75,1671,29.9,204,5.232,9.5,0.0179,6099.6,0.0367,0,Normal
2020-01-04 20:46:00,29.25,38.85,1457,45.5,206,6.942,9.6,0.0312,9373.0,0.037,0,Normal
2020-01-04 20:47:00,29.35,38.85,1445,54.8,0,8.292,9.5,0.0379,0.0,0.0,0,Normal
2020-01-04 20:48:00,29.35,38.95,1534,38.6,3,6.201,9.6,0.0252,115.8,0.0005,0,Normal
2020-01-04 20:49:00,29.25,38.85,1508,36.9,5,5.827,9.6,0.0245,184.5,0.0009,0,Normal
2020-01-04 20:50:00,29.25,38.95,1492,47.7,7,7.453,9.7,0.032,333.9,0.0013,0,Normal
2020-01-04 20:51:00,29.25,38.85,1562,37.9,10,6.199,9.6,0.0243,379.0,0.0018,0,Normal
2020-01-04 20:52:00,29.25,38.85,1545,36.4,12,5.889,9.6,0.0236,436.8,0.0022,0,Normal
2020-01-04 20:53:00,29.35,39.05,1738,25.3,14,4.605,9.7,0.0146,354.2,0.0025,0,Normal
2020-01-04 20:54:00,29.25,38.85,1305,49.1,16,6.71,9.6,0.0376,785.6,0.0029,0,Normal
2020-01-04 20:55:00,29.25,38.85,1477,39.7,18,6.14,9.6,0.0269,714.6,0.0032,0,Normal
2020-01-04 20:56:00,29.25,38.85,1457,43.4,23,6.622,9.6,0.0298,998.2,0.0041,0,Normal
2020-01-04 20:57:00,29.25,38.95,1455,40.4,28,6.156,9.7,0.0278,1131.2,0.005,0,Normal
2020-01-04 20:58:00,29.35,39.05,1574,38.7,30,6.379,9.7,0.0246,1161.0,0.0054,0,Normal
2020-01-04 20:59:00,29.45,39.05,1695,27.1,32,4.81,9.6,0.016,867.2,0.0057,0,Normal
2020-01-04 21:00:00,29.45,39.05,1458,38.8,34,5.924,9.6,0.0266,1319.2,0.0061,0,Normal
2020-01-04 21:01:00,29.35,38.95,1454,47.6,37,7.248,9.6,0.0327,1761.2,0.0066,0,Normal
2020-01-04 21:02:00,29.35,38.85,2052,18.9,40,4.061,9.5,0.0092,756.0,0.0072,0,Normal
2020-01-04 21:03:00,29.35,38.85,1673,29.9,42,5.238,9.5,0.0179,1255.8,0.0075,0,Normal
2020-01-04 21:04:00,29.25,38.75,1578,29.9,44,4.941,9.5,0.0189,1315.6,0.0079,0,Normal
2020-01-04 21:05:00,29.35,38.85,1642,29.1,46,5.004,9.5,0.0177,1338.6,0.0082,0,Normal
2020-01-04 21:06:00,29.25,38.65,1557,31.5,49,5.136,9.4,0.0202,1543.5,0.0088,0,Normal
2020-01-04 21:07:00,29.35,38.75,1481,42.9,52,6.653,9.4,0.029,2230.8,0.0093,0,Normal
2020-01-04 21:08:00,29.35,38.65,1566,37.6,54,6.166,9.3,0.024,2030.4,0.0097,0,Normal
2020-01-04 21:09:00,29.35,38.75,1298,57.5,57,7.816,9.4,0.0443,3277.5,0.0102,0,Normal
2020-01-04 21:10:00,29.35,38.75,1340,59.4,60,8.335,9.4,0.0443,3564.0,0.0107,0,Normal
2020-01-04 21:11:00,29.35,38.85,1574,33.8,63,5.571,9.5,0.0215,2129.4,0.0113,0,Normal
2020-01-04 21:12:00,29.35,38.75,1437,46.7,65,7.028,9.4,0.0325,3035.5,0.0116,0,Normal
2020-01-04 21:13:00,29.45,38.75,1354,48.0,67,6.806,9.3,0.0355,3216.0,0.012,0,Normal
2020-01-04 21:14:00,29.45,38.75,1598,35.5,69,5.941,9.3,0.0222,2449.5,0.0123,0,Normal
2020-01-04 21:15:00,29.55,38.85,1944,21.4,71,4.357,9.3,0.011,1519.4,0.0127,0,Normal
2020-01-04 21:16:00,29.55,38.85,1538,36.7,74,5.911,9.3,0.0239,2715.8,0.0132,0,Normal
2020-01-04 21:17:00,29.55,38.85,1501,37.0,77,5.816,9.3,0.0247,2849.0,0.0138,0,Normal
2020-01-04 21:18:00,29.65,38.95,1441,52.1,79,7.862,9.3,0.0362,4115.9,0.0141,0,Normal
2020-01-04 21:19:00,29.55,38.85,1652,31.0,81,5.363,9.3,0.0188,2511.0,0.0145,0,Normal
2020-01-04 21:20:00,29.65,38.95,1487,36.6,84,5.699,9.3,0.0246,3074.4,0.015,0,Normal
2020-01-04 21:21:00,29.75,39.05,1605,33.9,86,5.698,9.3,0.0211,2915.4,0.0154,0,Normal
2020-01-04 21:22:00,29.75,38.95,1334,54.7,88,7.641,9.2,0.041,4813.6,0.0157,0,Normal
2020-01-04 21:23:00,29.75,39.05,1340,57.8,90,8.111,9.3,0.0431,5202.0,0.0161,0,Normal
2020-01-04 21:24:00,29.75,39.05,1513,37.8,92,5.989,9.3,0.025,3477.6,0.0164,0,Normal
2020-01-04 21:25:00,29.75,39.05,1510,41.4,94,6.546,9.3,0.0274,3891.6,0.0168,0,Normal
2020-01-04 21:26:00,29.75,39.05,1729,23.6,96,4.273,9.3,0.0136,2265.6,0.0171,0,Normal
2020-01-04 21:27:00,29.75,39.05,1745,25.5,98,4.66,9.3,0.0146,2499.0,0.0175,0,Normal
2020-01-04 21:28:00,29.95,39.15,1623,31.6,101,5.371,9.2,0.0195,3191.6,0.018,0,Normal
2020-01-04 21:29:00,29.95,39.25,1378,50.1,104,7.23,9.3,0.0364,5210.4,0.0185,0,Normal
2020-01-04 21:30:00,29.95,39.25,1407,41.2,107,6.07,9.3,0.0293,4408.4,0.0191,0,Normal
2020-01-04 21:31:00,29.85,39.15,1674,29.5,109,5.171,9.3,0.0176,3215.5,0.0194,0,Normal
2020-01-04 21:32:00,29.85,39.15,1486,42.4,112,6.598,9.3,0.0285,4748.8,0.02,0,Normal
2020-01-04 21:33:00,29.85,39.15,1483,38.8,114,6.026,9.3,0.0262,4423.2,0.0203,0,Normal
2020-01-04 21:34:00,29.85,39.05,1624,28.8,117,4.898,9.2,0.0177,3369.6,0.0208,0,Normal
2020-01-04 21:35:00,29.85,39.05,1257,71.3,122,9.385,9.2,0.0567,8698.6,0.0217,1,Power_Failure
2020-01-04 21:36:00,29.85,39.15,1480,41.4,125,6.416,9.3,0.028,5175.0,0.0223,0,Normal
2020-01-04 21:37:00,29.95,39.25,1404,61.5,127,9.042,9.3,0.0438,7810.5,0.0226,1,Power_Failure
2020-01-04 21:38:00,29.85,39.25,1645,29.6,129,5.099,9.4,0.018,3818.4,0.023,0,Normal
2020-01-04 21:39:00,29.85,39.15,1932,21.9,132,4.431,9.3,0.0113,2890.8,0.0235,0,Normal
2020-01-04 21:40:00,29.85,39.15,1533,38.5,134,6.181,9.3,0.0251,5159.0,0.0238,0,Normal
2020-01-04 21:41:00,29.75,39.05,1292,54.4,136,7.36,9.3,0.0421,7398.4,0.0242,0,Normal
2020-01-04 21:42:00,29.75,39.05,1571,40.6,139,6.679,9.3,0.0258,5643.4,0.0247,0,Normal
2020-01-04 21:43:00,29.75,39.15,1578,36.3,141,5.998,9.4,0.023,5118.3,0.0251,0,Normal
2020-01-04 21:44:00,29.65,39.05,1469,36.9,143,5.676,9.4,0.0251,5276.7,0.0254,0,Normal
2020-01-04 21:45:00,29.55,38.95,1728,24.4,146,4.415,9.4,0.0141,3562.4,0.026,0,Normal
2020-01-04 21:46:00,29.55,38.95,1603,32.5,148,5.456,9.4,0.0203,4810.0,0.0263,0,Normal
2020-01-04 21:47:00,29.55,38.95,1597,39.8,153,6.656,9.4,0.0249,6089.4,0.0272,0,Normal
2020-01-04 21:48:00,29.55,38.95,1688,32.0,155,5.657,9.4,0.019,4960.0,0.0275,0,Normal
2020-01-04 21:49:00,29.55,39.05,1405,51.4,157,7.563,9.5,0.0366,8069.8,0.0279,0,Normal
2020-01-04 21:50:00,29.65,39.05,1615,32.9,159,5.564,9.4,0.0204,5231.1,0.0282,0,Normal
2020-01-04 21:51:00,29.65,39.05,1515,36.8,162,5.838,9.4,0.0243,5961.6,0.0288,0,Normal
2020-01-04 21:52:00,29.55,39.05,1376,52.8,164,7.608,9.5,0.0384,8659.2,0.0291,0,Normal
2020-01-04 21:53:00,29.55,39.05,1447,47.5,166,7.198,9.5,0.0328,7885.0,0.0295,0,Normal
2020-01-04 21:54:00,29.45,39.05,1353,56.5,168,8.005,9.6,0.0418,9492.0,0.0298,0,Normal
2020-01-04 21:55:00,29.45,38.95,1502,47.3,171,7.44,9.5,0.0315,8088.3,0.0303,0,Normal
2020-01-04 21:56:00,29.45,38.85,1447,45.5,173,6.895,9.4,0.0314,7871.5,0.0307,0,Normal
2020-01-04 21:57:00,29.35,38.85,1487,46.1,175,7.179,9.5,0.031,8067.5,0.031,0,Normal
2020-01-04 21:58:00,29.45,38.95,1519,38.1,178,6.061,9.5,0.0251,6781.8,0.0316,0,Normal
2020-01-04 21:59:00,29.45,38.95,1668,28.7,180,5.013,9.5,0.0172,5166.0,0.0319,0,Normal
2020-01-04 22:00:00,29.45,38.95,1420,51.6,182,7.673,9.5,0.0363,9391.2,0.0323,0,Normal
2020-01-04 22:01:00,29.45,38.95,1473,37.3,184,5.754,9.5,0.0253,6863.2,0.0326,0,Normal
2020-01-04 22:02:00,29.35,38.85,1495,38.8,186,6.074,9.5,0.026,7216.8,0.033,0,Normal
2020-01-04 22:03:00,29.35,38.85,1574,42.0,188,6.923,9.5,0.0267,7896.0,0.0333,0,Normal
2020-01-04 22:04:00,29.35,38.85,1383,51.3,190,7.43,9.5,0.0371,9747.0,0.0337,0,Normal
2020-01-04 22:05:00,29.35,38.85,1591,29.4,192,4.898,9.5,0.0185,5644.8,0.034,0,Normal
2020-01-04 22:06:00,29.25,38.65,1644,37.2,195,6.404,9.4,0.0226,7254.0,0.0345,0,Normal
2020-01-04 22:07:00,29.35,38.65,2370,14.7,198,3.648,9.3,0.0062,2910.6,0.0351,0,Normal
2020-01-04 22:08:00,29.35,38.75,1401,44.9,203,6.587,9.4,0.032,9114.7,0.0359,0,Normal
2020-01-04 22:09:00,29.35,38.75,1414,51.6,205,7.641,9.4,0.0365,10578.0,0.0363,0,Normal
2020-01-04 22:10:00,29.35,38.85,1456,46.3,208,7.059,9.5,0.0318,9630.4,0.0368,0,Normal
2020-01-04 22:11:00,29.35,38.85,1447,45.7,210,6.925,9.5,0.0316,9597.0,0.0372,0,Normal
2020-01-04 22:12:00,29.25,38.65,1727,26.5,213,4.793,9.4,0.0153,5644.5,0.0377,0,Normal
2020-01-04 22:13:00,29.25,38.55,1495,36.8,215,5.761,9.3,0.0246,7912.0,0.038,0,Normal
2020-01-04 22:14:00,29.15,38.45,1544,34.3,0,5.546,9.3,0.0222,0.0,0.0,0,Normal
2020-01-04 22:15:00,29.15,38.35,1387,47.3,2,6.87,9.2,0.0341,94.6,0.0004,0,Normal
2020-01-04 22:16:00,29.15,38.35,1316,47.2,4,6.505,9.2,0.0359,188.8,0.0007,0,Normal
2020-01-04 22:17:00,29.15,38.35,1794,26.1,7,4.903,9.2,0.0145,182.7,0.0012,0,Normal
2020-01-04 22:18:00,29.05,38.25,1372,55.1,9,7.917,9.2,0.0402,495.9,0.0016,0,Normal
2020-01-04 22:19:00,29.15,38.35,1674,30.0,12,5.259,9.2,0.0179,360.0,0.0021,0,Normal
2020-01-04 22:20:00,29.05,38.25,1477,41.7,15,6.45,9.2,0.0282,625.5,0.0026,0,Normal
2020-01-04 22:21:00,29.05,38.25,1397,53.0,17,7.754,9.2,0.0379,901.0,0.003,0,Normal
2020-01-04 22:22:00,29.05,38.35,1616,34.0,19,5.754,9.3,0.021,646.0,0.0034,0,Normal
2020-01-04 22:23:00,29.15,38.35,1530,42.3,21,6.777,9.2,0.0276,888.3,0.0037,0,Normal
2020-01-04 22:24:00,29.05,38.25,1539,35.1,24,5.657,9.2,0.0228,842.4,0.0042,0,Normal
2020-01-04 22:25:00,29.15,38.25,1845,21.9,27,4.231,9.1,0.0119,591.3,0.0048,0,Normal
2020-01-04 22:26:00,29.05,38.25,1430,43.1,29,6.454,9.2,0.0301,1249.9,0.0051,0,Normal
2020-01-04 22:27:00,29.05,38.25,2080,19.2,31,4.182,9.2,0.0092,595.2,0.0055,0,Normal
2020-01-04 22:28:00,29.05,38.25,1432,45.3,33,6.793,9.2,0.0316,1494.9,0.0058,0,Normal
2020-01-04 22:29:00,29.05,38.35,1479,39.5,36,6.118,9.3,0.0267,1422.0,0.0063,0,Normal
2020-01-04 22:30:00,29.05,38.35,1424,45.2,39,6.74,9.3,0.0317,1762.8,0.0069,0,Normal
2020-01-04 22:31:00,29.05,38.45,1534,37.2,41,5.976,9.4,0.0243,1525.2,0.0072,0,Normal
2020-01-04 22:32:00,28.95,38.45,1701,26.2,46,4.667,9.5,0.0154,1205.2,0.0081,0,Normal
2020-01-04 22:33:00,29.05,38.45,1462,50.0,51,7.655,9.4,0.0342,2550.0,0.009,0,Normal
2020-01-04 22:34:00,29.05,38.55,1393,42.5,53,6.2,9.5,0.0305,2252.5,0.0093,0,Normal
2020-01-04 22:35:00,29.15,38.55,1453,42.5,56,6.467,9.4,0.0292,2380.0,0.0099,0,Normal
2020-01-04 22:36:00,29.15,38.65,1565,37.8,59,6.195,9.5,0.0242,2230.2,0.0104,0,Normal
2020-01-04 22:37:00,29.15,38.65,1281,51.7,61,6.935,9.5,0.0404,3153.7,0.0107,0,Normal
2020-01-04 22:38:00,29.05,38.55,1584,36.2,63,6.005,9.5,0.0229,2280.6,0.0111,0,Normal
2020-01-04 22:39:00,29.05,38.55,1466,49.0,66,7.522,9.5,0.0334,3234.0,0.0116,0,Normal
2020-01-04 22:40:00,29.05,38.45,1386,50.5,69,7.33,9.4,0.0364,3484.5,0.0121,0,Normal
2020-01-04 22:41:00,29.05,38.45,1383,44.3,72,6.416,9.4,0.032,3189.6,0.0127,0,Normal
2020-01-04 22:42:00,29.15,38.45,1441,53.9,74,8.134,9.3,0.0374,3988.6,0.013,0,Normal
2020-01-04 22:43:00,29.05,38.45,1592,37.7,79,6.285,9.4,0.0237,2978.3,0.0139,0,Normal
2020-01-04 22:44:00,29.05,38.45,1594,36.8,82,6.143,9.4,0.0231,3017.6,0.0144,0,Normal
2020-01-04 22:45:00,29.05,38.35,1482,45.6,87,7.077,9.3,0.0308,3967.2,0.0153,0,Normal
2020-01-04 22:46:00,29.05,38.45,1658,31.4,89,5.452,9.4,0.0189,2794.6,0.0156,0,Normal
2020-01-04 22:47:00,29.15,38.55,2170,18.2,91,4.136,9.4,0.0084,1656.2,0.016,0,Normal
2020-01-04 22:48:00,29.15,38.55,1423,44.6,93,6.646,9.4,0.0313,4147.8,0.0163,0,Normal
2020-01-04 22:49:00,29.25,38.65,1543,31.1,96,5.025,9.4,0.0202,2985.6,0.0169,0,Normal
2020-01-04 22:50:00,29.15,38.65,1435,44.8,98,6.732,9.5,0.0312,4390.4,0.0172,0,Normal
2020-01-04 22:51:00,29.25,38.65,1320,56.4,100,7.796,9.4,0.0427,5640.0,0.0176,0,Normal
2020-01-04 22:52:00,29.25,38.75,1313,55.7,102,7.659,9.5,0.0424,5681.4,0.0179,0,Normal
2020-01-04 22:53:00,29.25,38.65,1453,42.1,105,6.406,9.4,0.029,4420.5,0.0184,0,Normal
2020-01-04 22:54:00,29.25,38.65,1508,45.7,108,7.217,9.4,0.0303,4935.6,0.019,0,Normal
2020-01-04 22:55:00,29.25,38.65,1451,42.0,110,6.382,9.4,0.0289,4620.0,0.0193,0,Normal
2020-01-04 22:56:00,29.35,38.75,1595,34.6,112,5.779,9.4,0.0217,3875.2,0.0197,0,Normal
2020-01-04 22:57:00,29.35,38.75,1354,49.4,117,7.004,9.4,0.0365,5779.8,0.0205,0,Normal
2020-01-04 22:58:00,29.35,38.75,1265,59.8,119,7.922,9.4,0.0473,7116.2,0.0209,0,Normal
2020-01-04 22:59:00,29.25,38.75,1867,25.9,121,5.064,9.5,0.0139,3133.9,0.0212,0,Normal
2020-01-04 23:00:00,29.35,38.75,1497,41.6,123,6.521,9.4,0.0278,5116.8,0.0216,0,Normal
2020-01-04 23:01:00,29.35,38.75,1347,54.3,125,7.659,9.4,0.0403,6787.5,0.0219,0,Normal
2020-01-04 23:02:00,29.15,38.55,1544,43.2,128,6.985,9.4,0.028,5529.6,0.0224,0,Normal
2020-01-04 23:03:00,29.15,38.55,1456,45.4,130,6.922,9.4,0.0312,5902.0,0.0228,0,Normal
2020-01-04 23:04:00,29.35,38.65,1335,52.7,135,7.368,9.3,0.0395,7114.5,0.0237,0,Normal
2020-01-04 23:05:00,29.25,38.75,1452,43.1,137,6.553,9.5,0.0297,5904.7,0.024,0,Normal
2020-01-04 23:06:00,29.25,38.75,1290,70.0,139,9.456,9.5,0.0543,9730.0,0.0244,1,Power_Failure
2020-01-04 23:07:00,29.25,38.65,1448,43.4,141,6.581,9.4,0.03,6119.4,0.0247,0,Normal
2020-01-04 23:08:00,29.15,38.55,1611,38.6,143,6.512,9.4,0.024,5519.8,0.025,0,Normal
2020-01-04 23:09:00,29.05,38.55,1556,38.6,145,6.29,9.5,0.0248,5597.0,0.0254,0,Normal
2020-01-04 23:10:00,29.05,38.55,1413,46.5,147,6.881,9.5,0.0329,6835.5,0.0257,0,Normal
2020-01-04 23:11:00,29.05,38.45,1545,35.9,152,5.808,9.4,0.0232,5456.8,0.0266,0,Normal
2020-01-04 23:12:00,29.05,38.55,1330,54.6,154,7.605,9.5,0.0411,8408.4,0.027,0,Normal
2020-01-04 23:13:00,29.05,38.75,1596,38.0,156,6.351,9.7,0.0238,5928.0,0.0273,0,Normal
2020-01-04 23:14:00,29.05,38.65,1618,36.0,158,6.1,9.6,0.0222,5688.0,0.0276,0,Normal
2020-01-04 23:15:00,29.05,38.75,1597,35.8,160,5.987,9.7,0.0224,5728.0,0.028,0,Normal
2020-01-04 23:16:00,29.15,38.85,1354,52.2,165,7.401,9.7,0.0386,8613.0,0.0289,0,Normal
2020-01-04 23:17:00,29.15,38.85,1746,28.1,167,5.138,9.7,0.0161,4692.7,0.0292,0,Normal
2020-01-04 23:18:00,29.25,38.85,1621,32.5,169,5.517,9.6,0.02,5492.5,0.0296,0,Normal
2020-01-04 23:19:00,29.15,38.85,1398,43.3,171,6.339,9.7,0.031,7404.3,0.0299,0,Normal
2020-01-04 23:20:00,29.15,38.75,1434,51.9,173,7.794,9.6,0.0362,8978.7,0.0302,0,Normal
2020-01-04 23:21:00,29.15,38.65,1443,43.4,175,6.558,9.5,0.0301,7595.0,0.0306,0,Normal
2020-01-04 23:22:00,29.05,38.55,1488,44.6,178,6.95,9.5,0.03,7938.8,0.0311,0,Normal
2020-01-04 23:23:00,29.15,38.65,1475,48.0,180,7.414,9.5,0.0325,8640.0,0.0314,0,Normal
2020-01-04 23:24:00,29.15,38.65,1433,50.3,183,7.548,9.5,0.0351,9204.9,0.032,0,Normal
2020-01-04 23:25:00,29.15,38.65,1557,34.1,185,5.56,9.5,0.0219,6308.5,0.0323,0,Normal
2020-01-04 23:26:00,29.25,38.75,1398,50.1,188,7.335,9.5,0.0358,9418.8,0.0328,0,Normal
2020-01-04 23:27:00,29.15,38.65,1559,34.4,191,5.616,9.5,0.0221,6570.4,0.0333,0,Normal
2020-01-04 23:28:00,29.25,38.75,1422,46.4,194,6.909,9.5,0.0326,9001.6,0.0339,0,Normal
2020-01-04 23:29:00,29.15,38.65,1463,35.7,197,5.469,9.5,0.0244,7032.9,0.0344,0,Normal
2020-01-04 23:30:00,29.15,38.55,1793,25.3,200,4.75,9.4,0.0141,5060.0,0.0349,0,Normal
2020-01-04 23:31:00,29.05,38.45,1872,20.4,202,3.999,9.4,0.0109,4120.8,0.0352,0,Normal
2020-01-04 23:32:00,29.05,38.55,1412,44.5,204,6.58,9.5,0.0315,9078.0,0.0356,0,Normal
2020-01-04 23:33:00,29.15,38.65,1487,43.2,206,6.727,9.5,0.0291,8899.2,0.0359,0,Normal
2020-01-04 23:34:00,29.15,38.65,1369,56.2,208,8.057,9.5,0.0411,11689.6,0.0363,1,Overstrain_Failure
2020-01-04 23:35:00,29.25,38.65,1673,30.1,210,5.273,9.4,0.018,6321.0,0.0366,0,Normal
2020-01-04 23:36:00,29.25,38.75,1439,36.6,212,5.515,9.5,0.0254,7759.2,0.037,0,Normal
2020-01-04 23:37:00,29.15,38.65,1574,42.8,215,7.055,9.5,0.0272,9202.0,0.0375,0,Normal
2020-01-04 23:38:00,29.15,38.55,1281,48.8,0,6.546,9.4,0.0381,0.0,0.0,0,Normal
2020-01-04 23:39:00,29.05,38.55,1653,31.4,2,5.435,9.5,0.019,62.8,0.0003,0,Normal
2020-01-04 23:40:00,29.15,38.55,1535,38.3,5,6.157,9.4,0.025,191.5,0.0009,0,Normal
2020-01-04 23:41:00,29.15,38.55,1483,40.5,8,6.29,9.4,0.0273,324.0,0.0014,0,Normal
2020-01-04 23:42:00,29.15,38.55,1414,47.0,11,6.959,9.4,0.0332,517.0,0.0019,0,Normal
2020-01-04 23:43:00,29.05,38.45,1379,42.9,13,6.195,9.4,0.0311,557.7,0.0023,0,Normal
2020-01-04 23:44:00,29.05,38.35,1482,42.6,16,6.611,9.3,0.0287,681.6,0.0028,0,Normal
2020-01-04 23:45:00,28.95,38.35,1987,20.1,21,4.182,9.4,0.0101,422.1,0.0037,0,Normal
2020-01-04 23:46:00,28.95,38.35,1635,31.6,23,5.41,9.4,0.0193,726.8,0.004,0,Normal
2020-01-04 23:47:00,28.95,38.35,1533,39.4,26,6.325,9.4,0.0257,1024.4,0.0045,0,Normal
2020-01-04 23:48:00,29.05,38.55,1576,34.0,28,5.611,9.5,0.0216,952.0,0.0049,0,Normal
2020-01-04 23:49:00,29.05,38.65,1330,62.4,31,8.691,9.6,0.0469,1934.4,0.0054,0,Normal
2020-01-04 23:50:00,29.05,38.65,1981,21.8,36,4.522,9.6,0.011,784.8,0.0063,0,Normal
2020-01-04 23:51:00,29.15,38.65,1475,42.8,38,6.611,9.5,0.029,1626.4,0.0066,0,Normal
2020-01-04 23:52:00,29.15,38.65,1804,25.0,43,4.723,9.5,0.0139,1075.0,0.0075,0,Normal
2020-01-04 23:53:00,29.05,38.45,1416,54.1,48,8.022,9.4,0.0382,2596.8,0.0083,0,Normal
2020-01-04 23:54:00,28.95,38.35,1727,27.7,50,5.01,9.4,0.016,1385.0,0.0087,0,Normal
2020-01-04 23:55:00,28.95,38.25,1391,49.2,52,7.167,9.3,0.0354,2558.4,0.009,0,Normal
2020-01-04 23:56:00,28.85,38.35,1366,52.3,54,7.481,9.5,0.0383,2824.2,0.0094,0,Normal
2020-01-04 23:57:00,28.75,38.15,1366,55.6,57,7.953,9.4,0.0407,3169.2,0.0099,0,Normal
2020-01-04 23:58:00,28.75,38.15,1501,40.8,59,6.413,9.4,0.0272,2407.2,0.0102,0,Normal
2020-01-04 23:59:00,28.65,38.15,1551,35.8,61,5.815,9.5,0.0231,2183.8,0.0106,0,Normal
2020-01-05 00:00:00,28.75,38.15,1522,35.6,63,5.674,9.4,0.0234,2242.8,0.0109,0,Normal
2020-01-05 00:01:00,28.75,38.05,1369,49.8,66,7.139,9.3,0.0364,3286.8,0.0115,0,Normal
2020-01-05 00:02:00,28.65,38.05,1334,52.3,68,7.306,9.4,0.0392,3556.4,0.0118,0,Normal
2020-01-05 00:03:00,28.65,38.05,1451,39.4,70,5.987,9.4,0.0272,2758.0,0.0121,0,Normal
2020-01-05 00:04:00,28.55,38.05,1589,37.9,75,6.307,9.5,0.0239,2842.5,0.013,0,Normal
2020-01-05 00:05:00,28.55,38.15,1708,30.5,77,5.455,9.6,0.0179,2348.5,0.0134,0,Normal
2020-01-05 00:06:00,28.55,38.05,1413,42.6,79,6.303,9.5,0.0301,3365.4,0.0137,0,Normal
2020-01-05 00:07:00,28.45,38.05,1415,46.5,82,6.89,9.6,0.0329,3813.0,0.0142,0,Normal
2020-01-05 00:08:00,28.55,38.15,1421,45.9,85,6.83,9.6,0.0323,3901.5,0.0147,0,Normal
2020-01-05 00:09:00,28.55,38.15,1348,51.0,87,7.199,9.6,0.0378,4437.0,0.0151,0,Normal
2020-01-05 00:10:00,28.45,38.05,1408,42.9,89,6.325,9.6,0.0305,3818.1,0.0154,0,Normal
2020-01-05 00:11:00,28.45,38.05,1525,43.7,91,6.979,9.6,0.0287,3976.7,0.0158,0,Normal
2020-01-05 00:12:00,28.45,38.15,1706,29.9,93,5.342,9.7,0.0175,2780.7,0.0161,0,Normal
2020-01-05 00:13:00,28.45,38.05,1395,46.8,95,6.837,9.6,0.0335,4446.0,0.0165,0,Normal
2020-01-05 00:14:00,28.35,37.95,1602,34.3,100,5.754,9.6,0.0214,3430.0,0.0173,0,Normal
2020-01-05 00:15:00,28.45,37.95,1907,21.5,102,4.294,9.5,0.0113,2193.0,0.0177,0,Normal
2020-01-05 00:16:00,28.45,37.95,1325,49.2,104,6.827,9.5,0.0371,5116.8,0.018,0,Normal
2020-01-05 00:17:00,28.45,37.95,1408,44.4,106,6.547,9.5,0.0315,4706.4,0.0183,0,Normal
2020-01-05 00:18:00,28.55,37.95,1489,41.4,108,6.455,9.4,0.0278,4471.2,0.0187,0,Normal
2020-01-05 00:19:00,28.45,37.95,1680,29.2,111,5.137,9.5,0.0174,3241.2,0.0192,0,Normal
2020-01-05 00:20:00,28.55,38.05,1517,42.4,113,6.736,9.5,0.0279,4791.2,0.0195,0,Normal
2020-01-05 00:21:00,28.55,37.95,1618,36.7,115,6.218,9.4,0.0227,4220.5,0.0199,0,Normal
2020-01-05 00:22:00,28.55,37.95,1455,39.8,118,6.064,9.4,0.0274,4696.4,0.0204,0,Normal
2020-01-05 00:23:00,28.65,37.95,1543,36.4,120,5.882,9.3,0.0236,4368.0,0.0207,0,Normal
2020-01-05 00:24:00,28.65,37.95,1399,41.8,125,6.124,9.3,0.0299,5225.0,0.0216,0,Normal
2020-01-05 00:25:00,28.55,37.95,1469,37.2,128,5.723,9.4,0.0253,4761.6,0.0221,0,Normal
2020-01-05 00:26:00,28.55,38.05,1521,36.7,130,5.846,9.5,0.0241,4771.0,0.0225,0,Normal
2020-01-05 00:27:00,28.55,38.15,1584,38.8,132,6.436,9.6,0.0245,5121.6,0.0228,0,Normal
2020-01-05 00:28:00,28.65,38.35,1443,43.3,134,6.543,9.7,0.03,5802.2,0.0231,0,Normal
2020-01-05 00:29:00,28.65,38.35,1416,49.0,136,7.266,9.7,0.0346,6664.0,0.0235,0,Normal
2020-01-05 00:30:00,28.55,38.05,1563,34.5,139,5.647,9.5,0.0221,4795.5,0.024,0,Normal
2020-01-05 00:31:00,28.65,38.15,1542,40.1,142,6.475,9.5,0.026,5694.2,0.0245,0,Normal
2020-01-05 00:32:00,28.65,38.15,1624,31.6,145,5.374,9.5,0.0195,4582.0,0.025,0,Normal
2020-01-05 00:33:00,28.65,38.15,1471,44.2,148,6.809,9.5,0.03,6541.6,0.0255,0,Normal
2020-01-05 00:34:00,28.75,38.35,1492,40.8,150,6.375,9.6,0.0273,6120.0,0.0259,0,Normal
2020-01-05 00:35:00,28.75,38.25,1465,39.9,153,6.121,9.5,0.0272,6104.7,0.0264,0,Normal
2020-01-05 00:36:00,28.55,37.95,1399,55.1,156,8.072,9.4,0.0394,8595.6,0.0269,0,Normal
2020-01-05 00:37:00,28.45,37.85,1431,42.6,158,6.384,9.4,0.0298,6730.8,0.0273,0,Normal
2020-01-05 00:38:00,28.35,37.75,1600,39.0,160,6.535,9.4,0.0244,6240.0,0.0276,0,Normal
2020-01-05 00:39:00,28.35,37.65,1593,34.5,162,5.755,9.3,0.0217,5589.0,0.0279,0,Normal
2020-01-05 00:40:00,28.35,37.75,1469,44.7,164,6.876,9.4,0.0304,7330.8,0.0283,0,Normal
2020-01-05 00:41:00,28.35,37.65,1413,44.6,166,6.599,9.3,0.0316,7403.6,0.0286,0,Normal
2020-01-05 00:42:00,28.25,37.65,1490,38.0,168,5.929,9.4,0.0255,6384.0,0.029,0,Normal
2020-01-05 00:43:00,28.35,37.75,1671,31.1,170,5.442,9.4,0.0186,5287.0,0.0293,0,Normal
2020-01-05 00:44:00,28.35,37.75,1365,46.5,172,6.647,9.4,0.0341,7998.0,0.0296,0,Normal
2020-01-05 00:45:00,28.25,37.75,1557,39.3,174,6.408,9.5,0.0252,6838.2,0.03,0,Normal
2020-01-05 00:46:00,28.25,37.75,1440,45.4,177,6.846,9.5,0.0315,8035.8,0.0305,0,Normal
2020-01-05 00:47:00,28.25,37.75,1489,38.9,179,6.066,9.5,0.0261,6963.1,0.0308,0,Normal
2020-01-05 00:48:00,28.25,37.85,1733,25.7,182,4.664,9.6,0.0148,4677.4,0.0313,0,Normal
2020-01-05 00:49:00,28.15,37.85,1580,36.6,184,6.056,9.7,0.0232,6734.4,0.0317,0,Normal
2020-01-05 00:50:00,28.15,37.85,1856,21.9,189,4.256,9.7,0.0118,4139.1,0.0325,0,Normal
2020-01-05 00:51:00,28.15,37.95,1454,40.3,191,6.136,9.8,0.0277,7697.3,0.0329,0,Normal
2020-01-05 00:52:00,28.25,37.95,1495,36.3,193,5.683,9.7,0.0243,7005.9,0.0332,0,Normal
2020-01-05 00:53:00,28.05,37.85,1761,29.1,195,5.366,9.8,0.0165,5674.5,0.0335,0,Normal
2020-01-05 00:54:00,28.15,37.85,1402,47.5,197,6.974,9.7,0.0339,9357.5,0.0339,0,Normal
2020-01-05 00:55:00,28.05,37.85,1670,33.0,200,5.771,9.8,0.0198,6600.0,0.0344,0,Normal
2020-01-05 00:56:00,28.15,37.85,1582,35.6,202,5.898,9.7,0.0225,7191.2,0.0347,0,Normal
2020-01-05 00:57:00,28.15,37.85,1542,35.1,204,5.668,9.7,0.0228,7160.4,0.0351,0,Normal
2020-01-05 00:58:00,28.15,37.85,1539,36.9,206,5.947,9.7,0.024,7601.4,0.0354,0,Normal
2020-01-05 00:59:00,28.15,37.85,1418,41.9,208,6.222,9.7,0.0295,8715.2,0.0357,0,Normal
2020-01-05 01:00:00,28.15,37.95,1723,27.6,210,4.98,9.8,0.016,5796.0,0.0361,0,Normal
2020-01-05 01:01:00,28.15,37.95,1303,49.2,212,6.713,9.8,0.0378,10430.4,0.0364,0,Normal
2020-01-05 01:02:00,28.15,37.85,1463,50.2,214,7.691,9.7,0.0343,10742.8,0.0368,0,Normal
2020-01-05 01:03:00,28.05,37.85,1544,39.3,217,6.354,9.8,0.0255,8528.1,0.0373,0,Normal
2020-01-05 01:04:00,28.05,37.85,1596,37.2,219,6.217,9.8,0.0233,8146.8,0.0376,0,Normal
2020-01-05 01:05:00,28.15,37.95,1413,42.0,221,6.215,9.8,0.0297,9282.0,0.0379,0,Normal
2020-01-05 01:06:00,28.15,37.95,1492,41.2,223,6.437,9.8,0.0276,9187.6,0.0383,0,Normal
2020-01-05 01:07:00,28.15,37.95,1624,40.9,0,6.956,9.8,0.0252,0.0,0.0,0,Normal
2020-01-05 01:08:00,28.15,37.95,1504,39.1,2,6.158,9.8,0.026,78.2,0.0003,0,Normal
2020-01-05 01:09:00,28.05,37.95,1574,34.3,4,5.654,9.9,0.0218,137.2,0.0007,0,Normal
2020-01-05 01:10:00,28.15,38.05,1438,42.4,7,6.385,9.9,0.0295,296.8,0.0012,0,Normal
2020-01-05 01:11:00,28.15,38.15,1474,50.7,10,7.826,10.0,0.0344,507.0,0.0017,0,Normal
2020-01-05 01:12:00,28.15,38.05,1675,32.1,12,5.631,9.9,0.0192,385.2,0.0021,0,Normal
2020-01-05 01:13:00,28.15,38.05,1457,44.5,14,6.79,9.9,0.0305,623.0,0.0024,0,Normal
2020-01-05 01:14:00,28.15,38.15,1434,49.8,16,7.478,10.0,0.0347,796.8,0.0027,0,Normal
2020-01-05 01:15:00,28.15,38.05,1668,30.1,18,5.258,9.9,0.018,541.8,0.0031,0,Normal
2020-01-05 01:16:00,28.05,37.95,1550,39.7,20,6.444,9.9,0.0256,794.0,0.0034,0,Normal
2020-01-05 01:17:00,28.15,37.95,1834,25.4,22,4.878,9.8,0.0138,558.8,0.0038,0,Normal
2020-01-05 01:18:00,28.25,38.05,1476,36.5,25,5.642,9.8,0.0247,912.5,0.0043,0,Normal
2020-01-05 01:19:00,28.25,38.05,1541,36.3,28,5.858,9.8,0.0236,1016.4,0.0048,0,Normal
2020-01-05 01:20:00,28.15,37.95,1581,30.9,31,5.116,9.8,0.0195,957.9,0.0053,0,Normal
2020-01-05 01:21:00,28.15,37.95,1678,30.7,34,5.395,9.8,0.0183,1043.8,0.0058,0,Normal
2020-01-05 01:22:00,28.25,38.05,1355,50.6,37,7.18,9.8,0.0373,1872.2,0.0063,0,Normal
2020-01-05 01:23:00,28.35,38.05,1700,28.8,39,5.127,9.7,0.0169,1123.2,0.0067,0,Normal
2020-01-05 01:24:00,28.25,37.95,1462,37.1,41,5.68,9.7,0.0254,1521.1,0.007,0,Normal
2020-01-05 01:25:00,28.25,38.05,1727,26.5,43,4.793,9.8,0.0153,1139.5,0.0074,0,Normal
2020-01-05 01:26:00,28.25,38.15,1674,33.3,46,5.838,9.9,0.0199,1531.8,0.0079,0,Normal
2020-01-05 01:27:00,28.25,38.15,1397,42.3,48,6.188,9.9,0.0303,2030.4,0.0082,0,Normal
2020-01-05 01:28:00,28.25,38.15,2323,15.9,50,3.868,9.9,0.0068,795.0,0.0085,0,Normal
2020-01-05 01:29:00,28.25,38.05,1434,47.6,52,7.148,9.8,0.0332,2475.2,0.0089,0,Normal
2020-01-05 01:30:00,28.15,37.95,1560,35.3,55,5.767,9.8,0.0226,1941.5,0.0094,0,Normal
2020-01-05 01:31:00,28.05,37.85,1573,32.8,57,5.403,9.8,0.0209,1869.6,0.0097,0,Normal
2020-01-05 01:32:00,28.05,37.75,1798,22.3,59,4.199,9.7,0.0124,1315.7,0.0101,0,Normal
2020-01-05 01:33:00,28.05,37.85,1567,35.1,64,5.76,9.8,0.0224,2246.4,0.0109,0,Normal
2020-01-05 01:34:00,28.05,37.75,1416,53.3,66,7.903,9.7,0.0376,3517.8,0.0113,0,Normal
2020-01-05 01:35:00,28.05,37.75,1424,45.2,68,6.74,9.7,0.0317,3073.6,0.0116,0,Normal
2020-01-05 01:36:00,28.05,37.75,1598,35.9,71,6.008,9.7,0.0225,2548.9,0.0121,0,Normal
2020-01-05 01:37:00,28.15,37.75,1760,23.9,76,4.405,9.6,0.0136,1816.4,0.013,0,Normal
2020-01-05 01:38:00,28.15,37.85,1348,44.5,78,6.282,9.7,0.033,3471.0,0.0133,0,Normal
2020-01-05 01:39:00,28.15,37.85,1542,33.6,80,5.426,9.7,0.0218,2688.0,0.0137,0,Normal
2020-01-05 01:40:00,28.15,37.75,1566,33.1,82,5.428,9.6,0.0211,2714.2,0.014,0,Normal
2020-01-05 01:41:00,28.15,37.85,1554,47.7,84,7.762,9.7,0.0307,4006.8,0.0143,0,Normal
2020-01-05 01:42:00,28.25,37.85,1470,40.6,86,6.25,9.6,0.0276,3491.6,0.0147,0,Normal
2020-01-05 01:43:00,28.25,37.95,1758,25.4,88,4.676,9.7,0.0144,2235.2,0.015,0,Normal
2020-01-05 01:44:00,28.25,37.85,1486,36.5,91,5.68,9.6,0.0246,3321.5,0.0155,0,Normal
2020-01-05 01:45:00,28.35,37.95,1402,40.0,94,5.873,9.6,0.0285,3760.0,0.016,0,Normal
2020-01-05 01:46:00,28.35,37.95,1459,45.1,97,6.891,9.6,0.0309,4374.7,0.0165,0,Normal
2020-01-05 01:47:00,28.35,37.85,1494,45.3,99,7.087,9.5,0.0303,4484.7,0.0169,0,Normal
2020-01-05 01:48:00,28.35,37.95,1731,27.9,101,5.057,9.6,0.0161,2817.9,0.0172,0,Normal
2020-01-05 01:49:00,28.35,37.95,2076,18.7,103,4.065,9.6,0.009,1926.1,0.0175,0,Normal
2020-01-05 01:50:00,28.35,37.95,2055,16.8,105,3.615,9.6,0.0082,1764.0,0.0179,0,Normal
2020-01-05 01:51:00,28.35,37.95,1469,49.5,107,7.615,9.6,0.0337,5296.5,0.0182,0,Normal
2020-01-05 01:52:00,28.35,37.85,1504,42.6,109,6.709,9.5,0.0283,4643.4,0.0186,0,Normal
2020-01-05 01:53:00,28.35,37.95,1396,43.5,112,6.359,9.6,0.0312,4872.0,0.0191,0,Normal
2020-01-05 01:54:00,28.35,37.95,1660,33.8,115,5.876,9.6,0.0204,3887.0,0.0196,0,Normal
2020-01-05 01:55:00,28.35,37.85,1577,39.7,118,6.556,9.5,0.0252,4684.6,0.0201,0,Normal
2020-01-05 01:56:00,28.35,37.95,1426,52.1,121,7.78,9.6,0.0365,6304.1,0.0206,0,Normal
2020-01-05 01:57:00,28.35,37.95,1458,41.4,123,6.321,9.6,0.0284,5092.2,0.0209,0,Normal
2020-01-05 01:58:00,28.25,37.85,1533,45.8,125,7.353,9.6,0.0299,5725.0,0.0213,0,Normal
2020-01-05 01:59:00,28.25,37.85,1701,28.4,127,5.059,9.6,0.0167,3606.8,0.0216,0,Normal
2020-01-05 02:00:00,28.35,37.95,1434,49.6,129,7.448,9.6,0.0346,6398.4,0.0219,0,Normal
2020-01-05 02:01:00,28.25,37.95,1952,22.7,131,4.64,9.7,0.0116,2973.7,0.0223,0,Normal
2020-01-05 02:02:00,28.25,37.95,1469,36.9,133,5.676,9.7,0.0251,4907.7,0.0226,0,Normal
2020-01-05 02:03:00,28.25,37.95,1800,26.0,135,4.901,9.7,0.0144,3510.0,0.0229,0,Normal
2020-01-05 02:04:00,28.15,37.95,1438,43.0,137,6.475,9.8,0.0299,5891.0,0.0233,0,Normal
2020-01-05 02:05:00,28.15,37.95,1647,28.2,140,4.864,9.8,0.0171,3948.0,0.0238,0,Normal
2020-01-05 02:06:00,28.25,37.95,1494,41.9,142,6.555,9.7,0.028,5949.8,0.0241,0,Normal
2020-01-05 02:07:00,28.25,37.95,1445,41.4,144,6.265,9.7,0.0287,5961.6,0.0245,0,Normal
2020-01-05 02:08:00,28.35,37.95,1507,38.6,149,6.092,9.6,0.0256,5751.4,0.0253,0,Normal
2020-01-05 02:09:00,28.25,37.85,1234,55.8,152,7.211,9.6,0.0452,8481.6,0.0258,0,Normal
2020-01-05 02:10:00,28.25,37.85,1634,32.6,155,5.578,9.6,0.02,5053.0,0.0263,0,Normal
2020-01-05 02:11:00,28.25,37.85,1334,53.3,157,7.446,9.6,0.04,8368.1,0.0266,0,Normal
2020-01-05 02:12:00,28.25,37.95,1472,44.5,159,6.86,9.7,0.0302,7075.5,0.027,0,Normal
2020-01-05 02:13:00,28.15,37.85,1410,52.7,161,7.781,9.7,0.0374,8484.7,0.0273,0,Normal
2020-01-05 02:14:00,28.05,37.75,1597,37.9,164,6.338,9.7,0.0237,6215.6,0.0278,0,Normal
2020-01-05 02:15:00,28.05,37.75,1460,46.7,166,7.14,9.7,0.032,7752.2,0.0282,0,Normal
2020-01-05 02:16:00,27.95,37.65,1274,55.7,169,7.431,9.7,0.0437,9413.3,0.0287,0,Normal
2020-01-05 02:17:00,27.85,37.55,1517,40.2,171,6.386,9.7,0.0265,6874.2,0.029,0,Normal
2020-01-05 02:18:00,27.85,37.55,1300,57.2,174,7.787,9.7,0.044,9952.8,0.0295,0,Normal
2020-01-05 02:19:00,27.75,37.45,1686,27.7,176,4.891,9.7,0.0164,4875.2,0.0298,0,Normal
2020-01-05 02:20:00,27.75,37.55,1485,41.0,181,6.376,9.8,0.0276,7421.0,0.0307,0,Normal
2020-01-05 02:21:00,27.85,37.55,1464,45.8,184,7.022,9.7,0.0313,8427.2,0.0312,0,Normal
2020-01-05 02:22:00,27.75,37.45,1598,35.4,186,5.924,9.7,0.0222,6584.4,0.0315,0,Normal
2020-01-05 02:23:00,27.75,37.35,1894,21.9,188,4.344,9.6,0.0116,4117.2,0.0318,0,Normal
2020-01-05 02:24:00,27.65,37.35,1330,59.0,190,8.217,9.7,0.0444,11210.0,0.0322,0,Normal
2020-01-05 02:25:00,27.65,37.35,1582,31.1,193,5.152,9.7,0.0197,6002.3,0.0327,0,Normal
2020-01-05 02:26:00,27.55,37.15,1533,35.6,198,5.715,9.6,0.0232,7048.8,0.0335,0,Normal
2020-01-05 02:27:00,27.65,37.25,1419,46.4,200,6.895,9.6,0.0327,9280.0,0.0339,0,Normal
2020-01-05 02:28:00,27.65,37.15,1526,36.3,205,5.801,9.5,0.0238,7441.5,0.0347,0,Normal
2020-01-05 02:29:00,27.55,37.05,1364,65.3,208,9.327,9.5,0.0479,13582.4,0.0352,1,Tool_Wear_Failure
2020-01-05 02:30:00,27.65,37.15,1458,43.4,0,6.626,9.5,0.0298,0.0,0.0,0,Normal
2020-01-05 02:31:00,27.65,37.25,1288,64.0,3,8.632,9.6,0.0497,192.0,0.0005,0,Normal
2020-01-05 02:32:00,27.55,37.15,1659,29.8,6,5.177,9.6,0.018,178.8,0.001,0,Normal
2020-01-05 02:33:00,27.55,37.05,1479,52.3,9,8.1,9.5,0.0354,470.7,0.0015,0,Normal
2020-01-05 02:34:00,27.55,37.15,1592,36.0,14,6.002,9.6,0.0226,504.0,0.0024,0,Normal
2020-01-05 02:35:00,27.45,37.05,1532,38.7,16,6.209,9.6,0.0253,619.2,0.0027,0,Normal
2020-01-05 02:36:00,27.45,37.05,1555,41.9,19,6.823,9.6,0.0269,796.1,0.0032,0,Normal
2020-01-05 02:37:00,27.45,37.05,1341,52.6,21,7.387,9.6,0.0392,1104.6,0.0035,0,Normal
2020-01-05 02:38:00,27.45,36.95,1541,42.0,23,6.778,9.5,0.0273,966.0,0.0039,0,Normal
2020-01-05 02:39:00,27.45,37.15,1414,50.6,25,7.493,9.7,0.0358,1265.0,0.0042,0,Normal
2020-01-05 02:40:00,27.35,37.05,1764,25.9,27,4.784,9.7,0.0147,699.3,0.0046,0,Normal
2020-01-05 02:41:00,27.35,37.15,1336,57.1,29,7.989,9.8,0.0427,1655.9,0.0049,0,Normal
2020-01-05 02:42:00,27.35,37.15,1435,43.3,31,6.507,9.8,0.0302,1342.3,0.0052,0,Normal
2020-01-05 02:43:00,27.25,37.15,1537,35.0,33,5.633,9.9,0.0228,1155.0,0.0056,0,Normal
2020-01-05 02:44:00,27.15,37.05,1369,48.8,36,6.996,9.9,0.0356,1756.8,0.0061,0,Normal
2020-01-05 02:45:00,27.05,36.95,1619,31.3,38,5.307,9.9,0.0193,1189.4,0.0064,0,Normal
2020-01-05 02:46:00,27.05,36.95,1440,51.1,41,7.706,9.9,0.0355,2095.1,0.0069,0,Normal
2020-01-05 02:47:00,27.05,36.95,1649,30.5,43,5.267,9.9,0.0185,1311.5,0.0073,0,Normal
2020-01-05 02:48:00,27.05,36.95,1550,38.7,45,6.282,9.9,0.025,1741.5,0.0076,0,Normal
2020-01-05 02:49:00,27.15,37.05,1471,45.2,48,6.963,9.9,0.0307,2169.6,0.0081,0,Normal
2020-01-05 02:50:00,27.15,37.15,1483,51.6,50,8.013,10.0,0.0348,2580.0,0.0084,0,Normal
2020-01-05 02:51:00,27.15,37.25,1336,54.4,52,7.611,10.1,0.0407,2828.8,0.0088,0,Normal
2020-01-05 02:52:00,27.35,37.35,1515,36.6,54,5.807,10.0,0.0242,1976.4,0.0091,0,Normal
2020-01-05 02:53:00,27.35,37.35,1373,47.4,56,6.815,10.0,0.0345,2654.4,0.0094,0,Normal
2020-01-05 02:54:00,27.45,37.35,1454,51.2,58,7.796,9.9,0.0352,2969.6,0.0098,0,Normal
2020-01-05 02:55:00,27.35,37.35,1646,34.5,63,5.947,10.0,0.021,2173.5,0.0106,0,Normal
2020-01-05 02:56:00,27.35,37.25,1548,37.3,65,6.047,9.9,0.0241,2424.5,0.0109,0,Normal
2020-01-05 02:57:00,27.45,37.35,1462,41.3,68,6.323,9.9,0.0282,2808.4,0.0115,0,Normal
2020-01-05 02:58:00,27.35,37.25,1702,33.1,71,5.9,9.9,0.0194,2350.1,0.012,0,Normal
2020-01-05 02:59:00,27.35,37.35,1409,60.9,73,8.986,10.0,0.0432,4445.7,0.0123,0,Normal
2020-01-05 03:00:00,27.45,37.45,1427,52.8,75,7.89,10.0,0.037,3960.0,0.0126,0,Normal
2020-01-05 03:01:00,27.45,37.55,1438,48.5,78,7.303,10.1,0.0337,3783.0,0.0131,1,Random_Failure
2020-01-05 03:02:00,27.55,37.55,1450,43.4,80,6.59,10.0,0.0299,3472.0,0.0135,0,Normal
2020-01-05 03:03:00,27.55,37.55,1541,41.3,82,6.665,10.0,0.0268,3386.6,0.0138,0,Normal
2020-01-05 03:04:00,27.55,37.45,1484,38.0,84,5.905,9.9,0.0256,3192.0,0.0141,0,Normal
2020-01-05 03:05:00,27.65,37.65,1415,44.5,87,6.594,10.0,0.0314,3871.5,0.0146,0,Normal
2020-01-05 03:06:00,27.55,37.65,1496,46.4,90,7.269,10.1,0.031,4176.0,0.0151,0,Normal
2020-01-05 03:07:00,27.55,37.65,1465,45.2,92,6.934,10.1,0.0309,4158.4,0.0155,0,Normal
2020-01-05 03:08:00,27.55,37.65,2113,18.5,95,4.094,10.1,0.0088,1757.5,0.016,0,Normal
2020-01-05 03:09:00,27.55,37.65,1506,44.0,97,6.939,10.1,0.0292,4268.0,0.0163,0,Normal
2020-01-05 03:10:00,27.55,37.65,1689,28.9,100,5.112,10.1,0.0171,2890.0,0.0168,0,Normal
2020-01-05 03:11:00,27.55,37.75,1650,29.4,102,5.08,10.2,0.0178,2998.8,0.0171,0,Normal
2020-01-05 03:12:00,27.55,37.65,1563,33.8,104,5.532,10.1,0.0216,3515.2,0.0175,0,Normal
2020-01-05 03:13:00,27.55,37.75,1486,38.9,106,6.053,10.2,0.0262,4123.4,0.0178,0,Normal
2020-01-05 03:14:00,27.65,37.75,1732,25.7,109,4.661,10.1,0.0148,2801.3,0.0183,0,Normal
2020-01-05 03:15:00,27.55,37.65,1653,31.6,111,5.47,10.1,0.0191,3507.6,0.0186,0,Normal
2020-01-05 03:16:00,27.55,37.75,1535,37.1,113,5.964,10.2,0.0242,4192.3,0.019,0,Normal
2020-01-05 03:17:00,27.55,37.75,1637,37.2,115,6.377,10.2,0.0227,4278.0,0.0193,0,Normal
2020-01-05 03:18:00,27.45,37.65,1533,38.5,117,6.181,10.2,0.0251,4504.5,0.0196,0,Normal
2020-01-05 03:19:00,27.45,37.65,1378,51.2,119,7.388,10.2,0.0372,6092.8,0.02,0,Normal
2020-01-05 03:20:00,27.35,37.55,1606,33.5,121,5.634,10.2,0.0209,4053.5,0.0203,0,Normal
2020-01-05 03:21:00,27.15,37.55,1539,32.3,123,5.206,10.4,0.021,3972.9,0.0206,0,Normal
2020-01-05 03:22:00,27.35,37.65,1728,26.3,125,4.759,10.3,0.0152,3287.5,0.021,0,Normal
2020-01-05 03:23:00,27.25,37.55,1656,36.3,127,6.295,10.3,0.0219,4610.1,0.0213,0,Normal
2020-01-05 03:24:00,27.35,37.65,1631,30.5,132,5.209,10.3,0.0187,4026.0,0.0221,0,Normal
2020-01-05 03:25:00,27.35,37.75,1447,46.5,137,7.046,10.4,0.0321,6370.5,0.023,0,Normal
2020-01-05 03:26:00,27.25,37.65,1396,49.3,142,7.207,10.4,0.0353,7000.6,0.0238,0,Normal
2020-01-05 03:27:00,27.25,37.65,1390,52.5,144,7.642,10.4,0.0378,7560.0,0.0241,0,Normal
2020-01-05 03:28:00,27.25,37.65,1348,56.0,146,7.905,10.4,0.0415,8176.0,0.0245,0,Normal
2020-01-05 03:29:00,27.25,37.65,1491,35.9,148,5.605,10.4,0.0241,5313.2,0.0248,0,Normal
2020-01-05 03:30:00,27.25,37.65,1520,37.6,151,5.985,10.4,0.0247,5677.6,0.0253,0,Normal
2020-01-05 03:31:00,27.35,37.65,1509,33.0,153,5.215,10.3,0.0219,5049.0,0.0256,0,Normal
2020-01-05 03:32:00,27.35,37.65,1445,46.6,155,7.052,10.3,0.0322,7223.0,0.026,0,Normal
2020-01-05 03:33:00,27.35,37.65,1354,51.8,157,7.345,10.3,0.0383,8132.6,0.0263,0,Normal
2020-01-05 03:34:00,27.35,37.55,1488,39.4,159,6.139,10.2,0.0265,6264.6,0.0266,0,Normal
2020-01-05 03:35:00,27.35,37.55,1654,28.6,161,4.954,10.2,0.0173,4604.6,0.0269,0,Normal
2020-01-05 03:36:00,27.35,37.45,1378,51.5,166,7.432,10.1,0.0374,8549.0,0.0278,0,Normal
2020-01-05 03:37:00,27.45,37.55,1750,30.6,171,5.608,10.1,0.0175,5232.6,0.0286,0,Normal
2020-01-05 03:38:00,27.35,37.45,1448,46.3,173,7.021,10.1,0.032,8009.9,0.0289,0,Normal
2020-01-05 03:39:00,27.45,37.55,1501,45.3,175,7.12,10.1,0.0302,7927.5,0.0293,0,Normal
2020-01-05 03:40:00,27.45,37.55,1654,32.0,180,5.543,10.1,0.0193,5760.0,0.0301,0,Normal
2020-01-05 03:41:00,27.55,37.55,1347,46.5,183,6.559,10.0,0.0345,8509.5,0.0306,0,Normal
2020-01-05 03:42:00,27.55,37.65,1486,37.1,186,5.773,10.1,0.025,6900.6,0.0311,0,Normal
2020-01-05 03:43:00,27.65,37.65,1466,45.2,188,6.939,10.0,0.0308,8497.6,0.0314,0,Normal
2020-01-05 03:44:00,27.55,37.65,1346,52.0,193,7.33,10.1,0.0386,10036.0,0.0322,0,Normal
2020-01-05 03:45:00,27.55,37.55,1314,42.4,198,5.834,10.0,0.0323,8395.2,0.0331,0,Normal
2020-01-05 03:46:00,27.45,37.55,1440,52.5,200,7.917,10.1,0.0365,10500.0,0.0334,0,Normal
2020-01-05 03:47:00,27.55,37.65,1608,39.5,202,6.651,10.1,0.0246,7979.0,0.0337,0,Normal
2020-01-05 03:48:00,27.55,37.65,1296,58.2,204,7.899,10.1,0.0449,11872.8,0.0341,0,Normal
2020-01-05 03:49:00,27.55,37.55,1507,46.1,209,7.275,10.0,0.0306,9634.9,0.0349,0,Normal
2020-01-05 03:50:00,27.55,37.55,1343,51.6,211,7.257,10.0,0.0384,10887.6,0.0352,0,Normal
2020-01-05 03:51:00,27.55,37.55,1416,40.4,214,5.991,10.0,0.0285,8645.6,0.0357,0,Normal
2020-01-05 03:52:00,27.55,37.45,1288,47.2,216,6.366,9.9,0.0366,10195.2,0.036,0,Normal
2020-01-05 03:53:00,27.55,37.45,1407,42.4,218,6.247,9.9,0.0301,9243.2,0.0364,0,Normal
2020-01-05 03:54:00,27.45,37.25,1608,39.2,221,6.601,9.8,0.0244,8663.2,0.0369,0,Normal
2020-01-05 03:55:00,27.45,37.15,1920,22.3,223,4.484,9.7,0.0116,4972.9,0.0372,0,Normal
2020-01-05 03:56:00,27.35,37.05,1386,48.2,225,6.996,9.7,0.0348,10845.0,0.0375,0,Normal
2020-01-05 03:57:00,27.35,37.05,1571,34.6,228,5.692,9.7,0.022,7888.8,0.038,0,Normal
2020-01-05 03:58:00,27.25,37.05,1613,36.9,231,6.233,9.8,0.0229,8523.9,0.0385,0,Normal
2020-01-05 03:59:00,27.25,37.05,1671,30.5,234,5.337,9.8,0.0183,7137.0,0.039,1,Tool_Wear_Failure
2020-01-05 04:00:00,27.25,37.05,1431,43.2,0,6.474,9.8,0.0302,0.0,0.0,0,Normal
2020-01-05 04:01:00,27.25,37.05,1380,47.3,5,6.835,9.8,0.0343,236.5,0.0008,0,Normal
2020-01-05 04:02:00,27.35,37.15,1683,31.5,8,5.552,9.8,0.0187,252.0,0.0013,0,Normal
2020-01-05 04:03:00,27.25,37.05,1529,36.2,10,5.796,9.8,0.0237,362.0,0.0017,0,Normal
2020-01-05 04:04:00,27.35,37.25,1761,26.5,12,4.887,9.9,0.015,318.0,0.002,0,Normal
2020-01-05 04:05:00,27.45,37.35,1570,38.3,14,6.297,9.9,0.0244,536.2,0.0023,0,Normal
2020-01-05 04:06:00,27.45,37.35,2156,18.0,16,4.064,9.9,0.0083,288.0,0.0027,0,Normal
2020-01-05 04:07:00,27.55,37.45,1349,54.5,19,7.699,9.9,0.0404,1035.5,0.0032,0,Normal
2020-01-05 04:08:00,27.55,37.55,1431,39.3,22,5.889,10.0,0.0275,864.6,0.0037,0,Normal
2020-01-05 04:09:00,27.45,37.45,1931,22.0,24,4.449,10.0,0.0114,528.0,0.004,0,Normal
2020-01-05 04:10:00,27.55,37.55,1428,43.4,26,6.49,10.0,0.0304,1128.4,0.0043,0,Normal
2020-01-05 04:11:00,27.65,37.65,1564,36.2,31,5.929,10.0,0.0231,1122.2,0.0052,0,Normal
2020-01-05 04:12:00,27.65,37.75,1425,44.0,33,6.566,10.1,0.0309,1452.0,0.0055,0,Normal
2020-01-05 04:13:00,27.55,37.65,1597,30.5,38,5.101,10.1,0.0191,1159.0,0.0063,0,Normal
2020-01-05 04:14:00,27.65,37.65,1618,32.8,40,5.558,10.0,0.0203,1312.0,0.0067,0,Normal
2020-01-05 04:15:00,27.65,37.65,1520,38.0,45,6.049,10.0,0.025,1710.0,0.0075,0,Normal
2020-01-05 04:16:00,27.55,37.55,1425,45.3,48,6.76,10.0,0.0318,2174.4,0.008,0,Normal
2020-01-05 04:17:00,27.65,37.75,1398,38.2,50,5.592,10.1,0.0273,1910.0,0.0083,0,Normal
2020-01-05 04:18:00,27.65,37.75,1557,31.6,52,5.152,10.1,0.0203,1643.2,0.0086,0,Normal
2020-01-05 04:19:00,27.55,37.65,1519,43.9,55,6.983,10.1,0.0289,2414.5,0.0091,0,Normal
2020-01-05 04:20:00,27.55,37.65,1619,34.9,57,5.917,10.1,0.0216,1989.3,0.0095,0,Normal
2020-01-05 04:21:00,27.55,37.65,1814,21.4,59,4.065,10.1,0.0118,1262.6,0.0098,0,Normal
2020-01-05 04:22:00,27.55,37.75,1521,39.4,61,6.276,10.2,0.0259,2403.4,0.0101,0,Normal
2020-01-05 04:23:00,27.55,37.75,1369,51.2,63,7.34,10.2,0.0374,3225.6,0.0105,0,Normal
2020-01-05 04:24:00,27.55,37.75,1356,65.3,66,9.273,10.2,0.0482,4309.8,0.011,1,Power_Failure
2020-01-05 04:25:00,27.55,37.85,1336,53.3,68,7.457,10.3,0.0399,3624.4,0.0113,0,Normal
2020-01-05 04:26:00,27.55,37.85,1403,48.3,70,7.096,10.3,0.0344,3381.0,0.0116,0,Normal
2020-01-05 04:27:00,27.55,37.85,1413,44.3,72,6.555,10.3,0.0314,3189.6,0.0119,0,Normal
2020-01-05 04:28:00,27.45,37.75,1472,47.6,75,7.337,10.3,0.0323,3570.0,0.0124,0,Normal
2020-01-05 04:29:00,27.55,37.65,1452,47.9,77,7.283,10.1,0.033,3688.3,0.0128,0,Normal
2020-01-05 04:30:00,27.45,37.55,1397,53.7,80,7.856,10.1,0.0384,4296.0,0.0133,0,Normal
2020-01-05 04:31:00,27.45,37.55,1455,40.6,82,6.186,10.1,0.0279,3329.2,0.0136,0,Normal
2020-01-05 04:32:00,27.55,37.65,1754,27.7,84,5.088,10.1,0.0158,2326.8,0.0139,0,Normal
2020-01-05 04:33:00,27.45,37.75,1471,37.9,86,5.838,10.3,0.0258,3259.4,0.0143,0,Normal
2020-01-05 04:34:00,27.45,37.65,1389,48.1,88,6.996,10.2,0.0346,4232.8,0.0146,0,Normal
2020-01-05 04:35:00,27.45,37.75,1702,30.3,91,5.4,10.3,0.0178,2757.3,0.0151,0,Normal
2020-01-05 04:36:00,27.45,37.85,1401,54.6,94,8.01,10.4,0.039,5132.4,0.0156,0,Normal
2020-01-05 04:37:00,27.55,37.95,1426,46.2,97,6.899,10.4,0.0324,4481.4,0.0161,0,Normal
2020-01-05 04:38:00,27.55,37.85,1496,38.3,99,6.0,10.3,0.0256,3791.7,0.0164,0,Normal
2020-01-05 04:39:00,27.45,37.75,1433,42.6,101,6.393,10.3,0.0297,4302.6,0.0167,0,Normal
2020-01-05 04:40:00,27.55,37.95,1438,46.6,103,7.017,10.4,0.0324,4799.8,0.0171,0,Normal
2020-01-05 04:41:00,27.55,37.85,1418,49.3,106,7.321,10.3,0.0348,5225.8,0.0175,0,Normal
2020-01-05 04:42:00,27.65,37.85,1580,36.6,109,6.056,10.2,0.0232,3989.4,0.018,0,Normal
2020-01-05 04:43:00,27.55,37.75,1468,41.8,112,6.426,10.2,0.0285,4681.6,0.0185,0,Normal
2020-01-05 04:44:00,27.65,37.75,1522,41.7,115,6.646,10.1,0.0274,4795.5,0.019,0,Normal
2020-01-05 04:45:00,27.65,37.75,1311,55.8,118,7.661,10.1,0.0426,6584.4,0.0195,0,Normal
2020-01-05 04:46:00,27.75,37.85,1316,56.5,120,7.786,10.1,0.0429,6780.0,0.0198,0,Normal
2020-01-05 04:47:00,27.75,37.85,1853,23.6,122,4.579,10.1,0.0127,2879.2,0.0202,0,Normal
2020-01-05 04:48:00,27.75,37.85,1556,38.8,127,6.322,10.1,0.0249,4927.6,0.021,0,Normal
2020-01-05 04:49:00,27.75,37.85,1567,34.3,130,5.628,10.1,0.0219,4459.0,0.0215,0,Normal
2020-01-05 04:50:00,27.75,37.95,1546,37.7,133,6.104,10.2,0.0244,5014.1,0.022,0,Normal
2020-01-05 04:51:00,27.75,37.85,1382,51.2,136,7.41,10.1,0.037,6963.2,0.0225,0,Normal
2020-01-05 04:52:00,27.75,37.85,2003,20.2,138,4.237,10.1,0.0101,2787.6,0.0228,0,Normal
2020-01-05 04:53:00,27.65,37.75,1748,29.9,140,5.473,10.1,0.0171,4186.0,0.0231,0,Normal
2020-01-05 04:54:00,27.55,37.65,1518,40.1,142,6.374,10.1,0.0264,5694.2,0.0235,0,Normal
2020-01-05 04:55:00,27.55,37.65,1475,42.0,147,6.487,10.1,0.0285,6174.0,0.0243,0,Normal
2020-01-05 04:56:00,27.65,37.65,1634,29.2,149,4.996,10.0,0.0179,4350.8,0.0246,0,Normal
2020-01-05 04:57:00,27.65,37.65,1689,32.9,151,5.819,10.0,0.0195,4967.9,0.0249,0,Normal
2020-01-05 04:58:00,27.75,37.75,1636,35.3,153,6.048,10.0,0.0216,5400.9,0.0253,0,Normal
2020-01-05 04:59:00,27.75,37.85,2235,15.8,156,3.698,10.1,0.0071,2464.8,0.0257,0,Normal
2020-01-05 05:00:00,27.85,37.95,1615,35.6,158,6.021,10.1,0.022,5624.8,0.0261,0,Normal
2020-01-05 05:01:00,27.95,37.95,1618,29.5,160,4.998,10.0,0.0182,4720.0,0.0264,0,Normal
2020-01-05 05:02:00,27.95,38.05,1407,53.0,165,7.809,10.1,0.0377,8745.0,0.0272,0,Normal
2020-01-05 05:03:00,27.95,37.95,1450,43.3,168,6.575,10.0,0.0299,7274.4,0.0277,0,Normal
2020-01-05 05:04:00,27.95,37.95,1889,23.8,170,4.708,10.0,0.0126,4046.0,0.028,0,Normal
2020-01-05 05:05:00,27.85,37.75,1568,38.2,172,6.272,9.9,0.0244,6570.4,0.0284,0,Normal
2020-01-05 05:06:00,27.85,37.85,1804,25.8,174,4.874,10.0,0.0143,4489.2,0.0287,0,Normal
2020-01-05 05:07:00,27.85,37.85,1582,37.5,176,6.212,10.0,0.0237,6600.0,0.029,0,Normal
2020-01-05 05:08:00,27.85,37.75,2047,17.9,178,3.837,9.9,0.0087,3186.2,0.0293,0,Normal
2020-01-05 05:09:00,27.75,37.75,1601,34.0,181,5.7,10.0,0.0212,6154.0,0.0298,0,Normal
2020-01-05 05:10:00,27.75,37.75,1615,32.0,183,5.412,10.0,0.0198,5856.0,0.0301,0,Normal
2020-01-05 05:11:00,27.75,37.65,1452,43.6,185,6.63,9.9,0.03,8066.0,0.0305,0,Normal
2020-01-05 05:12:00,27.75,37.65,1695,30.2,188,5.36,9.9,0.0178,5677.6,0.031,0,Normal
2020-01-05 05:13:00,27.75,37.65,1790,26.2,191,4.911,9.9,0.0146,5004.2,0.0314,0,Normal
2020-01-05 05:14:00,27.85,37.65,1533,39.3,194,6.309,9.8,0.0256,7624.2,0.0319,0,Normal
2020-01-05 05:15:00,27.85,37.75,1813,28.5,197,5.411,9.9,0.0157,5614.5,0.0324,0,Normal
2020-01-05 05:16:00,27.85,37.75,1492,36.7,199,5.734,9.9,0.0246,7303.3,0.0327,0,Normal
2020-01-05 05:17:00,27.75,37.55,1479,43.3,201,6.706,9.8,0.0293,8703.3,0.0331,0,Normal
2020-01-05 05:18:00,27.65,37.55,1339,59.1,203,8.287,9.9,0.0441,11997.3,0.0334,1,Overstrain_Failure
2020-01-05 05:19:00,27.65,37.55,1371,44.7,205,6.418,9.9,0.0326,9163.5,0.0337,0,Normal
2020-01-05 05:20:00,27.75,37.55,1468,36.2,208,5.565,9.8,0.0247,7529.6,0.0342,0,Normal
2020-01-05 05:21:00,27.75,37.55,1517,41.7,210,6.624,9.8,0.0275,8757.0,0.0345,0,Normal
2020-01-05 05:22:00,27.75,37.55,1352,46.4,212,6.569,9.8,0.0343,9836.8,0.0349,0,Normal
2020-01-05 05:23:00,27.75,37.55,1389,50.0,214,7.273,9.8,0.036,10700.0,0.0352,0,Normal
2020-01-05 05:24:00,27.65,37.45,1505,36.2,0,5.705,9.8,0.0241,0.0,0.0,0,Normal
2020-01-05 05:25:00,27.75,37.45,1538,36.7,3,5.911,9.7,0.0239,110.1,0.0005,0,Normal
2020-01-05 05:26:00,27.75,37.65,1482,37.0,5,5.742,9.9,0.025,185.0,0.0008,0,Normal
2020-01-05 05:27:00,27.75,37.65,1599,33.0,7,5.526,9.9,0.0206,231.0,0.0011,0,Normal
2020-01-05 05:28:00,27.75,37.65,1476,39.0,10,6.028,9.9,0.0264,390.0,0.0016,0,Normal
2020-01-05 05:29:00,27.75,37.55,1509,37.5,12,5.926,9.8,0.0249,450.0,0.002,0,Normal
2020-01-05 05:30:00,27.75,37.65,1708,29.1,14,5.205,9.9,0.017,407.4,0.0023,0,Normal
2020-01-05 05:31:00,27.75,37.55,1412,57.5,16,8.502,9.8,0.0407,920.0,0.0026,0,Normal
2020-01-05 05:32:00,27.75,37.55,1658,28.5,18,4.948,9.8,0.0172,513.0,0.003,0,Normal
2020-01-05 05:33:00,27.85,37.65,1375,57.2,20,8.236,9.8,0.0416,1144.0,0.0033,0,Normal
2020-01-05 05:34:00,27.75,37.65,1402,48.1,22,7.062,9.9,0.0343,1058.2,0.0036,0,Normal
2020-01-05 05:35:00,27.75,37.55,1452,47.3,25,7.192,9.8,0.0326,1182.5,0.0041,0,Normal
2020-01-05 05:36:00,27.65,37.55,1483,40.8,28,6.336,9.9,0.0275,1142.4,0.0046,0,Normal
2020-01-05 05:37:00,27.75,37.65,1477,38.4,31,5.939,9.9,0.026,1190.4,0.0051,0,Normal
2020-01-05 05:38:00,27.65,37.55,1924,22.4,36,4.513,9.9,0.0116,806.4,0.0059,0,Normal
2020-01-05 05:39:00,27.75,37.55,1609,28.7,39,4.836,9.8,0.0178,1119.3,0.0064,0,Normal
2020-01-05 05:40:00,27.65,37.55,1886,21.1,44,4.167,9.9,0.0112,928.4,0.0072,0,Normal
2020-01-05 05:41:00,27.55,37.45,1616,29.6,47,5.009,9.9,0.0183,1391.2,0.0077,0,Normal
2020-01-05 05:42:00,27.55,37.55,1442,43.2,49,6.523,10.0,0.03,2116.8,0.008,0,Normal
2020-01-05 05:43:00,27.65,37.65,1407,45.1,51,6.645,10.0,0.0321,2300.1,0.0084,0,Normal
2020-01-05 05:44:00,27.65,37.65,1461,41.3,53,6.319,10.0,0.0283,2188.9,0.0087,0,Normal
2020-01-05 05:45:00,27.65,37.75,1522,46.2,56,7.364,10.1,0.0304,2587.2,0.0092,0,Normal
2020-01-05 05:46:00,27.75,37.85,1432,48.1,59,7.213,10.1,0.0336,2837.9,0.0097,0,Normal
2020-01-05 05:47:00,27.75,37.85,1438,49.0,61,7.379,10.1,0.0341,2989.0,0.01,0,Normal
2020-01-05 05:48:00,27.65,37.75,1678,28.1,63,4.938,10.1,0.0167,1770.3,0.0103,0,Normal
2020-01-05 05:49:00,27.65,37.75,1514,38.7,66,6.136,10.1,0.0256,2554.2,0.0108,0,Normal
2020-01-05 05:50:00,27.55,37.65,1534,41.3,69,6.634,10.1,0.0269,2849.7,0.0113,0,Normal
2020-01-05 05:51:00,27.55,37.65,1486,41.2,71,6.411,10.1,0.0277,2925.2,0.0116,0,Normal
2020-01-05 05:52:00,27.55,37.65,1925,22.0,74,4.435,10.1,0.0114,1628.0,0.0121,0,Normal
2020-01-05 05:53:00,27.55,37.65,1724,30.0,76,5.416,10.1,0.0174,2280.0,0.0124,0,Normal
2020-01-05 05:54:00,27.65,37.65,1549,35.5,79,5.758,10.0,0.0229,2804.5,0.0129,0,Normal
2020-01-05 05:55:00,27.65,37.75,1457,47.7,82,7.278,10.1,0.0327,3911.4,0.0134,0,Normal
2020-01-05 05:56:00,27.65,37.75,1453,43.9,84,6.68,10.1,0.0302,3687.6,0.0137,0,Normal
2020-01-05 05:57:00,27.65,37.85,1578,44.4,86,7.337,10.2,0.0281,3818.4,0.0141,0,Normal
2020-01-05 05:58:00,27.75,37.95,1325,61.4,88,8.519,10.2,0.0463,5403.2,0.0144,0,Normal
2020-01-05 05:59:00,27.75,37.95,1471,39.3,91,6.054,10.2,0.0267,3576.3,0.0149,0,Normal
2020-01-05 06:00:00,27.75,38.05,1472,40.0,93,6.166,10.3,0.0272,3720.0,0.0152,0,Normal
2020-01-05 06:01:00,27.75,37.95,1457,37.4,96,5.706,10.2,0.0257,3590.4,0.0157,0,Normal
2020-01-05 06:02:00,27.85,37.85,1402,55.3,98,8.119,10.0,0.0394,5419.4,0.016,0,Normal
2020-01-05 06:03:00,27.75,37.75,1477,41.5,100,6.419,10.0,0.0281,4150.0,0.0163,0,Normal
2020-01-05 06:04:00,27.75,37.75,1727,30.1,102,5.444,10.0,0.0174,3070.2,0.0167,0,Normal
2020-01-05 06:05:00,27.75,37.75,1995,20.2,105,4.22,10.0,0.0101,2121.0,0.0171,0,Normal
2020-01-05 06:06:00,27.75,37.75,1370,52.5,107,7.532,10.0,0.0383,5617.5,0.0175,0,Normal
2020-01-05 06:07:00,27.75,37.75,1228,66.4,109,8.539,10.0,0.0541,7237.6,0.0178,0,Normal
2020-01-05 06:08:00,27.75,37.85,1499,38.0,111,5.965,10.1,0.0254,4218.0,0.0181,0,Normal
2020-01-05 06:09:00,27.85,37.85,1508,46.9,113,7.406,10.0,0.0311,5299.7,0.0184,0,Normal
2020-01-05 06:10:00,27.85,37.75,1473,44.2,116,6.818,9.9,0.03,5127.2,0.0189,0,Normal
2020-01-05 06:11:00,27.85,37.85,1640,37.6,118,6.457,10.0,0.0229,4436.8,0.0192,0,Normal
2020-01-05 06:12:00,27.95,37.95,1429,42.5,123,6.36,10.0,0.0297,5227.5,0.0201,0,Normal
2020-01-05 06:13:00,27.95,37.95,1470,40.9,125,6.296,10.0,0.0278,5112.5,0.0204,0,Normal
2020-01-05 06:14:00,27.85,37.85,1581,37.0,127,6.126,10.0,0.0234,4699.0,0.0207,0,Normal
2020-01-05 06:15:00,27.85,37.75,1740,28.9,129,5.266,9.9,0.0166,3728.1,0.021,0,Normal
2020-01-05 06:16:00,27.75,37.65,1390,40.6,131,5.91,9.9,0.0292,5318.6,0.0213,0,Normal
2020-01-05 06:17:00,27.75,37.65,1988,19.7,136,4.101,9.9,0.0099,2679.2,0.0222,0,Normal
2020-01-05 06:18:00,27.65,37.55,1452,43.0,139,6.538,9.9,0.0296,5977.0,0.0226,0,Normal
2020-01-05 06:19:00,27.65,37.55,1586,33.4,142,5.547,9.9,0.0211,4742.8,0.0231,0,Normal
2020-01-05 06:20:00,27.65,37.55,1589,34.3,144,5.708,9.9,0.0216,4939.2,0.0234,0,Normal
2020-01-05 06:21:00,27.65,37.65,1486,45.7,146,7.112,10.0,0.0308,6672.2,0.0238,0,Normal
2020-01-05 06:22:00,27.75,37.75,1755,27.9,148,5.128,10.0,0.0159,4129.2,0.0241,0,Normal
2020-01-05 06:23:00,27.85,37.75,1575,34.6,150,5.707,9.9,0.022,5190.0,0.0244,0,Normal
2020-01-05 06:24:00,27.95,37.95,1615,37.7,153,6.376,10.0,0.0233,5768.1,0.0249,0,Normal
2020-01-05 06:25:00,27.95,37.95,1436,41.8,156,6.286,10.0,0.0291,6520.8,0.0254,0,Normal
2020-01-05 06:26:00,27.95,37.95,1470,40.6,159,6.25,10.0,0.0276,6455.4,0.0259,0,Normal
2020-01-05 06:27:00,27.95,37.95,2089,19.8,162,4.331,10.0,0.0095,3207.6,0.0264,0,Normal
2020-01-05 06:28:00,27.95,38.05,1564,37.0,165,6.06,10.1,0.0237,6105.0,0.0268,0,Normal
2020-01-05 06:29:00,27.85,37.95,1420,47.4,167,7.048,10.1,0.0334,7915.8,0.0272,0,Normal
2020-01-05 06:30:00,27.95,37.95,1711,29.1,170,5.214,10.0,0.017,4947.0,0.0276,0,Normal
2020-01-05 06:31:00,27.95,38.05,1555,35.3,172,5.748,10.1,0.0227,6071.6,0.028,0,Normal
2020-01-05 06:32:00,27.95,37.95,1592,35.7,174,5.952,10.0,0.0224,6211.8,0.0283,0,Normal
2020-01-05 06:33:00,27.85,37.95,1236,64.4,177,8.336,10.1,0.0521,11398.8,0.0288,1,Overstrain_Failure
2020-01-05 06:34:00,27.85,37.75,1765,24.2,179,4.473,9.9,0.0137,4331.8,0.0291,0,Normal
2020-01-05 06:35:00,27.85,37.85,1634,31.2,182,5.339,10.0,0.0191,5678.4,0.0296,0,Normal
2020-01-05 06:36:00,27.95,37.95,1508,41.5,184,6.554,10.0,0.0275,7636.0,0.0299,0,Normal
2020-01-05 06:37:00,27.95,38.05,1774,29.6,186,5.499,10.1,0.0167,5505.6,0.0302,0,Normal
2020-01-05 06:38:00,27.95,37.85,1677,29.1,188,5.11,9.9,0.0174,5470.8,0.0305,0,Normal
2020-01-05 06:39:00,27.85,37.85,1399,58.0,190,8.497,10.0,0.0415,11020.0,0.0308,1,Overstrain_Failure
2020-01-05 06:40:00,27.85,37.75,1570,34.0,192,5.59,9.9,0.0217,6528.0,0.0312,0,Normal
2020-01-05 06:41:00,27.85,37.75,1479,44.3,194,6.861,9.9,0.03,8594.2,0.0315,0,Normal
2020-01-05 06:42:00,27.85,37.65,1558,34.9,196,5.694,9.8,0.0224,6840.4,0.0318,0,Normal
2020-01-05 06:43:00,27.65,37.55,1358,48.1,198,6.84,9.9,0.0354,9523.8,0.0321,0,Normal
2020-01-05 06:44:00,27.75,37.55,1656,30.7,200,5.324,9.8,0.0185,6140.0,0.0324,0,Normal
2020-01-05 06:45:00,27.75,37.55,1523,35.8,205,5.71,9.8,0.0235,7339.0,0.0332,0,Normal
2020-01-05 06:46:00,27.75,37.55,1403,40.6,207,5.965,9.8,0.0289,8404.2,0.0336,0,Normal
2020-01-05 06:47:00,27.75,37.55,1362,51.6,212,7.36,9.8,0.0379,10939.2,0.0344,0,Normal
2020-01-05 06:48:00,27.55,37.45,1778,27.1,215,5.046,9.9,0.0152,5826.5,0.0349,0,Normal
2020-01-05 06:49:00,27.55,37.35,1448,38.2,218,5.792,9.8,0.0264,8327.6,0.0353,0,Normal
2020-01-05 06:50:00,27.65,37.35,1559,40.1,220,6.547,9.7,0.0257,8822.0,0.0357,0,Normal
2020-01-05 06:51:00,27.65,37.45,1416,42.2,225,6.258,9.8,0.0298,9495.0,0.0365,0,Normal
2020-01-05 06:52:00,27.65,37.45,1577,37.9,227,6.259,9.8,0.024,8603.3,0.0368,1,Tool_Wear_Failure
2020-01-05 06:53:00,27.65,37.55,1633,27.8,0,4.754,9.9,0.017,0.0,0.0,0,Normal
2020-01-05 06:54:00,27.75,37.55,1573,31.2,2,5.139,9.8,0.0198,62.4,0.0003,0,Normal
2020-01-05 06:55:00,27.75,37.65,1517,44.3,4,7.037,9.9,0.0292,177.2,0.0006,0,Normal
2020-01-05 06:56:00,27.85,37.75,1515,37.3,6,5.918,9.9,0.0246,223.8,0.001,0,Normal
2020-01-05 06:57:00,27.85,37.65,1527,45.3,8,7.244,9.8,0.0297,362.4,0.0013,0,Normal
2020-01-05 06:58:00,27.95,37.75,1282,67.9,10,9.116,9.8,0.053,679.0,0.0016,1,Power_Failure
2020-01-05 06:59:00,27.95,37.75,1396,45.1,12,6.593,9.8,0.0323,541.2,0.0019,0,Normal
2020-01-05 07:00:00,27.85,37.75,1492,44.6,15,6.968,9.9,0.0299,669.0,0.0024,0,Normal
2020-01-05 07:01:00,27.85,37.65,1975,19.7,17,4.074,9.8,0.01,334.9,0.0027,0,Normal
2020-01-05 07:02:00,27.85,37.65,1475,35.3,19,5.452,9.8,0.0239,670.7,0.0031,0,Normal
2020-01-05 07:03:00,27.85,37.75,1495,37.3,21,5.84,9.9,0.0249,783.3,0.0034,0,Normal
2020-01-05 07:04:00,27.85,37.85,1553,35.8,26,5.822,10.0,0.0231,930.8,0.0042,0,Normal
2020-01-05 07:05:00,27.95,37.85,1918,21.7,28,4.358,9.9,0.0113,607.6,0.0045,0,Normal
2020-01-05 07:06:00,27.95,37.85,1413,46.6,30,6.895,9.9,0.033,1398.0,0.0048,0,Normal
2020-01-05 07:07:00,27.85,37.85,1437,56.0,33,8.427,10.0,0.039,1848.0,0.0053,0,Normal
2020-01-05 07:08:00,27.85,37.75,1450,45.9,35,6.97,9.9,0.0317,1606.5,0.0057,0,Normal
2020-01-05 07:09:00,27.85,37.75,1910,21.9,37,4.38,9.9,0.0115,810.3,0.006,0,Normal
2020-01-05 07:10:00,27.75,37.75,1749,26.4,40,4.835,10.0,0.0151,1056.0,0.0065,0,Normal
2020-01-05 07:11:00,27.85,37.75,1916,22.0,42,4.414,9.9,0.0115,924.0,0.0068,0,Normal
2020-01-05 07:12:00,27.85,37.75,1428,45.3,47,6.774,9.9,0.0317,2129.1,0.0076,0,Normal
2020-01-05 07:13:00,27.85,37.75,1578,38.4,49,6.346,9.9,0.0243,1881.6,0.0079,0,Normal
2020-01-05 07:14:00,27.75,37.65,1571,39.9,51,6.564,9.9,0.0254,2034.9,0.0082,0,Normal
2020-01-05 07:15:00,27.75,37.65,1729,30.2,53,5.468,9.9,0.0175,1600.6,0.0086,0,Normal
2020-01-05 07:16:00,27.75,37.65,1701,30.4,55,5.415,9.9,0.0179,1672.0,0.0089,0,Normal
2020-01-05 07:17:00,27.75,37.65,1493,45.8,57,7.161,9.9,0.0307,2610.6,0.0092,0,Normal
2020-01-05 07:18:00,27.85,37.75,1554,32.7,59,5.321,9.9,0.021,1929.3,0.0095,0,Normal
2020-01-05 07:19:00,27.75,37.75,1497,43.2,62,6.772,10.0,0.0289,2678.4,0.01,0,Normal
2020-01-05 07:20:00,27.85,37.75,1679,29.8,64,5.24,9.9,0.0177,1907.2,0.0103,0,Normal
2020-01-05 07:21:00,27.85,37.75,1510,44.5,66,7.037,9.9,0.0295,2937.0,0.0106,0,Normal
2020-01-05 07:22:00,27.85,37.75,1296,54.9,69,7.451,9.9,0.0424,3788.1,0.0111,0,Normal
2020-01-05 07:23:00,27.85,37.75,1404,41.8,71,6.146,9.9,0.0298,2967.8,0.0114,0,Normal
2020-01-05 07:24:00,27.75,37.65,1519,34.9,73,5.552,9.9,0.023,2547.7,0.0118,0,Normal
2020-01-05 07:25:00,27.75,37.55,1696,27.3,76,4.849,9.8,0.0161,2074.8,0.0122,0,Normal
2020-01-05 07:26:00,27.65,37.45,1669,28.4,79,4.964,9.8,0.017,2243.6,0.0127,0,Normal
2020-01-05 07:27:00,27.55,37.45,1447,40.7,82,6.167,9.9,0.0281,3337.4,0.0132,0,Normal
2020-01-05 07:28:00,27.55,37.45,1418,46.3,84,6.875,9.9,0.0327,3889.2,0.0135,0,Normal
2020-01-05 07:29:00,27.55,37.45,1407,40.5,87,5.967,9.9,0.0288,3523.5,0.014,0,Normal
2020-01-05 07:30:00,27.65,37.35,1434,44.5,89,6.682,9.7,0.031,3960.5,0.0143,0,Normal
2020-01-05 07:31:00,27.65,37.45,1360,48.8,91,6.95,9.8,0.0359,4440.8,0.0146,0,Normal
2020-01-05 07:32:00,27.65,37.45,1402,53.7,93,7.884,9.8,0.0383,4994.1,0.015,0,Normal
2020-01-05 07:33:00,27.75,37.45,1552,34.9,95,5.672,9.7,0.0225,3315.5,0.0153,0,Normal
2020-01-05 07:34:00,27.75,37.55,1392,44.2,97,6.443,9.8,0.0318,4287.4,0.0156,0,Normal
2020-01-05 07:35:00,27.95,37.65,1521,41.0,99,6.53,9.7,0.027,4059.0,0.0159,0,Normal
2020-01-05 07:36:00,27.95,37.65,1724,27.5,101,4.965,9.7,0.016,2777.5,0.0162,0,Normal
2020-01-05 07:37:00,27.85,37.55,1455,46.1,103,7.024,9.7,0.0317,4748.3,0.0166,0,Normal
2020-01-05 07:38:00,27.85,37.45,1366,50.6,106,7.238,9.6,0.037,5363.6,0.017,0,Normal
2020-01-05 07:39:00,27.95,37.45,1407,43.9,111,6.468,9.5,0.0312,4872.9,0.0178,0,Normal
2020-01-05 07:40:00,27.95,37.65,1470,49.3,116,7.589,9.7,0.0335,5718.8,0.0186,0,Normal
2020-01-05 07:41:00,28.05,37.75,1359,50.8,118,7.23,9.7,0.0374,5994.4,0.019,0,Normal
2020-01-05 07:42:00,27.95,37.65,1792,25.8,121,4.842,9.7,0.0144,3121.8,0.0194,0,Normal
2020-01-05 07:43:00,27.95,37.75,1552,37.9,126,6.16,9.8,0.0244,4775.4,0.0202,0,Normal
2020-01-05 07:44:00,28.05,37.85,1612,32.9,129,5.554,9.8,0.0204,4244.1,0.0207,0,Normal
2020-01-05 07:45:00,28.05,37.85,1424,41.4,131,6.174,9.8,0.0291,5423.4,0.021,0,Normal
2020-01-05 07:46:00,28.15,37.85,1341,59.3,134,8.327,9.7,0.0442,7946.2,0.0215,0,Normal
2020-01-05 07:47:00,28.05,37.65,1479,38.2,139,5.916,9.6,0.0258,5309.8,0.0223,0,Normal
2020-01-05 07:48:00,28.05,37.75,1413,50.1,141,7.413,9.7,0.0355,7064.1,0.0226,0,Normal
2020-01-05 07:49:00,28.15,37.75,2165,17.4,143,3.945,9.6,0.008,2488.2,0.023,0,Normal
2020-01-05 07:50:00,28.15,37.85,1641,33.0,145,5.671,9.7,0.0201,4785.0,0.0233,0,Normal
2020-01-05 07:51:00,28.15,37.85,1495,40.8,148,6.387,9.7,0.0273,6038.4,0.0237,0,Normal
2020-01-05 07:52:00,28.15,37.85,1576,30.4,151,5.017,9.7,0.0193,4590.4,0.0242,0,Normal
2020-01-05 07:53:00,28.05,37.75,1467,37.1,153,5.699,9.7,0.0253,5676.3,0.0245,0,Normal
2020-01-05 07:54:00,28.05,37.65,1479,41.2,155,6.381,9.6,0.0279,6386.0,0.0249,0,Normal
2020-01-05 07:55:00,28.15,37.75,1596,33.9,157,5.666,9.6,0.0212,5322.3,0.0252,0,Normal
2020-01-05 07:56:00,28.15,37.75,1512,36.9,159,5.843,9.6,0.0244,5867.1,0.0255,0,Normal
2020-01-05 07:57:00,28.25,37.75,1414,38.8,162,5.745,9.5,0.0274,6285.6,0.026,0,Normal
2020-01-05 07:58:00,28.15,37.65,1390,57.4,164,8.355,9.5,0.0413,9413.6,0.0263,0,Normal
2020-01-05 07:59:00,28.05,37.55,1644,31.6,166,5.44,9.5,0.0192,5245.6,0.0266,0,Normal
2020-01-05 08:00:00,28.05,37.55,1394,42.8,168,6.248,9.5,0.0307,7190.4,0.0269,0,Normal
2020-01-05 08:01:00,27.95,37.35,1324,52.4,171,7.265,9.4,0.0396,8960.4,0.0274,0,Normal
2020-01-05 08:02:00,27.85,37.25,1476,43.6,173,6.739,9.4,0.0295,7542.8,0.0277,0,Normal
2020-01-05 08:03:00,27.85,37.25,2204,16.6,175,3.831,9.4,0.0075,2905.0,0.028,0,Normal
2020-01-05 08:04:00,27.85,37.25,1665,30.9,177,5.388,9.4,0.0186,5469.3,0.0283,0,Normal
2020-01-05 08:05:00,27.75,37.25,1445,41.7,180,6.31,9.5,0.0289,7506.0,0.0288,0,Normal
2020-01-05 08:06:00,27.65,37.15,1457,46.8,182,7.141,9.5,0.0321,8517.6,0.0291,0,Normal
2020-01-05 08:07:00,27.65,37.05,1492,46.3,187,7.234,9.4,0.031,8658.1,0.0299,0,Normal
2020-01-05 08:08:00,27.65,36.95,1405,61.2,189,9.004,9.3,0.0436,11566.8,0.0302,1,Power_Failure
2020-01-05 08:09:00,27.55,36.95,1542,35.5,191,5.732,9.4,0.023,6780.5,0.0306,0,Normal
2020-01-05 08:10:00,27.65,37.05,1520,37.7,193,6.001,9.4,0.0248,7276.1,0.0309,0,Normal
2020-01-05 08:11:00,27.65,37.05,1598,36.5,195,6.108,9.4,0.0228,7117.5,0.0312,0,Normal
2020-01-05 08:12:00,27.65,37.15,1538,36.1,198,5.814,9.5,0.0235,7147.8,0.0317,0,Normal
2020-01-05 08:13:00,27.75,37.25,1615,30.9,200,5.226,9.5,0.0191,6180.0,0.032,0,Normal
2020-01-05 08:14:00,27.85,37.35,1408,47.0,202,6.93,9.5,0.0334,9494.0,0.0323,0,Normal
2020-01-05 08:15:00,27.85,37.35,1379,57.3,204,8.275,9.5,0.0416,11689.2,0.0326,1,Overstrain_Failure
2020-01-05 08:16:00,27.85,37.45,1493,37.8,206,5.91,9.6,0.0253,7786.8,0.0329,1,Tool_Wear_Failure
2020-01-05 08:17:00,27.95,37.55,1376,49.1,0,7.075,9.6,0.0357,0.0,0.0,0,Normal
2020-01-05 08:18:00,27.95,37.55,1583,40.7,2,6.747,9.6,0.0257,81.4,0.0003,0,Normal
2020-01-05 08:19:00,28.05,37.65,1396,47.4,5,6.929,9.6,0.034,237.0,0.0008,0,Normal
2020-01-05 08:20:00,27.95,37.55,1436,45.3,8,6.812,9.6,0.0315,362.4,0.0013,0,Normal
2020-01-05 08:21:00,27.95,37.45,1417,47.6,10,7.063,9.5,0.0336,476.0,0.0016,0,Normal
2020-01-05 08:22:00,27.85,37.45,1641,33.4,12,5.74,9.6,0.0204,400.8,0.0019,0,Normal
2020-01-05 08:23:00,27.85,37.45,1698,27.3,14,4.854,9.6,0.0161,382.2,0.0022,0,Normal
2020-01-05 08:24:00,27.75,37.25,1541,39.1,17,6.31,9.5,0.0254,664.7,0.0027,0,Normal
2020-01-05 08:25:00,27.65,37.15,1383,46.6,19,6.749,9.5,0.0337,885.4,0.003,0,Normal
2020-01-05 08:26:00,27.65,37.25,1368,46.8,21,6.704,9.6,0.0342,982.8,0.0034,0,Normal
2020-01-05 08:27:00,27.65,37.25,1570,35.2,23,5.787,9.6,0.0224,809.6,0.0037,0,Normal
2020-01-05 08:28:00,27.75,37.35,1616,33.5,25,5.669,9.6,0.0207,837.5,0.004,0,Normal
2020-01-05 08:29:00,27.75,37.35,1444,43.2,27,6.533,9.6,0.0299,1166.4,0.0043,0,Normal
2020-01-05 08:30:00,27.75,37.25,2021,18.8,30,3.979,9.5,0.0093,564.0,0.0048,0,Normal
2020-01-05 08:31:00,27.75,37.35,1702,29.3,32,5.222,9.6,0.0172,937.6,0.0051,0,Normal
2020-01-05 08:32:00,27.95,37.45,1429,52.7,35,7.886,9.5,0.0369,1844.5,0.0056,0,Normal
2020-01-05 08:33:00,28.05,37.65,1711,28.9,38,5.178,9.6,0.0169,1098.2,0.0061,0,Normal
2020-01-05 08:34:00,28.05,37.55,1543,32.9,40,5.316,9.5,0.0213,1316.0,0.0064,0,Normal
2020-01-05 08:35:00,28.15,37.65,1628,32.2,43,5.49,9.5,0.0198,1384.6,0.0069,0,Normal
2020-01-05 08:36:00,28.05,37.65,1233,64.6,45,8.341,9.6,0.0524,2907.0,0.0072,0,Normal
2020-01-05 08:37:00,28.05,37.65,1461,40.6,47,6.212,9.6,0.0278,1908.2,0.0075,0,Normal
2020-01-05 08:38:00,28.05,37.55,1568,38.3,49,6.289,9.5,0.0244,1876.7,0.0078,0,Normal
2020-01-05 08:39:00,28.15,37.65,1432,54.4,51,8.158,9.5,0.038,2774.4,0.0081,0,Normal
2020-01-05 08:40:00,28.05,37.55,1527,41.1,53,6.572,9.5,0.0269,2178.3,0.0084,0,Normal
2020-01-05 08:41:00,28.15,37.65,1455,41.2,56,6.278,9.5,0.0283,2307.2,0.0089,0,Normal
2020-01-05 08:42:00,28.15,37.65,1418,45.4,59,6.742,9.5,0.032,2678.6,0.0094,0,Normal
2020-01-05 08:43:00,28.15,37.65,1719,29.5,62,5.31,9.5,0.0172,1829.0,0.0099,0,Normal
2020-01-05 08:44:00,28.05,37.65,1734,31.3,64,5.684,9.6,0.0181,2003.2,0.0102,0,Normal
2020-01-05 08:45:00,28.05,37.55,1426,46.1,67,6.884,9.5,0.0323,3088.7,0.0107,0,Normal
2020-01-05 08:46:00,27.95,37.45,1611,35.2,70,5.938,9.5,0.0218,2464.0,0.0111,0,Normal
2020-01-05 08:47:00,27.95,37.45,1479,41.1,72,6.366,9.5,0.0278,2959.2,0.0115,0,Normal
2020-01-05 08:48:00,27.85,37.35,1317,50.9,75,7.02,9.5,0.0386,3817.5,0.0119,0,Normal
2020-01-05 08:49:00,27.85,37.35,1248,61.4,77,8.024,9.5,0.0492,4727.8,0.0122,0,Normal
2020-01-05 08:50:00,27.85,37.35,1932,21.7,79,4.39,9.5,0.0112,1714.3,0.0126,0,Normal
2020-01-05 08:51:00,27.95,37.35,1547,35.8,81,5.8,9.4,0.0231,2899.8,0.0129,0,Normal
2020-01-05 08:52:00,27.85,37.25,1614,31.6,84,5.341,9.4,0.0196,2654.4,0.0133,0,Normal
2020-01-05 08:53:00,27.85,37.25,1512,44.9,86,7.109,9.4,0.0297,3861.4,0.0137,0,Normal
2020-01-05 08:54:00,27.95,37.35,1529,38.7,91,6.197,9.4,0.0253,3521.7,0.0145,0,Normal
2020-01-05 08:55:00,27.95,37.45,1782,24.9,93,4.647,9.5,0.014,2315.7,0.0148,0,Normal
2020-01-05 08:56:00,27.85,37.35,1429,39.4,98,5.896,9.5,0.0276,3861.2,0.0156,0,Normal
2020-01-05 08:57:00,27.95,37.35,1309,60.7,100,8.321,9.4,0.0464,6070.0,0.0159,0,Normal
2020-01-05 08:58:00,27.95,37.35,1428,44.1,103,6.595,9.4,0.0309,4542.3,0.0164,0,Normal
2020-01-05 08:59:00,28.05,37.45,1385,49.2,105,7.136,9.4,0.0355,5166.0,0.0167,0,Normal
2020-01-05 09:00:00,28.05,37.55,1517,39.4,107,6.259,9.5,0.026,4215.8,0.017,0,Normal
2020-01-05 09:01:00,28.05,37.45,1576,39.6,109,6.536,9.4,0.0251,4316.4,0.0173,0,Normal
2020-01-05 09:02:00,28.05,37.45,1437,51.2,112,7.705,9.4,0.0356,5734.4,0.0178,0,Normal
2020-01-05 09:03:00,28.05,37.45,1457,50.5,114,7.705,9.4,0.0347,5757.0,0.0181,0,Normal
2020-01-05 09:04:00,27.95,37.35,1532,37.5,119,6.016,9.4,0.0245,4462.5,0.0189,0,Normal
2020-01-05 09:05:00,27.95,37.35,1603,32.6,121,5.472,9.4,0.0203,3944.6,0.0192,0,Normal
2020-01-05 09:06:00,27.85,37.25,1563,34.4,124,5.63,9.4,0.022,4265.6,0.0197,0,Normal
2020-01-05 09:07:00,27.85,37.15,1617,34.5,126,5.842,9.3,0.0213,4347.0,0.02,0,Normal
2020-01-05 09:08:00,27.65,36.95,1686,26.9,128,4.749,9.3,0.016,3443.2,0.0203,0,Normal
2020-01-05 09:09:00,27.75,37.05,1382,50.4,131,7.294,9.3,0.0365,6602.4,0.0208,0,Normal
2020-01-05 09:10:00,27.75,36.95,2090,17.8,133,3.896,9.2,0.0085,2367.4,0.0211,0,Normal
2020-01-05 09:11:00,27.75,37.15,1446,44.5,135,6.738,9.4,0.0308,6007.5,0.0214,0,Normal
2020-01-05 09:12:00,27.75,37.05,1533,38.1,137,6.116,9.3,0.0249,5219.7,0.0217,0,Normal
2020-01-05 09:13:00,27.75,37.15,1440,47.6,140,7.178,9.4,0.0331,6664.0,0.0222,0,Normal
2020-01-05 09:14:00,27.85,37.25,1793,25.0,142,4.694,9.4,0.0139,3550.0,0.0225,0,Normal
2020-01-05 09:15:00,27.85,37.25,1517,46.1,145,7.323,9.4,0.0304,6684.5,0.023,0,Normal
2020-01-05 09:16:00,27.75,37.25,1544,36.0,148,5.821,9.5,0.0233,5328.0,0.0234,0,Normal
2020-01-05 09:17:00,27.75,37.15,1321,48.8,150,6.751,9.4,0.0369,7320.0,0.0237,0,Normal
2020-01-05 09:18:00,27.75,37.15,1416,50.9,152,7.548,9.4,0.0359,7736.8,0.0241,0,Normal
2020-01-05 09:19:00,27.65,37.05,1514,40.0,155,6.342,9.4,0.0264,6200.0,0.0245,0,Normal
2020-01-05 09:20:00,27.65,37.05,1304,52.5,157,7.169,9.4,0.0403,8242.5,0.0248,0,Normal
2020-01-05 09:21:00,27.55,37.05,1286,64.9,160,8.74,9.5,0.0505,10384.0,0.0253,0,Normal
2020-01-05 09:22:00,27.55,36.95,1483,40.2,162,6.243,9.4,0.0271,6512.4,0.0256,0,Normal
2020-01-05 09:23:00,27.55,36.95,1351,46.9,165,6.635,9.4,0.0347,7738.5,0.0261,0,Normal
2020-01-05 09:24:00,27.55,36.95,1367,52.6,167,7.53,9.4,0.0385,8784.2,0.0264,0,Normal
2020-01-05 09:25:00,27.55,36.95,1721,32.3,170,5.821,9.4,0.0188,5491.0,0.0269,0,Normal
2020-01-05 09:26:00,27.45,36.85,1455,40.4,172,6.156,9.4,0.0278,6948.8,0.0272,0,Normal
2020-01-05 09:27:00,27.45,36.85,1425,49.5,174,7.387,9.4,0.0347,8613.0,0.0275,0,Normal
2020-01-05 09:28:00,27.55,36.85,1672,29.7,176,5.2,9.3,0.0178,5227.2,0.0278,0,Normal
2020-01-05 09:29:00,27.55,36.85,1641,34.6,178,5.946,9.3,0.0211,6158.8,0.0281,0,Normal
2020-01-05 09:30:00,27.35,36.85,1580,37.0,181,6.122,9.5,0.0234,6697.0,0.0286,0,Normal
2020-01-05 09:31:00,27.35,36.85,1495,47.4,184,7.421,9.5,0.0317,8721.6,0.0291,0,Normal
2020-01-05 09:32:00,27.35,36.75,1994,19.8,189,4.134,9.4,0.0099,3742.2,0.0298,0,Normal
2020-01-05 09:33:00,27.25,36.75,1415,31.8,192,4.712,9.5,0.0225,6105.6,0.0303,0,Normal
2020-01-05 09:34:00,27.25,36.65,1725,30.4,195,5.492,9.4,0.0176,5928.0,0.0308,0,Normal
2020-01-05 09:35:00,27.25,36.65,1430,43.4,198,6.499,9.4,0.0303,8593.2,0.0312,0,Normal
2020-01-05 09:36:00,27.25,36.65,1395,48.1,201,7.027,9.4,0.0345,9668.1,0.0317,0,Normal
2020-01-05 09:37:00,27.25,36.65,1435,43.6,203,6.552,9.4,0.0304,8850.8,0.032,0,Normal
2020-01-05 09:38:00,27.25,36.75,1681,28.6,206,5.035,9.5,0.017,5891.6,0.0325,0,Normal
2020-01-05 09:39:00,27.35,36.85,1451,48.6,208,7.385,9.5,0.0335,10108.8,0.0328,0,Normal
2020-01-05 09:40:00,27.35,36.75,1397,45.9,210,6.715,9.4,0.0329,9639.0,0.0331,1,Tool_Wear_Failure
2020-01-05 09:41:00,27.25,36.65,1421,47.2,0,7.024,9.4,0.0332,0.0,0.0,0,Normal
2020-01-05 09:42:00,27.15,36.65,1444,42.0,3,6.351,9.5,0.0291,126.0,0.0005,0,Normal
2020-01-05 09:43:00,27.05,36.65,1827,23.0,6,4.4,9.6,0.0126,138.0,0.0009,0,Normal
2020-01-05 09:44:00,27.05,36.65,1374,47.7,8,6.863,9.6,0.0347,381.6,0.0013,0,Normal
2020-01-05 09:45:00,27.05,36.65,1650,29.6,13,5.115,9.6,0.0179,384.8,0.002,0,Normal
2020-01-05 09:46:00,27.05,36.55,1275,60.7,15,8.105,9.5,0.0476,910.5,0.0024,0,Normal
2020-01-05 09:47:00,27.05,36.55,1421,44.6,17,6.637,9.5,0.0314,758.2,0.0027,0,Normal
2020-01-05 09:48:00,27.05,36.65,1557,33.8,19,5.511,9.6,0.0217,642.2,0.003,0,Normal
2020-01-05 09:49:00,26.95,36.65,1506,35.2,21,5.551,9.7,0.0234,739.2,0.0033,0,Normal
2020-01-05 09:50:00,26.95,36.55,1362,49.1,23,7.003,9.6,0.036,1129.3,0.0036,0,Normal
2020-01-05 09:51:00,26.85,36.55,1542,47.1,25,7.606,9.7,0.0305,1177.5,0.0039,0,Normal
2020-01-05 09:52:00,26.85,36.45,1496,38.8,27,6.078,9.6,0.0259,1047.6,0.0042,0,Normal
2020-01-05 09:53:00,26.85,36.45,1491,42.0,29,6.558,9.6,0.0282,1218.0,0.0046,0,Normal
2020-01-05 09:54:00,26.95,36.45,1565,34.8,32,5.703,9.5,0.0222,1113.6,0.005,0,Normal
2020-01-05 09:55:00,26.95,36.55,1481,37.9,34,5.878,9.6,0.0256,1288.6,0.0053,0,Normal
2020-01-05 09:56:00,26.95,36.55,1420,48.4,36,7.197,9.6,0.0341,1742.4,0.0057,0,Normal
2020-01-05 09:57:00,27.05,36.65,1398,54.8,39,8.023,9.6,0.0392,2137.2,0.0061,0,Normal
2020-01-05 09:58:00,27.05,36.65,1466,45.7,41,7.016,9.6,0.0312,1873.7,0.0064,0,Normal
2020-01-05 09:59:00,26.95,36.65,1430,56.7,44,8.491,9.7,0.0397,2494.8,0.0069,0,Normal
2020-01-05 10:00:00,26.95,36.55,1441,40.1,46,6.051,9.6,0.0278,1844.6,0.0072,0,Normal
2020-01-05 10:01:00,26.95,36.55,1348,57.3,48,8.089,9.6,0.0425,2750.4,0.0075,0,Normal
2020-01-05 10:02:00,26.85,36.45,1738,28.7,51,5.223,9.6,0.0165,1463.7,0.008,0,Normal
2020-01-05 10:03:00,26.85,36.45,1618,36.2,53,6.134,9.6,0.0224,1918.6,0.0083,0,Normal
2020-01-05 10:04:00,26.75,36.45,1489,41.7,56,6.502,9.7,0.028,2335.2,0.0088,0,Normal
2020-01-05 10:05:00,26.75,36.35,1412,57.9,59,8.561,9.6,0.041,3416.1,0.0093,0,Normal
2020-01-05 10:06:00,26.75,36.35,2065,18.1,62,3.914,9.6,0.0088,1122.2,0.0097,0,Normal
2020-01-05 10:07:00,26.85,36.45,1571,33.1,65,5.445,9.6,0.0211,2151.5,0.0102,0,Normal
2020-01-05 10:08:00,26.85,36.45,1423,48.7,67,7.257,9.6,0.0342,3262.9,0.0105,0,Normal
2020-01-05 10:09:00,26.85,36.35,1781,24.9,70,4.644,9.5,0.014,1743.0,0.011,0,Normal
2020-01-05 10:10:00,26.95,36.45,1321,46.9,75,6.488,9.5,0.0355,3517.5,0.0118,0,Normal
2020-01-05 10:11:00,26.95,36.45,1546,36.7,77,5.942,9.5,0.0237,2825.9,0.0121,0,Normal
2020-01-05 10:12:00,26.85,36.35,1879,22.4,79,4.408,9.5,0.0119,1769.6,0.0124,0,Normal
2020-01-05 10:13:00,26.85,36.35,1735,28.9,82,5.251,9.5,0.0167,2369.8,0.0129,0,Normal
2020-01-05 10:14:00,26.85,36.35,1506,38.8,87,6.119,9.5,0.0258,3375.6,0.0136,0,Normal
2020-01-05 10:15:00,26.85,36.45,1629,32.3,89,5.51,9.6,0.0198,2874.7,0.014,0,Normal
2020-01-05 10:16:00,26.85,36.45,1694,28.7,94,5.091,9.6,0.0169,2697.8,0.0147,0,Normal
2020-01-05 10:17:00,26.95,36.45,1541,37.0,96,5.971,9.5,0.024,3552.0,0.0151,0,Normal
2020-01-05 10:18:00,26.85,36.45,1514,44.6,98,7.071,9.6,0.0295,4370.8,0.0154,0,Normal
2020-01-05 10:19:00,26.95,36.55,1485,45.9,100,7.138,9.6,0.0309,4590.0,0.0157,0,Normal
2020-01-05 10:20:00,27.05,36.65,1430,55.0,102,8.236,9.6,0.0385,5610.0,0.016,0,Normal
2020-01-05 10:21:00,27.05,36.55,1771,27.1,104,5.026,9.5,0.0153,2818.4,0.0163,0,Normal
2020-01-05 10:22:00,27.05,36.65,1481,41.9,106,6.498,9.6,0.0283,4441.4,0.0166,0,Normal
2020-01-05 10:23:00,27.05,36.55,1483,43.8,108,6.802,9.5,0.0295,4730.4,0.0169,0,Normal
2020-01-05 10:24:00,26.95,36.45,1463,45.1,113,6.91,9.5,0.0308,5096.3,0.0177,0,Normal
2020-01-05 10:25:00,26.95,36.55,1410,48.3,118,7.132,9.6,0.0343,5699.4,0.0185,0,Normal
2020-01-05 10:26:00,27.05,36.55,1656,34.3,120,5.948,9.5,0.0207,4116.0,0.0188,0,Normal
2020-01-05 10:27:00,27.05,36.65,1487,39.2,122,6.104,9.6,0.0264,4782.4,0.0191,0,Normal
2020-01-05 10:28:00,27.15,36.75,1509,46.6,125,7.364,9.6,0.0309,5825.0,0.0196,0,Normal
2020-01-05 10:29:00,27.15,36.75,1677,30.1,130,5.286,9.6,0.0179,3913.0,0.0203,0,Normal
2020-01-05 10:30:00,27.15,36.65,1450,55.0,135,8.351,9.5,0.0379,7425.0,0.0211,0,Normal
2020-01-05 10:31:00,27.05,36.55,1413,43.0,137,6.363,9.5,0.0304,5891.0,0.0214,0,Normal
2020-01-05 10:32:00,26.95,36.55,1680,33.8,140,5.946,9.6,0.0201,4732.0,0.0219,0,Normal
2020-01-05 10:33:00,27.05,36.55,1678,30.5,142,5.359,9.5,0.0182,4331.0,0.0222,0,Normal
2020-01-05 10:34:00,27.05,36.55,1408,44.0,144,6.488,9.5,0.0312,6336.0,0.0225,0,Normal
2020-01-05 10:35:00,26.95,36.45,1376,52.1,147,7.507,9.5,0.0379,7658.7,0.023,0,Normal
2020-01-05 10:36:00,26.85,36.45,1526,46.4,150,7.415,9.6,0.0304,6960.0,0.0234,0,Normal
2020-01-05 10:37:00,26.85,36.45,1587,32.6,152,5.418,9.6,0.0205,4955.2,0.0238,0,Normal
2020-01-05 10:38:00,26.95,36.55,1351,58.2,155,8.234,9.6,0.0431,9021.0,0.0242,0,Normal
2020-01-05 10:39:00,26.95,36.45,1501,38.0,157,5.973,9.5,0.0253,5966.0,0.0245,0,Normal
2020-01-05 10:40:00,26.95,36.55,1601,35.8,160,6.002,9.6,0.0224,5728.0,0.025,0,Normal
2020-01-05 10:41:00,26.85,36.45,1573,39.7,162,6.54,9.6,0.0252,6431.4,0.0253,0,Normal
2020-01-05 10:42:00,26.95,36.45,1584,36.7,165,6.088,9.5,0.0232,6055.5,0.0258,0,Normal
2020-01-05 10:43:00,26.95,36.45,1649,33.6,168,5.802,9.5,0.0204,5644.8,0.0262,0,Normal
2020-01-05 10:44:00,27.05,36.55,1183,61.4,170,7.606,9.5,0.0519,10438.0,0.0265,0,Normal
2020-01-05 10:45:00,26.95,36.55,2151,17.5,173,3.942,9.6,0.0081,3027.5,0.027,0,Normal
2020-01-05 10:46:00,27.05,36.65,1526,45.6,175,7.287,9.6,0.0299,7980.0,0.0273,0,Normal
2020-01-05 10:47:00,27.15,36.75,1611,29.0,177,4.892,9.6,0.018,5133.0,0.0276,0,Normal
2020-01-05 10:48:00,27.15,36.75,1601,31.7,180,5.315,9.6,0.0198,5706.0,0.0281,0,Normal
2020-01-05 10:49:00,27.15,36.85,1560,40.8,182,6.665,9.7,0.0262,7425.6,0.0284,0,Normal
2020-01-05 10:50:00,27.25,36.95,1544,41.9,184,6.775,9.7,0.0271,7709.6,0.0287,0,Normal
2020-01-05 10:51:00,27.25,36.85,1560,42.3,186,6.91,9.6,0.0271,7867.8,0.029,0,Normal
2020-01-05 10:52:00,27.25,36.85,1423,44.2,189,6.587,9.6,0.0311,8353.8,0.0295,0,Normal
2020-01-05 10:53:00,27.25,36.95,1614,33.5,191,5.662,9.7,0.0208,6398.5,0.0298,0,Normal
2020-01-05 10:54:00,27.25,36.95,1457,35.1,193,5.355,9.7,0.0241,6774.3,0.0301,0,Normal
2020-01-05 10:55:00,27.25,36.95,1503,42.2,196,6.642,9.7,0.0281,8271.2,0.0305,0,Normal
2020-01-05 10:56:00,27.25,36.95,1484,38.0,198,5.905,9.7,0.0256,7524.0,0.0309,0,Normal
2020-01-05 10:57:00,27.15,36.75,1540,39.9,203,6.435,9.6,0.0259,8099.7,0.0316,0,Normal
2020-01-05 10:58:00,27.15,36.75,1405,52.1,205,7.666,9.6,0.0371,10680.5,0.0319,0,Normal
2020-01-05 10:59:00,27.15,36.75,1394,46.7,210,6.817,9.6,0.0335,9807.0,0.0327,1,Tool_Wear_Failure
2020-01-05 11:00:00,27.15,36.75,1518,36.4,0,5.786,9.6,0.024,0.0,0.0,0,Normal
2020-01-05 11:01:00,27.15,36.75,1527,41.4,2,6.62,9.6,0.0271,82.8,0.0003,0,Normal
2020-01-05 11:02:00,27.15,36.75,1377,55.3,4,7.974,9.6,0.0402,221.2,0.0006,0,Normal
2020-01-05 11:03:00,27.15,36.85,1537,37.5,6,6.036,9.7,0.0244,225.0,0.0009,0,Normal
2020-01-05 11:04:00,27.15,36.85,1409,43.2,9,6.374,9.7,0.0307,388.8,0.0014,0,Normal
2020-01-05 11:05:00,27.15,36.75,1393,56.1,12,8.184,9.6,0.0403,673.2,0.0019,0,Normal
2020-01-05 11:06:00,27.05,36.55,1448,36.8,14,5.58,9.5,0.0254,515.2,0.0022,0,Normal
2020-01-05 11:07:00,27.05,36.65,1418,49.3,16,7.321,9.6,0.0348,788.8,0.0025,0,Normal
2020-01-05 11:08:00,27.05,36.65,1743,24.1,18,4.399,9.6,0.0138,433.8,0.0028,0,Normal
2020-01-05 11:09:00,27.05,36.65,1394,47.4,21,6.919,9.6,0.034,995.4,0.0033,0,Normal
2020-01-05 11:10:00,27.15,36.65,1523,39.2,24,6.252,9.5,0.0257,940.8,0.0037,0,Normal
2020-01-05 11:11:00,27.05,36.65,1353,59.4,26,8.416,9.6,0.0439,1544.4,0.004,0,Normal
2020-01-05 11:12:00,27.15,36.75,1447,46.5,28,7.046,9.6,0.0321,1302.0,0.0044,0,Normal
2020-01-05 11:13:00,27.15,36.75,1570,34.0,31,5.59,9.6,0.0217,1054.0,0.0048,0,Normal
2020-01-05 11:14:00,27.15,36.75,1494,38.5,33,6.023,9.6,0.0258,1270.5,0.0051,0,Normal
2020-01-05 11:15:00,27.15,36.75,1621,34.1,36,5.788,9.6,0.021,1227.6,0.0056,0,Normal
2020-01-05 11:16:00,27.25,36.85,1769,26.1,38,4.835,9.6,0.0148,991.8,0.0059,0,Normal
2020-01-05 11:17:00,27.25,36.85,1282,66.1,40,8.874,9.6,0.0516,2644.0,0.0062,0,Normal
2020-01-05 11:18:00,27.25,36.85,1581,30.3,42,5.017,9.6,0.0192,1272.6,0.0065,0,Normal
2020-01-05 11:19:00,27.45,36.95,1656,32.7,44,5.671,9.5,0.0197,1438.8,0.0068,0,Normal
2020-01-05 11:20:00,27.45,37.05,1648,31.7,46,5.471,9.6,0.0192,1458.2,0.0071,0,Normal
2020-01-05 11:21:00,27.55,37.05,1639,31.4,48,5.389,9.5,0.0192,1507.2,0.0075,0,Normal
2020-01-05 11:22:00,27.55,37.05,1348,54.8,50,7.736,9.5,0.0407,2740.0,0.0078,0,Normal
2020-01-05 11:23:00,27.65,37.15,1537,33.3,52,5.36,9.5,0.0217,1731.6,0.0081,0,Normal
2020-01-05 11:24:00,27.65,37.15,1270,61.0,54,8.113,9.5,0.048,3294.0,0.0084,0,Normal
2020-01-05 11:25:00,27.55,37.15,1662,34.4,57,5.987,9.6,0.0207,1960.8,0.0088,0,Normal
2020-01-05 11:26:00,27.55,37.15,1471,40.2,59,6.193,9.6,0.0273,2371.8,0.0092,0,Normal
2020-01-05 11:27:00,27.45,36.95,1337,45.8,62,6.412,9.5,0.0343,2839.6,0.0096,0,Normal
2020-01-05 11:28:00,27.55,37.05,1877,24.8,64,4.875,9.5,0.0132,1587.2,0.0099,0,Normal
2020-01-05 11:29:00,27.45,37.05,1519,44.6,69,7.094,9.6,0.0294,3077.4,0.0107,0,Normal
2020-01-05 11:30:00,27.45,37.05,1378,47.3,71,6.826,9.6,0.0343,3358.3,0.011,0,Normal
2020-01-05 11:31:00,27.55,37.05,1696,27.5,73,4.884,9.5,0.0162,2007.5,0.0113,0,Normal
2020-01-05 11:32:00,27.55,36.95,1376,50.8,75,7.32,9.4,0.0369,3810.0,0.0116,0,Normal
2020-01-05 11:33:00,27.55,37.05,1807,24.2,77,4.579,9.5,0.0134,1863.4,0.0119,0,Normal
2020-01-05 11:34:00,27.55,36.95,1598,32.8,79,5.489,9.4,0.0205,2591.2,0.0122,0,Normal
2020-01-05 11:35:00,27.55,36.95,1565,40.2,81,6.588,9.4,0.0257,3256.2,0.0125,0,Normal
2020-01-05 11:36:00,27.55,37.05,1387,50.6,83,7.349,9.5,0.0365,4199.8,0.0129,0,Normal
2020-01-05 11:37:00,27.55,36.85,1395,48.0,85,7.012,9.3,0.0344,4080.0,0.0132,0,Normal
2020-01-05 11:38:00,27.45,36.85,1302,62.9,87,8.576,9.4,0.0483,5472.3,0.0135,0,Normal
2020-01-05 11:39:00,27.45,36.85,1397,55.2,90,8.075,9.4,0.0395,4968.0,0.0139,0,Normal
2020-01-05 11:40:00,27.45,36.85,1313,52.9,93,7.274,9.4,0.0403,4919.7,0.0144,0,Normal
2020-01-05 11:41:00,27.45,36.85,1505,35.9,95,5.658,9.4,0.0239,3410.5,0.0147,0,Normal
2020-01-05 11:42:00,27.45,36.85,1483,44.0,97,6.833,9.4,0.0297,4268.0,0.015,0,Normal
2020-01-05 11:43:00,27.35,36.85,1358,60.4,102,8.589,9.5,0.0445,6160.8,0.0158,0,Normal
2020-01-05 11:44:00,27.35,36.75,1735,27.0,107,4.906,9.4,0.0156,2889.0,0.0166,0,Normal
2020-01-05 11:45:00,27.35,36.65,1416,48.5,110,7.192,9.3,0.0343,5335.0,0.017,0,Normal
2020-01-05 11:46:00,27.25,36.55,1740,31.1,113,5.667,9.3,0.0179,3514.3,0.0175,0,Normal
2020-01-05 11:47:00,27.25,36.55,1692,27.4,115,4.855,9.3,0.0162,3151.0,0.0178,0,Normal
2020-01-05 11:48:00,27.35,36.65,1507,42.5,117,6.707,9.3,0.0282,4972.5,0.0181,0,Normal
2020-01-05 11:49:00,27.25,36.45,1521,35.0,119,5.575,9.2,0.023,4165.0,0.0184,0,Normal
2020-01-05 11:50:00,27.25,36.45,1379,54.5,122,7.87,9.2,0.0395,6649.0,0.0189,0,Normal
2020-01-05 11:51:00,27.25,36.45,1523,38.5,124,6.14,9.2,0.0253,4774.0,0.0192,0,Normal
2020-01-05 11:52:00,27.25,36.45,1571,33.6,126,5.528,9.2,0.0214,4233.6,0.0195,0,Normal
2020-01-05 11:53:00,27.25,36.35,1547,50.7,131,8.213,9.1,0.0328,6641.7,0.0202,0,Normal
2020-01-05 11:54:00,27.35,36.55,1347,54.3,136,7.659,9.2,0.0403,7384.8,0.021,0,Normal
2020-01-05 11:55:00,27.35,36.55,1560,30.2,139,4.934,9.2,0.0194,4197.8,0.0215,0,Normal
2020-01-05 11:56:00,27.35,36.55,1384,48.6,141,7.044,9.2,0.0351,6852.6,0.0218,0,Normal
2020-01-05 11:57:00,27.35,36.55,1841,24.6,143,4.743,9.2,0.0134,3517.8,0.0221,0,Normal
2020-01-05 11:58:00,27.35,36.65,1663,29.1,145,5.068,9.3,0.0175,4219.5,0.0224,1,Random_Failure
2020-01-05 11:59:00,27.45,36.65,1418,42.7,147,6.341,9.2,0.0301,6276.9,0.0227,0,Normal
2020-01-05 12:00:00,27.55,36.75,1775,26.6,149,4.944,9.2,0.015,3963.4,0.023,0,Normal
2020-01-05 12:01:00,27.55,36.65,1406,48.4,151,7.126,9.1,0.0344,7308.4,0.0233,0,Normal
2020-01-05 12:02:00,27.45,36.75,1480,43.7,153,6.773,9.3,0.0295,6686.1,0.0236,0,Normal
2020-01-05 12:03:00,27.55,36.75,1412,45.3,155,6.698,9.2,0.0321,7021.5,0.0239,0,Normal
2020-01-05 12:04:00,27.45,36.65,1913,22.5,157,4.507,9.2,0.0118,3532.5,0.0242,0,Normal
2020-01-05 12:05:00,27.45,36.65,1629,37.6,162,6.414,9.2,0.0231,6091.2,0.025,0,Normal
2020-01-05 12:06:00,27.35,36.65,1939,21.4,164,4.345,9.3,0.011,3509.6,0.0253,0,Normal
2020-01-05 12:07:00,27.45,36.65,1541,36.2,166,5.842,9.2,0.0235,6009.2,0.0256,0,Normal
2020-01-05 12:08:00,27.55,36.65,1330,54.4,171,7.577,9.1,0.0409,9302.4,0.0264,0,Normal
2020-01-05 12:09:00,27.55,36.65,1490,38.8,173,6.054,9.1,0.026,6712.4,0.0267,0,Normal
2020-01-05 12:10:00,27.55,36.75,1383,44.5,176,6.445,9.2,0.0322,7832.0,0.0271,0,Normal
2020-01-05 12:11:00,27.65,36.85,1468,52.7,178,8.101,9.2,0.0359,9380.6,0.0274,0,Normal
2020-01-05 12:12:00,27.65,36.75,1444,46.0,180,6.956,9.1,0.0319,8280.0,0.0277,0,Normal
2020-01-05 12:13:00,27.55,36.65,1363,53.1,183,7.579,9.1,0.039,9717.3,0.0282,0,Normal
2020-01-05 12:14:00,27.45,36.55,1617,33.2,185,5.622,9.1,0.0205,6142.0,0.0285,0,Normal
2020-01-05 12:15:00,27.45,36.65,1694,31.1,187,5.517,9.2,0.0184,5815.7,0.0288,0,Normal
2020-01-05 12:16:00,27.55,36.75,1815,27.0,190,5.132,9.2,0.0149,5130.0,0.0292,0,Normal
2020-01-05 12:17:00,27.65,36.75,1312,65.3,192,8.972,9.1,0.0498,12537.6,0.0295,1,Overstrain_Failure
2020-01-05 12:18:00,27.65,36.75,2041,19.2,194,4.104,9.1,0.0094,3724.8,0.0299,0,Normal
2020-01-05 12:19:00,27.75,36.85,1671,26.8,199,4.69,9.1,0.016,5333.2,0.0306,0,Normal
2020-01-05 12:20:00,27.75,36.85,1416,46.6,201,6.91,9.1,0.0329,9366.6,0.0309,0,Normal
2020-01-05 12:21:00,27.75,36.85,1600,36.0,204,6.032,9.1,0.0225,7344.0,0.0314,0,Normal
2020-01-05 12:22:00,27.75,36.85,2595,13.7,207,3.723,9.1,0.0053,2835.9,0.0318,0,Normal
2020-01-05 12:23:00,27.75,36.75,1465,42.9,209,6.581,9.0,0.0293,8966.1,0.0321,0,Normal
2020-01-05 12:24:00,27.85,36.95,1681,27.4,212,4.823,9.1,0.0163,5808.8,0.0326,0,Normal
2020-01-05 12:25:00,27.95,36.95,1457,39.6,215,6.042,9.0,0.0272,8514.0,0.033,0,Normal
2020-01-05 12:26:00,27.85,36.95,1454,44.1,217,6.715,9.1,0.0303,9569.7,0.0333,0,Normal
2020-01-05 12:27:00,27.85,36.95,1558,32.6,0,5.319,9.1,0.0209,0.0,0.0,0,Normal
2020-01-05 12:28:00,27.85,36.95,1756,30.7,2,5.645,9.1,0.0175,61.4,0.0003,0,Normal
2020-01-05 12:29:00,27.95,36.95,1564,36.8,7,6.027,9.0,0.0235,257.6,0.0011,0,Normal
2020-01-05 12:30:00,27.95,37.05,1455,55.3,9,8.426,9.1,0.038,497.7,0.0014,0,Normal
2020-01-05 12:31:00,28.05,36.95,2280,15.7,11,3.749,8.9,0.0069,172.7,0.0017,0,Normal
2020-01-05 12:32:00,27.95,36.85,1433,48.1,14,7.218,8.9,0.0336,673.4,0.0021,0,Normal
2020-01-05 12:33:00,27.95,36.85,1513,38.0,17,6.021,8.9,0.0251,646.0,0.0026,0,Normal
2020-01-05 12:34:00,27.85,36.75,1507,41.8,19,6.597,8.9,0.0277,794.2,0.0029,0,Normal
2020-01-05 12:35:00,27.85,36.85,1480,43.5,21,6.742,9.0,0.0294,913.5,0.0032,0,Normal
2020-01-05 12:36:00,27.95,36.85,1470,40.1,23,6.173,8.9,0.0273,922.3,0.0035,0,Normal
2020-01-05 12:37:00,27.95,36.95,1540,36.6,28,5.902,9.0,0.0238,1024.8,0.0043,0,Normal
2020-01-05 12:38:00,27.85,36.85,1212,67.9,30,8.618,9.0,0.056,2037.0,0.0046,0,Normal
2020-01-05 12:39:00,27.95,36.95,1417,46.9,35,6.959,9.0,0.0331,1641.5,0.0054,0,Normal
2020-01-05 12:40:00,28.05,36.95,1666,34.9,37,6.089,8.9,0.0209,1291.3,0.0057,0,Normal
2020-01-05 12:41:00,27.95,36.95,1666,27.2,40,4.745,9.0,0.0163,1088.0,0.0061,0,Normal
2020-01-05 12:42:00,27.95,36.95,1489,45.8,42,7.141,9.0,0.0308,1923.6,0.0064,0,Normal
2020-01-05 12:43:00,27.95,37.05,1850,27.7,44,5.366,9.1,0.015,1218.8,0.0067,0,Normal
2020-01-05 12:44:00,27.95,37.25,1874,24.8,47,4.867,9.3,0.0132,1165.6,0.0072,0,Normal
2020-01-05 12:45:00,27.95,37.25,1312,73.6,49,10.112,9.3,0.0561,3606.4,0.0075,1,Power_Failure
2020-01-05 12:46:00,28.05,37.25,1515,38.4,51,6.092,9.2,0.0253,1958.4,0.0078,0,Normal
2020-01-05 12:47:00,28.05,37.25,1516,44.4,53,7.049,9.2,0.0293,2353.2,0.0081,0,Normal
2020-01-05 12:48:00,28.05,37.35,1546,40.0,55,6.476,9.3,0.0259,2200.0,0.0084,0,Normal
2020-01-05 12:49:00,28.15,37.45,1481,40.9,57,6.343,9.3,0.0276,2331.3,0.0087,0,Normal
2020-01-05 12:50:00,28.15,37.45,1605,32.5,59,5.462,9.3,0.0202,1917.5,0.009,0,Normal
2020-01-05 12:51:00,28.05,37.55,1656,26.2,64,4.543,9.5,0.0158,1676.8,0.0098,0,Normal
2020-01-05 12:52:00,28.05,37.45,1352,52.0,69,7.362,9.4,0.0385,3588.0,0.0106,0,Normal
2020-01-05 12:53:00,28.15,37.55,1504,47.2,74,7.434,9.4,0.0314,3492.8,0.0113,0,Normal
2020-01-05 12:54:00,28.15,37.45,1436,44.2,76,6.647,9.3,0.0308,3359.2,0.0116,0,Normal
2020-01-05 12:55:00,28.05,37.35,1505,43.6,78,6.872,9.3,0.029,3400.8,0.0119,0,Normal
2020-01-05 12:56:00,28.15,37.35,1406,47.1,83,6.935,9.2,0.0335,3909.3,0.0127,0,Normal
2020-01-05 12:57:00,28.15,37.35,1481,39.7,85,6.157,9.2,0.0268,3374.5,0.013,0,Normal
2020-01-05 12:58:00,28.25,37.55,1487,44.6,88,6.945,9.3,0.03,3924.8,0.0135,0,Normal
2020-01-05 12:59:00,28.25,37.55,1436,54.1,90,8.135,9.3,0.0377,4869.0,0.0138,0,Normal
2020-01-05 13:00:00,28.25,37.55,1368,63.7,92,9.125,9.3,0.0466,5860.4,0.0141,1,Power_Failure
2020-01-05 13:01:00,28.25,37.55,1509,38.3,95,6.052,9.3,0.0254,3638.5,0.0145,0,Normal
2020-01-05 13:02:00,28.25,37.65,1543,36.9,97,5.962,9.4,0.0239,3579.3,0.0148,0,Normal
2020-01-05 13:03:00,28.25,37.65,1698,29.6,99,5.263,9.4,0.0174,2930.4,0.0151,0,Normal
2020-01-05 13:04:00,28.25,37.55,1470,46.5,101,7.158,9.3,0.0316,4696.5,0.0154,0,Normal
2020-01-05 13:05:00,28.25,37.65,1738,30.3,104,5.515,9.4,0.0174,3151.2,0.0159,0,Normal
2020-01-05 13:06:00,28.25,37.65,1530,39.9,107,6.393,9.4,0.0261,4269.3,0.0163,0,Normal
2020-01-05 13:07:00,28.25,37.65,1740,29.2,110,5.321,9.4,0.0168,3212.0,0.0168,0,Normal
2020-01-05 13:08:00,28.25,37.65,1770,24.1,112,4.467,9.4,0.0136,2699.2,0.0171,0,Normal
2020-01-05 13:09:00,28.15,37.45,1527,44.0,114,7.036,9.3,0.0288,5016.0,0.0174,0,Normal
2020-01-05 13:10:00,28.15,37.55,1516,46.0,119,7.303,9.4,0.0303,5474.0,0.0182,0,Normal
2020-01-05 13:11:00,28.25,37.55,1616,36.5,121,6.177,9.3,0.0226,4416.5,0.0185,0,Normal
2020-01-05 13:12:00,28.25,37.55,1786,26.1,123,4.881,9.3,0.0146,3210.3,0.0188,0,Normal
2020-01-05 13:13:00,28.25,37.65,1389,52.7,125,7.666,9.4,0.0379,6587.5,0.0191,0,Normal
2020-01-05 13:14:00,28.25,37.55,1639,29.8,127,5.115,9.3,0.0182,3784.6,0.0194,0,Normal
2020-01-05 13:15:00,28.35,37.55,1394,46.7,130,6.817,9.2,0.0335,6071.0,0.0198,0,Normal
2020-01-05 13:16:00,28.35,37.55,1686,27.9,135,4.926,9.2,0.0165,3766.5,0.0206,0,Normal
2020-01-05 13:17:00,28.35,37.45,1638,31.9,137,5.472,9.1,0.0195,4370.3,0.0209,0,Normal
2020-01-05 13:18:00,28.35,37.45,1447,41.9,140,6.349,9.1,0.029,5866.0,0.0213,0,Normal
2020-01-05 13:19:00,28.35,37.45,1512,39.0,143,6.175,9.1,0.0258,5577.0,0.0218,0,Normal
2020-01-05 13:20:00,28.45,37.65,1961,21.8,148,4.477,9.2,0.0111,3226.4,0.0226,0,Normal
2020-01-05 13:21:00,28.35,37.55,1596,35.4,150,5.916,9.2,0.0222,5310.0,0.0229,0,Normal
2020-01-05 13:22:00,28.35,37.55,1871,21.3,152,4.173,9.2,0.0114,3237.6,0.0232,0,Normal
2020-01-05 13:23:00,28.35,37.55,1942,20.5,155,4.169,9.2,0.0106,3177.5,0.0236,0,Normal
2020-01-05 13:24:00,28.25,37.45,1557,38.2,157,6.228,9.2,0.0245,5997.4,0.0239,0,Normal
2020-01-05 13:25:00,28.25,37.45,1550,36.8,159,5.973,9.2,0.0237,5851.2,0.0242,0,Normal
2020-01-05 13:26:00,28.15,37.45,1966,22.6,161,4.653,9.3,0.0115,3638.6,0.0245,0,Normal
2020-01-05 13:27:00,28.15,37.45,1499,36.1,163,5.667,9.3,0.0241,5884.3,0.0248,0,Normal
2020-01-05 13:28:00,28.15,37.45,1521,36.3,166,5.782,9.3,0.0239,6025.8,0.0253,0,Normal
2020-01-05 13:29:00,28.25,37.55,1375,42.0,168,6.048,9.3,0.0305,7056.0,0.0256,0,Normal
2020-01-05 13:30:00,28.25,37.45,1634,31.1,171,5.322,9.2,0.019,5318.1,0.026,0,Normal
2020-01-05 13:31:00,28.15,37.45,1378,49.4,173,7.129,9.3,0.0358,8546.2,0.0263,0,Normal
2020-01-05 13:32:00,28.25,37.55,1428,53.7,176,8.03,9.3,0.0376,9451.2,0.0268,0,Normal
2020-01-05 13:33:00,28.25,37.45,1855,25.3,178,4.915,9.2,0.0136,4503.4,0.0271,0,Normal
2020-01-05 13:34:00,28.25,37.45,1578,33.0,181,5.453,9.2,0.0209,5973.0,0.0275,0,Normal
2020-01-05 13:35:00,28.25,37.35,1451,45.3,183,6.883,9.1,0.0312,8289.9,0.0278,0,Normal
2020-01-05 13:36:00,28.35,37.35,1644,34.9,186,6.008,9.0,0.0212,6491.4,0.0283,0,Normal
2020-01-05 13:37:00,28.25,37.25,1388,45.3,188,6.584,9.0,0.0326,8516.4,0.0286,0,Normal
2020-01-05 13:38:00,28.25,37.25,1543,40.9,190,6.609,9.0,0.0265,7771.0,0.0289,0,Normal
2020-01-05 13:39:00,28.15,37.25,1501,41.6,192,6.539,9.1,0.0277,7987.2,0.0292,0,Normal
2020-01-05 13:40:00,28.15,37.25,1507,39.1,194,6.17,9.1,0.0259,7585.4,0.0295,0,Normal
2020-01-05 13:41:00,28.25,37.25,1559,36.0,196,5.877,9.0,0.0231,7056.0,0.0298,0,Normal
2020-01-05 13:42:00,28.35,37.35,1528,35.7,198,5.712,9.0,0.0234,7068.6,0.0301,0,Normal
2020-01-05 13:43:00,28.35,37.35,1503,38.2,200,6.012,9.0,0.0254,7640.0,0.0304,0,Normal
2020-01-05 13:44:00,28.35,37.35,1372,44.0,203,6.322,9.0,0.0321,8932.0,0.0308,0,Normal
2020-01-05 13:45:00,28.35,37.35,1600,32.8,205,5.496,9.0,0.0205,6724.0,0.0311,0,Normal
2020-01-05 13:46:00,28.35,37.45,1453,44.0,208,6.695,9.1,0.0303,9152.0,0.0316,0,Normal
2020-01-05 13:47:00,28.45,37.55,1813,24.6,210,4.67,9.1,0.0136,5166.0,0.0319,0,Normal
2020-01-05 13:48:00,28.45,37.55,1457,40.4,213,6.164,9.1,0.0277,8605.2,0.0323,0,Normal
2020-01-05 13:49:00,28.45,37.45,1553,38.9,0,6.326,9.0,0.025,0.0,0.0,0,Normal
2020-01-05 13:50:00,28.55,37.55,1763,25.9,3,4.782,9.0,0.0147,77.7,0.0005,0,Normal
2020-01-05 13:51:00,28.55,37.55,2023,20.9,5,4.428,9.0,0.0103,104.5,0.0008,0,Normal
2020-01-05 13:52:00,28.45,37.55,1457,47.8,7,7.293,9.1,0.0328,334.6,0.0011,0,Normal
2020-01-05 13:53:00,28.45,37.55,1679,29.5,10,5.187,9.1,0.0176,295.0,0.0015,0,Normal
2020-01-05 13:54:00,28.45,37.45,2103,19.7,12,4.338,9.0,0.0094,236.4,0.0018,0,Normal
2020-01-05 13:55:00,28.35,37.55,1460,38.6,14,5.902,9.2,0.0264,540.4,0.0021,0,Normal
2020-01-05 13:56:00,28.35,37.55,1454,39.4,17,5.999,9.2,0.0271,669.8,0.0026,0,Normal
2020-01-05 13:57:00,28.35,37.45,1481,46.8,20,7.258,9.1,0.0316,936.0,0.003,0,Normal
2020-01-05 13:58:00,28.35,37.55,1424,51.1,22,7.62,9.2,0.0359,1124.2,0.0033,0,Normal
2020-01-05 13:59:00,28.45,37.55,1494,39.5,24,6.18,9.1,0.0264,948.0,0.0036,0,Normal
2020-01-05 14:00:00,28.35,37.45,1424,47.0,26,7.009,9.1,0.033,1222.0,0.0039,0,Normal
2020-01-05 14:01:00,28.35,37.55,1347,47.9,29,6.757,9.2,0.0356,1389.1,0.0044,0,Normal
2020-01-05 14:02:00,28.35,37.45,1374,46.7,32,6.719,9.1,0.034,1494.4,0.0048,0,Normal
2020-01-05 14:03:00,28.35,37.45,1403,47.4,34,6.964,9.1,0.0338,1611.6,0.0051,0,Normal
2020-01-05 14:04:00,28.35,37.45,1573,37.4,37,6.161,9.1,0.0238,1383.8,0.0056,0,Normal
2020-01-05 14:05:00,28.45,37.45,1691,30.1,40,5.33,9.0,0.0178,1204.0,0.0061,0,Normal
2020-01-05 14:06:00,28.35,37.35,1538,44.3,43,7.135,9.0,0.0288,1904.9,0.0065,0,Normal
2020-01-05 14:07:00,28.35,37.35,1556,39.1,48,6.371,9.0,0.0251,1876.8,0.0073,0,Normal
2020-01-05 14:08:00,28.35,37.25,1593,36.8,50,6.139,8.9,0.0231,1840.0,0.0076,0,Normal
2020-01-05 14:09:00,28.35,37.25,1474,39.9,53,6.159,8.9,0.0271,2114.7,0.008,0,Normal
2020-01-05 14:10:00,28.35,37.25,1543,34.0,55,5.494,8.9,0.022,1870.0,0.0083,0,Normal
2020-01-05 14:11:00,28.35,37.35,1587,33.8,57,5.617,9.0,0.0213,1926.6,0.0086,0,Normal
2020-01-05 14:12:00,28.45,37.45,1222,70.0,62,8.958,9.0,0.0573,4340.0,0.0094,0,Normal
2020-01-05 14:13:00,28.55,37.45,1513,41.1,64,6.512,8.9,0.0272,2630.4,0.0097,0,Normal
2020-01-05 14:14:00,28.55,37.45,1660,28.7,66,4.989,8.9,0.0173,1894.2,0.01,0,Normal
2020-01-05 14:15:00,28.55,37.45,1545,42.1,68,6.811,8.9,0.0272,2862.8,0.0103,0,Normal
2020-01-05 14:16:00,28.55,37.45,1380,45.8,70,6.619,8.9,0.0332,3206.0,0.0106,0,Normal
2020-01-05 14:17:00,28.45,37.45,1321,60.8,73,8.411,9.0,0.046,4438.4,0.011,0,Normal
2020-01-05 14:18:00,28.45,37.45,1309,65.8,75,9.02,9.0,0.0503,4935.0,0.0113,1,Power_Failure
2020-01-05 14:19:00,28.55,37.55,1627,31.3,78,5.333,9.0,0.0192,2441.4,0.0118,0,Normal
2020-01-05 14:20:00,28.45,37.55,1791,23.8,81,4.464,9.1,0.0133,1927.8,0.0122,0,Normal
2020-01-05 14:21:00,28.55,37.55,1861,21.8,84,4.248,9.0,0.0117,1831.2,0.0127,0,Normal
2020-01-05 14:22:00,28.55,37.55,1493,51.1,87,7.989,9.0,0.0342,4445.7,0.0131,0,Normal
2020-01-05 14:23:00,28.55,37.55,1442,41.1,89,6.206,9.0,0.0285,3657.9,0.0134,0,Normal
2020-01-05 14:24:00,28.55,37.55,1532,39.8,92,6.385,9.0,0.026,3661.6,0.0139,0,Normal
2020-01-05 14:25:00,28.45,37.55,1421,44.4,94,6.607,9.1,0.0312,4173.6,0.0142,0,Normal
2020-01-05 14:26:00,28.45,37.45,1613,42.5,97,7.179,9.0,0.0263,4122.5,0.0146,0,Normal
2020-01-05 14:27:00,28.55,37.45,1876,22.1,99,4.342,8.9,0.0118,2187.9,0.0149,0,Normal
2020-01-05 14:28:00,28.45,37.35,1593,34.5,102,5.755,8.9,0.0217,3519.0,0.0154,0,Normal
2020-01-05 14:29:00,28.45,37.35,1397,49.4,104,7.227,8.9,0.0354,5137.6,0.0157,0,Normal
2020-01-05 14:30:00,28.45,37.35,1414,49.3,106,7.3,8.9,0.0349,5225.8,0.016,0,Normal
2020-01-05 14:31:00,28.35,37.25,1378,55.3,109,7.98,8.9,0.0401,6027.7,0.0164,0,Normal
2020-01-05 14:32:00,28.25,37.25,1301,51.2,112,6.976,9.0,0.0394,5734.4,0.0169,0,Normal
2020-01-05 14:33:00,28.35,37.35,1737,29.3,114,5.33,9.0,0.0169,3340.2,0.0172,0,Normal
2020-01-05 14:34:00,28.35,37.35,1396,44.5,117,6.505,9.0,0.0319,5206.5,0.0176,0,Normal
2020-01-05 14:35:00,28.35,37.35,1534,39.3,119,6.313,9.0,0.0256,4676.7,0.0179,0,Normal
2020-01-05 14:36:00,28.35,37.35,1774,25.5,121,4.737,9.0,0.0144,3085.5,0.0182,0,Normal
2020-01-05 14:37:00,28.35,37.35,1453,48.0,124,7.304,9.0,0.033,5952.0,0.0187,0,Normal
2020-01-05 14:38:00,28.35,37.35,1453,44.2,129,6.725,9.0,0.0304,5701.8,0.0194,0,Normal
2020-01-05 14:39:00,28.25,37.35,1380,48.4,131,6.994,9.1,0.0351,6340.4,0.0197,0,Normal
2020-01-05 14:40:00,28.25,37.25,1334,43.2,133,6.035,9.0,0.0324,5745.6,0.02,0,Normal
2020-01-05 14:41:00,28.35,37.35,1702,28.7,135,5.115,9.0,0.0169,3874.5,0.0203,0,Normal
2020-01-05 14:42:00,28.45,37.45,1431,37.5,137,5.62,9.0,0.0262,5137.5,0.0206,0,Normal
2020-01-05 14:43:00,28.35,37.35,1308,60.5,139,8.287,9.0,0.0463,8409.5,0.0209,0,Normal
2020-01-05 14:44:00,28.35,37.45,1565,43.9,142,7.195,9.1,0.0281,6233.8,0.0214,0,Normal
2020-01-05 14:45:00,28.35,37.25,1486,39.6,144,6.162,8.9,0.0266,5702.4,0.0217,0,Normal
2020-01-05 14:46:00,28.35,37.35,1479,34.2,147,5.297,9.0,0.0231,5027.4,0.0221,0,Normal
2020-01-05 14:47:00,28.35,37.35,1927,22.4,149,4.52,9.0,0.0116,3337.6,0.0224,0,Normal
2020-01-05 14:48:00,28.35,37.25,1488,41.1,151,6.404,8.9,0.0276,6206.1,0.0227,0,Normal
2020-01-05 14:49:00,28.35,37.25,1350,54.9,153,7.761,8.9,0.0407,8399.7,0.023,0,Normal
2020-01-05 14:50:00,28.45,37.25,1561,35.3,156,5.77,8.8,0.0226,5506.8,0.0235,0,Normal
2020-01-05 14:51:00,28.35,37.25,1276,55.6,158,7.429,8.9,0.0436,8784.8,0.0238,0,Normal
2020-01-05 14:52:00,28.35,37.25,1580,35.7,161,5.907,8.9,0.0226,5747.7,0.0242,0,Normal
2020-01-05 14:53:00,28.25,37.15,1610,29.1,166,4.906,8.9,0.0181,4830.6,0.0249,0,Normal
2020-01-05 14:54:00,28.25,37.15,2203,16.6,169,3.83,8.9,0.0075,2805.4,0.0254,0,Normal
2020-01-05 14:55:00,28.25,37.15,1639,32.7,171,5.612,8.9,0.02,5591.7,0.0257,0,Normal
2020-01-05 14:56:00,28.25,37.25,1553,44.7,173,7.27,9.0,0.0288,7733.1,0.026,0,Normal
2020-01-05 14:57:00,28.25,37.15,1374,47.6,176,6.849,8.9,0.0346,8377.6,0.0264,0,Normal
2020-01-05 14:58:00,28.25,37.25,1430,50.9,178,7.622,9.0,0.0356,9060.2,0.0267,0,Normal
2020-01-05 14:59:00,28.15,37.15,1626,31.3,180,5.33,9.0,0.0192,5634.0,0.027,0,Normal
2020-01-05 15:00:00,28.25,37.35,1421,43.8,182,6.518,9.1,0.0308,7971.6,0.0273,0,Normal
2020-01-05 15:01:00,28.15,37.25,1501,39.8,187,6.256,9.1,0.0265,7442.6,0.0281,0,Normal
2020-01-05 15:02:00,28.15,37.25,2093,18.7,190,4.099,9.1,0.0089,3553.0,0.0285,0,Normal
2020-01-05 15:03:00,28.15,37.25,1504,47.2,193,7.434,9.1,0.0314,9109.6,0.029,0,Normal
2020-01-05 15:04:00,28.15,37.25,1538,38.4,195,6.185,9.1,0.025,7488.0,0.0293,0,Normal
2020-01-05 15:05:00,28.15,37.25,1440,41.5,197,6.258,9.1,0.0288,8175.5,0.0296,0,Normal
2020-01-05 15:06:00,28.15,37.25,1414,51.4,199,7.611,9.1,0.0364,10228.6,0.0298,0,Normal
2020-01-05 15:07:00,28.25,37.35,1536,39.9,201,6.418,9.1,0.026,8019.9,0.0301,0,Normal
2020-01-05 15:08:00,28.25,37.35,1476,39.2,206,6.059,9.1,0.0266,8075.2,0.0309,0,Normal
2020-01-05 15:09:00,28.25,37.35,1571,33.9,208,5.577,9.1,0.0216,7051.2,0.0312,0,Normal
2020-01-05 15:10:00,28.35,37.45,1998,20.2,210,4.226,9.1,0.0101,4242.0,0.0315,0,Normal
2020-01-05 15:11:00,28.35,37.45,1357,42.1,212,5.983,9.1,0.031,8925.2,0.0318,0,Normal
2020-01-05 15:12:00,28.45,37.55,1424,50.5,214,7.531,9.1,0.0355,10807.0,0.0321,0,Normal
2020-01-05 15:13:00,28.45,37.55,1380,51.8,216,7.486,9.1,0.0375,11188.8,0.0324,1,Overstrain_Failure
2020-01-05 15:14:00,28.35,37.55,1618,35.5,218,6.015,9.2,0.0219,7739.0,0.0327,0,Normal
2020-01-05 15:15:00,28.35,37.45,1579,28.0,220,4.63,9.1,0.0177,6160.0,0.033,0,Normal
2020-01-05 15:16:00,28.35,37.55,1423,44.0,222,6.557,9.2,0.0309,9768.0,0.0332,0,Normal
2020-01-05 15:17:00,28.35,37.55,1435,38.5,224,5.786,9.2,0.0268,8624.0,0.0335,0,Normal
2020-01-05 15:18:00,28.35,37.55,1336,65.6,0,9.178,9.2,0.0491,0.0,0.0,1,Power_Failure
2020-01-05 15:19:00,28.45,37.65,1392,42.4,3,6.181,9.2,0.0305,127.2,0.0004,0,Normal
2020-01-05 15:20:00,28.35,37.65,1417,49.7,5,7.375,9.3,0.0351,248.5,0.0007,0,Normal
2020-01-05 15:21:00,28.25,37.55,1425,45.1,7,6.73,9.3,0.0316,315.7,0.001,0,Normal
2020-01-05 15:22:00,28.35,37.65,1512,38.9,9,6.159,9.3,0.0257,350.1,0.0013,0,Normal
2020-01-05 15:23:00,28.35,37.75,1318,50.6,11,6.984,9.4,0.0384,556.6,0.0016,0,Normal
2020-01-05 15:24:00,28.45,37.75,1538,40.4,13,6.507,9.3,0.0263,525.2,0.0019,0,Normal
2020-01-05 15:25:00,28.45,37.75,1532,43.6,15,6.995,9.3,0.0285,654.0,0.0022,0,Normal
2020-01-05 15:26:00,28.55,37.85,1715,24.8,17,4.454,9.3,0.0145,421.6,0.0025,0,Normal
2020-01-05 15:27:00,28.55,37.85,1700,28.7,19,5.109,9.3,0.0169,545.3,0.0028,0,Normal
2020-01-05 15:28:00,28.55,37.85,1548,40.3,21,6.533,9.3,0.026,846.3,0.0031,0,Normal
2020-01-05 15:29:00,28.55,37.85,1546,43.0,23,6.962,9.3,0.0278,989.0,0.0034,0,Normal
2020-01-05 15:30:00,28.55,37.85,1343,49.2,25,6.919,9.3,0.0366,1230.0,0.0037,0,Normal
2020-01-05 15:31:00,28.55,37.85,1510,47.8,27,7.558,9.3,0.0317,1290.6,0.004,0,Normal
2020-01-05 15:32:00,28.65,37.85,1839,23.6,30,4.545,9.2,0.0128,708.0,0.0045,0,Normal
2020-01-05 15:33:00,28.65,37.85,1756,26.7,33,4.91,9.2,0.0152,881.1,0.0049,0,Normal
2020-01-05 15:34:00,28.55,37.75,1300,62.7,36,8.536,9.2,0.0482,2257.2,0.0054,0,Normal
2020-01-05 15:35:00,28.55,37.85,1311,55.8,39,7.661,9.3,0.0426,2176.2,0.0058,0,Normal
2020-01-05 15:36:00,28.55,37.75,1636,31.3,42,5.362,9.2,0.0191,1314.6,0.0063,0,Normal
2020-01-05 15:37:00,28.45,37.75,1643,34.1,44,5.867,9.3,0.0208,1500.4,0.0066,0,Normal
2020-01-05 15:38:00,28.45,37.65,1418,44.7,46,6.638,9.2,0.0315,2056.2,0.0069,0,Normal
2020-01-05 15:39:00,28.55,37.65,1516,40.4,48,6.414,9.1,0.0266,1939.2,0.0072,0,Normal
2020-01-05 15:40:00,28.45,37.75,1419,50.2,51,7.46,9.3,0.0354,2560.2,0.0076,0,Normal
2020-01-05 15:41:00,28.45,37.75,1623,34.1,56,5.796,9.3,0.021,1909.6,0.0084,0,Normal
2020-01-05 15:42:00,28.45,37.65,1664,32.0,58,5.576,9.2,0.0192,1856.0,0.0087,0,Normal
2020-01-05 15:43:00,28.35,37.55,1744,28.2,61,5.15,9.2,0.0162,1720.2,0.0091,0,Normal
2020-01-05 15:44:00,28.35,37.55,1510,36.0,64,5.693,9.2,0.0238,2304.0,0.0095,0,Normal
2020-01-05 15:45:00,28.35,37.45,1382,58.1,67,8.408,9.1,0.042,3892.7,0.01,0,Normal
2020-01-05 15:46:00,28.25,37.45,1381,46.1,70,6.667,9.2,0.0334,3227.0,0.0104,0,Normal
2020-01-05 15:47:00,28.15,37.45,1556,39.0,72,6.355,9.3,0.0251,2808.0,0.0107,0,Normal
2020-01-05 15:48:00,28.25,37.45,1464,37.4,74,5.734,9.2,0.0255,2767.6,0.011,0,Normal
2020-01-05 15:49:00,28.25,37.45,1481,37.6,77,5.831,9.2,0.0254,2895.2,0.0115,0,Normal
2020-01-05 15:50:00,28.35,37.55,1323,49.7,79,6.886,9.2,0.0376,3926.3,0.0118,0,Normal
2020-01-05 15:51:00,28.35,37.55,1426,46.1,81,6.884,9.2,0.0323,3734.1,0.0121,0,Normal
2020-01-05 15:52:00,28.25,37.55,1516,36.4,83,5.779,9.3,0.024,3021.2,0.0124,0,Normal
2020-01-05 15:53:00,28.15,37.45,1416,45.2,88,6.702,9.3,0.0319,3977.6,0.0131,0,Normal
2020-01-05 15:54:00,28.15,37.45,1440,53.8,90,8.113,9.3,0.0374,4842.0,0.0134,0,Normal
2020-01-05 15:55:00,28.15,37.45,1576,30.4,92,5.017,9.3,0.0193,2796.8,0.0137,0,Normal
2020-01-05 15:56:00,28.15,37.45,1387,53.6,94,7.785,9.3,0.0386,5038.4,0.014,0,Normal
2020-01-05 15:57:00,28.25,37.45,1464,48.6,96,7.451,9.2,0.0332,4665.6,0.0143,0,Normal
2020-01-05 15:58:00,28.25,37.45,2137,18.0,99,4.028,9.2,0.0084,1782.0,0.0147,0,Normal
2020-01-05 15:59:00,28.25,37.45,1431,40.6,101,6.084,9.2,0.0284,4100.6,0.015,0,Normal
2020-01-05 16:00:00,28.15,37.45,1458,48.0,104,7.329,9.3,0.0329,4992.0,0.0155,0,Normal
2020-01-05 16:01:00,28.25,37.55,1280,61.0,106,8.177,9.3,0.0477,6466.0,0.0158,0,Normal
2020-01-05 16:02:00,28.25,37.55,1657,28.7,108,4.98,9.3,0.0173,3099.6,0.0161,0,Normal
2020-01-05 16:03:00,28.25,37.45,1565,36.1,110,5.916,9.2,0.0231,3971.0,0.0164,0,Normal
2020-01-05 16:04:00,28.15,37.45,1560,36.8,113,6.012,9.3,0.0236,4158.4,0.0168,0,Normal
2020-01-05 16:05:00,28.35,37.55,1359,47.1,115,6.703,9.2,0.0347,5416.5,0.0171,0,Normal
2020-01-05 16:06:00,28.35,37.65,1500,41.0,118,6.44,9.3,0.0273,4838.0,0.0175,0,Normal
2020-01-05 16:07:00,28.35,37.65,1785,25.5,120,4.767,9.3,0.0143,3060.0,0.0178,0,Normal
2020-01-05 16:08:00,28.35,37.75,1891,23.2,122,4.594,9.4,0.0123,2830.4,0.0181,0,Normal
2020-01-05 16:09:00,28.35,37.75,1524,40.4,124,6.448,9.4,0.0265,5009.6,0.0184,0,Normal
2020-01-05 16:10:00,28.45,37.85,1431,42.3,129,6.339,9.4,0.0296,5456.7,0.0192,0,Normal
2020-01-05 16:11:00,28.45,37.75,1385,51.2,132,7.426,9.3,0.037,6758.4,0.0196,0,Normal
2020-01-05 16:12:00,28.55,37.85,1503,44.8,134,7.051,9.3,0.0298,6003.2,0.0199,0,Normal
2020-01-05 16:13:00,28.55,37.85,1311,46.8,136,6.425,9.3,0.0357,6364.8,0.0202,0,Normal
2020-01-05 16:14:00,28.45,37.75,1575,40.1,139,6.614,9.3,0.0255,5573.9,0.0206,0,Normal
2020-01-05 16:15:00,28.45,37.85,1485,40.1,142,6.236,9.4,0.027,5694.2,0.0211,0,Normal
2020-01-05 16:16:00,28.55,37.85,1527,42.2,144,6.748,9.3,0.0276,6076.8,0.0214,0,Normal
2020-01-05 16:17:00,28.55,37.85,1537,33.5,146,5.392,9.3,0.0218,4891.0,0.0217,0,Normal
2020-01-05 16:18:00,28.65,37.95,1463,50.1,149,7.676,9.3,0.0342,7464.9,0.0221,0,Normal
2020-01-05 16:19:00,28.55,38.05,1482,43.6,154,6.766,9.5,0.0294,6714.4,0.0228,0,Normal
2020-01-05 16:20:00,28.65,38.05,1417,55.9,156,8.295,9.4,0.0394,8720.4,0.0231,0,Normal
2020-01-05 16:21:00,28.55,37.95,1506,39.5,158,6.229,9.4,0.0262,6241.0,0.0234,0,Normal
2020-01-05 16:22:00,28.55,38.05,1639,30.0,161,5.149,9.5,0.0183,4830.0,0.0239,0,Normal
2020-01-05 16:23:00,28.55,38.05,1418,38.0,166,5.643,9.5,0.0268,6308.0,0.0246,0,Normal
2020-01-05 16:24:00,28.55,37.85,1298,58.1,168,7.897,9.3,0.0448,9760.8,0.0249,0,Normal
2020-01-05 16:25:00,28.65,37.95,1395,44.6,171,6.515,9.3,0.032,7626.6,0.0253,0,Normal
2020-01-05 16:26:00,28.55,37.95,1578,40.5,174,6.693,9.4,0.0257,7047.0,0.0258,0,Normal
2020-01-05 16:27:00,28.65,37.95,1597,29.8,177,4.984,9.3,0.0187,5274.6,0.0262,0,Normal
2020-01-05 16:28:00,28.55,37.85,2016,19.3,180,4.075,9.3,0.0096,3474.0,0.0267,0,Normal
2020-01-05 16:29:00,28.55,37.85,1585,35.9,185,5.959,9.3,0.0226,6641.5,0.0274,0,Normal
2020-01-05 16:30:00,28.55,37.85,1505,44.0,187,6.935,9.3,0.0292,8228.0,0.0277,0,Normal
2020-01-05 16:31:00,28.55,37.85,1505,37.1,190,5.847,9.3,0.0247,7049.0,0.0281,0,Normal
2020-01-05 16:32:00,28.45,37.75,1706,29.5,193,5.27,9.3,0.0173,5693.5,0.0286,0,Normal
2020-01-05 16:33:00,28.45,37.75,1385,50.7,195,7.353,9.3,0.0366,9886.5,0.0289,0,Normal
2020-01-05 16:34:00,28.65,37.95,1495,36.9,197,5.777,9.3,0.0247,7269.3,0.0292,0,Normal
2020-01-05 16:35:00,28.65,37.95,1663,31.6,199,5.503,9.3,0.019,6288.4,0.0295,0,Normal
2020-01-05 16:36:00,28.65,38.05,1840,26.6,202,5.125,9.4,0.0145,5373.2,0.0299,0,Normal
2020-01-05 16:37:00,28.65,38.05,1822,26.2,204,4.999,9.4,0.0144,5344.8,0.0302,0,Normal
2020-01-05 16:38:00,28.55,37.95,1644,32.8,206,5.647,9.4,0.02,6756.8,0.0305,0,Normal
2020-01-05 16:39:00,28.55,37.85,1441,44.3,208,6.685,9.3,0.0307,9214.4,0.0308,1,Tool_Wear_Failure
2020-01-05 16:40:00,28.35,37.75,1451,40.6,0,6.169,9.4,0.028,0.0,0.0,0,Normal
2020-01-05 16:41:00,28.35,37.75,1400,50.8,2,7.448,9.4,0.0363,101.6,0.0003,0,Normal
2020-01-05 16:42:00,28.25,37.65,1362,53.2,4,7.588,9.4,0.0391,212.8,0.0006,0,Normal
2020-01-05 16:43:00,28.25,37.65,1782,26.5,6,4.945,9.4,0.0149,159.0,0.0009,0,Normal
2020-01-05 16:44:00,28.25,37.75,1536,38.3,9,6.161,9.5,0.0249,344.7,0.0013,0,Normal
2020-01-05 16:45:00,28.35,37.75,1580,32.3,11,5.344,9.4,0.0204,355.3,0.0016,0,Normal
2020-01-05 16:46:00,28.25,37.85,1427,43.2,13,6.456,9.6,0.0303,561.6,0.0019,0,Normal
2020-01-05 16:47:00,28.15,37.75,1509,41.7,16,6.59,9.6,0.0276,667.2,0.0024,0,Normal
2020-01-05 16:48:00,28.15,37.65,1434,39.5,18,5.932,9.5,0.0275,711.0,0.0027,0,Normal
2020-01-05 16:49:00,28.05,37.65,1392,52.6,23,7.667,9.6,0.0378,1209.8,0.0034,0,Normal
2020-01-05 16:50:00,28.15,37.65,1509,40.1,25,6.337,9.5,0.0266,1002.5,0.0037,0,Normal
2020-01-05 16:51:00,28.05,37.55,1962,22.5,28,4.623,9.5,0.0115,630.0,0.0041,0,Normal
2020-01-05 16:52:00,28.15,37.55,1536,39.3,31,6.321,9.4,0.0256,1218.3,0.0046,0,Normal
2020-01-05 16:53:00,28.15,37.65,1381,47.9,33,6.927,9.5,0.0347,1580.7,0.0049,0,Normal
2020-01-05 16:54:00,28.05,37.55,1747,27.3,35,4.994,9.5,0.0156,955.5,0.0052,0,Normal
2020-01-05 16:55:00,28.05,37.45,1670,30.0,40,5.246,9.4,0.018,1200.0,0.0059,0,Normal
2020-01-05 16:56:00,28.15,37.45,1451,47.5,42,7.218,9.3,0.0327,1995.0,0.0062,0,Normal
2020-01-05 16:57:00,28.05,37.55,1951,21.3,44,4.352,9.5,0.0109,937.2,0.0065,0,Normal
2020-01-05 16:58:00,28.15,37.55,1819,25.5,46,4.857,9.4,0.014,1173.0,0.0068,0,Normal
2020-01-05 16:59:00,28.15,37.65,1372,54.2,49,7.787,9.5,0.0395,2655.8,0.0072,0,Normal
2020-01-05 17:00:00,28.15,37.65,1560,38.5,52,6.289,9.5,0.0247,2002.0,0.0077,0,Normal
2020-01-05 17:01:00,28.15,37.65,1494,35.3,54,5.523,9.5,0.0236,1906.2,0.008,0,Normal
2020-01-05 17:02:00,28.15,37.65,1531,53.4,57,8.561,9.5,0.0349,3043.8,0.0084,0,Normal
2020-01-05 17:03:00,28.15,37.65,1450,46.9,59,7.121,9.5,0.0323,2767.1,0.0087,0,Normal
2020-01-05 17:04:00,28.15,37.55,1391,52.5,61,7.647,9.4,0.0377,3202.5,0.009,0,Normal
2020-01-05 17:05:00,28.05,37.45,1389,45.3,64,6.589,9.4,0.0326,2899.2,0.0094,0,Normal
2020-01-05 17:06:00,28.05,37.45,1409,50.9,66,7.51,9.4,0.0361,3359.4,0.0097,0,Normal
2020-01-05 17:07:00,27.95,37.45,1388,58.5,68,8.503,9.5,0.0421,3978.0,0.01,0,Normal
2020-01-05 17:08:00,27.95,37.45,1410,43.9,73,6.482,9.5,0.0311,3204.7,0.0108,0,Normal
2020-01-05 17:09:00,27.95,37.35,1646,30.7,76,5.292,9.4,0.0187,2333.2,0.0112,0,Normal
2020-01-05 17:10:00,27.95,37.55,2219,16.7,79,3.881,9.6,0.0075,1319.3,0.0116,0,Normal
2020-01-05 17:11:00,28.05,37.55,1551,41.2,82,6.692,9.5,0.0266,3378.4,0.0121,0,Normal
2020-01-05 17:12:00,28.05,37.45,1811,24.0,84,4.552,9.4,0.0133,2016.0,0.0124,0,Normal
2020-01-05 17:13:00,28.15,37.55,1608,31.4,86,5.287,9.4,0.0195,2700.4,0.0127,0,Normal
2020-01-05 17:14:00,28.15,37.65,1428,55.2,88,8.255,9.5,0.0387,4857.6,0.013,0,Normal
2020-01-05 17:15:00,28.25,37.65,1477,50.4,90,7.795,9.4,0.0341,4536.0,0.0132,0,Normal
2020-01-05 17:16:00,28.15,37.55,1300,58.3,92,7.937,9.4,0.0448,5363.6,0.0135,0,Normal
2020-01-05 17:17:00,28.05,37.55,1615,34.9,95,5.902,9.5,0.0216,3315.5,0.014,0,Normal
2020-01-05 17:18:00,28.05,37.55,1676,32.4,98,5.687,9.5,0.0193,3175.2,0.0144,0,Normal
2020-01-05 17:19:00,27.95,37.55,2636,12.2,100,3.368,9.6,0.0046,1220.0,0.0147,1,Power_Failure
2020-01-05 17:20:00,27.95,37.45,1310,48.8,103,6.695,9.5,0.0373,5026.4,0.0151,0,Normal
2020-01-05 17:21:00,27.95,37.55,1334,48.2,106,6.733,9.6,0.0361,5109.2,0.0156,0,Normal
2020-01-05 17:22:00,27.95,37.55,1621,31.0,108,5.262,9.6,0.0191,3348.0,0.0159,0,Normal
2020-01-05 17:23:00,27.95,37.55,1367,43.4,111,6.213,9.6,0.0317,4817.4,0.0163,0,Normal
2020-01-05 17:24:00,27.85,37.45,1588,33.7,114,5.604,9.6,0.0212,3841.8,0.0168,0,Normal
2020-01-05 17:25:00,27.85,37.55,1497,37.6,116,5.894,9.7,0.0251,4361.6,0.017,0,Normal
2020-01-05 17:26:00,27.95,37.65,1608,32.9,119,5.54,9.7,0.0205,3915.1,0.0175,0,Normal
2020-01-05 17:27:00,27.85,37.65,1549,41.4,121,6.716,9.8,0.0267,5009.4,0.0178,0,Normal
2020-01-05 17:28:00,27.85,37.55,1391,45.0,123,6.555,9.7,0.0324,5535.0,0.0181,0,Normal
2020-01-05 17:29:00,27.75,37.65,1490,38.1,125,5.945,9.9,0.0256,4762.5,0.0184,0,Normal
2020-01-05 17:30:00,27.85,37.55,1727,34.5,127,6.239,9.7,0.02,4381.5,0.0186,0,Normal
2020-01-05 17:31:00,27.75,37.45,1504,46.4,129,7.308,9.7,0.0309,5985.6,0.0189,0,Normal
2020-01-05 17:32:00,27.75,37.45,1350,53.8,131,7.606,9.7,0.0399,7047.8,0.0192,0,Normal
2020-01-05 17:33:00,27.75,37.55,1420,43.0,133,6.394,9.8,0.0303,5719.0,0.0195,0,Normal
2020-01-05 17:34:00,27.65,37.45,1465,44.1,136,6.766,9.8,0.0301,5997.6,0.02,0,Normal
2020-01-05 17:35:00,27.75,37.55,1427,44.1,141,6.59,9.8,0.0309,6218.1,0.0207,0,Normal
2020-01-05 17:36:00,27.75,37.55,1477,43.2,143,6.682,9.8,0.0292,6177.6,0.021,0,Normal
2020-01-05 17:37:00,27.85,37.55,1493,48.1,145,7.52,9.7,0.0322,6974.5,0.0213,0,Normal
2020-01-05 17:38:00,27.85,37.55,1657,29.9,148,5.188,9.7,0.018,4425.2,0.0217,0,Normal
2020-01-05 17:39:00,27.75,37.55,1359,46.0,151,6.546,9.8,0.0338,6946.0,0.0221,0,Normal
2020-01-05 17:40:00,27.65,37.45,1551,34.5,153,5.604,9.8,0.0222,5278.5,0.0224,0,Normal
2020-01-05 17:41:00,27.65,37.45,1545,37.5,155,6.067,9.8,0.0243,5812.5,0.0227,0,Normal
2020-01-05 17:42:00,27.75,37.45,1709,29.2,158,5.226,9.7,0.0171,4613.6,0.0232,0,Normal
2020-01-05 17:43:00,27.75,37.55,1268,56.3,161,7.476,9.8,0.0444,9064.3,0.0236,0,Normal
2020-01-05 17:44:00,27.75,37.55,1740,25.3,164,4.61,9.8,0.0145,4149.2,0.024,0,Normal
2020-01-05 17:45:00,27.85,37.75,1828,25.1,166,4.805,9.9,0.0137,4166.6,0.0243,0,Normal
2020-01-05 17:46:00,27.85,37.75,1822,21.6,168,4.121,9.9,0.0119,3628.8,0.0246,0,Normal
2020-01-05 17:47:00,27.85,37.75,1515,41.8,170,6.632,9.9,0.0276,7106.0,0.0249,0,Normal
2020-01-05 17:48:00,27.85,37.75,1392,52.9,173,7.711,9.9,0.038,9151.7,0.0253,0,Normal
2020-01-05 17:49:00,27.75,37.75,1474,35.7,175,5.511,10.0,0.0242,6247.5,0.0256,0,Normal
2020-01-05 17:50:00,27.85,37.75,1359,53.4,180,7.6,9.9,0.0393,9612.0,0.0264,0,Normal
2020-01-05 17:51:00,27.95,37.85,1565,52.3,183,8.571,9.9,0.0334,9570.9,0.0268,0,Normal
2020-01-05 17:52:00,27.95,37.95,1384,42.5,185,6.16,10.0,0.0307,7862.5,0.0271,0,Normal
2020-01-05 17:53:00,27.95,37.95,1387,53.1,188,7.713,10.0,0.0383,9982.8,0.0275,0,Normal
2020-01-05 17:54:00,27.95,37.85,1378,51.1,190,7.374,9.9,0.0371,9709.0,0.0278,0,Normal
2020-01-05 17:55:00,27.85,37.75,1809,25.7,192,4.869,9.9,0.0142,4934.4,0.0281,0,Normal
2020-01-05 17:56:00,27.95,37.85,1339,52.8,194,7.404,9.9,0.0394,10243.2,0.0284,0,Normal
2020-01-05 17:57:00,27.85,37.85,1423,38.6,199,5.752,10.0,0.0271,7681.4,0.0291,0,Normal
2020-01-05 17:58:00,27.95,37.95,1570,41.6,202,6.839,10.0,0.0265,8403.2,0.0295,0,Normal
2020-01-05 17:59:00,28.05,38.05,1558,34.1,204,5.564,10.0,0.0219,6956.4,0.0298,0,Normal
2020-01-05 18:00:00,27.95,37.95,1799,21.7,206,4.088,10.0,0.0121,4470.2,0.0301,0,Normal
2020-01-05 18:01:00,27.95,38.05,1591,35.0,208,5.831,10.1,0.022,7280.0,0.0304,0,Normal
2020-01-05 18:02:00,28.05,38.05,1635,29.6,211,5.068,10.0,0.0181,6245.6,0.0308,0,Normal
2020-01-05 18:03:00,28.15,38.15,1509,42.5,213,6.716,10.0,0.0282,9052.5,0.0311,0,Normal
2020-01-05 18:04:00,28.15,38.25,1838,23.2,215,4.465,10.1,0.0126,4988.0,0.0314,0,Normal
2020-01-05 18:05:00,28.15,38.35,1648,32.4,0,5.592,10.2,0.0197,0.0,0.0,0,Normal
2020-01-05 18:06:00,28.05,38.35,1498,49.5,3,7.765,10.3,0.033,148.5,0.0004,0,Normal
2020-01-05 18:07:00,28.05,38.25,1757,28.0,6,5.152,10.2,0.0159,168.0,0.0009,0,Normal
2020-01-05 18:08:00,27.95,38.15,1389,53.3,8,7.753,10.2,0.0384,426.4,0.0012,0,Normal
2020-01-05 18:09:00,27.95,38.15,1498,37.6,11,5.898,10.2,0.0251,413.6,0.0016,0,Normal
2020-01-05 18:10:00,27.85,38.05,1521,35.8,13,5.702,10.2,0.0235,465.4,0.0019,0,Normal
2020-01-05 18:11:00,27.85,38.05,1394,41.3,16,6.029,10.2,0.0296,660.8,0.0023,0,Normal
2020-01-05 18:12:00,27.85,38.05,1602,32.7,19,5.486,10.2,0.0204,621.3,0.0028,0,Normal
2020-01-05 18:13:00,27.75,37.95,1417,40.7,24,6.039,10.2,0.0287,976.8,0.0035,0,Normal
2020-01-05 18:14:00,27.85,38.05,1511,42.9,26,6.788,10.2,0.0284,1115.4,0.0038,0,Normal
2020-01-05 18:15:00,27.95,38.15,1654,30.7,28,5.317,10.2,0.0186,859.6,0.0041,0,Normal
2020-01-05 18:16:00,27.95,38.15,1836,22.8,31,4.384,10.2,0.0124,706.8,0.0045,0,Normal
2020-01-05 18:17:00,27.95,38.15,1622,35.6,34,6.047,10.2,0.0219,1210.4,0.005,0,Normal
2020-01-05 18:18:00,27.85,38.05,1467,45.4,36,6.975,10.2,0.0309,1634.4,0.0052,0,Normal
2020-01-05 18:19:00,27.95,38.15,1909,22.7,38,4.538,10.2,0.0119,862.6,0.0055,0,Normal
2020-01-05 18:20:00,27.95,38.05,1910,20.2,41,4.04,10.1,0.0106,828.2,0.006,0,Normal
2020-01-05 18:21:00,27.95,38.15,2207,16.6,43,3.837,10.2,0.0075,713.8,0.0063,0,Normal
2020-01-05 18:22:00,27.95,38.05,1384,49.4,48,7.16,10.1,0.0357,2371.2,0.007,0,Normal
2020-01-05 18:23:00,27.95,38.15,1630,29.5,51,5.035,10.2,0.0181,1504.5,0.0074,0,Normal
2020-01-05 18:24:00,27.95,38.15,1268,60.0,53,7.967,10.2,0.0473,3180.0,0.0077,0,Normal
2020-01-05 18:25:00,27.95,38.25,1531,38.7,55,6.205,10.3,0.0253,2128.5,0.008,0,Normal
2020-01-05 18:26:00,27.85,38.15,1454,41.5,57,6.319,10.3,0.0285,2365.5,0.0083,0,Normal
2020-01-05 18:27:00,27.85,38.15,1342,50.9,60,7.153,10.3,0.0379,3054.0,0.0087,0,Normal
2020-01-05 18:28:00,27.85,38.05,1363,46.3,62,6.609,10.2,0.034,2870.6,0.009,0,Normal
2020-01-05 18:29:00,27.85,38.05,1412,42.1,64,6.225,10.2,0.0298,2694.4,0.0093,0,Normal
2020-01-05 18:30:00,27.85,38.15,1597,39.2,66,6.556,10.3,0.0245,2587.2,0.0096,0,Normal
2020-01-05 18:31:00,27.85,38.15,1349,47.0,71,6.64,10.3,0.0348,3337.0,0.0103,0,Normal
2020-01-05 18:32:00,27.85,38.15,1472,35.3,73,5.441,10.3,0.024,2576.9,0.0106,0,Normal
2020-01-05 18:33:00,27.85,38.25,1478,39.5,75,6.114,10.4,0.0267,2962.5,0.0109,0,Normal
2020-01-05 18:34:00,27.75,38.15,1295,58.9,77,7.988,10.4,0.0455,4535.3,0.0112,0,Normal
2020-01-05 18:35:00,27.65,38.05,1592,32.9,82,5.485,10.4,0.0207,2697.8,0.0119,0,Normal
2020-01-05 18:36:00,27.65,38.05,1430,54.4,85,8.146,10.4,0.038,4624.0,0.0124,0,Normal
2020-01-05 18:37:00,27.65,38.05,1488,40.1,87,6.249,10.4,0.0269,3488.7,0.0126,0,Normal
2020-01-05 18:38:00,27.75,38.05,1518,35.0,90,5.564,10.3,0.0231,3150.0,0.0131,0,Normal
2020-01-05 18:39:00,27.65,38.05,2237,17.0,95,3.982,10.4,0.0076,1615.0,0.0138,0,Normal
2020-01-05 18:40:00,27.75,38.15,1801,24.6,100,4.64,10.4,0.0137,2460.0,0.0145,0,Normal
2020-01-05 18:41:00,27.85,38.25,1573,37.6,103,6.194,10.4,0.0239,3872.8,0.015,0,Normal
2020-01-05 18:42:00,27.75,38.25,2073,21.4,105,4.646,10.5,0.0103,2247.0,0.0153,0,Normal
2020-01-05 18:43:00,27.75,38.15,1953,19.4,107,3.968,10.4,0.0099,2075.8,0.0155,0,Normal
2020-01-05 18:44:00,27.65,38.05,1492,39.0,109,6.093,10.4,0.0261,4251.0,0.0158,0,Normal
2020-01-05 18:45:00,27.65,38.05,1397,48.7,111,7.124,10.4,0.0349,5405.7,0.0161,0,Normal
2020-01-05 18:46:00,27.65,38.15,1465,43.2,113,6.628,10.5,0.0295,4881.6,0.0164,0,Normal
2020-01-05 18:47:00,27.65,38.15,1782,26.9,116,5.02,10.5,0.0151,3120.4,0.0168,0,Normal
2020-01-05 18:48:00,27.75,38.25,1434,45.4,118,6.818,10.5,0.0317,5357.2,0.0171,0,Normal
2020-01-05 18:49:00,27.75,38.25,1387,42.7,121,6.202,10.5,0.0308,5166.7,0.0176,0,Normal
2020-01-05 18:50:00,27.75,38.25,1532,41.5,126,6.658,10.5,0.0271,5229.0,0.0183,0,Normal
2020-01-05 18:51:00,27.75,38.35,1505,41.1,129,6.477,10.6,0.0273,5301.9,0.0187,0,Normal
2020-01-05 18:52:00,27.85,38.45,1440,43.3,131,6.529,10.6,0.0301,5672.3,0.019,0,Normal
2020-01-05 18:53:00,27.85,38.45,1470,43.4,133,6.681,10.6,0.0295,5772.2,0.0193,0,Normal
2020-01-05 18:54:00,27.95,38.55,1408,46.3,135,6.827,10.6,0.0329,6250.5,0.0196,0,Normal
2020-01-05 18:55:00,27.85,38.45,1357,45.6,137,6.48,10.6,0.0336,6247.2,0.0199,0,Normal
2020-01-05 18:56:00,27.85,38.45,1454,40.0,140,6.091,10.6,0.0275,5600.0,0.0203,0,Normal
2020-01-05 18:57:00,27.85,38.45,1352,63.5,143,8.99,10.6,0.047,9080.5,0.0207,0,Normal
2020-01-05 18:58:00,27.85,38.45,1448,43.9,145,6.657,10.6,0.0303,6365.5,0.021,0,Normal
2020-01-05 18:59:00,27.75,38.45,1671,33.5,148,5.862,10.7,0.02,4958.0,0.0214,0,Normal
2020-01-05 19:00:00,27.85,38.55,1670,31.3,150,5.474,10.7,0.0187,4695.0,0.0217,0,Normal
2020-01-05 19:01:00,27.85,38.55,1547,34.5,152,5.589,10.7,0.0223,5244.0,0.022,0,Normal
2020-01-05 19:02:00,27.85,38.45,1461,40.6,154,6.212,10.6,0.0278,6252.4,0.0223,0,Normal
2020-01-05 19:03:00,27.85,38.45,1609,35.8,156,6.032,10.6,0.0222,5584.8,0.0226,0,Normal
2020-01-05 19:04:00,27.75,38.35,1704,31.3,159,5.585,10.6,0.0184,4976.7,0.023,0,Normal
2020-01-05 19:05:00,27.85,38.35,1550,34.9,162,5.665,10.5,0.0225,5653.8,0.0235,0,Normal
2020-01-05 19:06:00,27.85,38.35,1530,43.9,165,7.034,10.5,0.0287,7243.5,0.0239,0,Normal
2020-01-05 19:07:00,27.75,38.15,1449,40.2,168,6.1,10.4,0.0277,6753.6,0.0243,0,Normal
2020-01-05 19:08:00,27.75,38.15,1613,32.7,170,5.523,10.4,0.0203,5559.0,0.0246,0,Normal
2020-01-05 19:09:00,27.65,38.05,1376,48.1,172,6.931,10.4,0.035,8273.2,0.0249,0,Normal
2020-01-05 19:10:00,27.65,38.05,1434,45.6,174,6.848,10.4,0.0318,7934.4,0.0252,0,Normal
2020-01-05 19:11:00,27.65,37.95,1480,41.1,176,6.37,10.3,0.0278,7233.6,0.0255,0,Normal
2020-01-05 19:12:00,27.65,38.05,1634,31.9,178,5.458,10.4,0.0195,5678.2,0.0257,0,Normal
2020-01-05 19:13:00,27.65,38.05,1481,38.5,181,5.971,10.4,0.026,6968.5,0.0262,0,Normal
2020-01-05 19:14:00,27.75,38.15,1668,28.9,183,5.048,10.4,0.0173,5288.7,0.0265,0,Normal
2020-01-05 19:15:00,27.85,38.25,1484,36.2,188,5.626,10.4,0.0244,6805.6,0.0272,0,Normal
2020-01-05 19:16:00,27.75,38.15,1603,31.8,190,5.338,10.4,0.0198,6042.0,0.0275,0,Normal
2020-01-05 19:17:00,27.85,38.25,1481,37.5,193,5.816,10.4,0.0253,7237.5,0.0279,0,Normal
2020-01-05 19:18:00,27.85,38.35,1559,31.8,195,5.192,10.5,0.0204,6201.0,0.0282,0,Normal
2020-01-05 19:19:00,27.85,38.35,1444,39.8,197,6.018,10.5,0.0276,7840.6,0.0285,0,Normal
2020-01-05 19:20:00,28.05,38.45,1423,48.0,199,7.153,10.4,0.0337,9552.0,0.0288,0,Normal
2020-01-05 19:21:00,27.95,38.45,1432,48.1,202,7.213,10.5,0.0336,9716.2,0.0292,0,Normal
2020-01-05 19:22:00,28.05,38.55,1463,48.3,204,7.4,10.5,0.033,9853.2,0.0295,0,Normal
2020-01-05 19:23:00,28.05,38.55,1433,49.3,206,7.398,10.5,0.0344,10155.8,0.0298,0,Normal
2020-01-05 19:24:00,28.05,38.45,1461,52.9,208,8.093,10.4,0.0362,11003.2,0.03,1,Overstrain_Failure
2020-01-05 19:25:00,27.95,38.45,1266,55.5,210,7.358,10.5,0.0438,11655.0,0.0303,0,Normal
2020-01-05 19:26:00,27.95,38.45,1417,53.4,0,7.924,10.5,0.0377,0.0,0.0,0,Normal
2020-01-05 19:27:00,27.95,38.45,1488,43.4,5,6.763,10.5,0.0292,217.0,0.0007,0,Normal
2020-01-05 19:28:00,27.95,38.55,1816,24.5,7,4.659,10.6,0.0135,171.5,0.001,0,Normal
2020-01-05 19:29:00,27.85,38.45,1301,55.0,9,7.493,10.6,0.0423,495.0,0.0013,0,Normal
2020-01-05 19:30:00,27.75,38.35,1836,21.8,12,4.191,10.6,0.0119,261.6,0.0017,0,Normal
2020-01-05 19:31:00,27.65,38.25,1521,39.9,15,6.355,10.6,0.0262,598.5,0.0022,0,Normal
2020-01-05 19:32:00,27.65,38.25,1322,67.2,18,9.303,10.6,0.0508,1209.6,0.0026,1,Power_Failure
2020-01-05 19:33:00,27.65,38.25,1492,40.6,20,6.343,10.6,0.0272,812.0,0.0029,0,Normal
2020-01-05 19:34:00,27.65,38.25,1536,40.9,22,6.579,10.6,0.0266,899.8,0.0032,0,Normal
2020-01-05 19:35:00,27.55,38.05,1878,24.3,24,4.779,10.5,0.0129,583.2,0.0035,0,Normal
2020-01-05 19:36:00,27.45,37.95,1471,40.7,26,6.27,10.5,0.0277,1058.2,0.0037,0,Normal
2020-01-05 19:37:00,27.45,37.95,1452,40.2,28,6.113,10.5,0.0277,1125.6,0.004,0,Normal
2020-01-05 19:38:00,27.55,38.05,1452,44.4,33,6.751,10.5,0.0306,1465.2,0.0048,0,Normal
2020-01-05 19:39:00,27.55,38.15,1348,53.0,35,7.482,10.6,0.0393,1855.0,0.005,0,Normal
2020-01-05 19:40:00,27.65,38.25,1453,44.6,38,6.786,10.6,0.0307,1694.8,0.0055,0,Normal
2020-01-05 19:41:00,27.65,38.25,1316,57.6,43,7.938,10.6,0.0438,2476.8,0.0062,0,Normal
2020-01-05 19:42:00,27.65,38.25,1732,26.9,45,4.879,10.6,0.0155,1210.5,0.0065,0,Normal
2020-01-05 19:43:00,27.55,38.15,1522,35.2,48,5.61,10.6,0.0231,1689.6,0.0069,0,Normal
2020-01-05 19:44:00,27.55,38.15,1487,39.8,50,6.198,10.6,0.0268,1990.0,0.0072,0,Normal
2020-01-05 19:45:00,27.65,38.25,1852,22.2,53,4.305,10.6,0.012,1176.6,0.0076,0,Normal
2020-01-05 19:46:00,27.55,38.05,1486,46.8,56,7.283,10.5,0.0315,2620.8,0.0081,0,Normal
2020-01-05 19:47:00,27.55,38.15,1562,37.1,58,6.069,10.6,0.0238,2151.8,0.0083,0,Normal
2020-01-05 19:48:00,27.55,38.05,1457,51.4,61,7.842,10.5,0.0353,3135.4,0.0088,0,Normal
2020-01-05 19:49:00,27.55,38.05,1769,26.5,63,4.909,10.5,0.015,1669.5,0.0091,0,Normal
2020-01-05 19:50:00,27.55,38.15,1374,53.1,66,7.64,10.6,0.0386,3504.6,0.0095,0,Normal
2020-01-05 19:51:00,27.65,38.15,1524,43.5,71,6.942,10.5,0.0285,3088.5,0.0102,0,Normal
2020-01-05 19:52:00,27.65,38.15,1498,40.2,73,6.306,10.5,0.0268,2934.6,0.0105,0,Normal
2020-01-05 19:53:00,27.65,38.15,1462,41.4,75,6.338,10.5,0.0283,3105.0,0.0108,0,Normal
2020-01-05 19:54:00,27.65,38.05,1429,52.3,77,7.826,10.4,0.0366,4027.1,0.0111,0,Normal
2020-01-05 19:55:00,27.55,38.05,1399,47.9,80,7.017,10.5,0.0342,3832.0,0.0115,0,Normal
2020-01-05 19:56:00,27.65,38.05,1434,39.1,82,5.872,10.4,0.0273,3206.2,0.0118,0,Normal
2020-01-05 19:57:00,27.55,37.95,1324,52.2,85,7.237,10.4,0.0394,4437.0,0.0122,0,Normal
2020-01-05 19:58:00,27.45,37.85,1563,40.7,87,6.662,10.4,0.026,3540.9,0.0125,0,Normal
2020-01-05 19:59:00,27.45,37.85,1543,34.7,89,5.607,10.4,0.0225,3088.3,0.0128,0,Normal
2020-01-05 20:00:00,27.55,37.85,1413,52.0,91,7.694,10.3,0.0368,4732.0,0.0131,0,Normal
2020-01-05 20:01:00,27.55,37.85,1378,41.2,93,5.945,10.3,0.0299,3831.6,0.0134,0,Normal
2020-01-05 20:02:00,27.55,37.95,1373,49.9,96,7.175,10.4,0.0363,4790.4,0.0138,0,Normal
2020-01-05 20:03:00,27.55,37.85,1981,19.9,99,4.128,10.3,0.01,1970.1,0.0142,0,Normal
2020-01-05 20:04:00,27.55,37.85,1263,52.3,104,6.917,10.3,0.0414,5439.2,0.0149,0,Normal
2020-01-05 20:05:00,27.55,37.85,1312,52.1,107,7.158,10.3,0.0397,5574.7,0.0154,0,Normal
2020-01-05 20:06:00,27.55,37.85,1969,20.7,109,4.268,10.3,0.0105,2256.3,0.0156,0,Normal
2020-01-05 20:07:00,27.65,38.05,1365,51.7,111,7.39,10.4,0.0379,5738.7,0.0159,0,Normal
2020-01-05 20:08:00,27.75,38.05,1789,25.5,114,4.777,10.3,0.0143,2907.0,0.0164,0,Normal
2020-01-05 20:09:00,27.65,37.95,1583,32.1,116,5.321,10.3,0.0203,3723.6,0.0166,0,Normal
2020-01-05 20:10:00,27.55,37.85,1436,44.9,119,6.752,10.3,0.0313,5343.1,0.0171,0,Normal
2020-01-05 20:11:00,27.55,37.85,1559,42.8,121,6.987,10.3,0.0275,5178.8,0.0174,0,Normal
2020-01-05 20:12:00,27.55,37.85,1377,49.9,124,7.196,10.3,0.0362,6187.6,0.0178,0,Normal
2020-01-05 20:13:00,27.55,37.85,1462,41.9,126,6.415,10.3,0.0287,5279.4,0.0181,0,Normal
2020-01-05 20:14:00,27.55,37.85,1318,48.2,128,6.653,10.3,0.0366,6169.6,0.0184,0,Normal
2020-01-05 20:15:00,27.55,37.85,1378,51.6,130,7.446,10.3,0.0374,6708.0,0.0186,0,Normal
2020-01-05 20:16:00,27.45,37.75,1344,46.7,133,6.573,10.3,0.0347,6211.1,0.0191,0,Normal
2020-01-05 20:17:00,27.55,37.95,2377,14.3,135,3.56,10.4,0.006,1930.5,0.0193,0,Normal
2020-01-05 20:18:00,27.55,37.95,1427,50.3,137,7.517,10.4,0.0352,6891.1,0.0196,0,Normal
2020-01-05 20:19:00,27.75,38.05,1353,60.4,139,8.558,10.3,0.0446,8395.6,0.0199,0,Normal
2020-01-05 20:20:00,27.65,38.15,1505,45.5,141,7.171,10.5,0.0302,6415.5,0.0202,0,Normal
2020-01-05 20:21:00,27.65,38.05,1612,32.5,143,5.486,10.4,0.0202,4647.5,0.0205,0,Normal
2020-01-05 20:22:00,27.55,37.95,1440,43.0,148,6.484,10.4,0.0299,6364.0,0.0212,0,Normal
2020-01-05 20:23:00,27.55,37.85,1334,53.9,150,7.53,10.3,0.0404,8085.0,0.0215,0,Normal
2020-01-05 20:24:00,27.55,37.85,1706,25.0,153,4.466,10.3,0.0147,3825.0,0.0219,0,Normal
2020-01-05 20:25:00,27.65,37.95,1698,24.8,156,4.41,10.3,0.0146,3868.8,0.0223,0,Normal
2020-01-05 20:26:00,27.55,37.95,1688,30.7,161,5.427,10.4,0.0182,4942.7,0.023,0,Normal
2020-01-05 20:27:00,27.55,37.95,2437,13.8,163,3.522,10.4,0.0057,2249.4,0.0233,0,Normal
2020-01-05 20:28:00,27.55,37.95,1478,46.8,165,7.244,10.4,0.0317,7722.0,0.0236,0,Normal
2020-01-05 20:29:00,27.55,37.95,1608,35.3,167,5.944,10.4,0.022,5895.1,0.0239,0,Normal
2020-01-05 20:30:00,27.55,37.95,2478,13.4,170,3.477,10.4,0.0054,2278.0,0.0243,1,Power_Failure
2020-01-05 20:31:00,27.65,37.95,1509,33.4,172,5.278,10.3,0.0221,5744.8,0.0246,0,Normal
2020-01-05 20:32:00,27.55,37.85,1596,36.9,174,6.167,10.3,0.0231,6420.6,0.0249,0,Normal
2020-01-05 20:33:00,27.55,37.85,1740,25.6,176,4.665,10.3,0.0147,4505.6,0.0252,0,Normal
2020-01-05 20:34:00,27.45,37.65,1375,53.2,179,7.66,10.2,0.0387,9522.8,0.0256,0,Normal
2020-01-05 20:35:00,27.45,37.55,1705,31.2,181,5.571,10.1,0.0183,5647.2,0.0259,0,Normal
2020-01-05 20:36:00,27.35,37.45,1621,32.0,184,5.432,10.1,0.0197,5888.0,0.0263,0,Normal
2020-01-05 20:37:00,27.45,37.55,1566,38.2,187,6.264,10.1,0.0244,7143.4,0.0267,0,Normal
2020-01-05 20:38:00,27.45,37.55,1388,42.9,190,6.236,10.1,0.0309,8151.0,0.0271,0,Normal
2020-01-05 20:39:00,27.45,37.55,1457,36.7,193,5.6,10.1,0.0252,7083.1,0.0276,0,Normal
2020-01-05 20:40:00,27.45,37.45,1463,45.5,196,6.971,10.0,0.0311,8918.0,0.028,0,Normal
2020-01-05 20:41:00,27.35,37.35,1564,38.2,199,6.256,10.0,0.0244,7601.8,0.0284,0,Normal
2020-01-05 20:42:00,27.35,37.45,1411,47.2,201,6.974,10.1,0.0335,9487.2,0.0287,0,Normal
2020-01-05 20:43:00,27.35,37.45,1540,46.7,206,7.531,10.1,0.0303,9620.2,0.0294,0,Normal
2020-01-05 20:44:00,27.35,37.45,1950,20.3,208,4.145,10.1,0.0104,4222.4,0.0297,0,Normal
2020-01-05 20:45:00,27.45,37.55,1339,52.9,0,7.418,10.1,0.0395,0.0,0.0,0,Normal
2020-01-05 20:46:00,27.45,37.45,1419,39.6,3,5.884,10.0,0.0279,118.8,0.0004,0,Normal
2020-01-05 20:47:00,27.35,37.45,1499,45.2,8,7.095,10.1,0.0302,361.6,0.0011,0,Normal
2020-01-05 20:48:00,27.35,37.45,1368,49.6,10,7.106,10.1,0.0363,496.0,0.0014,0,Normal
2020-01-05 20:49:00,27.35,37.35,1536,36.2,12,5.823,10.0,0.0236,434.4,0.0017,0,Normal
2020-01-05 20:50:00,27.35,37.35,1469,42.9,14,6.599,10.0,0.0292,600.6,0.002,0,Normal
2020-01-05 20:51:00,27.35,37.35,2633,12.2,17,3.364,10.0,0.0046,207.4,0.0024,1,Power_Failure
2020-01-05 20:52:00,27.25,37.25,1298,61.4,19,8.346,10.0,0.0473,1166.6,0.0027,0,Normal
2020-01-05 20:53:00,27.25,37.25,1544,36.3,21,5.869,10.0,0.0235,762.3,0.003,0,Normal
2020-01-05 20:54:00,27.35,37.35,1403,47.7,24,7.008,10.0,0.034,1144.8,0.0034,0,Normal
2020-01-05 20:55:00,27.35,37.35,1452,42.9,29,6.523,10.0,0.0295,1244.1,0.0041,0,Normal
2020-01-05 20:56:00,27.45,37.35,1509,43.1,31,6.811,9.9,0.0286,1336.1,0.0044,0,Normal
2020-01-05 20:57:00,27.55,37.45,1474,37.0,33,5.711,9.9,0.0251,1221.0,0.0047,0,Normal
2020-01-05 20:58:00,27.55,37.55,1377,46.7,36,6.734,10.0,0.0339,1681.2,0.0051,0,Normal
2020-01-05 20:59:00,27.65,37.65,1741,27.1,39,4.941,10.0,0.0156,1056.9,0.0056,0,Normal
2020-01-05 21:00:00,27.65,37.65,1460,53.8,41,8.226,10.0,0.0368,2205.8,0.0058,0,Normal
2020-01-05 21:01:00,27.55,37.45,1631,32.6,43,5.568,9.9,0.02,1401.8,0.0061,0,Normal
2020-01-05 21:02:00,27.55,37.35,1561,33.2,48,5.427,9.8,0.0213,1593.6,0.0068,0,Normal
2020-01-05 21:03:00,27.55,37.45,1572,38.5,50,6.338,9.9,0.0245,1925.0,0.0071,0,Normal
2020-01-05 21:04:00,27.45,37.45,2127,18.7,53,4.165,10.0,0.0088,991.1,0.0075,0,Normal
2020-01-05 21:05:00,27.45,37.45,1448,44.7,55,6.778,10.0,0.0309,2458.5,0.0078,0,Normal
2020-01-05 21:06:00,27.45,37.55,1543,39.6,60,6.399,10.1,0.0257,2376.0,0.0085,0,Normal
2020-01-05 21:07:00,27.45,37.45,1508,34.8,62,5.496,10.0,0.0231,2157.6,0.0088,0,Normal
2020-01-05 21:08:00,27.45,37.45,1403,50.4,64,7.405,10.0,0.0359,3225.6,0.0091,0,Normal
2020-01-05 21:09:00,27.45,37.45,1454,39.7,67,6.045,10.0,0.0273,2659.9,0.0095,0,Normal
2020-01-05 21:10:00,27.55,37.65,1772,27.3,69,5.066,10.1,0.0154,1883.7,0.0098,0,Normal
2020-01-05 21:11:00,27.55,37.65,1479,49.1,71,7.605,10.1,0.0332,3486.1,0.0101,0,Normal
2020-01-05 21:12:00,27.55,37.75,1723,31.0,73,5.593,10.2,0.018,2263.0,0.0104,0,Normal
2020-01-05 21:13:00,27.55,37.65,1469,46.4,75,7.138,10.1,0.0316,3480.0,0.0107,0,Normal
2020-01-05 21:14:00,27.45,37.45,1830,26.2,78,5.021,10.0,0.0143,2043.6,0.0111,0,Normal
2020-01-05 21:15:00,27.45,37.45,1497,38.2,83,5.988,10.0,0.0255,3170.6,0.0118,0,Normal
2020-01-05 21:16:00,27.55,37.45,1540,52.7,85,8.499,9.9,0.0342,4479.5,0.0121,0,Normal
2020-01-05 21:17:00,27.45,37.45,1514,39.5,87,6.263,10.0,0.0261,3436.5,0.0124,0,Normal
2020-01-05 21:18:00,27.55,37.45,1654,34.2,89,5.924,9.9,0.0207,3043.8,0.0126,0,Normal
2020-01-05 21:19:00,27.45,37.35,1519,37.0,91,5.886,9.9,0.0244,3367.0,0.0129,0,Normal
2020-01-05 21:20:00,27.55,37.45,1720,30.3,96,5.458,9.9,0.0176,2908.8,0.0136,0,Normal
2020-01-05 21:21:00,27.45,37.35,1470,37.7,98,5.803,9.9,0.0256,3694.6,0.0139,0,Normal
2020-01-05 21:22:00,27.45,37.35,1642,29.9,100,5.141,9.9,0.0182,2990.0,0.0142,0,Normal
2020-01-05 21:23:00,27.55,37.45,2006,19.1,102,4.012,9.9,0.0095,1948.2,0.0145,0,Normal
2020-01-05 21:24:00,27.55,37.45,1505,35.6,105,5.611,9.9,0.0237,3738.0,0.0149,0,Normal
2020-01-05 21:25:00,27.55,37.45,1609,27.6,108,4.65,9.9,0.0172,2980.8,0.0153,0,Normal
2020-01-05 21:26:00,27.55,37.35,1863,22.2,111,4.331,9.8,0.0119,2464.2,0.0158,0,Normal
2020-01-05 21:27:00,27.45,37.25,1401,42.6,114,6.25,9.8,0.0304,4856.4,0.0162,0,Normal
2020-01-05 21:28:00,27.45,37.25,2007,19.8,116,4.161,9.8,0.0099,2296.8,0.0165,0,Normal
2020-01-05 21:29:00,27.45,37.25,1494,47.3,118,7.4,9.8,0.0317,5581.4,0.0167,0,Normal
2020-01-05 21:30:00,27.45,37.25,1457,47.7,120,7.278,9.8,0.0327,5724.0,0.017,0,Normal
2020-01-05 21:31:00,27.45,37.25,1556,37.7,122,6.143,9.8,0.0242,4599.4,0.0173,0,Normal
2020-01-05 21:32:00,27.45,37.25,1510,42.8,124,6.768,9.8,0.0283,5307.2,0.0176,0,Normal
2020-01-05 21:33:00,27.55,37.35,1567,38.7,129,6.351,9.8,0.0247,4992.3,0.0183,0,Normal
2020-01-05 21:34:00,27.55,37.35,1476,43.1,134,6.662,9.8,0.0292,5775.4,0.019,0,Normal
2020-01-05 21:35:00,27.65,37.45,1663,30.6,139,5.329,9.8,0.0184,4253.4,0.0197,0,Normal
2020-01-05 21:36:00,27.65,37.35,1409,50.6,141,7.466,9.7,0.0359,7134.6,0.02,0,Normal
2020-01-05 21:37:00,27.65,37.45,1666,36.2,144,6.316,9.8,0.0217,5212.8,0.0204,0,Normal
2020-01-05 21:38:00,27.55,37.45,1520,45.9,146,7.306,9.9,0.0302,6701.4,0.0207,0,Normal
2020-01-05 21:39:00,27.45,37.35,1644,33.8,148,5.819,9.9,0.0206,5002.4,0.021,0,Normal
2020-01-05 21:40:00,27.45,37.25,1479,35.6,150,5.514,9.8,0.0241,5340.0,0.0212,0,Normal
2020-01-05 21:41:00,27.45,37.25,1446,49.7,155,7.526,9.8,0.0344,7703.5,0.0219,0,Normal
2020-01-05 21:42:00,27.45,37.25,1407,51.1,157,7.529,9.8,0.0363,8022.7,0.0222,0,Normal
2020-01-05 21:43:00,27.55,37.25,1234,51.7,160,6.681,9.7,0.0419,8272.0,0.0227,0,Normal
2020-01-05 21:44:00,27.65,37.35,1696,29.7,162,5.275,9.7,0.0175,4811.4,0.0229,0,Normal
2020-01-05 21:45:00,27.65,37.45,1384,52.9,165,7.667,9.8,0.0382,8728.5,0.0234,0,Normal
2020-01-05 21:46:00,27.65,37.55,1572,36.2,167,5.959,9.9,0.023,6045.4,0.0236,0,Normal
2020-01-05 21:47:00,27.65,37.55,1386,42.1,170,6.11,9.9,0.0304,7157.0,0.0241,0,Normal
2020-01-05 21:48:00,27.65,37.55,1461,42.8,173,6.548,9.9,0.0293,7404.4,0.0245,0,Normal
2020-01-05 21:49:00,27.65,37.55,1525,39.4,175,6.292,9.9,0.0258,6895.0,0.0248,0,Normal
2020-01-05 21:50:00,27.55,37.55,1333,61.0,177,8.515,10.0,0.0458,10797.0,0.025,0,Normal
2020-01-05 21:51:00,27.55,37.45,1505,40.6,179,6.399,9.9,0.027,7267.4,0.0253,0,Normal
2020-01-05 21:52:00,27.55,37.45,1439,41.7,184,6.284,9.9,0.029,7672.8,0.026,0,Normal
2020-01-05 21:53:00,27.55,37.45,1491,43.2,187,6.745,9.9,0.029,8078.4,0.0264,0,Normal
2020-01-05 21:54:00,27.55,37.45,1488,39.2,189,6.108,9.9,0.0263,7408.8,0.0267,0,Normal
2020-01-05 21:55:00,27.55,37.35,1536,47.4,192,7.624,9.8,0.0309,9100.8,0.0271,0,Normal
2020-01-05 21:56:00,27.55,37.35,1960,21.0,194,4.31,9.8,0.0107,4074.0,0.0274,0,Normal
2020-01-05 21:57:00,27.55,37.35,1594,31.0,196,5.175,9.8,0.0194,6076.0,0.0277,0,Normal
2020-01-05 21:58:00,27.55,37.35,1357,52.6,199,7.475,9.8,0.0388,10467.4,0.0281,0,Normal
2020-01-05 21:59:00,27.55,37.35,1445,41.1,201,6.219,9.8,0.0284,8261.1,0.0284,0,Normal
2020-01-05 22:00:00,27.55,37.25,1543,47.3,203,7.643,9.7,0.0307,9601.9,0.0287,0,Normal
2020-01-05 22:01:00,27.55,37.25,1366,52.6,205,7.524,9.7,0.0385,10783.0,0.0289,0,Normal
2020-01-05 22:02:00,27.55,37.15,1458,40.0,207,6.107,9.6,0.0274,8280.0,0.0292,0,Normal
2020-01-05 22:03:00,27.55,37.25,1416,61.8,209,9.164,9.7,0.0436,12916.2,0.0295,1,Power_Failure
2020-01-05 22:04:00,27.45,37.15,1794,24.4,211,4.584,9.7,0.0136,5148.4,0.0298,0,Normal
2020-01-05 22:05:00,27.45,37.15,1484,41.0,213,6.372,9.7,0.0276,8733.0,0.0301,0,Normal
2020-01-05 22:06:00,27.45,37.25,2514,13.4,215,3.528,9.8,0.0053,2881.0,0.0303,0,Normal
2020-01-05 22:07:00,27.45,37.15,1648,30.5,217,5.264,9.7,0.0185,6618.5,0.0306,1,Tool_Wear_Failure
2020-01-05 22:08:00,27.45,37.15,1614,32.7,0,5.527,9.7,0.0203,0.0,0.0,0,Normal
2020-01-05 22:09:00,27.45,37.05,1622,34.1,3,5.792,9.6,0.021,102.3,0.0004,0,Normal
2020-01-05 22:10:00,27.45,37.05,1478,40.1,5,6.207,9.6,0.0271,200.5,0.0007,0,Normal
2020-01-05 22:11:00,27.45,37.05,1318,51.0,8,7.039,9.6,0.0387,408.0,0.0011,0,Normal
2020-01-05 22:12:00,27.55,37.05,1493,35.9,10,5.613,9.5,0.024,359.0,0.0014,0,Normal
2020-01-05 22:13:00,27.55,37.15,1369,50.7,12,7.268,9.6,0.037,608.4,0.0017,0,Normal
2020-01-05 22:14:00,27.45,37.05,1447,45.9,17,6.955,9.6,0.0317,780.3,0.0024,0,Normal
2020-01-05 22:15:00,27.45,36.95,1485,49.9,19,7.76,9.5,0.0336,948.1,0.0027,0,Normal
2020-01-05 22:16:00,27.45,37.05,1489,47.8,21,7.453,9.6,0.0321,1003.8,0.003,0,Normal
2020-01-05 22:17:00,27.45,37.05,1233,52.3,23,6.753,9.6,0.0424,1202.9,0.0032,0,Normal
2020-01-05 22:18:00,27.55,37.05,1642,32.6,26,5.606,9.5,0.0199,847.6,0.0037,0,Normal
2020-01-05 22:19:00,27.55,37.05,1373,44.1,28,6.341,9.5,0.0321,1234.8,0.0039,0,Normal
2020-01-05 22:20:00,27.55,37.05,1569,32.8,31,5.389,9.5,0.0209,1016.8,0.0044,0,Normal
2020-01-05 22:21:00,27.65,37.05,1850,22.8,33,4.417,9.4,0.0123,752.4,0.0046,0,Normal
2020-01-05 22:22:00,27.65,37.15,1494,42.2,35,6.602,9.5,0.0282,1477.0,0.0049,0,Normal
2020-01-05 22:23:00,27.65,37.15,1777,30.1,38,5.601,9.5,0.0169,1143.8,0.0053,0,Normal
2020-01-05 22:24:00,27.75,37.25,1454,43.1,43,6.563,9.5,0.0296,1853.3,0.0061,0,Normal
2020-01-05 22:25:00,27.75,37.25,1536,34.2,45,5.501,9.5,0.0223,1539.0,0.0063,0,Normal
2020-01-05 22:26:00,27.65,37.35,1482,39.0,47,6.053,9.7,0.0263,1833.0,0.0066,0,Normal
2020-01-05 22:27:00,27.75,37.35,1512,41.2,49,6.523,9.6,0.0272,2018.8,0.0069,0,Normal
2020-01-05 22:28:00,27.65,37.35,1511,35.8,54,5.665,9.7,0.0237,1933.2,0.0076,0,Normal
2020-01-05 22:29:00,27.75,37.35,1599,40.5,57,6.782,9.6,0.0253,2308.5,0.008,0,Normal
2020-01-05 22:30:00,27.65,37.25,1518,36.0,59,5.723,9.6,0.0237,2124.0,0.0083,0,Normal
2020-01-05 22:31:00,27.65,37.25,1450,39.4,62,5.983,9.6,0.0272,2442.8,0.0087,0,Normal
2020-01-05 22:32:00,27.75,37.25,1427,47.0,65,7.023,9.5,0.0329,3055.0,0.0091,0,Normal
2020-01-05 22:33:00,27.75,37.25,1561,32.7,67,5.345,9.5,0.0209,2190.9,0.0094,0,Normal
2020-01-05 22:34:00,27.75,37.25,1457,43.8,69,6.683,9.5,0.0301,3022.2,0.0097,0,Normal
2020-01-05 22:35:00,27.85,37.45,1460,53.6,74,8.195,9.6,0.0367,3966.4,0.0104,0,Normal
2020-01-05 22:36:00,27.85,37.35,1601,33.2,77,5.566,9.5,0.0207,2556.4,0.0108,0,Normal
2020-01-05 22:37:00,27.75,37.35,1570,40.1,79,6.593,9.6,0.0255,3167.9,0.0111,0,Normal
2020-01-05 22:38:00,27.75,37.35,1565,35.9,81,5.884,9.6,0.0229,2907.9,0.0114,0,Normal
2020-01-05 22:39:00,27.85,37.35,1378,44.4,83,6.407,9.5,0.0322,3685.2,0.0117,0,Normal
2020-01-05 22:40:00,27.75,37.35,2288,16.1,85,3.858,9.6,0.007,1368.5,0.0119,0,Normal
2020-01-05 22:41:00,27.75,37.25,1375,44.7,87,6.436,9.5,0.0325,3888.9,0.0122,0,Normal
2020-01-05 22:42:00,27.75,37.25,1788,27.8,90,5.205,9.5,0.0155,2502.0,0.0126,0,Normal
2020-01-05 22:43:00,27.75,37.25,1576,40.4,92,6.668,9.5,0.0256,3716.8,0.0129,0,Normal
2020-01-05 22:44:00,27.65,37.15,1868,24.5,95,4.793,9.5,0.0131,2327.5,0.0133,0,Normal
2020-01-05 22:45:00,27.55,36.95,1261,56.6,98,7.474,9.4,0.0449,5546.8,0.0138,0,Normal
2020-01-05 22:46:00,27.45,36.85,1542,33.9,100,5.474,9.4,0.022,3390.0,0.014,0,Normal
2020-01-05 22:47:00,27.45,36.85,1438,53.8,103,8.102,9.4,0.0374,5541.4,0.0145,0,Normal
2020-01-05 22:48:00,27.45,36.85,1511,36.9,105,5.839,9.4,0.0244,3874.5,0.0147,0,Normal
2020-01-05 22:49:00,27.45,36.85,1635,31.0,107,5.308,9.4,0.019,3317.0,0.015,0,Normal
2020-01-05 22:50:00,27.45,36.75,1428,48.8,109,7.298,9.3,0.0342,5319.2,0.0153,0,Normal
2020-01-05 22:51:00,27.35,36.65,1410,44.4,111,6.556,9.3,0.0315,4928.4,0.0156,0,Normal
2020-01-05 22:52:00,27.35,36.75,1423,47.9,114,7.138,9.4,0.0337,5460.6,0.016,0,Normal
2020-01-05 22:53:00,27.35,36.75,1552,41.3,116,6.712,9.4,0.0266,4790.8,0.0163,0,Normal
2020-01-05 22:54:00,27.35,36.85,1406,50.2,119,7.391,9.5,0.0357,5973.8,0.0167,0,Normal
2020-01-05 22:55:00,27.35,36.75,1443,48.3,122,7.299,9.4,0.0335,5892.6,0.0171,0,Normal
2020-01-05 22:56:00,27.35,36.75,1343,63.7,124,8.959,9.4,0.0474,7898.8,0.0174,0,Normal
2020-01-05 22:57:00,27.45,36.85,1486,41.2,127,6.411,9.4,0.0277,5232.4,0.0178,0,Normal
2020-01-05 22:58:00,27.45,36.95,1297,50.0,130,6.791,9.5,0.0386,6500.0,0.0182,0,Normal
2020-01-05 22:59:00,27.45,36.95,1495,42.3,132,6.622,9.5,0.0283,5583.6,0.0185,0,Normal
2020-01-05 23:00:00,27.35,36.75,1382,46.5,134,6.73,9.4,0.0336,6231.0,0.0188,0,Normal
2020-01-05 23:01:00,27.25,36.65,1356,44.4,136,6.305,9.4,0.0327,6038.4,0.019,0,Normal
2020-01-05 23:02:00,27.15,36.55,1452,41.5,139,6.31,9.4,0.0286,5768.5,0.0195,0,Normal
2020-01-05 23:03:00,27.15,36.55,1582,30.8,144,5.103,9.4,0.0195,4435.2,0.0202,0,Normal
2020-01-05 23:04:00,27.25,36.65,1517,40.3,149,6.402,9.4,0.0266,6004.7,0.0209,0,Normal
2020-01-05 23:05:00,27.35,36.85,1413,44.5,152,6.585,9.5,0.0315,6764.0,0.0213,0,Normal
2020-01-05 23:06:00,27.25,36.75,1496,31.8,154,4.982,9.5,0.0213,4897.2,0.0215,0,Normal
2020-01-05 23:07:00,27.15,36.65,1466,41.2,156,6.325,9.5,0.0281,6427.2,0.0218,0,Normal
2020-01-05 23:08:00,27.15,36.65,1617,40.8,158,6.909,9.5,0.0252,6446.4,0.0221,0,Normal
2020-01-05 23:09:00,27.05,36.65,1506,41.8,161,6.592,9.6,0.0278,6729.8,0.0225,0,Normal
2020-01-05 23:10:00,27.05,36.65,1401,49.3,163,7.233,9.6,0.0352,8035.9,0.0228,0,Normal
2020-01-05 23:11:00,27.05,36.75,1906,22.9,165,4.571,9.7,0.012,3778.5,0.0231,0,Normal
2020-01-05 23:12:00,27.05,36.75,1566,36.4,170,5.969,9.7,0.0232,6188.0,0.0238,0,Normal
2020-01-05 23:13:00,27.05,36.85,1493,47.3,172,7.395,9.8,0.0317,8135.6,0.024,0,Normal
2020-01-05 23:14:00,27.15,36.95,1483,39.9,174,6.196,9.8,0.0269,6942.6,0.0243,0,Normal
2020-01-05 23:15:00,27.05,36.75,1569,31.2,176,5.126,9.7,0.0199,5491.2,0.0246,0,Normal
2020-01-05 23:16:00,27.05,36.85,1664,30.7,179,5.35,9.8,0.0184,5495.3,0.025,0,Normal
2020-01-05 23:17:00,27.05,36.85,1486,40.1,182,6.24,9.8,0.027,7298.2,0.0254,0,Normal
2020-01-05 23:18:00,27.05,36.85,1389,53.6,184,7.796,9.8,0.0386,9862.4,0.0257,0,Normal
2020-01-05 23:19:00,26.95,36.85,1511,41.7,186,6.598,9.9,0.0276,7756.2,0.026,0,Normal
2020-01-05 23:20:00,27.05,36.95,1485,40.5,188,6.298,9.9,0.0273,7614.0,0.0263,0,Normal
2020-01-05 23:21:00,27.05,37.05,1440,42.9,191,6.469,10.0,0.0298,8193.9,0.0267,0,Normal
2020-01-05 23:22:00,27.05,37.05,1378,43.9,193,6.335,10.0,0.0319,8472.7,0.0269,0,Normal
2020-01-05 23:23:00,26.95,36.95,1501,39.3,195,6.177,10.0,0.0262,7663.5,0.0272,0,Normal
2020-01-05 23:24:00,27.05,36.95,1474,44.0,198,6.792,9.9,0.0299,8712.0,0.0276,0,Normal
2020-01-05 23:25:00,27.05,36.95,1392,47.9,201,6.982,9.9,0.0344,9627.9,0.028,0,Normal
2020-01-05 23:26:00,27.15,37.05,1429,44.7,203,6.689,9.9,0.0313,9074.1,0.0283,0,Normal
2020-01-05 23:27:00,27.15,37.15,1362,60.3,206,8.6,10.0,0.0443,12421.8,0.0287,1,Overstrain_Failure
2020-01-05 23:28:00,27.15,37.15,1704,29.5,0,5.264,10.0,0.0173,0.0,0.0,0,Normal
2020-01-05 23:29:00,27.15,37.05,1492,52.3,2,8.171,9.9,0.0351,104.6,0.0003,0,Normal
2020-01-05 23:30:00,27.15,37.05,1442,39.5,4,5.965,9.9,0.0274,158.0,0.0006,0,Normal
2020-01-05 23:31:00,27.05,37.05,1438,51.5,7,7.755,10.0,0.0358,360.5,0.001,0,Normal
2020-01-05 23:32:00,26.95,36.95,1402,46.6,10,6.842,10.0,0.0332,466.0,0.0014,0,Normal
2020-01-05 23:33:00,26.95,36.95,1684,30.8,13,5.432,10.0,0.0183,400.4,0.0018,0,Normal
2020-01-05 23:34:00,27.05,37.05,1530,48.5,15,7.771,10.0,0.0317,727.5,0.0021,0,Normal
2020-01-05 23:35:00,26.95,36.95,1569,43.5,17,7.147,10.0,0.0277,739.5,0.0024,0,Normal
2020-01-05 23:36:00,26.95,36.95,1650,31.6,19,5.46,10.0,0.0192,600.4,0.0026,0,Normal
2020-01-05 23:37:00,27.05,37.05,1415,49.6,21,7.35,10.0,0.0351,1041.6,0.0029,0,Normal
2020-01-05 23:38:00,27.05,37.05,1600,31.5,23,5.278,10.0,0.0197,724.5,0.0032,0,Normal
2020-01-05 23:39:00,27.05,36.95,1523,42.3,25,6.746,9.9,0.0278,1057.5,0.0035,0,Normal
2020-01-05 23:40:00,27.05,37.05,1628,30.3,27,5.166,10.0,0.0186,818.1,0.0038,0,Normal
2020-01-05 23:41:00,27.05,37.15,1331,52.1,30,7.262,10.1,0.0391,1563.0,0.0042,0,Normal
2020-01-05 23:42:00,27.15,37.15,2158,16.8,32,3.797,10.0,0.0078,537.6,0.0045,0,Normal
2020-01-05 23:43:00,27.05,37.15,1445,50.9,34,7.702,10.1,0.0352,1730.6,0.0047,0,Normal
2020-01-05 23:44:00,27.05,37.15,1593,36.1,36,6.022,10.1,0.0227,1299.6,0.005,0,Normal
2020-01-05 23:45:00,27.15,37.25,1672,29.2,39,5.113,10.1,0.0175,1138.8,0.0054,0,Normal
2020-01-05 23:46:00,27.25,37.35,1644,31.4,41,5.406,10.1,0.0191,1287.4,0.0057,0,Normal
2020-01-05 23:47:00,27.25,37.35,1402,54.3,44,7.972,10.1,0.0387,2389.2,0.0061,0,Normal
2020-01-05 23:48:00,27.25,37.25,1286,56.8,46,7.649,10.0,0.0442,2612.8,0.0064,0,Normal
2020-01-05 23:49:00,27.25,37.25,1486,46.3,48,7.205,10.0,0.0312,2222.4,0.0067,0,Normal
2020-01-05 23:50:00,27.15,37.15,1345,46.3,50,6.521,10.0,0.0344,2315.0,0.007,0,Normal
2020-01-05 23:51:00,27.15,37.15,1629,34.1,52,5.817,10.0,0.0209,1773.2,0.0072,0,Normal
2020-01-05 23:52:00,27.05,37.05,1429,43.8,54,6.554,10.0,0.0307,2365.2,0.0075,0,Normal
2020-01-05 23:53:00,26.95,36.95,1306,64.7,57,8.849,10.0,0.0495,3687.9,0.0079,0,Normal
2020-01-05 23:54:00,26.95,36.95,1380,52.6,59,7.601,10.0,0.0381,3103.4,0.0082,0,Normal
2020-01-05 23:55:00,26.95,36.95,1443,49.3,61,7.45,10.0,0.0342,3007.3,0.0085,0,Normal
2020-01-05 23:56:00,26.95,36.95,1426,42.7,64,6.376,10.0,0.0299,2732.8,0.0089,0,Normal
2020-01-05 23:57:00,26.85,36.85,1486,41.8,69,6.505,10.0,0.0281,2884.2,0.0096,0,Normal
2020-01-05 23:58:00,26.85,36.75,1530,34.5,71,5.528,9.9,0.0225,2449.5,0.0099,0,Normal
2020-01-05 23:59:00,26.85,36.75,1507,41.4,74,6.533,9.9,0.0275,3063.6,0.0103,0,Normal
2020-01-06 00:00:00,26.85,36.75,1608,33.4,76,5.624,9.9,0.0208,2538.4,0.0106,0,Normal
2020-01-06 00:01:00,26.85,36.65,1474,40.6,78,6.267,9.8,0.0275,3166.8,0.0108,0,Normal
2020-01-06 00:02:00,26.85,36.55,1326,61.9,80,8.595,9.7,0.0467,4952.0,0.0111,0,Normal
2020-01-06 00:03:00,26.65,36.45,1434,48.0,82,7.208,9.8,0.0335,3936.0,0.0114,0,Normal
2020-01-06 00:04:00,26.65,36.45,1526,41.7,85,6.664,9.8,0.0273,3544.5,0.0118,0,Normal
2020-01-06 00:05:00,26.65,36.55,1483,39.6,87,6.15,9.9,0.0267,3445.2,0.0121,0,Normal
2020-01-06 00:06:00,26.65,36.55,1457,51.9,89,7.919,9.9,0.0356,4619.1,0.0123,0,Normal
2020-01-06 00:07:00,26.55,36.45,1540,34.4,91,5.548,9.9,0.0223,3130.4,0.0126,0,Normal
2020-01-06 00:08:00,26.65,36.55,1707,29.1,94,5.202,9.9,0.017,2735.4,0.013,0,Normal
2020-01-06 00:09:00,26.65,36.55,1624,34.2,96,5.816,9.9,0.0211,3283.2,0.0133,0,Normal
2020-01-06 00:10:00,26.65,36.45,1331,50.2,98,6.997,9.8,0.0377,4919.6,0.0136,0,Normal
2020-01-06 00:11:00,26.65,36.55,1431,40.3,101,6.039,9.9,0.0282,4070.3,0.014,0,Normal
2020-01-06 00:12:00,26.65,36.55,1705,28.5,103,5.089,9.9,0.0167,2935.5,0.0143,0,Normal
2020-01-06 00:13:00,26.65,36.65,1427,45.2,106,6.754,10.0,0.0317,4791.2,0.0147,0,Normal
2020-01-06 00:14:00,26.75,36.65,1625,41.2,109,7.011,9.9,0.0254,4490.8,0.0151,0,Normal
2020-01-06 00:15:00,26.75,36.65,1477,47.7,112,7.378,9.9,0.0323,5342.4,0.0155,0,Normal
2020-01-06 00:16:00,26.85,36.75,1651,28.1,114,4.858,9.9,0.017,3203.4,0.0158,0,Normal
2020-01-06 00:17:00,26.75,36.65,1716,28.2,117,5.068,9.9,0.0164,3299.4,0.0162,0,Normal
2020-01-06 00:18:00,26.75,36.65,1400,48.7,119,7.14,9.9,0.0348,5795.3,0.0165,0,Normal
2020-01-06 00:19:00,26.65,36.55,1556,37.7,124,6.143,9.9,0.0242,4674.8,0.0172,0,Normal
2020-01-06 00:20:00,26.65,36.55,1429,42.6,127,6.375,9.9,0.0298,5410.2,0.0176,0,Normal
2020-01-06 00:21:00,26.55,36.45,1433,49.6,129,7.443,9.9,0.0346,6398.4,0.0179,0,Normal
2020-01-06 00:22:00,26.65,36.55,1320,61.7,134,8.529,9.9,0.0467,8267.8,0.0186,0,Normal
2020-01-06 00:23:00,26.65,36.45,1374,51.6,137,7.424,9.8,0.0376,7069.2,0.019,0,Normal
2020-01-06 00:24:00,26.65,36.45,1598,31.0,139,5.188,9.8,0.0194,4309.0,0.0192,0,Normal
2020-01-06 00:25:00,26.65,36.55,1910,21.8,141,4.36,9.9,0.0114,3073.8,0.0195,0,Normal
2020-01-06 00:26:00,26.55,36.45,1399,51.3,144,7.516,9.9,0.0367,7387.2,0.0199,0,Normal
2020-01-06 00:27:00,26.55,36.45,1720,27.1,146,4.881,9.9,0.0158,3956.6,0.0202,0,Normal
2020-01-06 00:28:00,26.65,36.55,1368,47.4,148,6.79,9.9,0.0346,7015.2,0.0205,0,Normal
2020-01-06 00:29:00,26.65,36.65,1749,33.4,153,6.117,10.0,0.0191,5110.2,0.0212,0,Normal
2020-01-06 00:30:00,26.65,36.65,1542,39.4,155,6.362,10.0,0.0256,6107.0,0.0214,0,Normal
2020-01-06 00:31:00,26.65,36.75,1553,36.6,157,5.952,10.1,0.0236,5746.2,0.0217,0,Normal
2020-01-06 00:32:00,26.75,36.75,1639,42.1,159,7.226,10.0,0.0257,6693.9,0.022,0,Normal
2020-01-06 00:33:00,26.75,36.85,1447,45.9,162,6.955,10.1,0.0317,7435.8,0.0224,0,Normal
2020-01-06 00:34:00,26.65,36.85,1397,48.1,164,7.037,10.2,0.0344,7888.4,0.0227,0,Normal
2020-01-06 00:35:00,26.65,36.85,1361,53.8,167,7.668,10.2,0.0395,8984.6,0.0231,0,Normal
2020-01-06 00:36:00,26.65,36.85,1460,37.1,169,5.672,10.2,0.0254,6269.9,0.0234,0,Normal
2020-01-06 00:37:00,26.65,36.85,1632,33.7,172,5.759,10.2,0.0206,5796.4,0.0238,0,Normal
2020-01-06 00:38:00,26.65,36.85,1697,36.0,175,6.398,10.2,0.0212,6300.0,0.0242,0,Normal
2020-01-06 00:39:00,26.65,36.95,1553,42.0,177,6.83,10.3,0.027,7434.0,0.0244,0,Normal
2020-01-06 00:40:00,26.75,36.95,1362,56.3,179,8.03,10.2,0.0413,10077.7,0.0247,0,Normal
2020-01-06 00:41:00,26.75,36.85,1484,42.1,182,6.543,10.1,0.0284,7662.2,0.0251,0,Normal
2020-01-06 00:42:00,26.75,36.95,1447,51.4,185,7.789,10.2,0.0355,9509.0,0.0255,0,Normal
2020-01-06 00:43:00,26.85,37.05,1393,51.2,190,7.469,10.2,0.0368,9728.0,0.0262,0,Normal
2020-01-06 00:44:00,26.85,37.05,1760,26.9,193,4.958,10.2,0.0153,5191.7,0.0266,0,Normal
2020-01-06 00:45:00,26.85,36.95,1477,34.6,195,5.352,10.1,0.0234,6747.0,0.0269,0,Normal
2020-01-06 00:46:00,26.75,36.95,1681,29.1,197,5.123,10.2,0.0173,5732.7,0.0272,0,Normal
2020-01-06 00:47:00,26.85,36.95,1314,53.5,199,7.362,10.1,0.0407,10646.5,0.0275,0,Normal
2020-01-06 00:48:00,26.85,36.95,1762,28.0,202,5.166,10.1,0.0159,5656.0,0.0279,0,Normal
2020-01-06 00:49:00,26.75,36.85,1402,44.7,204,6.563,10.1,0.0319,9118.8,0.0281,0,Normal
2020-01-06 00:50:00,26.95,37.05,1429,42.0,206,6.285,10.1,0.0294,8652.0,0.0284,0,Normal
2020-01-06 00:51:00,27.05,37.15,1448,40.1,209,6.081,10.1,0.0277,8380.9,0.0288,0,Normal
2020-01-06 00:52:00,27.05,37.25,1501,42.9,212,6.743,10.2,0.0286,9094.8,0.0292,0,Normal
2020-01-06 00:53:00,27.15,37.35,1522,39.1,217,6.232,10.2,0.0257,8484.7,0.0299,0,Normal
2020-01-06 00:54:00,27.15,37.25,1493,37.5,219,5.863,10.1,0.0251,8212.5,0.0302,0,Normal
2020-01-06 00:55:00,27.05,37.15,1704,29.4,221,5.246,10.1,0.0173,6497.4,0.0305,0,Normal
2020-01-06 00:56:00,27.05,37.15,1408,42.5,0,6.266,10.1,0.0302,0.0,0.0,0,Normal
2020-01-06 00:57:00,27.05,37.25,1518,41.8,5,6.645,10.2,0.0275,209.0,0.0007,0,Normal
2020-01-06 00:58:00,27.15,37.25,1742,25.9,7,4.725,10.1,0.0149,181.3,0.001,0,Normal
2020-01-06 00:59:00,27.25,37.35,1500,43.0,9,6.754,10.1,0.0287,387.0,0.0012,0,Normal
2020-01-06 01:00:00,27.25,37.35,2424,14.5,12,3.681,10.1,0.006,174.0,0.0017,0,Normal
2020-01-06 01:01:00,27.25,37.35,1818,25.1,14,4.779,10.1,0.0138,351.4,0.0019,0,Normal
2020-01-06 01:02:00,27.25,37.45,1545,35.6,16,5.76,10.2,0.023,569.6,0.0022,0,Normal
2020-01-06 01:03:00,27.25,37.45,1429,46.9,19,7.018,10.2,0.0328,891.1,0.0026,0,Normal
2020-01-06 01:04:00,27.25,37.45,1448,44.9,21,6.808,10.2,0.031,942.9,0.0029,0,Normal
2020-01-06 01:05:00,27.25,37.45,1384,48.7,24,7.058,10.2,0.0352,1168.8,0.0033,0,Normal
2020-01-06 01:06:00,27.25,37.35,1578,32.8,26,5.42,10.1,0.0208,852.8,0.0036,0,Normal
2020-01-06 01:07:00,27.35,37.35,1695,26.7,28,4.739,10.0,0.0158,747.6,0.0039,0,Normal
2020-01-06 01:08:00,27.35,37.45,1543,36.2,30,5.849,10.1,0.0235,1086.0,0.0041,0,Normal
2020-01-06 01:09:00,27.25,37.35,1540,33.4,32,5.386,10.1,0.0217,1068.8,0.0044,0,Normal
2020-01-06 01:10:00,27.05,37.25,1808,25.8,35,4.885,10.2,0.0143,903.0,0.0048,0,Normal
2020-01-06 01:11:00,27.15,37.25,1293,49.7,37,6.73,10.1,0.0384,1838.9,0.0051,0,Normal
2020-01-06 01:12:00,27.05,37.15,1202,59.5,40,7.489,10.1,0.0495,2380.0,0.0055,0,Normal
2020-01-06 01:13:00,27.05,37.15,1704,29.2,42,5.211,10.1,0.0171,1226.4,0.0058,0,Normal
2020-01-06 01:14:00,27.05,37.15,1478,38.1,45,5.897,10.1,0.0258,1714.5,0.0062,0,Normal
2020-01-06 01:15:00,27.05,37.15,1514,38.7,48,6.136,10.1,0.0256,1857.6,0.0066,0,Normal
2020-01-06 01:16:00,26.95,37.15,1350,48.8,50,6.899,10.2,0.0361,2440.0,0.0069,0,Normal
2020-01-06 01:17:00,26.95,37.05,1475,54.2,53,8.372,10.1,0.0367,2872.6,0.0073,0,Normal
2020-01-06 01:18:00,26.85,36.95,1714,28.7,55,5.151,10.1,0.0167,1578.5,0.0076,0,Normal
2020-01-06 01:19:00,26.85,36.95,1465,40.9,60,6.275,10.1,0.0279,2454.0,0.0082,0,Normal
2020-01-06 01:20:00,26.75,37.05,1288,69.6,62,9.388,10.3,0.054,4315.2,0.0085,1,Power_Failure
2020-01-06 01:21:00,26.85,37.05,1675,29.7,64,5.21,10.2,0.0177,1900.8,0.0088,0,Normal
2020-01-06 01:22:00,26.85,37.05,1486,36.4,66,5.664,10.2,0.0245,2402.4,0.0091,0,Normal
2020-01-06 01:23:00,26.85,37.05,1443,58.7,68,8.87,10.2,0.0407,3991.6,0.0093,0,Normal
2020-01-06 01:24:00,26.95,37.15,1345,57.1,71,8.042,10.2,0.0425,4054.1,0.0097,0,Normal
2020-01-06 01:25:00,27.05,37.25,1202,61.7,74,7.766,10.2,0.0513,4565.8,0.0102,0,Normal
2020-01-06 01:26:00,26.95,37.25,1480,37.1,77,5.75,10.3,0.0251,2856.7,0.0106,0,Normal
2020-01-06 01:27:00,27.05,37.25,1530,35.7,80,5.72,10.2,0.0233,2856.0,0.011,0,Normal
2020-01-06 01:28:00,27.05,37.45,1983,20.8,83,4.319,10.4,0.0105,1726.4,0.0114,0,Normal
2020-01-06 01:29:00,27.15,37.45,1433,53.8,86,8.073,10.3,0.0375,4626.8,0.0118,0,Normal
2020-01-06 01:30:00,27.15,37.45,1806,24.4,88,4.615,10.3,0.0135,2147.2,0.0121,0,Normal
2020-01-06 01:31:00,27.05,37.35,1416,46.7,90,6.925,10.3,0.033,4203.0,0.0123,0,Normal
2020-01-06 01:32:00,26.95,37.25,1556,38.1,92,6.208,10.3,0.0245,3505.2,0.0126,0,Normal
2020-01-06 01:33:00,26.95,37.35,1627,29.2,95,4.975,10.4,0.0179,2774.0,0.013,0,Normal
2020-01-06 01:34:00,26.95,37.45,1809,24.3,97,4.603,10.5,0.0134,2357.1,0.0133,0,Normal
2020-01-06 01:35:00,26.95,37.35,1329,57.4,99,7.989,10.4,0.0432,5682.6,0.0136,0,Normal
2020-01-06 01:36:00,26.85,37.25,1881,21.9,102,4.314,10.4,0.0116,2233.8,0.014,0,Normal
2020-01-06 01:37:00,26.95,37.35,1500,39.8,107,6.252,10.4,0.0265,4258.6,0.0147,0,Normal
2020-01-06 01:38:00,26.95,37.35,1532,36.0,109,5.776,10.4,0.0235,3924.0,0.0149,0,Normal
2020-01-06 01:39:00,26.95,37.35,1492,50.9,111,7.953,10.4,0.0341,5649.9,0.0152,0,Normal
2020-01-06 01:40:00,27.05,37.45,1431,42.3,113,6.339,10.4,0.0296,4779.9,0.0155,0,Normal
2020-01-06 01:41:00,26.95,37.25,1554,39.4,115,6.412,10.3,0.0254,4531.0,0.0157,0,Normal
2020-01-06 01:42:00,26.95,37.35,1494,44.2,117,6.915,10.4,0.0296,5171.4,0.016,0,Normal
2020-01-06 01:43:00,26.95,37.45,1374,45.4,119,6.532,10.5,0.033,5402.6,0.0163,0,Normal
2020-01-06 01:44:00,26.95,37.35,1394,44.3,121,6.467,10.4,0.0318,5360.3,0.0166,0,Normal
2020-01-06 01:45:00,26.85,37.35,1790,25.7,123,4.817,10.5,0.0144,3161.1,0.0168,0,Normal
2020-01-06 01:46:00,26.95,37.35,1356,45.8,126,6.504,10.4,0.0338,5770.8,0.0172,0,Normal
2020-01-06 01:47:00,26.85,37.25,1385,52.1,128,7.556,10.4,0.0376,6668.8,0.0175,0,Normal
2020-01-06 01:48:00,26.85,37.25,1333,49.1,131,6.854,10.4,0.0368,6432.1,0.0179,0,Normal
2020-01-06 01:49:00,26.85,37.25,1505,44.9,133,7.076,10.4,0.0298,5971.7,0.0182,0,Normal
2020-01-06 01:50:00,26.85,37.35,1606,33.5,135,5.634,10.5,0.0209,4522.5,0.0185,0,Normal
2020-01-06 01:51:00,26.85,37.35,1558,36.7,137,5.988,10.5,0.0236,5027.9,0.0187,0,Normal
2020-01-06 01:52:00,26.85,37.35,1412,52.4,142,7.748,10.5,0.0371,7440.8,0.0194,0,Normal
2020-01-06 01:53:00,26.75,37.25,1408,38.4,144,5.662,10.5,0.0273,5529.6,0.0197,0,Normal
2020-01-06 01:54:00,26.75,37.15,1268,53.3,146,7.077,10.4,0.042,7781.8,0.02,0,Normal
2020-01-06 01:55:00,26.75,37.25,1470,50.0,148,7.697,10.5,0.034,7400.0,0.0202,0,Normal
2020-01-06 01:56:00,26.75,37.25,1497,47.0,150,7.368,10.5,0.0314,7050.0,0.0205,0,Normal
2020-01-06 01:57:00,26.75,37.15,1638,29.1,152,4.992,10.4,0.0178,4423.2,0.0208,0,Normal
2020-01-06 01:58:00,26.75,37.15,1535,43.9,154,7.057,10.4,0.0286,6760.6,0.021,0,Normal
2020-01-06 01:59:00,26.65,37.05,1654,32.7,159,5.664,10.4,0.0198,5199.3,0.0217,0,Normal
2020-01-06 02:00:00,26.65,37.05,1411,49.7,161,7.344,10.4,0.0352,8001.7,0.022,0,Normal
2020-01-06 02:01:00,26.65,37.05,1911,23.5,166,4.703,10.4,0.0123,3901.0,0.0227,0,Normal
2020-01-06 02:02:00,26.65,37.05,1573,33.3,168,5.485,10.4,0.0212,5594.4,0.0229,0,Normal
2020-01-06 02:03:00,26.75,37.05,1479,46.3,173,7.171,10.3,0.0313,8009.9,0.0236,0,Normal
2020-01-06 02:04:00,26.75,37.25,1820,26.6,175,5.07,10.5,0.0146,4655.0,0.0239,0,Normal
2020-01-06 02:05:00,26.75,37.25,1419,45.7,178,6.791,10.5,0.0322,8134.6,0.0243,0,Normal
2020-01-06 02:06:00,26.75,37.35,1335,52.9,180,7.395,10.6,0.0396,9522.0,0.0246,0,Normal
2020-01-06 02:07:00,26.75,37.35,1576,39.4,183,6.503,10.6,0.025,7210.2,0.025,0,Normal
2020-01-06 02:08:00,26.85,37.35,1517,42.2,186,6.704,10.5,0.0278,7849.2,0.0254,0,Normal
2020-01-06 02:09:00,26.75,37.25,1576,34.3,188,5.661,10.5,0.0218,6448.4,0.0256,0,Normal
2020-01-06 02:10:00,26.65,37.05,1537,36.6,191,5.891,10.4,0.0238,6990.6,0.0261,0,Normal
2020-01-06 02:11:00,26.65,37.15,1524,34.2,196,5.458,10.5,0.0224,6703.2,0.0267,0,Normal
2020-01-06 02:12:00,26.65,37.15,1805,23.7,198,4.48,10.5,0.0131,4692.6,0.027,0,Normal
2020-01-06 02:13:00,26.75,37.25,1367,53.3,201,7.63,10.5,0.039,10713.3,0.0274,0,Normal
2020-01-06 02:14:00,26.65,37.25,1694,30.3,204,5.375,10.6,0.0179,6181.2,0.0278,0,Normal
2020-01-06 02:15:00,26.75,37.25,1328,49.9,206,6.939,10.5,0.0376,10279.4,0.0281,0,Normal
2020-01-06 02:16:00,26.75,37.35,1549,42.8,208,6.943,10.6,0.0276,8902.4,0.0283,0,Normal
2020-01-06 02:17:00,26.75,37.35,1539,32.8,213,5.286,10.6,0.0213,6986.4,0.029,0,Normal
2020-01-06 02:18:00,26.65,37.35,1496,38.8,215,6.078,10.7,0.0259,8342.0,0.0293,0,Normal
2020-01-06 02:19:00,26.65,37.25,1579,36.4,0,6.019,10.6,0.0231,0.0,0.0,0,Normal
2020-01-06 02:20:00,26.55,37.15,1386,46.6,2,6.764,10.6,0.0336,93.2,0.0003,0,Normal
2020-01-06 02:21:00,26.55,37.15,1505,37.7,4,5.942,10.6,0.025,150.8,0.0005,0,Normal
2020-01-06 02:22:00,26.55,37.15,1661,34.5,6,6.001,10.6,0.0208,207.0,0.0008,0,Normal
2020-01-06 02:23:00,26.45,37.05,1468,48.0,9,7.379,10.6,0.0327,432.0,0.0012,0,Normal
2020-01-06 02:24:00,26.45,36.95,1384,49.8,11,7.218,10.5,0.036,547.8,0.0015,0,Normal
2020-01-06 02:25:00,26.45,37.05,1381,60.5,13,8.749,10.6,0.0438,786.5,0.0018,0,Normal
2020-01-06 02:26:00,26.45,37.05,1469,47.0,15,7.23,10.6,0.032,705.0,0.002,0,Normal
2020-01-06 02:27:00,26.45,37.05,1627,36.6,17,6.236,10.6,0.0225,622.2,0.0023,0,Normal
2020-01-06 02:28:00,26.55,37.15,1462,40.4,19,6.185,10.6,0.0276,767.6,0.0026,0,Normal
2020-01-06 02:29:00,26.55,37.05,1633,36.5,24,6.242,10.5,0.0224,876.0,0.0033,0,Normal
2020-01-06 02:30:00,26.55,37.05,1469,39.5,26,6.076,10.5,0.0269,1027.0,0.0035,0,Normal
2020-01-06 02:31:00,26.55,37.05,1458,43.4,28,6.626,10.5,0.0298,1215.2,0.0038,0,Normal
2020-01-06 02:32:00,26.55,37.05,1440,42.8,30,6.454,10.5,0.0297,1284.0,0.0041,0,Normal
2020-01-06 02:33:00,26.65,37.15,1687,30.4,33,5.371,10.5,0.018,1003.2,0.0045,0,Normal
2020-01-06 02:34:00,26.55,37.15,1429,47.7,35,7.138,10.6,0.0334,1669.5,0.0048,0,Normal
2020-01-06 02:35:00,26.45,37.05,1588,34.1,38,5.671,10.6,0.0215,1295.8,0.0052,0,Normal
2020-01-06 02:36:00,26.45,37.05,1333,51.2,40,7.147,10.6,0.0384,2048.0,0.0054,0,Normal
2020-01-06 02:37:00,26.45,36.95,1487,42.9,42,6.68,10.5,0.0289,1801.8,0.0057,0,Normal
2020-01-06 02:38:00,26.35,36.95,1659,31.5,44,5.472,10.6,0.019,1386.0,0.006,0,Normal
2020-01-06 02:39:00,26.25,36.85,1512,43.2,47,6.84,10.6,0.0286,2030.4,0.0064,0,Normal
2020-01-06 02:40:00,26.35,36.95,1585,35.2,50,5.843,10.6,0.0222,1760.0,0.0068,0,Normal
2020-01-06 02:41:00,26.35,36.85,1502,38.5,52,6.056,10.5,0.0256,2002.0,0.0071,0,Normal
2020-01-06 02:42:00,26.35,36.85,1594,35.1,54,5.859,10.5,0.022,1895.4,0.0073,0,Normal
2020-01-06 02:43:00,26.35,36.85,1412,48.9,56,7.231,10.5,0.0346,2738.4,0.0076,0,Normal
2020-01-06 02:44:00,26.35,36.75,1402,51.7,58,7.59,10.4,0.0369,2998.6,0.0079,0,Normal
2020-01-06 02:45:00,26.45,36.95,2057,20.4,60,4.394,10.5,0.0099,1224.0,0.0081,0,Normal
2020-01-06 02:46:00,26.45,36.95,1531,36.8,62,5.9,10.5,0.024,2281.6,0.0084,0,Normal
2020-01-06 02:47:00,26.35,36.95,1359,61.1,67,8.695,10.6,0.045,4093.7,0.0091,0,Normal
2020-01-06 02:48:00,26.45,37.05,1620,30.0,70,5.089,10.6,0.0185,2100.0,0.0095,0,Normal
2020-01-06 02:49:00,26.45,36.95,1646,29.6,73,5.102,10.5,0.018,2160.8,0.0099,0,Normal
2020-01-06 02:50:00,26.45,36.95,1455,46.1,76,7.024,10.5,0.0317,3503.6,0.0103,0,Normal
2020-01-06 02:51:00,26.45,37.05,1512,44.0,79,6.967,10.6,0.0291,3476.0,0.0107,0,Normal
2020-01-06 02:52:00,26.45,37.05,1473,42.7,81,6.587,10.6,0.029,3458.7,0.011,0,Normal
2020-01-06 02:53:00,26.45,36.95,1553,38.0,83,6.18,10.5,0.0245,3154.0,0.0113,0,Normal
2020-01-06 02:54:00,26.35,36.85,1379,50.4,85,7.278,10.5,0.0365,4284.0,0.0115,0,Normal
2020-01-06 02:55:00,26.25,36.75,1567,40.6,87,6.662,10.5,0.0259,3532.2,0.0118,0,Normal
2020-01-06 02:56:00,26.35,36.85,1481,43.1,90,6.684,10.5,0.0291,3879.0,0.0122,0,Normal
2020-01-06 02:57:00,26.35,36.85,1349,52.7,92,7.445,10.5,0.0391,4848.4,0.0125,0,Normal
2020-01-06 02:58:00,26.35,36.85,1388,52.4,94,7.616,10.5,0.0378,4925.6,0.0127,0,Normal
2020-01-06 02:59:00,26.45,36.95,1357,48.7,96,6.92,10.5,0.0359,4675.2,0.013,0,Normal
2020-01-06 03:00:00,26.45,37.05,1743,24.8,99,4.527,10.6,0.0142,2455.2,0.0134,0,Normal
2020-01-06 03:01:00,26.55,37.15,1495,43.1,101,6.748,10.6,0.0288,4353.1,0.0137,0,Normal
2020-01-06 03:02:00,26.65,37.25,1698,28.3,103,5.032,10.6,0.0167,2914.9,0.014,0,Normal
2020-01-06 03:03:00,26.55,37.25,1410,44.5,105,6.571,10.7,0.0316,4672.5,0.0142,0,Normal
2020-01-06 03:04:00,26.55,37.25,1614,36.2,108,6.118,10.7,0.0224,3909.6,0.0146,0,Normal
2020-01-06 03:05:00,26.65,37.35,1375,53.9,110,7.761,10.7,0.0392,5929.0,0.0149,0,Normal
2020-01-06 03:06:00,26.65,37.45,1574,31.8,113,5.242,10.8,0.0202,3593.4,0.0153,0,Normal
2020-01-06 03:07:00,26.65,37.45,1423,44.6,116,6.646,10.8,0.0313,5173.6,0.0157,0,Normal
2020-01-06 03:08:00,26.65,37.45,1694,31.3,121,5.552,10.8,0.0185,3787.3,0.0164,0,Normal
2020-01-06 03:09:00,26.65,37.45,1707,32.5,124,5.81,10.8,0.019,4030.0,0.0168,0,Normal
2020-01-06 03:10:00,26.55,37.35,1490,41.2,126,6.429,10.8,0.0277,5191.2,0.017,0,Normal
2020-01-06 03:11:00,26.55,37.45,1675,31.3,129,5.49,10.9,0.0187,4037.7,0.0175,0,Normal
2020-01-06 03:12:00,26.55,37.35,1492,39.3,131,6.14,10.8,0.0263,5148.3,0.0177,0,Normal
2020-01-06 03:13:00,26.55,37.35,1594,35.4,134,5.909,10.8,0.0222,4743.6,0.0181,0,Normal
2020-01-06 03:14:00,26.55,37.45,1479,38.0,137,5.885,10.9,0.0257,5206.0,0.0185,0,Normal
2020-01-06 03:15:00,26.55,37.45,1572,38.0,139,6.256,10.9,0.0242,5282.0,0.0188,0,Normal
2020-01-06 03:16:00,26.55,37.45,1616,35.1,142,5.94,10.9,0.0217,4984.2,0.0192,0,Normal
2020-01-06 03:17:00,26.55,37.45,1737,26.1,144,4.748,10.9,0.015,3758.4,0.0195,0,Normal
2020-01-06 03:18:00,26.55,37.55,1498,37.8,146,5.93,11.0,0.0252,5518.8,0.0197,0,Normal
2020-01-06 03:19:00,26.45,37.45,1642,35.1,149,6.035,11.0,0.0214,5229.9,0.0201,0,Normal
2020-01-06 03:20:00,26.45,37.45,1633,34.2,151,5.848,11.0,0.0209,5164.2,0.0204,0,Normal
2020-01-06 03:21:00,26.65,37.65,1409,51.9,154,7.658,11.0,0.0368,7992.6,0.0208,0,Normal
2020-01-06 03:22:00,26.65,37.65,1463,43.5,156,6.664,11.0,0.0297,6786.0,0.0211,0,Normal
2020-01-06 03:23:00,26.65,37.65,1376,48.6,159,7.003,11.0,0.0353,7727.4,0.0215,0,Normal
2020-01-06 03:24:00,26.65,37.65,1553,32.2,161,5.237,11.0,0.0207,5184.2,0.0217,0,Normal
2020-01-06 03:25:00,26.65,37.65,1530,35.2,163,5.64,11.0,0.023,5737.6,0.022,0,Normal
2020-01-06 03:26:00,26.65,37.75,1545,40.7,166,6.585,11.1,0.0263,6756.2,0.0224,0,Normal
2020-01-06 03:27:00,26.65,37.75,1427,47.2,168,7.053,11.1,0.0331,7929.6,0.0227,0,Normal
2020-01-06 03:28:00,26.75,37.75,1292,51.1,173,6.914,11.0,0.0396,8840.3,0.0233,0,Normal
2020-01-06 03:29:00,26.65,37.75,2084,17.6,175,3.841,11.1,0.0084,3080.0,0.0236,0,Normal
2020-01-06 03:30:00,26.75,37.85,1747,27.6,177,5.049,11.1,0.0158,4885.2,0.0239,0,Normal
2020-01-06 03:31:00,26.85,37.95,1425,47.8,179,7.133,11.1,0.0335,8556.2,0.0242,0,Normal
2020-01-06 03:32:00,26.85,37.85,1637,33.6,181,5.76,11.0,0.0205,6081.6,0.0244,0,Normal
2020-01-06 03:33:00,26.95,37.95,1616,35.2,183,5.957,11.0,0.0218,6441.6,0.0247,0,Normal
2020-01-06 03:34:00,26.95,37.95,1619,33.4,186,5.663,11.0,0.0206,6212.4,0.0251,0,Normal
2020-01-06 03:35:00,26.95,38.05,1489,39.1,188,6.097,11.1,0.0263,7350.8,0.0254,0,Normal
2020-01-06 03:36:00,26.95,38.05,1452,42.4,190,6.447,11.1,0.0292,8056.0,0.0256,0,Normal
2020-01-06 03:37:00,26.95,38.15,1495,41.0,193,6.419,11.2,0.0274,7913.0,0.026,0,Normal
2020-01-06 03:38:00,27.05,38.25,1427,39.7,196,5.933,11.2,0.0278,7781.2,0.0264,0,Normal
2020-01-06 03:39:00,26.95,38.25,1572,36.2,199,5.959,11.3,0.023,7203.8,0.0268,0,Normal
2020-01-06 03:40:00,26.95,38.15,1547,40.0,201,6.48,11.2,0.0259,8040.0,0.0271,0,Normal
2020-01-06 03:41:00,26.95,38.25,1342,48.5,203,6.816,11.3,0.0361,9845.5,0.0274,0,Normal
2020-01-06 03:42:00,26.85,38.05,1351,44.1,206,6.239,11.2,0.0326,9084.6,0.0278,0,Normal
2020-01-06 03:43:00,26.85,38.15,1407,47.3,208,6.969,11.3,0.0336,9838.4,0.028,0,Normal
2020-01-06 03:44:00,26.95,38.25,1575,29.8,210,4.915,11.3,0.0189,6258.0,0.0283,0,Normal
2020-01-06 03:45:00,26.85,38.25,1791,24.1,213,4.52,11.4,0.0135,5133.3,0.0287,0,Normal
2020-01-06 03:46:00,26.85,38.25,1692,29.0,216,5.138,11.4,0.0171,6264.0,0.0291,1,Tool_Wear_Failure
2020-01-06 03:47:00,26.85,38.25,1634,31.9,0,5.458,11.4,0.0195,0.0,0.0,0,Normal
2020-01-06 03:48:00,26.85,38.25,1864,23.3,2,4.548,11.4,0.0125,46.6,0.0003,0,Normal
2020-01-06 03:49:00,26.85,38.25,1590,33.6,5,5.595,11.4,0.0211,168.0,0.0007,0,Normal
2020-01-06 03:50:00,26.85,38.25,1384,46.1,7,6.681,11.4,0.0333,322.7,0.0009,0,Normal
2020-01-06 03:51:00,26.85,38.25,1352,61.8,10,8.75,11.4,0.0457,618.0,0.0013,0,Normal
2020-01-06 03:52:00,26.95,38.25,1484,43.1,13,6.698,11.3,0.029,560.3,0.0017,0,Normal
2020-01-06 03:53:00,26.95,38.25,1913,21.9,15,4.387,11.3,0.0114,328.5,0.002,0,Normal
2020-01-06 03:54:00,26.85,38.25,1508,38.2,18,6.032,11.4,0.0253,687.6,0.0024,0,Normal
2020-01-06 03:55:00,26.75,38.15,1504,40.7,20,6.41,11.4,0.0271,814.0,0.0027,0,Normal
2020-01-06 03:56:00,26.85,38.25,1487,41.2,22,6.416,11.4,0.0277,906.4,0.003,0,Normal
2020-01-06 03:57:00,26.65,38.15,1727,30.0,24,5.426,11.5,0.0174,720.0,0.0032,0,Normal
2020-01-06 03:58:00,26.75,38.15,1647,27.5,26,4.743,11.4,0.0167,715.0,0.0035,0,Normal
2020-01-06 03:59:00,26.85,38.15,1493,41.4,28,6.473,11.3,0.0277,1159.2,0.0038,0,Normal
2020-01-06 04:00:00,26.85,38.25,1655,29.6,30,5.13,11.4,0.0179,888.0,0.004,0,Normal
2020-01-06 04:01:00,26.75,38.25,1337,54.8,32,7.673,11.5,0.041,1753.6,0.0043,0,Normal
2020-01-06 04:02:00,26.85,38.35,1601,36.9,35,6.187,11.5,0.023,1291.5,0.0047,0,Normal
2020-01-06 04:03:00,26.95,38.45,1589,37.9,37,6.307,11.5,0.0239,1402.3,0.005,0,Normal
2020-01-06 04:04:00,27.05,38.55,1286,55.1,42,7.42,11.5,0.0428,2314.2,0.0056,0,Normal
2020-01-06 04:05:00,27.05,38.55,1553,41.3,44,6.717,11.5,0.0266,1817.2,0.0059,0,Normal
2020-01-06 04:06:00,27.05,38.65,1379,51.0,46,7.365,11.6,0.037,2346.0,0.0062,0,Normal
2020-01-06 04:07:00,27.15,38.75,1677,30.8,48,5.409,11.6,0.0184,1478.4,0.0064,0,Normal
2020-01-06 04:08:00,27.15,38.65,1488,38.4,51,5.984,11.5,0.0258,1958.4,0.0068,0,Normal
2020-01-06 04:09:00,27.15,38.65,1418,45.9,53,6.816,11.5,0.0324,2432.7,0.0071,0,Normal
2020-01-06 04:10:00,27.15,38.65,1451,41.0,55,6.23,11.5,0.0283,2255.0,0.0074,0,Normal
2020-01-06 04:11:00,27.15,38.65,1508,43.1,57,6.806,11.5,0.0286,2456.7,0.0076,0,Normal
2020-01-06 04:12:00,27.15,38.55,1579,33.6,59,5.556,11.4,0.0213,1982.4,0.0079,0,Normal
2020-01-06 04:13:00,27.15,38.55,1432,47.7,61,7.153,11.4,0.0333,2909.7,0.0082,0,Normal
2020-01-06 04:14:00,27.05,38.45,1446,47.3,66,7.162,11.4,0.0327,3121.8,0.0089,0,Normal
2020-01-06 04:15:00,27.05,38.55,1597,39.5,68,6.606,11.5,0.0247,2686.0,0.0091,0,Normal
2020-01-06 04:16:00,27.05,38.55,1397,50.2,71,7.344,11.5,0.0359,3564.2,0.0095,0,Normal
2020-01-06 04:17:00,26.95,38.45,1530,36.6,74,5.864,11.5,0.0239,2708.4,0.0099,0,Normal
2020-01-06 04:18:00,26.95,38.45,1433,51.4,76,7.713,11.5,0.0359,3906.4,0.0102,0,Normal
2020-01-06 04:19:00,26.85,38.35,1591,32.0,79,5.331,11.5,0.0201,2528.0,0.0106,0,Normal
2020-01-06 04:20:00,26.85,38.35,1445,41.6,81,6.295,11.5,0.0288,3369.6,0.0109,0,Normal
2020-01-06 04:21:00,26.85,38.35,1749,28.3,83,5.183,11.5,0.0162,2348.9,0.0111,0,Normal
2020-01-06 04:22:00,26.85,38.15,1703,30.4,85,5.421,11.3,0.0179,2584.0,0.0114,0,Normal
2020-01-06 04:23:00,26.95,38.25,1518,46.9,87,7.455,11.3,0.0309,4080.3,0.0117,0,Normal
2020-01-06 04:24:00,26.95,38.15,1535,42.3,92,6.8,11.2,0.0276,3891.6,0.0123,0,Normal
2020-01-06 04:25:00,26.95,38.25,1390,52.1,94,7.584,11.3,0.0375,4897.4,0.0126,0,Normal
2020-01-06 04:26:00,27.15,38.45,1801,23.6,97,4.451,11.3,0.0131,2289.2,0.013,0,Normal
2020-01-06 04:27:00,27.15,38.45,1463,41.6,102,6.373,11.3,0.0284,4243.2,0.0137,0,Normal
2020-01-06 04:28:00,27.15,38.45,1560,37.7,107,6.159,11.3,0.0242,4033.9,0.0143,0,Normal
2020-01-06 04:29:00,27.15,38.45,1607,33.5,109,5.638,11.3,0.0208,3651.5,0.0146,0,Normal
2020-01-06 04:30:00,27.25,38.45,1332,54.6,111,7.616,11.2,0.041,6060.6,0.0149,0,Normal
2020-01-06 04:31:00,27.15,38.55,1365,53.3,113,7.619,11.4,0.039,6022.9,0.0151,0,Normal
2020-01-06 04:32:00,27.15,38.45,1617,32.5,115,5.503,11.3,0.0201,3737.5,0.0154,0,Normal
2020-01-06 04:33:00,27.15,38.45,1304,62.8,118,8.576,11.3,0.0482,7410.4,0.0158,0,Normal
2020-01-06 04:34:00,27.15,38.55,1989,22.3,121,4.645,11.4,0.0112,2698.3,0.0162,0,Normal
2020-01-06 04:35:00,27.15,38.45,1339,53.4,123,7.488,11.3,0.0399,6568.2,0.0165,0,Normal
2020-01-06 04:36:00,27.05,38.35,1492,41.8,128,6.531,11.3,0.028,5350.4,0.0171,0,Normal
2020-01-06 04:37:00,26.95,38.15,1518,40.2,130,6.39,11.2,0.0265,5226.0,0.0174,0,Normal
2020-01-06 04:38:00,26.95,38.15,1479,39.5,133,6.118,11.2,0.0267,5253.5,0.0178,0,Normal
2020-01-06 04:39:00,26.95,38.15,1523,34.1,135,5.439,11.2,0.0224,4603.5,0.018,0,Normal
2020-01-06 04:40:00,27.05,38.25,1570,35.3,138,5.804,11.2,0.0225,4871.4,0.0184,0,Normal
2020-01-06 04:41:00,27.05,38.25,1506,36.1,141,5.693,11.2,0.024,5090.1,0.0188,0,Normal
2020-01-06 04:42:00,27.05,38.45,1510,47.5,146,7.511,11.4,0.0315,6935.0,0.0195,0,Normal
2020-01-06 04:43:00,27.05,38.45,1671,28.8,149,5.04,11.4,0.0172,4291.2,0.0199,0,Normal
2020-01-06 04:44:00,27.15,38.45,1312,53.4,151,7.337,11.3,0.0407,8063.4,0.0202,0,Normal
2020-01-06 04:45:00,27.15,38.45,1595,38.8,154,6.481,11.3,0.0243,5975.2,0.0206,0,Normal
2020-01-06 04:46:00,27.15,38.55,1635,31.8,156,5.445,11.4,0.0194,4960.8,0.0208,0,Normal
2020-01-06 04:47:00,27.15,38.55,1707,33.6,158,6.006,11.4,0.0197,5308.8,0.0211,0,Normal
2020-01-06 04:48:00,27.15,38.55,1545,43.5,160,7.038,11.4,0.0282,6960.0,0.0214,0,Normal
2020-01-06 04:49:00,27.05,38.45,1751,28.0,162,5.134,11.4,0.016,4536.0,0.0216,0,Normal
2020-01-06 04:50:00,27.25,38.65,1707,30.0,165,5.363,11.4,0.0176,4950.0,0.022,0,Normal
2020-01-06 04:51:00,27.25,38.65,1320,57.9,168,8.004,11.4,0.0439,9727.2,0.0224,0,Normal
2020-01-06 04:52:00,27.15,38.55,1319,51.4,170,7.1,11.4,0.039,8738.0,0.0227,0,Normal
2020-01-06 04:53:00,27.05,38.55,1448,54.2,173,8.219,11.5,0.0374,9376.6,0.0231,0,Normal
2020-01-06 04:54:00,27.05,38.65,1436,48.2,175,7.248,11.6,0.0336,8435.0,0.0233,0,Normal
2020-01-06 04:55:00,27.15,38.75,1609,34.0,177,5.729,11.6,0.0211,6018.0,0.0236,0,Normal
2020-01-06 04:56:00,27.05,38.65,1464,44.5,179,6.822,11.6,0.0304,7965.5,0.0239,0,Normal
2020-01-06 04:57:00,27.15,38.65,1483,45.1,181,7.004,11.5,0.0304,8163.1,0.0241,0,Normal
2020-01-06 04:58:00,27.05,38.65,1748,28.5,184,5.217,11.6,0.0163,5244.0,0.0245,0,Normal
2020-01-06 04:59:00,27.15,38.65,1746,26.3,187,4.809,11.5,0.0151,4918.1,0.0249,0,Normal
2020-01-06 05:00:00,27.05,38.65,1410,51.4,189,7.589,11.6,0.0365,9714.6,0.0252,0,Normal
2020-01-06 05:01:00,27.05,38.55,1640,30.8,191,5.29,11.5,0.0188,5882.8,0.0255,0,Normal
2020-01-06 05:02:00,27.15,38.55,1655,29.9,193,5.182,11.4,0.0181,5770.7,0.0257,0,Normal
2020-01-06 05:03:00,27.15,38.55,1646,28.9,198,4.981,11.4,0.0176,5722.2,0.0264,0,Normal
2020-01-06 05:04:00,27.25,38.65,1589,42.0,201,6.989,11.4,0.0264,8442.0,0.0268,0,Normal
2020-01-06 05:05:00,27.35,38.75,1546,39.4,203,6.379,11.4,0.0255,7998.2,0.027,0,Normal
2020-01-06 05:06:00,27.35,38.75,1511,41.8,205,6.614,11.4,0.0277,8569.0,0.0273,0,Normal
2020-01-06 05:07:00,27.35,38.75,1750,28.3,207,5.186,11.4,0.0162,5858.1,0.0276,0,Normal
2020-01-06 05:08:00,27.35,38.75,1730,27.5,209,4.982,11.4,0.0159,5747.5,0.0278,0,Normal
2020-01-06 05:09:00,27.45,38.75,1372,60.1,212,8.635,11.3,0.0438,12741.2,0.0282,1,Overstrain_Failure
2020-01-06 05:10:00,27.35,38.65,1524,38.9,214,6.208,11.3,0.0255,8324.6,0.0285,1,Tool_Wear_Failure
2020-01-06 05:11:00,27.25,38.65,1601,36.1,0,6.052,11.4,0.0225,0.0,0.0,0,Normal
2020-01-06 05:12:00,27.35,38.65,1636,34.4,2,5.893,11.3,0.021,68.8,0.0003,0,Normal
2020-01-06 05:13:00,27.25,38.65,2261,14.9,5,3.528,11.4,0.0066,74.5,0.0007,0,Normal
2020-01-06 05:14:00,27.25,38.65,1636,32.3,7,5.534,11.4,0.0197,226.1,0.0009,0,Normal
2020-01-06 05:15:00,27.25,38.75,1335,58.3,9,8.15,11.5,0.0437,524.7,0.0012,0,Normal
2020-01-06 05:16:00,27.15,38.55,1236,57.5,12,7.442,11.4,0.0465,690.0,0.0016,0,Normal
2020-01-06 05:17:00,27.15,38.55,1445,47.3,15,7.157,11.4,0.0327,709.5,0.002,0,Normal
2020-01-06 05:18:00,27.05,38.35,1500,40.8,17,6.409,11.3,0.0272,693.6,0.0023,0,Normal
2020-01-06 05:19:00,27.05,38.45,1999,21.0,19,4.396,11.4,0.0105,399.0,0.0025,0,Normal
2020-01-06 05:20:00,27.05,38.45,1529,35.5,21,5.684,11.4,0.0232,745.5,0.0028,0,Normal
2020-01-06 05:21:00,27.05,38.45,1467,40.7,23,6.252,11.4,0.0277,936.1,0.0031,0,Normal
2020-01-06 05:22:00,26.95,38.35,1334,54.0,26,7.544,11.4,0.0405,1404.0,0.0035,0,Normal
2020-01-06 05:23:00,26.95,38.35,1343,46.2,28,6.498,11.4,0.0344,1293.6,0.0037,0,Normal
2020-01-06 05:24:00,27.05,38.35,1639,31.1,31,5.338,11.3,0.019,964.1,0.0041,0,Normal
2020-01-06 05:25:00,26.95,38.35,1383,49.1,33,7.111,11.4,0.0355,1620.3,0.0044,0,Normal
2020-01-06 05:26:00,26.95,38.25,1660,31.4,38,5.458,11.3,0.0189,1193.2,0.005,0,Normal
2020-01-06 05:27:00,26.95,38.15,1470,45.2,40,6.958,11.2,0.0307,1808.0,0.0053,0,Normal
2020-01-06 05:28:00,26.95,38.15,1748,26.6,42,4.869,11.2,0.0152,1117.2,0.0056,0,Normal
2020-01-06 05:29:00,26.95,38.25,1467,35.7,45,5.484,11.3,0.0243,1606.5,0.006,0,Normal
2020-01-06 05:30:00,26.95,38.25,1617,39.3,47,6.655,11.3,0.0243,1847.1,0.0062,0,Normal
2020-01-06 05:31:00,26.95,38.25,1377,56.7,50,8.176,11.3,0.0412,2835.0,0.0066,0,Normal
2020-01-06 05:32:00,26.85,38.15,1629,32.1,55,5.476,11.3,0.0197,1765.5,0.0073,0,Normal
2020-01-06 05:33:00,26.85,38.05,1504,37.9,58,5.969,11.2,0.0252,2198.2,0.0077,0,Normal
2020-01-06 05:34:00,26.85,38.05,1418,47.3,60,7.024,11.2,0.0334,2838.0,0.008,0,Normal
2020-01-06 05:35:00,26.85,38.05,1629,31.7,62,5.408,11.2,0.0195,1965.4,0.0082,0,Normal
2020-01-06 05:36:00,26.95,38.15,2579,12.5,64,3.376,11.2,0.0048,800.0,0.0085,1,Power_Failure
2020-01-06 05:37:00,26.95,38.15,1305,64.7,66,8.842,11.2,0.0496,4270.2,0.0088,0,Normal
2020-01-06 05:38:00,27.05,38.25,1450,38.5,68,5.846,11.2,0.0266,2618.0,0.009,0,Normal
2020-01-06 05:39:00,27.05,38.15,1487,36.9,71,5.746,11.1,0.0248,2619.9,0.0094,0,Normal
2020-01-06 05:40:00,27.05,38.15,1587,31.2,73,5.185,11.1,0.0197,2277.6,0.0097,0,Normal
2020-01-06 05:41:00,27.15,38.35,1528,40.9,76,6.544,11.2,0.0268,3108.4,0.0101,0,Normal
2020-01-06 05:42:00,27.25,38.45,1401,49.9,79,7.321,11.2,0.0356,3942.1,0.0105,0,Normal
2020-01-06 05:43:00,27.15,38.35,1446,45.0,82,6.814,11.2,0.0311,3690.0,0.0109,0,Normal
2020-01-06 05:44:00,27.05,38.25,1425,44.2,84,6.596,11.2,0.031,3712.8,0.0111,0,Normal
2020-01-06 05:45:00,27.05,38.25,1891,22.6,86,4.475,11.2,0.012,1943.6,0.0114,0,Normal
2020-01-06 05:46:00,27.05,38.35,1454,42.8,88,6.517,11.3,0.0294,3766.4,0.0117,0,Normal
2020-01-06 05:47:00,26.95,38.25,1430,40.9,93,6.125,11.3,0.0286,3803.7,0.0123,0,Normal
2020-01-06 05:48:00,27.05,38.25,1495,43.6,95,6.826,11.2,0.0292,4142.0,0.0126,0,Normal
2020-01-06 05:49:00,27.15,38.25,1544,41.6,97,6.726,11.1,0.0269,4035.2,0.0128,0,Normal
2020-01-06 05:50:00,27.15,38.25,1554,34.3,99,5.582,11.1,0.0221,3395.7,0.0131,0,Normal
2020-01-06 05:51:00,27.05,38.15,1491,37.3,102,5.824,11.1,0.025,3804.6,0.0135,0,Normal
2020-01-06 05:52:00,27.15,38.15,1525,40.7,105,6.5,11.0,0.0267,4273.5,0.0139,0,Normal
2020-01-06 05:53:00,27.15,38.15,1505,39.6,107,6.241,11.0,0.0263,4237.2,0.0142,0,Normal
2020-01-06 05:54:00,27.15,38.25,1371,50.2,109,7.207,11.1,0.0366,5471.8,0.0144,0,Normal
2020-01-06 05:55:00,27.15,38.15,1332,60.5,112,8.439,11.0,0.0454,6776.0,0.0148,0,Normal
2020-01-06 05:56:00,27.15,38.25,1471,37.0,114,5.7,11.1,0.0252,4218.0,0.0151,0,Normal
2020-01-06 05:57:00,27.25,38.35,1750,27.3,116,5.003,11.1,0.0156,3166.8,0.0153,0,Normal
2020-01-06 05:58:00,27.15,38.25,1386,48.1,119,6.981,11.1,0.0347,5723.9,0.0157,0,Normal
2020-01-06 05:59:00,27.25,38.25,1355,56.2,122,7.975,11.0,0.0415,6856.4,0.0161,0,Normal
2020-01-06 06:00:00,27.15,38.15,1377,53.8,125,7.758,11.0,0.0391,6725.0,0.0165,0,Normal
2020-01-06 06:01:00,27.15,37.95,1388,49.4,128,7.18,10.8,0.0356,6323.2,0.0169,0,Normal
2020-01-06 06:02:00,27.15,37.95,1350,58.7,130,8.299,10.8,0.0435,7631.0,0.0172,0,Normal
2020-01-06 06:03:00,27.25,38.05,1831,23.4,133,4.487,10.8,0.0128,3112.2,0.0176,0,Normal
2020-01-06 06:04:00,27.15,38.05,1381,65.2,136,9.429,10.9,0.0472,8867.2,0.018,1,Power_Failure
2020-01-06 06:05:00,27.15,38.05,1783,25.6,139,4.78,10.9,0.0144,3558.4,0.0184,0,Normal
2020-01-06 06:06:00,27.15,37.85,1613,34.7,142,5.861,10.7,0.0215,4927.4,0.0188,0,Normal
2020-01-06 06:07:00,27.05,37.85,2370,14.7,144,3.648,10.8,0.0062,2116.8,0.019,0,Normal
2020-01-06 06:08:00,27.05,37.85,1627,33.7,147,5.742,10.8,0.0207,4953.9,0.0194,0,Normal
2020-01-06 06:09:00,27.05,37.85,1255,71.8,149,9.436,10.8,0.0572,10698.2,0.0197,1,Power_Failure
2020-01-06 06:10:00,27.05,37.85,1777,27.5,151,5.117,10.8,0.0155,4152.5,0.0199,0,Normal
2020-01-06 06:11:00,27.15,37.95,1606,30.9,156,5.197,10.8,0.0192,4820.4,0.0206,0,Normal
2020-01-06 06:12:00,27.15,37.95,1676,28.6,158,5.02,10.8,0.0171,4518.8,0.0209,0,Normal
2020-01-06 06:13:00,27.15,37.95,1605,37.1,160,6.236,10.8,0.0231,5936.0,0.0211,0,Normal
2020-01-06 06:14:00,27.25,37.95,1487,37.4,162,5.824,10.7,0.0252,6058.8,0.0214,0,Normal
2020-01-06 06:15:00,27.25,38.05,1471,46.5,164,7.163,10.8,0.0316,7626.0,0.0216,0,Normal
2020-01-06 06:16:00,27.15,37.95,1477,44.2,166,6.836,10.8,0.0299,7337.2,0.0219,0,Normal
2020-01-06 06:17:00,27.25,38.05,1530,32.0,169,5.127,10.8,0.0209,5408.0,0.0223,0,Normal
2020-01-06 06:18:00,27.25,38.05,1673,28.9,171,5.063,10.8,0.0173,4941.9,0.0226,0,Normal
2020-01-06 06:19:00,27.25,38.05,1436,56.8,173,8.541,10.8,0.0396,9826.4,0.0228,0,Normal
2020-01-06 06:20:00,27.25,38.15,1495,51.2,175,8.016,10.9,0.0342,8960.0,0.0231,0,Normal
2020-01-06 06:21:00,27.25,38.05,1366,56.1,177,8.025,10.8,0.0411,9929.7,0.0233,0,Normal
2020-01-06 06:22:00,27.25,38.05,1489,45.3,180,7.064,10.8,0.0304,8154.0,0.0237,0,Normal
2020-01-06 06:23:00,27.15,37.95,1480,46.6,185,7.222,10.8,0.0315,8621.0,0.0244,0,Normal
2020-01-06 06:24:00,27.25,38.05,1472,37.3,187,5.75,10.8,0.0253,6975.1,0.0247,0,Normal
2020-01-06 06:25:00,27.25,37.95,1397,50.8,189,7.432,10.7,0.0364,9601.2,0.0249,0,Normal
2020-01-06 06:26:00,27.25,37.95,1589,35.5,191,5.907,10.7,0.0223,6780.5,0.0252,0,Normal
2020-01-06 06:27:00,27.25,37.95,1405,54.1,193,7.96,10.7,0.0385,10441.3,0.0254,0,Normal
2020-01-06 06:28:00,27.25,37.95,2013,20.1,195,4.237,10.7,0.01,3919.5,0.0257,0,Normal
2020-01-06 06:29:00,27.25,37.85,1802,26.0,197,4.906,10.6,0.0144,5122.0,0.026,0,Normal
2020-01-06 06:30:00,27.25,37.85,1433,46.1,199,6.918,10.6,0.0322,9173.9,0.0262,0,Normal
2020-01-06 06:31:00,27.35,37.95,1296,61.3,202,8.319,10.6,0.0473,12382.6,0.0266,1,Overstrain_Failure
2020-01-06 06:32:00,27.35,38.05,1551,36.6,205,5.945,10.7,0.0236,7503.0,0.027,0,Normal
2020-01-06 06:33:00,27.35,38.05,1270,67.5,208,8.977,10.7,0.0531,14040.0,0.0274,1,Overstrain_Failure
2020-01-06 06:34:00,27.45,38.15,1531,38.5,0,6.173,10.7,0.0251,0.0,0.0,0,Normal
2020-01-06 06:35:00,27.35,38.05,1397,45.2,2,6.612,10.7,0.0324,90.4,0.0003,0,Normal
2020-01-06 06:36:00,27.35,37.95,1547,37.2,7,6.026,10.6,0.024,260.4,0.0009,0,Normal
2020-01-06 06:37:00,27.35,37.85,2074,18.9,9,4.105,10.5,0.0091,170.1,0.0012,0,Normal
2020-01-06 06:38:00,27.35,37.95,1491,42.6,11,6.651,10.6,0.0286,468.6,0.0014,0,Normal
2020-01-06 06:39:00,27.35,37.85,1759,28.3,13,5.213,10.5,0.0161,367.9,0.0017,0,Normal
2020-01-06 06:40:00,27.25,37.85,1595,35.4,15,5.913,10.6,0.0222,531.0,0.002,0,Normal
2020-01-06 06:41:00,27.25,38.05,1351,62.0,18,8.772,10.8,0.0459,1116.0,0.0024,0,Normal
2020-01-06 06:42:00,27.25,38.05,1705,28.7,20,5.124,10.8,0.0168,574.0,0.0026,0,Normal
2020-01-06 06:43:00,27.25,38.05,1406,43.6,22,6.419,10.8,0.031,959.2,0.0029,0,Normal
2020-01-06 06:44:00,27.25,38.15,1639,34.6,24,5.939,10.9,0.0211,830.4,0.0032,0,Normal
2020-01-06 06:45:00,27.25,38.15,2026,20.3,26,4.307,10.9,0.01,527.8,0.0034,0,Normal
2020-01-06 06:46:00,27.25,38.15,1350,56.5,31,7.987,10.9,0.0419,1751.5,0.0041,0,Normal
2020-01-06 06:47:00,27.35,38.15,1468,41.1,34,6.318,10.8,0.028,1397.4,0.0045,0,Normal
2020-01-06 06:48:00,27.35,38.25,1642,27.1,37,4.66,10.9,0.0165,1002.7,0.0049,0,Normal
2020-01-06 06:49:00,27.35,38.15,1490,41.8,39,6.522,10.8,0.0281,1630.2,0.0051,0,Normal
2020-01-06 06:50:00,27.35,38.15,1507,43.4,41,6.849,10.8,0.0288,1779.4,0.0054,0,Normal
2020-01-06 06:51:00,27.35,38.25,1611,32.7,44,5.517,10.9,0.0203,1438.8,0.0058,0,Normal
2020-01-06 06:52:00,27.35,38.25,1743,27.6,46,5.038,10.9,0.0158,1269.6,0.006,0,Normal
2020-01-06 06:53:00,27.35,38.15,1475,46.3,49,7.152,10.8,0.0314,2268.7,0.0064,0,Normal
2020-01-06 06:54:00,27.35,38.25,1432,47.5,51,7.123,10.9,0.0332,2422.5,0.0067,0,Normal
2020-01-06 06:55:00,27.35,38.25,1442,47.0,53,7.097,10.9,0.0326,2491.0,0.007,0,Normal
2020-01-06 06:56:00,27.45,38.25,1468,40.4,55,6.211,10.8,0.0275,2222.0,0.0072,0,Normal
2020-01-06 06:57:00,27.35,38.25,1556,45.3,58,7.381,10.9,0.0291,2627.4,0.0076,0,Normal
2020-01-06 06:58:00,27.35,38.25,1312,51.4,60,7.062,10.9,0.0392,3084.0,0.0079,0,Normal
2020-01-06 06:59:00,27.45,38.35,1459,47.0,63,7.181,10.9,0.0322,2961.0,0.0083,0,Normal
2020-01-06 07:00:00,27.35,38.35,1651,36.9,65,6.38,11.0,0.0224,2398.5,0.0085,0,Normal
2020-01-06 07:01:00,27.35,38.35,1490,38.4,67,5.992,11.0,0.0258,2572.8,0.0088,0,Normal
2020-01-06 07:02:00,27.45,38.45,1473,31.5,69,4.859,11.0,0.0214,2173.5,0.0091,0,Normal
2020-01-06 07:03:00,27.45,38.55,1734,29.9,72,5.429,11.1,0.0172,2152.8,0.0094,0,Normal
2020-01-06 07:04:00,27.45,38.55,1507,45.5,74,7.18,11.1,0.0302,3367.0,0.0097,0,Normal
2020-01-06 07:05:00,27.45,38.55,1556,34.9,76,5.687,11.1,0.0224,2652.4,0.01,0,Normal
2020-01-06 07:06:00,27.35,38.45,1351,53.5,78,7.569,11.1,0.0396,4173.0,0.0102,0,Normal
2020-01-06 07:07:00,27.35,38.55,1445,44.8,83,6.779,11.2,0.031,3718.4,0.0109,0,Normal
2020-01-06 07:08:00,27.35,38.55,1619,32.7,85,5.544,11.2,0.0202,2779.5,0.0111,0,Normal
2020-01-06 07:09:00,27.35,38.55,1269,64.0,87,8.505,11.2,0.0504,5568.0,0.0114,0,Normal
2020-01-06 07:10:00,27.35,38.45,1534,37.7,90,6.056,11.1,0.0246,3393.0,0.0118,0,Normal
2020-01-06 07:11:00,27.35,38.45,1444,49.3,92,7.455,11.1,0.0341,4535.6,0.0121,0,Normal
2020-01-06 07:12:00,27.35,38.45,1744,26.8,94,4.895,11.1,0.0154,2519.2,0.0123,0,Normal
2020-01-06 07:13:00,27.25,38.35,1441,44.6,96,6.73,11.1,0.031,4281.6,0.0126,0,Normal
2020-01-06 07:14:00,27.15,38.15,1506,40.7,98,6.419,11.0,0.027,3988.6,0.0128,0,Normal
2020-01-06 07:15:00,27.15,38.25,1526,38.5,101,6.152,11.1,0.0252,3888.5,0.0132,0,Normal
2020-01-06 07:16:00,27.25,38.35,1704,29.7,103,5.3,11.1,0.0174,3059.1,0.0135,0,Normal
2020-01-06 07:17:00,27.25,38.25,1445,52.4,105,7.929,11.0,0.0363,5502.0,0.0137,0,Normal
2020-01-06 07:18:00,27.35,38.35,1661,35.9,110,6.244,11.0,0.0216,3949.0,0.0144,0,Normal
2020-01-06 07:19:00,27.35,38.25,1466,41.8,112,6.417,10.9,0.0285,4681.6,0.0147,0,Normal
2020-01-06 07:20:00,27.25,38.15,1608,35.1,114,5.91,10.9,0.0218,4001.4,0.0149,0,Normal
2020-01-06 07:21:00,27.25,38.25,1352,57.3,116,8.113,11.0,0.0424,6646.8,0.0152,0,Normal
2020-01-06 07:22:00,27.25,38.25,1604,31.7,119,5.325,11.0,0.0198,3772.3,0.0156,0,Normal
2020-01-06 07:23:00,27.25,38.25,1427,50.7,122,7.576,11.0,0.0355,6185.4,0.016,0,Normal
2020-01-06 07:24:00,27.25,38.25,1424,44.6,127,6.651,11.0,0.0313,5664.2,0.0166,0,Normal
2020-01-06 07:25:00,27.25,38.25,1662,29.3,129,5.099,11.0,0.0176,3779.7,0.0169,0,Normal
2020-01-06 07:26:00,27.25,38.25,1936,23.9,131,4.845,11.0,0.0123,3130.9,0.0171,0,Normal
2020-01-06 07:27:00,27.25,38.25,1728,31.7,133,5.736,11.0,0.0183,4216.1,0.0174,0,Normal
2020-01-06 07:28:00,27.25,38.25,1552,28.8,135,4.681,11.0,0.0186,3888.0,0.0176,0,Normal
2020-01-06 07:29:00,27.25,38.35,1662,29.0,137,5.047,11.1,0.0174,3973.0,0.0179,0,Normal
2020-01-06 07:30:00,27.15,38.25,1343,57.7,142,8.115,11.1,0.043,8193.4,0.0186,0,Normal
2020-01-06 07:31:00,27.25,38.35,1476,32.6,144,5.039,11.1,0.0221,4694.4,0.0188,0,Normal
2020-01-06 07:32:00,27.15,38.25,1346,51.1,147,7.203,11.1,0.038,7511.7,0.0192,0,Normal
2020-01-06 07:33:00,27.25,38.35,1492,44.6,149,6.968,11.1,0.0299,6645.4,0.0195,0,Normal
2020-01-06 07:34:00,27.15,38.35,1540,41.5,151,6.693,11.2,0.0269,6266.5,0.0197,0,Normal
2020-01-06 07:35:00,27.25,38.35,1596,32.5,154,5.432,11.1,0.0204,5005.0,0.0201,0,Normal
2020-01-06 07:36:00,27.35,38.45,1541,47.8,156,7.714,11.1,0.031,7456.8,0.0204,0,Normal
2020-01-06 07:37:00,27.35,38.45,1661,30.0,158,5.218,11.1,0.0181,4740.0,0.0206,0,Normal
2020-01-06 07:38:00,27.25,38.45,1359,55.4,160,7.884,11.2,0.0408,8864.0,0.0209,0,Normal
2020-01-06 07:39:00,27.35,38.45,1528,42.4,163,6.784,11.1,0.0277,6911.2,0.0213,0,Normal
2020-01-06 07:40:00,27.35,38.45,1246,52.9,165,6.902,11.1,0.0425,8728.5,0.0215,0,Normal
2020-01-06 07:41:00,27.35,38.45,1575,32.5,168,5.36,11.1,0.0206,5460.0,0.0219,0,Normal
2020-01-06 07:42:00,27.35,38.45,1658,30.4,170,5.278,11.1,0.0183,5168.0,0.0222,0,Normal
2020-01-06 07:43:00,27.35,38.45,1385,54.8,173,7.948,11.1,0.0396,9480.4,0.0226,0,Normal
2020-01-06 07:44:00,27.35,38.55,1454,50.3,175,7.659,11.2,0.0346,8802.5,0.0228,0,Normal
2020-01-06 07:45:00,27.35,38.45,1497,40.5,180,6.349,11.1,0.0271,7290.0,0.0235,0,Normal
2020-01-06 07:46:00,27.45,38.55,1424,50.8,182,7.575,11.1,0.0357,9245.6,0.0237,0,Normal
2020-01-06 07:47:00,27.45,38.55,1528,43.9,185,7.025,11.1,0.0287,8121.5,0.0241,0,Normal
2020-01-06 07:48:00,27.45,38.65,1539,37.0,187,5.963,11.2,0.024,6919.0,0.0244,0,Normal
2020-01-06 07:49:00,27.55,38.65,1336,58.4,189,8.17,11.1,0.0437,11037.6,0.0246,1,Overstrain_Failure
2020-01-06 07:50:00,27.35,38.45,1525,37.6,191,6.005,11.1,0.0247,7181.6,0.0249,0,Normal
2020-01-06 07:51:00,27.35,38.45,1456,51.1,193,7.791,11.1,0.0351,9862.3,0.0252,0,Normal
2020-01-06 07:52:00,27.35,38.55,2141,17.2,196,3.856,11.2,0.008,3371.2,0.0255,0,Normal
2020-01-06 07:53:00,27.35,38.45,1476,39.1,199,6.044,11.1,0.0265,7780.9,0.0259,0,Normal
2020-01-06 07:54:00,27.35,38.45,1509,47.2,202,7.459,11.1,0.0313,9534.4,0.0263,0,Normal
2020-01-06 07:55:00,27.35,38.45,1447,45.4,204,6.879,11.1,0.0314,9261.6,0.0266,0,Normal
2020-01-06 07:56:00,27.45,38.55,1448,49.1,206,7.445,11.1,0.0339,10114.6,0.0268,0,Normal
2020-01-06 07:57:00,27.45,38.55,1428,52.6,208,7.866,11.1,0.0368,10940.8,0.0271,0,Normal
2020-01-06 07:58:00,27.45,38.55,1389,52.1,210,7.578,11.1,0.0375,10941.0,0.0273,0,Normal
2020-01-06 07:59:00,27.55,38.55,1635,32.4,213,5.547,11.0,0.0198,6901.2,0.0277,0,Normal
2020-01-06 08:00:00,27.55,38.55,1395,43.7,215,6.384,11.0,0.0313,9395.5,0.028,0,Normal
2020-01-06 08:01:00,27.55,38.65,1443,43.7,217,6.604,11.1,0.0303,9482.9,0.0282,0,Normal
2020-01-06 08:02:00,27.55,38.55,1412,49.1,219,7.26,11.0,0.0348,10752.9,0.0285,0,Normal
2020-01-06 08:03:00,27.55,38.55,1524,43.5,222,6.942,11.0,0.0285,9657.0,0.0289,0,Normal
2020-01-06 08:04:00,27.55,38.65,1407,42.4,224,6.247,11.1,0.0301,9497.6,0.0291,0,Normal
2020-01-06 08:05:00,27.65,38.55,1397,43.5,227,6.364,10.9,0.0311,9874.5,0.0295,0,Normal
2020-01-06 08:06:00,27.55,38.55,1504,36.9,229,5.812,11.0,0.0245,8450.1,0.0298,0,Normal
2020-01-06 08:07:00,27.55,38.55,2097,18.9,232,4.15,11.0,0.009,4384.8,0.0302,1,Tool_Wear_Failure
2020-01-06 08:08:00,27.45,38.55,1553,39.8,0,6.473,11.1,0.0256,0.0,0.0,0,Normal
2020-01-06 08:09:00,27.45,38.55,1432,39.2,2,5.878,11.1,0.0274,78.4,0.0003,0,Normal
2020-01-06 08:10:00,27.35,38.45,1577,36.5,4,6.028,11.1,0.0231,146.0,0.0005,0,Normal
2020-01-06 08:11:00,27.35,38.35,1370,56.1,7,8.048,11.0,0.0409,392.7,0.0009,0,Normal
2020-01-06 08:12:00,27.35,38.45,1506,36.2,10,5.709,11.1,0.024,362.0,0.0013,0,Normal
2020-01-06 08:13:00,27.45,38.45,1964,21.4,15,4.401,11.0,0.0109,321.0,0.0019,0,Normal
2020-01-06 08:14:00,27.45,38.55,1500,36.7,17,5.765,11.1,0.0245,623.9,0.0022,0,Normal
2020-01-06 08:15:00,27.45,38.55,1488,47.7,22,7.433,11.1,0.0321,1049.4,0.0029,0,Normal
2020-01-06 08:16:00,27.45,38.35,1282,60.2,24,8.082,10.9,0.047,1444.8,0.0031,0,Normal
2020-01-06 08:17:00,27.35,38.25,1400,45.1,29,6.612,10.9,0.0322,1307.9,0.0038,0,Normal
2020-01-06 08:18:00,27.45,38.35,1419,38.6,31,5.736,10.9,0.0272,1196.6,0.004,0,Normal
2020-01-06 08:19:00,27.55,38.35,1441,40.6,33,6.127,10.8,0.0282,1339.8,0.0043,0,Normal
2020-01-06 08:20:00,27.55,38.45,1348,62.5,36,8.823,10.9,0.0464,2250.0,0.0047,0,Normal
2020-01-06 08:21:00,27.65,38.55,1468,38.7,39,5.949,10.9,0.0264,1509.3,0.0051,0,Normal
2020-01-06 08:22:00,27.55,38.55,1701,30.8,44,5.486,11.0,0.0181,1355.2,0.0057,0,Normal
2020-01-06 08:23:00,27.55,38.55,1864,23.6,47,4.607,11.0,0.0127,1109.2,0.0061,0,Normal
2020-01-06 08:24:00,27.45,38.45,1630,31.8,52,5.428,11.0,0.0195,1653.6,0.0067,0,Normal
2020-01-06 08:25:00,27.35,38.35,1316,49.7,55,6.849,11.0,0.0378,2733.5,0.0071,0,Normal
2020-01-06 08:26:00,27.35,38.35,1708,31.2,57,5.58,11.0,0.0183,1778.4,0.0074,0,Normal
2020-01-06 08:27:00,27.35,38.25,1679,27.5,59,4.835,10.9,0.0164,1622.5,0.0077,0,Normal
2020-01-06 08:28:00,27.35,38.25,1709,32.3,64,5.781,10.9,0.0189,2067.2,0.0083,0,Normal
2020-01-06 08:29:00,27.35,38.25,1445,41.5,66,6.28,10.9,0.0287,2739.0,0.0086,0,Normal
2020-01-06 08:30:00,27.35,38.25,1390,51.9,68,7.555,10.9,0.0373,3529.2,0.0088,0,Normal
2020-01-06 08:31:00,27.25,38.25,1309,55.5,71,7.608,11.0,0.0424,3940.5,0.0092,0,Normal
2020-01-06 08:32:00,27.35,38.35,1499,37.6,73,5.902,11.0,0.0251,2744.8,0.0095,0,Normal
2020-01-06 08:33:00,27.35,38.25,2072,18.8,75,4.079,10.9,0.0091,1410.0,0.0097,0,Normal
2020-01-06 08:34:00,27.35,38.35,1487,43.0,78,6.696,11.0,0.0289,3354.0,0.0101,0,Normal
2020-01-06 08:35:00,27.35,38.35,1302,49.6,80,6.763,11.0,0.0381,3968.0,0.0104,0,Normal
2020-01-06 08:36:00,27.35,38.35,1378,48.2,82,6.955,11.0,0.035,3952.4,0.0106,0,Normal
2020-01-06 08:37:00,27.35,38.45,1365,53.0,85,7.576,11.1,0.0388,4505.0,0.011,0,Normal
2020-01-06 08:38:00,27.45,38.55,1427,44.6,87,6.665,11.1,0.0313,3880.2,0.0113,0,Normal
2020-01-06 08:39:00,27.45,38.55,1535,33.3,92,5.353,11.1,0.0217,3063.6,0.0119,0,Normal
2020-01-06 08:40:00,27.35,38.45,1476,41.7,97,6.445,11.1,0.0283,4044.9,0.0126,0,Normal
2020-01-06 08:41:00,27.35,38.45,1425,42.4,102,6.327,11.1,0.0298,4324.8,0.0132,0,Normal
2020-01-06 08:42:00,27.35,38.55,1409,54.7,104,8.071,11.2,0.0388,5688.8,0.0135,0,Normal
2020-01-06 08:43:00,27.35,38.45,1730,30.2,106,5.471,11.1,0.0175,3201.2,0.0137,0,Normal
2020-01-06 08:44:00,27.35,38.45,1454,41.4,108,6.304,11.1,0.0285,4471.2,0.014,0,Normal
2020-01-06 08:45:00,27.45,38.55,1744,26.9,111,4.913,11.1,0.0154,2985.9,0.0144,0,Normal
2020-01-06 08:46:00,27.65,38.75,1761,29.0,113,5.348,11.1,0.0165,3277.0,0.0146,0,Normal
2020-01-06 08:47:00,27.55,38.75,1657,30.9,116,5.362,11.2,0.0186,3584.4,0.015,0,Normal
2020-01-06 08:48:00,27.55,38.65,1420,47.0,119,6.989,11.1,0.0331,5593.0,0.0154,0,Normal
2020-01-06 08:49:00,27.55,38.75,1329,59.2,121,8.239,11.2,0.0445,7163.2,0.0157,0,Normal
2020-01-06 08:50:00,27.45,38.75,1472,44.2,126,6.813,11.3,0.03,5569.2,0.0163,0,Normal
2020-01-06 08:51:00,27.45,38.85,1566,30.1,128,4.936,11.4,0.0192,3852.8,0.0166,0,Normal
2020-01-06 08:52:00,27.45,38.85,1430,42.7,130,6.394,11.4,0.0299,5551.0,0.0168,0,Normal
2020-01-06 08:53:00,27.45,38.85,1481,40.9,132,6.343,11.4,0.0276,5398.8,0.0171,0,Normal
2020-01-06 08:54:00,27.45,38.85,1670,29.4,134,5.142,11.4,0.0176,3939.6,0.0173,0,Normal
2020-01-06 08:55:00,27.45,38.85,1406,55.1,136,8.113,11.4,0.0392,7493.6,0.0176,0,Normal
2020-01-06 08:56:00,27.45,38.95,1354,46.9,138,6.65,11.5,0.0346,6472.2,0.0178,0,Normal
2020-01-06 08:57:00,27.35,38.85,1985,19.3,143,4.012,11.5,0.0097,2759.9,0.0185,0,Normal
2020-01-06 08:58:00,27.35,38.85,1263,60.8,146,8.041,11.5,0.0481,8876.8,0.0189,0,Normal
2020-01-06 08:59:00,27.35,38.75,1576,31.1,149,5.133,11.4,0.0197,4633.9,0.0193,0,Normal
2020-01-06 09:00:00,27.35,38.85,1453,45.1,151,6.862,11.5,0.031,6810.1,0.0195,0,Normal
2020-01-06 09:01:00,27.35,38.85,1478,39.0,153,6.036,11.5,0.0264,5967.0,0.0198,0,Normal
2020-01-06 09:02:00,27.35,38.75,1323,57.9,155,8.022,11.4,0.0438,8974.5,0.02,0,Normal
2020-01-06 09:03:00,27.35,38.75,1710,28.4,158,5.086,11.4,0.0166,4487.2,0.0204,0,Normal
2020-01-06 09:04:00,27.25,38.55,1314,59.5,160,8.187,11.3,0.0453,9520.0,0.0207,0,Normal
2020-01-06 09:05:00,27.25,38.55,1460,39.6,162,6.054,11.3,0.0271,6415.2,0.0209,0,Normal
2020-01-06 09:06:00,27.25,38.55,1508,45.4,164,7.169,11.3,0.0301,7445.6,0.0212,0,Normal
2020-01-06 09:07:00,27.35,38.65,1331,55.3,167,7.708,11.3,0.0415,9235.1,0.0216,0,Normal
2020-01-06 09:08:00,27.25,38.55,1515,47.4,170,7.52,11.3,0.0313,8058.0,0.0219,0,Normal
2020-01-06 09:09:00,27.25,38.45,1674,33.0,172,5.785,11.2,0.0197,5676.0,0.0222,0,Normal
2020-01-06 09:10:00,27.25,38.55,1444,51.2,174,7.742,11.3,0.0355,8908.8,0.0224,0,Normal
2020-01-06 09:11:00,27.25,38.55,1398,42.6,176,6.237,11.3,0.0305,7497.6,0.0227,0,Normal
2020-01-06 09:12:00,27.25,38.55,1832,24.2,179,4.643,11.3,0.0132,4331.8,0.0231,0,Normal
2020-01-06 09:13:00,27.35,38.65,1591,42.0,182,6.998,11.3,0.0264,7644.0,0.0235,0,Normal
2020-01-06 09:14:00,27.25,38.55,1478,39.9,185,6.176,11.3,0.027,7381.5,0.0239,0,Normal
2020-01-06 09:15:00,27.25,38.65,1362,47.6,188,6.789,11.4,0.0349,8948.8,0.0242,0,Normal
2020-01-06 09:16:00,27.35,38.65,1368,57.9,191,8.295,11.3,0.0423,11058.9,0.0246,1,Overstrain_Failure
2020-01-06 09:17:00,27.15,38.55,1723,28.3,193,5.106,11.4,0.0164,5461.9,0.0249,0,Normal
2020-01-06 09:18:00,27.25,38.65,1689,30.8,196,5.448,11.4,0.0182,6036.8,0.0253,0,Normal
2020-01-06 09:19:00,27.25,38.65,1272,59.2,198,7.886,11.4,0.0465,11721.6,0.0255,1,Overstrain_Failure
2020-01-06 09:20:00,27.25,38.55,1511,33.0,200,5.222,11.3,0.0218,6600.0,0.0258,0,Normal
2020-01-06 09:21:00,27.25,38.45,1715,30.8,203,5.532,11.2,0.018,6252.4,0.0262,0,Normal
2020-01-06 09:22:00,27.15,38.35,1400,43.8,0,6.421,11.2,0.0313,0.0,0.0,0,Normal
2020-01-06 09:23:00,27.25,38.45,1200,76.6,3,9.626,11.2,0.0638,229.8,0.0004,1,Power_Failure
2020-01-06 09:24:00,27.25,38.55,1555,38.7,5,6.302,11.3,0.0249,193.5,0.0006,0,Normal
2020-01-06 09:25:00,27.15,38.45,1427,56.2,8,8.398,11.3,0.0394,449.6,0.001,0,Normal
2020-01-06 09:26:00,27.15,38.25,1318,52.7,13,7.274,11.1,0.04,685.1,0.0017,0,Normal
2020-01-06 09:27:00,27.05,38.25,1319,54.6,15,7.542,11.2,0.0414,819.0,0.0019,0,Normal
2020-01-06 09:28:00,27.05,38.25,1960,20.9,20,4.29,11.2,0.0107,418.0,0.0026,0,Normal
2020-01-06 09:29:00,27.15,38.35,1552,38.9,23,6.322,11.2,0.0251,894.7,0.003,0,Normal
2020-01-06 09:30:00,27.15,38.35,1548,32.2,25,5.22,11.2,0.0208,805.0,0.0032,0,Normal
2020-01-06 09:31:00,27.15,38.45,1709,29.5,27,5.279,11.3,0.0173,796.5,0.0035,0,Normal
2020-01-06 09:32:00,27.15,38.35,1464,41.0,29,6.286,11.2,0.028,1189.0,0.0037,0,Normal
2020-01-06 09:33:00,27.15,38.25,1759,24.8,34,4.568,11.1,0.0141,843.2,0.0044,0,Normal
2020-01-06 09:34:00,27.15,38.35,1634,31.9,36,5.458,11.2,0.0195,1148.4,0.0046,0,Normal
2020-01-06 09:35:00,27.15,38.35,1663,33.6,38,5.851,11.2,0.0202,1276.8,0.0049,0,Normal
2020-01-06 09:36:00,27.15,38.35,1445,47.3,40,7.157,11.2,0.0327,1892.0,0.0051,0,Normal
2020-01-06 09:37:00,27.15,38.35,1695,25.6,43,4.544,11.2,0.0151,1100.8,0.0055,0,Normal
2020-01-06 09:38:00,27.25,38.45,1517,39.0,45,6.196,11.2,0.0257,1755.0,0.0058,0,Normal
2020-01-06 09:39:00,27.35,38.55,1811,26.8,47,5.083,11.2,0.0148,1259.6,0.006,0,Normal
2020-01-06 09:40:00,27.25,38.45,1815,23.5,49,4.467,11.2,0.0129,1151.5,0.0063,0,Normal
2020-01-06 09:41:00,27.25,38.55,1513,40.0,51,6.338,11.3,0.0264,2040.0,0.0066,0,Normal
2020-01-06 09:42:00,27.25,38.45,1518,36.4,53,5.786,11.2,0.024,1929.2,0.0068,0,Normal
2020-01-06 09:43:00,27.15,38.35,1667,28.8,56,5.028,11.2,0.0173,1612.8,0.0072,0,Normal
2020-01-06 09:44:00,27.15,38.35,1403,60.1,58,8.83,11.2,0.0428,3485.8,0.0075,0,Normal
2020-01-06 09:45:00,27.05,38.35,1383,42.1,60,6.097,11.3,0.0304,2526.0,0.0077,0,Normal
2020-01-06 09:46:00,27.15,38.35,1466,46.2,62,7.093,11.2,0.0315,2864.4,0.008,0,Normal
2020-01-06 09:47:00,27.15,38.35,1378,47.5,64,6.854,11.2,0.0345,3040.0,0.0082,0,Normal
2020-01-06 09:48:00,27.05,38.35,1547,40.9,66,6.626,11.3,0.0264,2699.4,0.0085,0,Normal
2020-01-06 09:49:00,27.05,38.35,1495,38.5,69,6.027,11.3,0.0258,2656.5,0.0089,0,Normal
2020-01-06 09:50:00,26.95,38.25,1729,29.3,71,5.305,11.3,0.0169,2080.3,0.0091,0,Normal
2020-01-06 09:51:00,26.95,38.25,1418,47.7,73,7.083,11.3,0.0336,3482.1,0.0094,0,Normal
2020-01-06 09:52:00,26.95,38.25,1485,40.4,75,6.283,11.3,0.0272,3030.0,0.0096,0,Normal
2020-01-06 09:53:00,26.95,38.35,1434,40.8,80,6.127,11.4,0.0285,3264.0,0.0103,0,Normal
2020-01-06 09:54:00,27.05,38.45,1415,55.8,82,8.268,11.4,0.0394,4575.6,0.0105,0,Normal
2020-01-06 09:55:00,26.95,38.45,1674,29.6,85,5.189,11.5,0.0177,2516.0,0.0109,0,Normal
2020-01-06 09:56:00,26.95,38.35,1454,52.4,90,7.979,11.4,0.036,4716.0,0.0115,0,Normal
2020-01-06 09:57:00,26.85,38.25,1476,39.0,92,6.028,11.4,0.0264,3588.0,0.0118,0,Normal
2020-01-06 09:58:00,26.85,38.35,1812,28.3,94,5.37,11.5,0.0156,2660.2,0.0121,0,Normal
2020-01-06 09:59:00,26.85,38.25,1374,41.9,96,6.029,11.4,0.0305,4022.4,0.0123,0,Normal
2020-01-06 10:00:00,26.95,38.25,1524,40.6,98,6.479,11.3,0.0266,3978.8,0.0126,0,Normal
2020-01-06 10:01:00,26.85,38.25,1383,49.6,101,7.183,11.4,0.0359,5009.6,0.0129,0,Normal
2020-01-06 10:02:00,26.75,38.15,1429,58.2,103,8.709,11.4,0.0407,5994.6,0.0132,0,Normal
2020-01-06 10:03:00,26.65,38.15,1517,41.2,105,6.545,11.5,0.0272,4326.0,0.0135,0,Normal
2020-01-06 10:04:00,26.75,38.25,1480,44.9,108,6.959,11.5,0.0303,4849.2,0.0138,0,Normal
2020-01-06 10:05:00,26.75,38.25,1706,28.8,111,5.145,11.5,0.0169,3196.8,0.0142,0,Normal
2020-01-06 10:06:00,26.85,38.35,1349,48.6,113,6.866,11.5,0.036,5491.8,0.0145,0,Normal
2020-01-06 10:07:00,26.85,38.35,1451,49.0,115,7.445,11.5,0.0338,5635.0,0.0147,0,Normal
2020-01-06 10:08:00,26.75,38.25,1627,36.7,118,6.253,11.5,0.0226,4330.6,0.0151,0,Normal
2020-01-06 10:09:00,26.85,38.25,1537,35.4,120,5.698,11.4,0.023,4248.0,0.0154,0,Normal
2020-01-06 10:10:00,26.95,38.35,2218,17.0,123,3.949,11.4,0.0077,2091.0,0.0157,0,Normal
2020-01-06 10:11:00,26.85,38.25,1466,39.0,125,5.987,11.4,0.0266,4875.0,0.016,0,Normal
2020-01-06 10:12:00,26.85,38.35,1666,32.0,128,5.583,11.5,0.0192,4096.0,0.0164,0,Normal
2020-01-06 10:13:00,26.85,38.35,1455,41.7,130,6.354,11.5,0.0287,5421.0,0.0166,0,Normal
2020-01-06 10:14:00,26.85,38.25,1927,24.6,132,4.964,11.4,0.0128,3247.2,0.0169,0,Normal
2020-01-06 10:15:00,26.75,38.15,1703,28.4,134,5.065,11.4,0.0167,3805.6,0.0171,0,Normal
2020-01-06 10:16:00,26.65,38.05,1533,35.9,137,5.763,11.4,0.0234,4918.3,0.0175,0,Normal
2020-01-06 10:17:00,26.65,38.15,1785,25.4,139,4.748,11.5,0.0142,3530.6,0.0178,0,Normal
2020-01-06 10:18:00,26.65,38.05,2142,16.6,144,3.724,11.4,0.0077,2390.4,0.0184,0,Normal
2020-01-06 10:19:00,26.65,38.05,1369,46.2,146,6.623,11.4,0.0337,6745.2,0.0187,0,Normal
2020-01-06 10:20:00,26.65,38.05,1706,29.2,148,5.217,11.4,0.0171,4321.6,0.0189,0,Normal
2020-01-06 10:21:00,26.75,38.15,1802,24.4,151,4.604,11.4,0.0135,3684.4,0.0193,0,Normal
2020-01-06 10:22:00,26.75,38.15,1413,41.8,153,6.185,11.4,0.0296,6395.4,0.0196,0,Normal
2020-01-06 10:23:00,26.85,38.15,1484,53.2,158,8.267,11.3,0.0358,8405.6,0.0202,0,Normal
2020-01-06 10:24:00,26.75,38.15,1535,38.1,160,6.124,11.4,0.0248,6096.0,0.0204,0,Normal
2020-01-06 10:25:00,26.75,38.05,1579,35.5,162,5.87,11.3,0.0225,5751.0,0.0207,0,Normal
2020-01-06 10:26:00,26.65,37.95,1300,64.2,165,8.74,11.3,0.0494,10593.0,0.0211,0,Normal
2020-01-06 10:27:00,26.65,37.95,1452,44.3,167,6.736,11.3,0.0305,7398.1,0.0213,0,Normal
2020-01-06 10:28:00,26.65,37.95,1562,35.7,170,5.84,11.3,0.0229,6069.0,0.0217,0,Normal
2020-01-06 10:29:00,26.65,38.05,1664,28.3,173,4.931,11.4,0.017,4895.9,0.0221,0,Normal
2020-01-06 10:30:00,26.75,38.05,1495,35.8,175,5.605,11.3,0.0239,6265.0,0.0223,0,Normal
2020-01-06 10:31:00,26.85,38.25,1533,42.6,180,6.839,11.4,0.0278,7668.0,0.023,0,Normal
2020-01-06 10:32:00,26.85,38.25,1484,37.0,183,5.75,11.4,0.0249,6771.0,0.0234,0,Normal
2020-01-06 10:33:00,26.85,38.25,1604,38.7,185,6.5,11.4,0.0241,7159.5,0.0236,0,Normal
2020-01-06 10:34:00,26.85,38.25,1483,45.6,187,7.082,11.4,0.0307,8527.2,0.0239,0,Normal
2020-01-06 10:35:00,26.95,38.35,1549,34.7,189,5.629,11.4,0.0224,6558.3,0.0241,0,Normal
2020-01-06 10:36:00,26.95,38.25,1604,35.0,191,5.879,11.3,0.0218,6685.0,0.0244,0,Normal
2020-01-06 10:37:00,27.05,38.35,1685,31.0,193,5.47,11.3,0.0184,5983.0,0.0246,0,Normal
2020-01-06 10:38:00,27.05,38.45,1372,49.2,195,7.069,11.4,0.0359,9594.0,0.0249,0,Normal
2020-01-06 10:39:00,27.15,38.45,1374,47.4,197,6.82,11.3,0.0345,9337.8,0.0251,0,Normal
2020-01-06 10:40:00,27.05,38.45,1606,31.0,199,5.214,11.4,0.0193,6169.0,0.0254,0,Normal
2020-01-06 10:41:00,26.95,38.35,1471,47.2,201,7.271,11.4,0.0321,9487.2,0.0256,0,Normal
2020-01-06 10:42:00,26.95,38.35,1659,31.1,203,5.403,11.4,0.0187,6313.3,0.0259,0,Normal
2020-01-06 10:43:00,26.95,38.55,1400,48.5,205,7.11,11.6,0.0346,9942.5,0.0261,0,Normal
2020-01-06 10:44:00,26.95,38.55,1503,42.6,208,6.705,11.6,0.0283,8860.8,0.0265,0,Normal
2020-01-06 10:45:00,27.05,38.65,1798,23.2,210,4.368,11.6,0.0129,4872.0,0.0268,0,Normal
2020-01-06 10:46:00,27.05,38.45,1608,35.0,212,5.894,11.4,0.0218,7420.0,0.027,0,Normal
2020-01-06 10:47:00,27.05,38.45,1322,50.9,215,7.047,11.4,0.0385,10943.5,0.0274,0,Normal
2020-01-06 10:48:00,27.05,38.45,1547,37.7,217,6.107,11.4,0.0244,8180.9,0.0276,0,Normal
2020-01-06 10:49:00,27.15,38.55,1374,47.9,222,6.892,11.4,0.0349,10633.8,0.0283,1,Tool_Wear_Failure
2020-01-06 10:50:00,27.15,38.55,1447,36.8,0,5.576,11.4,0.0254,0.0,0.0,0,Normal
2020-01-06 10:51:00,27.25,38.55,1373,47.2,3,6.786,11.3,0.0344,141.6,0.0004,0,Normal
2020-01-06 10:52:00,27.15,38.55,1515,37.5,5,5.949,11.4,0.0248,187.5,0.0006,0,Normal
2020-01-06 10:53:00,27.15,38.55,1317,56.5,7,7.792,11.4,0.0429,395.5,0.0009,0,Normal
2020-01-06 10:54:00,27.15,38.65,1551,37.2,9,6.042,11.5,0.024,334.8,0.0011,0,Normal
2020-01-06 10:55:00,27.15,38.65,1592,32.1,11,5.352,11.5,0.0202,353.1,0.0014,0,Normal
2020-01-06 10:56:00,27.25,38.65,1433,42.2,14,6.333,11.4,0.0294,590.8,0.0018,0,Normal
2020-01-06 10:57:00,27.35,38.75,1432,43.1,16,6.463,11.4,0.0301,689.6,0.002,0,Normal
2020-01-06 10:58:00,27.35,38.75,1350,51.7,18,7.309,11.4,0.0383,930.6,0.0023,0,Normal
2020-01-06 10:59:00,27.35,38.75,1370,44.8,20,6.427,11.4,0.0327,896.0,0.0025,0,Normal
2020-01-06 11:00:00,27.35,38.85,1415,44.6,23,6.609,11.5,0.0315,1025.8,0.0029,0,Normal
2020-01-06 11:01:00,27.35,38.85,1498,42.9,25,6.73,11.5,0.0286,1072.5,0.0032,0,Normal
2020-01-06 11:02:00,27.35,38.85,1382,54.1,27,7.829,11.5,0.0391,1460.7,0.0034,0,Normal
2020-01-06 11:03:00,27.35,38.75,1511,44.5,30,7.041,11.4,0.0295,1335.0,0.0038,0,Normal
2020-01-06 11:04:00,27.35,38.75,1330,59.5,33,8.287,11.4,0.0447,1963.5,0.0042,0,Normal
2020-01-06 11:05:00,27.35,38.75,1383,50.5,35,7.314,11.4,0.0365,1767.5,0.0044,0,Normal
2020-01-06 11:06:00,27.35,38.75,1431,49.4,37,7.403,11.4,0.0345,1827.8,0.0047,0,Normal
2020-01-06 11:07:00,27.35,38.85,1461,38.1,39,5.829,11.5,0.0261,1485.9,0.005,0,Normal
2020-01-06 11:08:00,27.25,38.75,1438,46.7,41,7.032,11.5,0.0325,1914.7,0.0052,0,Normal
2020-01-06 11:09:00,27.35,38.85,1779,27.7,46,5.16,11.5,0.0156,1274.2,0.0058,0,Normal
2020-01-06 11:10:00,27.45,38.95,1293,52.3,49,7.082,11.5,0.0404,2562.7,0.0062,0,Normal
2020-01-06 11:11:00,27.45,39.05,1308,54.7,52,7.492,11.6,0.0418,2844.4,0.0066,0,Normal
2020-01-06 11:12:00,27.45,39.15,1532,37.2,54,5.968,11.7,0.0243,2008.8,0.0069,0,Normal
2020-01-06 11:13:00,27.55,39.25,1470,38.6,56,5.942,11.7,0.0263,2161.6,0.0071,0,Normal
2020-01-06 11:14:00,27.55,39.15,1548,37.9,58,6.144,11.6,0.0245,2198.2,0.0074,0,Normal
2020-01-06 11:15:00,27.55,39.15,1898,24.0,60,4.77,11.6,0.0126,1440.0,0.0076,0,Normal
2020-01-06 11:16:00,27.55,39.05,1335,49.0,62,6.85,11.5,0.0367,3038.0,0.0079,0,Normal
2020-01-06 11:17:00,27.55,39.15,1420,53.8,67,8.0,11.6,0.0379,3604.6,0.0085,0,Normal
2020-01-06 11:18:00,27.55,39.15,1418,49.0,69,7.276,11.6,0.0346,3381.0,0.0088,0,Normal
2020-01-06 11:19:00,27.65,39.15,1535,40.3,71,6.478,11.5,0.0263,2861.3,0.009,0,Normal
2020-01-06 11:20:00,27.55,39.25,1457,47.2,74,7.202,11.7,0.0324,3492.8,0.0094,0,Normal
2020-01-06 11:21:00,27.65,39.25,1493,39.1,79,6.113,11.6,0.0262,3088.9,0.01,0,Normal
2020-01-06 11:22:00,27.55,39.15,1670,27.3,81,4.774,11.6,0.0163,2211.3,0.0103,0,Normal
2020-01-06 11:23:00,27.55,39.15,1446,45.4,86,6.875,11.6,0.0314,3904.4,0.0109,0,Normal
2020-01-06 11:24:00,27.65,39.25,1465,59.1,91,9.067,11.6,0.0403,5378.1,0.0115,1,Power_Failure
2020-01-06 11:25:00,27.55,39.15,1590,36.3,93,6.044,11.6,0.0228,3375.9,0.0118,0,Normal
2020-01-06 11:26:00,27.45,39.05,2174,18.5,95,4.212,11.6,0.0085,1757.5,0.012,0,Normal
2020-01-06 11:27:00,27.55,39.25,1590,37.9,98,6.311,11.7,0.0238,3714.2,0.0124,0,Normal
2020-01-06 11:28:00,27.55,39.15,1577,33.2,100,5.483,11.6,0.0211,3320.0,0.0127,0,Normal
2020-01-06 11:29:00,27.55,39.25,1371,61.7,102,8.858,11.7,0.045,6293.4,0.0129,0,Normal
2020-01-06 11:30:00,27.65,39.25,1767,25.6,105,4.737,11.6,0.0145,2688.0,0.0133,0,Normal
2020-01-06 11:31:00,27.65,39.35,1517,39.2,107,6.227,11.7,0.0258,4194.4,0.0136,0,Normal
2020-01-06 11:32:00,27.75,39.45,1555,40.6,109,6.611,11.7,0.0261,4425.4,0.0138,0,Normal
2020-01-06 11:33:00,27.75,39.55,1416,43.8,112,6.495,11.8,0.0309,4905.6,0.0142,0,Normal
2020-01-06 11:34:00,27.65,39.45,1588,35.6,114,5.92,11.8,0.0224,4058.4,0.0144,0,Normal
2020-01-06 11:35:00,27.65,39.45,1422,50.0,117,7.446,11.8,0.0352,5850.0,0.0148,0,Normal
2020-01-06 11:36:00,27.65,39.45,1376,53.6,119,7.723,11.8,0.039,6378.4,0.0151,0,Normal
2020-01-06 11:37:00,27.65,39.35,1434,50.7,121,7.614,11.7,0.0354,6134.7,0.0153,0,Normal
2020-01-06 11:38:00,27.65,39.35,1423,47.3,123,7.048,11.7,0.0332,5817.9,0.0156,0,Normal
2020-01-06 11:39:00,27.75,39.25,1364,52.5,125,7.499,11.5,0.0385,6562.5,0.0158,0,Normal
2020-01-06 11:40:00,27.65,39.25,1825,23.8,127,4.549,11.6,0.013,3022.6,0.0161,0,Normal
2020-01-06 11:41:00,27.65,39.25,1365,44.5,129,6.361,11.6,0.0326,5740.5,0.0163,0,Normal
2020-01-06 11:42:00,27.55,39.15,1430,47.2,131,7.068,11.6,0.033,6183.2,0.0166,0,Normal
2020-01-06 11:43:00,27.65,39.15,1435,44.8,134,6.732,11.5,0.0312,6003.2,0.017,0,Normal
2020-01-06 11:44:00,27.65,39.25,1811,25.1,136,4.76,11.6,0.0139,3413.6,0.0172,0,Normal
2020-01-06 11:45:00,27.65,39.25,1465,43.7,139,6.704,11.6,0.0298,6074.3,0.0176,0,Normal
2020-01-06 11:46:00,27.75,39.25,1372,51.0,142,7.327,11.5,0.0372,7242.0,0.018,0,Normal
2020-01-06 11:47:00,27.65,39.15,1858,26.3,144,5.117,11.5,0.0142,3787.2,0.0182,0,Normal
2020-01-06 11:48:00,27.55,39.15,1715,26.8,146,4.813,11.6,0.0156,3912.8,0.0185,0,Normal
2020-01-06 11:49:00,27.55,39.05,1590,38.5,148,6.41,11.5,0.0242,5698.0,0.0187,0,Normal
2020-01-06 11:50:00,27.65,39.05,1664,25.7,150,4.478,11.4,0.0154,3855.0,0.019,0,Normal
2020-01-06 11:51:00,27.55,38.95,1512,36.9,153,5.843,11.4,0.0244,5645.7,0.0193,0,Normal
2020-01-06 11:52:00,27.55,38.95,1498,44.0,155,6.902,11.4,0.0294,6820.0,0.0196,0,Normal
2020-01-06 11:53:00,27.55,38.95,1395,41.9,157,6.121,11.4,0.03,6578.3,0.0198,0,Normal
2020-01-06 11:54:00,27.55,38.95,1490,43.1,159,6.725,11.4,0.0289,6852.9,0.0201,0,Normal
2020-01-06 11:55:00,27.65,38.95,1527,35.1,164,5.613,11.3,0.023,5756.4,0.0207,0,Normal
2020-01-06 11:56:00,27.65,38.95,1512,37.1,169,5.874,11.3,0.0245,6269.9,0.0213,0,Normal
2020-01-06 11:57:00,27.75,38.95,1474,42.4,171,6.545,11.2,0.0288,7250.4,0.0216,0,Normal
2020-01-06 11:58:00,27.65,38.95,1505,41.3,173,6.509,11.3,0.0274,7144.9,0.0218,0,Normal
2020-01-06 11:59:00,27.65,38.85,1496,40.0,175,6.266,11.2,0.0267,7000.0,0.0221,0,Normal
2020-01-06 12:00:00,27.65,38.85,1382,49.3,177,7.135,11.2,0.0357,8726.1,0.0223,0,Normal
2020-01-06 12:01:00,27.55,38.75,1419,47.7,179,7.088,11.2,0.0336,8538.3,0.0226,0,Normal
2020-01-06 12:02:00,27.55,38.75,1462,39.7,181,6.078,11.2,0.0272,7185.7,0.0228,0,Normal
2020-01-06 12:03:00,27.65,38.85,1450,45.0,183,6.833,11.2,0.031,8235.0,0.0231,0,Normal
2020-01-06 12:04:00,27.55,38.75,1389,46.5,186,6.764,11.2,0.0335,8649.0,0.0235,0,Normal
2020-01-06 12:05:00,27.55,38.75,1697,28.2,191,5.011,11.2,0.0166,5386.2,0.0241,0,Normal
2020-01-06 12:06:00,27.55,38.75,1335,57.1,194,7.983,11.2,0.0428,11077.4,0.0245,1,Overstrain_Failure
2020-01-06 12:07:00,27.55,38.75,1476,42.0,196,6.492,11.2,0.0285,8232.0,0.0247,0,Normal
2020-01-06 12:08:00,27.45,38.55,1497,43.6,198,6.835,11.1,0.0291,8632.8,0.025,0,Normal
2020-01-06 12:09:00,27.45,38.45,1669,29.2,200,5.103,11.0,0.0175,5840.0,0.0252,0,Normal
2020-01-06 12:10:00,27.45,38.45,1455,48.0,203,7.314,11.0,0.033,9744.0,0.0256,0,Normal
2020-01-06 12:11:00,27.55,38.55,1499,38.4,205,6.028,11.0,0.0256,7872.0,0.0258,0,Normal
2020-01-06 12:12:00,27.55,38.65,1478,41.9,207,6.485,11.1,0.0283,8673.3,0.0261,0,Normal
2020-01-06 12:13:00,27.65,38.65,1928,21.8,209,4.401,11.0,0.0113,4556.2,0.0263,0,Normal
2020-01-06 12:14:00,27.65,38.75,1621,28.3,211,4.804,11.1,0.0175,5971.3,0.0266,0,Normal
2020-01-06 12:15:00,27.65,38.75,1356,44.3,214,6.291,11.1,0.0327,9480.2,0.027,0,Normal
2020-01-06 12:16:00,27.65,38.55,1490,46.4,217,7.24,10.9,0.0311,10068.8,0.0273,0,Normal
2020-01-06 12:17:00,27.65,38.55,1578,31.4,219,5.189,10.9,0.0199,6876.6,0.0276,0,Normal
2020-01-06 12:18:00,27.65,38.55,1681,31.3,221,5.51,10.9,0.0186,6917.3,0.0278,0,Normal
2020-01-06 12:19:00,27.65,38.65,1417,43.4,223,6.44,11.0,0.0306,9678.2,0.0281,0,Normal
2020-01-06 12:20:00,27.55,38.55,1532,40.0,0,6.417,11.0,0.0261,0.0,0.0,0,Normal
2020-01-06 12:21:00,27.55,38.55,1499,38.9,3,6.106,11.0,0.026,116.7,0.0004,0,Normal
2020-01-06 12:22:00,27.65,38.55,1432,45.8,6,6.868,10.9,0.032,274.8,0.0008,0,Normal
2020-01-06 12:23:00,27.65,38.55,1753,29.0,8,5.324,10.9,0.0165,232.0,0.001,0,Normal
2020-01-06 12:24:00,27.65,38.55,1414,49.0,10,7.256,10.9,0.0347,490.0,0.0013,0,Normal
2020-01-06 12:25:00,27.65,38.55,1655,32.2,12,5.581,10.9,0.0195,386.4,0.0015,0,Normal
2020-01-06 12:26:00,27.65,38.45,1516,35.6,14,5.652,10.8,0.0235,498.4,0.0018,0,Normal
2020-01-06 12:27:00,27.65,38.55,1426,45.5,16,6.795,10.9,0.0319,728.0,0.002,0,Normal
2020-01-06 12:28:00,27.65,38.55,1479,39.4,18,6.102,10.9,0.0266,709.2,0.0023,0,Normal
2020-01-06 12:29:00,27.55,38.35,1569,36.4,20,5.981,10.8,0.0232,728.0,0.0025,0,Normal
2020-01-06 12:30:00,27.65,38.45,1568,36.0,23,5.911,10.8,0.023,828.0,0.0029,0,Normal
2020-01-06 12:31:00,27.75,38.65,1843,24.5,25,4.728,10.9,0.0133,612.5,0.0031,0,Normal
2020-01-06 12:32:00,27.75,38.75,1480,40.9,28,6.339,11.0,0.0276,1145.2,0.0035,0,Normal
2020-01-06 12:33:00,27.85,38.85,1447,36.8,31,5.576,11.0,0.0254,1140.8,0.0039,0,Normal
2020-01-06 12:34:00,27.85,38.75,1454,41.9,33,6.38,10.9,0.0288,1382.7,0.0041,0,Normal
2020-01-06 12:35:00,27.75,38.75,1310,56.1,35,7.696,11.0,0.0428,1963.5,0.0044,0,Normal
2020-01-06 12:36:00,27.75,38.75,1513,38.0,38,6.021,11.0,0.0251,1444.0,0.0048,0,Normal
2020-01-06 12:37:00,27.75,38.75,2140,16.5,43,3.698,11.0,0.0077,709.5,0.0054,0,Normal
2020-01-06 12:38:00,27.85,38.95,1377,49.9,48,7.196,11.1,0.0362,2395.2,0.006,0,Normal
2020-01-06 12:39:00,27.85,38.95,1585,32.3,50,5.361,11.1,0.0204,1615.0,0.0063,0,Normal
2020-01-06 12:40:00,27.95,39.05,1491,42.6,52,6.651,11.1,0.0286,2215.2,0.0065,0,Normal
2020-01-06 12:41:00,27.85,39.05,1264,59.0,57,7.81,11.2,0.0467,3363.0,0.0072,0,Normal
2020-01-06 12:42:00,27.85,39.05,1372,47.0,59,6.753,11.2,0.0343,2773.0,0.0074,0,Normal
2020-01-06 12:43:00,27.85,39.05,1510,39.9,61,6.309,11.2,0.0264,2433.9,0.0077,0,Normal
2020-01-06 12:44:00,27.75,38.95,1423,40.2,63,5.99,11.2,0.0283,2532.6,0.0079,0,Normal
2020-01-06 12:45:00,27.95,39.15,1464,35.3,65,5.412,11.2,0.0241,2294.5,0.0082,0,Normal
2020-01-06 12:46:00,27.85,39.05,1602,35.9,67,6.023,11.2,0.0224,2405.3,0.0084,0,Normal
2020-01-06 12:47:00,27.85,39.05,1629,32.6,69,5.561,11.2,0.02,2249.4,0.0087,0,Normal
2020-01-06 12:48:00,27.75,39.05,1811,23.2,72,4.4,11.3,0.0128,1670.4,0.009,0,Normal
2020-01-06 12:49:00,27.75,38.95,1711,28.8,74,5.16,11.2,0.0168,2131.2,0.0093,0,Normal
2020-01-06 12:50:00,27.75,38.95,1297,48.6,76,6.601,11.2,0.0375,3693.6,0.0095,0,Normal
2020-01-06 12:51:00,27.85,38.95,1405,46.1,79,6.783,11.1,0.0328,3641.9,0.0099,0,Normal
2020-01-06 12:52:00,27.95,39.05,1397,54.9,81,8.032,11.1,0.0393,4446.9,0.0102,0,Normal
2020-01-06 12:53:00,27.95,39.15,1682,29.7,83,5.231,11.2,0.0177,2465.1,0.0104,0,Normal
2020-01-06 12:54:00,28.05,39.15,1528,38.4,85,6.144,11.1,0.0251,3264.0,0.0107,0,Normal
2020-01-06 12:55:00,28.05,39.15,1548,38.3,87,6.209,11.1,0.0247,3332.1,0.0109,0,Normal
2020-01-06 12:56:00,28.05,39.25,1395,47.8,90,6.983,11.2,0.0343,4302.0,0.0113,0,Normal
2020-01-06 12:57:00,28.05,39.25,1378,59.0,95,8.514,11.2,0.0428,5605.0,0.0119,0,Normal
2020-01-06 12:58:00,28.05,39.25,1480,53.5,97,8.292,11.2,0.0361,5189.5,0.0122,0,Normal
2020-01-06 12:59:00,28.05,39.25,1428,36.6,99,5.473,11.2,0.0256,3623.4,0.0124,0,Normal
2020-01-06 13:00:00,28.05,39.25,1505,39.6,102,6.241,11.2,0.0263,4039.2,0.0128,0,Normal
2020-01-06 13:01:00,27.85,39.15,1445,36.4,105,5.508,11.3,0.0252,3822.0,0.0132,0,Normal
2020-01-06 13:02:00,27.85,39.15,1488,42.6,107,6.638,11.3,0.0286,4558.2,0.0134,0,Normal
2020-01-06 13:03:00,27.85,39.05,1601,33.0,109,5.533,11.2,0.0206,3597.0,0.0137,0,Normal
2020-01-06 13:04:00,27.85,39.15,1550,34.9,111,5.665,11.3,0.0225,3873.9,0.0139,0,Normal
2020-01-06 13:05:00,27.85,39.05,1540,34.1,113,5.499,11.2,0.0221,3853.3,0.0141,0,Normal
2020-01-06 13:06:00,27.95,39.15,1587,34.5,115,5.734,11.2,0.0217,3967.5,0.0144,0,Normal
2020-01-06 13:07:00,27.85,39.05,1489,40.3,117,6.284,11.2,0.0271,4715.1,0.0146,0,Normal
2020-01-06 13:08:00,27.95,39.15,1486,34.9,122,5.431,11.2,0.0235,4257.8,0.0153,0,Normal
2020-01-06 13:09:00,27.95,39.25,1430,37.9,124,5.675,11.3,0.0265,4699.6,0.0155,0,Normal
2020-01-06 13:10:00,27.95,39.25,1809,25.1,126,4.755,11.3,0.0139,3162.6,0.0158,0,Normal
2020-01-06 13:11:00,27.95,39.15,1534,39.0,129,6.265,11.2,0.0254,5031.0,0.0161,0,Normal
2020-01-06 13:12:00,27.95,39.15,1852,25.9,131,5.023,11.2,0.014,3392.9,0.0164,0,Normal
2020-01-06 13:13:00,27.95,39.15,1595,31.9,134,5.328,11.2,0.02,4274.6,0.0168,0,Normal
2020-01-06 13:14:00,27.85,39.15,1424,43.5,136,6.487,11.3,0.0305,5916.0,0.017,0,Normal
2020-01-06 13:15:00,27.85,39.05,1776,28.8,138,5.356,11.2,0.0162,3974.4,0.0173,0,Normal
2020-01-06 13:16:00,27.85,39.05,1499,41.5,140,6.514,11.2,0.0277,5810.0,0.0175,0,Normal
2020-01-06 13:17:00,27.85,39.05,2710,9.7,143,2.753,11.2,0.0036,1387.1,0.0179,1,Power_Failure
2020-01-06 13:18:00,27.75,38.95,1359,51.7,146,7.358,11.2,0.038,7548.2,0.0183,0,Normal
2020-01-06 13:19:00,27.75,38.95,1617,31.0,148,5.249,11.2,0.0192,4588.0,0.0185,0,Normal
2020-01-06 13:20:00,27.65,38.85,1443,53.3,151,8.054,11.2,0.0369,8048.3,0.0189,0,Normal
2020-01-06 13:21:00,27.65,38.85,1374,50.2,154,7.223,11.2,0.0365,7730.8,0.0192,0,Normal
2020-01-06 13:22:00,27.75,38.95,1851,23.0,156,4.458,11.2,0.0124,3588.0,0.0195,0,Normal
2020-01-06 13:23:00,27.65,38.85,1274,67.3,159,8.979,11.2,0.0528,10700.7,0.0199,0,Normal
2020-01-06 13:24:00,27.75,38.85,1533,44.0,162,7.064,11.1,0.0287,7128.0,0.0202,0,Normal
2020-01-06 13:25:00,27.65,38.85,1477,37.3,164,5.769,11.2,0.0253,6117.2,0.0205,0,Normal
2020-01-06 13:26:00,27.75,38.95,1462,46.0,166,7.043,11.2,0.0315,7636.0,0.0207,0,Normal
2020-01-06 13:27:00,27.85,38.95,1664,28.4,168,4.949,11.1,0.0171,4771.2,0.021,0,Normal
2020-01-06 13:28:00,27.65,38.75,1414,41.1,171,6.086,11.1,0.0291,7028.1,0.0214,0,Normal
2020-01-06 13:29:00,27.75,38.85,2129,17.8,173,3.968,11.1,0.0084,3079.4,0.0216,0,Normal
2020-01-06 13:30:00,27.65,38.65,1323,61.1,178,8.465,11.0,0.0462,10875.8,0.0222,0,Normal
2020-01-06 13:31:00,27.65,38.65,1427,43.3,180,6.471,11.0,0.0303,7794.0,0.0225,0,Normal
2020-01-06 13:32:00,27.75,38.85,1375,56.1,182,8.078,11.1,0.0408,10210.2,0.0227,0,Normal
2020-01-06 13:33:00,27.75,38.85,1402,50.7,185,7.444,11.1,0.0362,9379.5,0.0231,0,Normal
2020-01-06 13:34:00,27.75,38.85,1500,44.2,188,6.943,11.1,0.0295,8309.6,0.0235,0,Normal
2020-01-06 13:35:00,27.85,38.85,1558,37.5,190,6.118,11.0,0.0241,7125.0,0.0237,0,Normal
2020-01-06 13:36:00,27.75,38.85,1447,41.4,193,6.273,11.1,0.0286,7990.2,0.0241,0,Normal
2020-01-06 13:37:00,27.85,38.85,1518,39.3,196,6.247,11.0,0.0259,7702.8,0.0244,0,Normal
2020-01-06 13:38:00,27.85,38.75,1889,23.5,198,4.649,10.9,0.0124,4653.0,0.0247,0,Normal
2020-01-06 13:39:00,27.85,38.95,1675,30.7,200,5.385,11.1,0.0183,6140.0,0.0249,0,Normal
2020-01-06 13:40:00,27.75,38.85,1720,27.9,202,5.025,11.1,0.0162,5635.8,0.0252,0,Normal
2020-01-06 13:41:00,27.85,38.85,1499,34.6,207,5.431,11.0,0.0231,7162.2,0.0258,0,Normal
2020-01-06 13:42:00,27.75,38.85,1441,43.8,210,6.609,11.1,0.0304,9198.0,0.0262,0,Normal
2020-01-06 13:43:00,27.75,38.85,1397,42.7,212,6.247,11.1,0.0306,9052.4,0.0264,0,Normal
2020-01-06 13:44:00,27.75,38.85,1493,38.7,217,6.051,11.1,0.0259,8397.9,0.027,0,Normal
2020-01-06 13:45:00,27.65,38.85,1422,50.7,219,7.55,11.2,0.0357,11103.3,0.0273,0,Normal
2020-01-06 13:46:00,27.55,38.75,1399,50.2,222,7.354,11.2,0.0359,11144.4,0.0277,1,Overstrain_Failure
2020-01-06 13:47:00,27.45,38.75,1425,44.9,224,6.7,11.3,0.0315,10057.6,0.0279,0,Normal
2020-01-06 13:48:00,27.45,38.65,1501,44.8,226,7.042,11.2,0.0298,10124.8,0.0281,0,Normal
2020-01-06 13:49:00,27.45,38.75,1629,35.3,0,6.022,11.3,0.0217,0.0,0.0,0,Normal
2020-01-06 13:50:00,27.45,38.85,1490,42.2,3,6.585,11.4,0.0283,126.6,0.0004,0,Normal
2020-01-06 13:51:00,27.55,38.85,1550,32.4,5,5.259,11.3,0.0209,162.0,0.0006,0,Normal
2020-01-06 13:52:00,27.65,38.85,1416,46.5,7,6.895,11.2,0.0328,325.5,0.0009,0,Normal
2020-01-06 13:53:00,27.55,38.75,1485,38.8,9,6.034,11.2,0.0261,349.2,0.0011,0,Normal
2020-01-06 13:54:00,27.55,38.65,1564,36.8,11,6.027,11.1,0.0235,404.8,0.0014,0,Normal
2020-01-06 13:55:00,27.55,38.55,1910,19.7,13,3.94,11.0,0.0103,256.1,0.0016,0,Normal
2020-01-06 13:56:00,27.55,38.55,1460,46.1,15,7.048,11.0,0.0316,691.5,0.0019,0,Normal
2020-01-06 13:57:00,27.55,38.65,1603,34.1,17,5.724,11.1,0.0213,579.7,0.0021,0,Normal
2020-01-06 13:58:00,27.55,38.65,1486,47.3,19,7.361,11.1,0.0318,898.7,0.0024,0,Normal
2020-01-06 13:59:00,27.65,38.75,1560,31.8,21,5.195,11.1,0.0204,667.8,0.0026,0,Normal
2020-01-06 14:00:00,27.65,38.75,1498,39.3,23,6.165,11.1,0.0262,903.9,0.0029,0,Normal
2020-01-06 14:01:00,27.65,38.75,1431,48.5,25,7.268,11.1,0.0339,1212.5,0.0031,0,Normal
2020-01-06 14:02:00,27.65,38.75,1486,45.1,30,7.018,11.1,0.0303,1353.0,0.0037,0,Normal
2020-01-06 14:03:00,27.55,38.75,1486,35.8,32,5.571,11.2,0.0241,1145.6,0.004,0,Normal
2020-01-06 14:04:00,27.55,38.65,1441,38.1,34,5.749,11.1,0.0264,1295.4,0.0042,0,Normal
2020-01-06 14:05:00,27.55,38.75,1366,55.1,36,7.882,11.2,0.0403,1983.6,0.0045,0,Normal
2020-01-06 14:06:00,27.45,38.65,1471,41.4,39,6.377,11.2,0.0281,1614.6,0.0048,0,Normal
2020-01-06 14:07:00,27.45,38.75,1463,38.2,41,5.852,11.3,0.0261,1566.2,0.0051,0,Normal
2020-01-06 14:08:00,27.45,38.75,1413,41.3,43,6.111,11.3,0.0292,1775.9,0.0053,0,Normal
2020-01-06 14:09:00,27.45,38.75,1604,30.5,45,5.123,11.3,0.019,1372.5,0.0056,0,Normal
2020-01-06 14:10:00,27.55,38.85,1401,51.1,50,7.497,11.3,0.0365,2555.0,0.0062,0,Normal
2020-01-06 14:11:00,27.45,38.65,1652,27.2,52,4.706,11.2,0.0165,1414.4,0.0065,0,Normal
2020-01-06 14:12:00,27.35,38.75,1403,45.7,54,6.714,11.4,0.0326,2467.8,0.0067,0,Normal
2020-01-06 14:13:00,27.35,38.75,1887,21.7,56,4.288,11.4,0.0115,1215.2,0.007,0,Normal
2020-01-06 14:14:00,27.25,38.65,1405,47.9,58,7.048,11.4,0.0341,2778.2,0.0072,0,Normal
2020-01-06 14:15:00,27.05,38.45,1496,41.1,60,6.439,11.4,0.0275,2466.0,0.0074,0,Normal
2020-01-06 14:16:00,26.95,38.35,1499,43.4,65,6.813,11.4,0.029,2821.0,0.0081,0,Normal
2020-01-06 14:17:00,27.05,38.35,1549,37.2,67,6.034,11.3,0.024,2492.4,0.0083,0,Normal
2020-01-06 14:18:00,27.15,38.45,1515,44.9,69,7.123,11.3,0.0296,3098.1,0.0086,0,Normal
2020-01-06 14:19:00,27.05,38.45,1540,37.7,71,6.08,11.4,0.0245,2676.7,0.0088,0,Normal
2020-01-06 14:20:00,27.05,38.35,1426,44.3,73,6.615,11.3,0.0311,3233.9,0.0091,0,Normal
2020-01-06 14:21:00,27.05,38.45,1465,41.4,78,6.351,11.4,0.0283,3229.2,0.0097,0,Normal
2020-01-06 14:22:00,27.15,38.45,1359,54.1,81,7.699,11.3,0.0398,4382.1,0.01,0,Normal
2020-01-06 14:23:00,27.15,38.55,1551,36.4,84,5.912,11.4,0.0235,3057.6,0.0104,0,Normal
2020-01-06 14:24:00,27.35,38.65,1596,34.8,87,5.816,11.3,0.0218,3027.6,0.0108,0,Normal
2020-01-06 14:25:00,27.35,38.75,1670,26.3,89,4.599,11.4,0.0157,2340.7,0.011,0,Normal
2020-01-06 14:26:00,27.25,38.75,1868,21.3,92,4.167,11.5,0.0114,1959.6,0.0114,0,Normal
2020-01-06 14:27:00,27.45,38.85,1490,39.8,94,6.21,11.4,0.0267,3741.2,0.0117,0,Normal
2020-01-06 14:28:00,27.35,38.75,1676,35.2,97,6.178,11.4,0.021,3414.4,0.012,0,Normal
2020-01-06 14:29:00,27.35,38.75,1875,22.1,100,4.339,11.4,0.0118,2210.0,0.0124,0,Normal
2020-01-06 14:30:00,27.35,38.85,1867,23.0,103,4.497,11.5,0.0123,2369.0,0.0128,0,Normal
2020-01-06 14:31:00,27.35,38.85,1646,29.5,106,5.085,11.5,0.0179,3127.0,0.0131,0,Normal
2020-01-06 14:32:00,27.35,38.85,1375,43.2,108,6.22,11.5,0.0314,4665.6,0.0134,0,Normal
2020-01-06 14:33:00,27.35,38.85,1558,36.7,113,5.988,11.5,0.0236,4147.1,0.014,0,Normal
2020-01-06 14:34:00,27.25,38.85,1631,34.9,115,5.961,11.6,0.0214,4013.5,0.0142,0,Normal
2020-01-06 14:35:00,27.25,38.85,1366,43.0,117,6.151,11.6,0.0315,5031.0,0.0145,0,Normal
2020-01-06 14:36:00,27.15,38.65,1360,48.0,119,6.836,11.5,0.0353,5712.0,0.0147,0,Normal
2020-01-06 14:37:00,27.15,38.65,1547,39.7,121,6.431,11.5,0.0257,4803.7,0.015,0,Normal
2020-01-06 14:38:00,27.15,38.55,1571,31.2,123,5.133,11.4,0.0199,3837.6,0.0152,0,Normal
2020-01-06 14:39:00,27.05,38.35,1528,36.1,125,5.776,11.3,0.0236,4512.5,0.0155,0,Normal
2020-01-06 14:40:00,27.05,38.35,1432,43.6,127,6.538,11.3,0.0304,5537.2,0.0157,0,Normal
2020-01-06 14:41:00,27.05,38.45,1356,53.5,132,7.597,11.4,0.0395,7062.0,0.0163,0,Normal
2020-01-06 14:42:00,26.95,38.35,1422,46.2,134,6.88,11.4,0.0325,6190.8,0.0166,0,Normal
2020-01-06 14:43:00,26.95,38.25,1438,42.2,139,6.355,11.3,0.0293,5865.8,0.0172,0,Normal
2020-01-06 14:44:00,27.05,38.25,1483,44.4,141,6.895,11.2,0.0299,6260.4,0.0174,0,Normal
2020-01-06 14:45:00,27.05,38.25,1331,49.8,143,6.941,11.2,0.0374,7121.4,0.0177,0,Normal
2020-01-06 14:46:00,27.05,38.25,1463,37.5,145,5.745,11.2,0.0256,5437.5,0.0179,0,Normal
2020-01-06 14:47:00,26.95,38.25,1446,40.6,147,6.148,11.3,0.0281,5968.2,0.0182,0,Normal
2020-01-06 14:48:00,26.95,38.25,1356,45.7,149,6.489,11.3,0.0337,6809.3,0.0184,0,Normal
2020-01-06 14:49:00,26.95,38.15,1676,30.3,151,5.318,11.2,0.0181,4575.3,0.0187,0,Normal
2020-01-06 14:50:00,26.95,38.25,1910,23.0,153,4.6,11.3,0.012,3519.0,0.0189,0,Normal
2020-01-06 14:51:00,27.05,38.45,1375,56.9,155,8.193,11.4,0.0414,8819.5,0.0192,0,Normal
2020-01-06 14:52:00,27.05,38.45,1513,40.8,157,6.464,11.4,0.027,6405.6,0.0194,0,Normal
2020-01-06 14:53:00,27.05,38.45,1511,35.7,160,5.649,11.4,0.0236,5712.0,0.0198,0,Normal
2020-01-06 14:54:00,27.05,38.45,1662,28.8,162,5.012,11.4,0.0173,4665.6,0.02,0,Normal
2020-01-06 14:55:00,27.05,38.55,1493,48.3,167,7.552,11.5,0.0324,8066.1,0.0206,0,Normal
2020-01-06 14:56:00,27.05,38.55,1555,37.4,169,6.09,11.5,0.0241,6320.6,0.0209,0,Normal
2020-01-06 14:57:00,27.15,38.55,1452,41.5,172,6.31,11.4,0.0286,7138.0,0.0212,0,Normal
2020-01-06 14:58:00,27.05,38.45,1500,39.0,174,6.126,11.4,0.026,6786.0,0.0215,0,Normal
2020-01-06 14:59:00,27.05,38.55,1603,30.5,176,5.12,11.5,0.019,5368.0,0.0217,0,Normal
2020-01-06 15:00:00,27.15,38.55,1682,27.8,178,4.897,11.4,0.0165,4948.4,0.022,0,Normal
2020-01-06 15:01:00,27.15,38.65,1567,37.7,180,6.186,11.5,0.0241,6786.0,0.0222,0,Normal
2020-01-06 15:02:00,27.15,38.65,1413,46.0,182,6.807,11.5,0.0326,8372.0,0.0225,0,Normal
2020-01-06 15:03:00,27.15,38.75,1429,41.6,184,6.225,11.6,0.0291,7654.4,0.0227,0,Normal
2020-01-06 15:04:00,27.15,38.75,1692,31.5,187,5.581,11.6,0.0186,5890.5,0.0231,0,Normal
2020-01-06 15:05:00,27.25,38.75,1476,48.7,189,7.527,11.5,0.033,9204.3,0.0233,0,Normal
2020-01-06 15:06:00,27.25,38.85,1596,30.4,191,5.081,11.6,0.019,5806.4,0.0236,0,Normal
2020-01-06 15:07:00,27.15,38.75,1390,49.0,194,7.132,11.6,0.0353,9506.0,0.0239,0,Normal
2020-01-06 15:08:00,27.15,38.65,1607,33.7,199,5.671,11.5,0.021,6706.3,0.0245,0,Normal
2020-01-06 15:09:00,27.15,38.55,1821,26.3,202,5.015,11.4,0.0144,5312.6,0.0249,0,Normal
2020-01-06 15:10:00,27.15,38.65,2141,18.5,204,4.148,11.5,0.0086,3774.0,0.0252,0,Normal
2020-01-06 15:11:00,27.25,38.65,1553,33.1,209,5.383,11.4,0.0213,6917.9,0.0258,1,Tool_Wear_Failure
2020-01-06 15:12:00,27.25,38.65,1442,45.1,0,6.81,11.4,0.0313,0.0,0.0,0,Normal
2020-01-06 15:13:00,27.25,38.55,1459,45.6,3,6.967,11.3,0.0313,136.8,0.0004,0,Normal
2020-01-06 15:14:00,27.25,38.65,2496,13.5,5,3.529,11.4,0.0054,67.5,0.0006,0,Normal
2020-01-06 15:15:00,27.25,38.65,1367,57.2,10,8.188,11.4,0.0418,572.0,0.0012,0,Normal
2020-01-06 15:16:00,27.15,38.65,2004,19.6,12,4.113,11.5,0.0098,235.2,0.0015,0,Normal
2020-01-06 15:17:00,27.15,38.55,1406,47.5,14,6.994,11.4,0.0338,665.0,0.0017,0,Normal
2020-01-06 15:18:00,27.15,38.65,1548,33.0,16,5.35,11.5,0.0213,528.0,0.002,0,Normal
2020-01-06 15:19:00,27.15,38.55,1333,55.2,18,7.705,11.4,0.0414,993.6,0.0022,0,Normal
2020-01-06 15:20:00,27.05,38.45,1767,26.4,20,4.885,11.4,0.0149,528.0,0.0025,0,Normal
2020-01-06 15:21:00,27.05,38.45,1827,27.0,22,5.166,11.4,0.0148,594.0,0.0027,0,Normal
2020-01-06 15:22:00,27.05,38.45,1533,46.4,24,7.449,11.4,0.0303,1113.6,0.003,0,Normal
2020-01-06 15:23:00,27.05,38.35,1515,36.8,27,5.838,11.3,0.0243,993.6,0.0033,0,Normal
2020-01-06 15:24:00,27.05,38.25,1568,41.0,32,6.732,11.2,0.0261,1312.0,0.0039,0,Normal
2020-01-06 15:25:00,27.05,38.25,1452,47.8,34,7.268,11.2,0.0329,1625.2,0.0042,0,Normal
2020-01-06 15:26:00,27.05,38.25,1433,37.9,36,5.687,11.2,0.0264,1364.4,0.0044,0,Normal
2020-01-06 15:27:00,26.95,38.15,1650,33.8,38,5.84,11.2,0.0205,1284.4,0.0047,0,Normal
2020-01-06 15:28:00,26.95,38.25,1629,31.3,41,5.339,11.3,0.0192,1283.3,0.005,0,Normal
2020-01-06 15:29:00,26.85,38.15,1520,39.2,43,6.24,11.3,0.0258,1685.6,0.0053,0,Normal
2020-01-06 15:30:00,26.85,38.05,1393,43.1,45,6.287,11.2,0.0309,1939.5,0.0055,0,Normal
2020-01-06 15:31:00,26.75,38.05,1364,49.6,50,7.085,11.3,0.0364,2480.0,0.0061,0,Normal
2020-01-06 15:32:00,26.75,38.15,1389,50.0,55,7.273,11.4,0.036,2750.0,0.0068,0,Normal
2020-01-06 15:33:00,26.65,37.95,1466,46.1,58,7.077,11.3,0.0314,2673.8,0.0071,0,Normal
2020-01-06 15:34:00,26.55,37.95,1650,32.4,60,5.598,11.4,0.0196,1944.0,0.0074,0,Normal
2020-01-06 15:35:00,26.45,37.85,1554,36.3,62,5.907,11.4,0.0234,2250.6,0.0076,0,Normal
2020-01-06 15:36:00,26.45,37.75,1474,39.7,64,6.128,11.3,0.0269,2540.8,0.0079,0,Normal
2020-01-06 15:37:00,26.35,37.65,1600,32.4,67,5.429,11.3,0.0202,2170.8,0.0082,0,Normal
2020-01-06 15:38:00,26.35,37.65,1356,54.9,72,7.796,11.3,0.0405,3952.8,0.0088,0,Normal
2020-01-06 15:39:00,26.35,37.65,1571,38.2,74,6.284,11.3,0.0243,2826.8,0.0091,0,Normal
2020-01-06 15:40:00,26.45,37.75,1658,28.0,76,4.862,11.3,0.0169,2128.0,0.0093,0,Normal
2020-01-06 15:41:00,26.45,37.65,1393,49.9,78,7.279,11.2,0.0358,3892.2,0.0096,0,Normal
2020-01-06 15:42:00,26.55,37.85,1448,49.8,80,7.551,11.3,0.0344,3984.0,0.0098,0,Normal
2020-01-06 15:43:00,26.55,37.75,1477,40.4,83,6.249,11.2,0.0274,3353.2,0.0102,0,Normal
2020-01-06 15:44:00,26.55,37.85,1506,42.7,85,6.734,11.3,0.0284,3629.5,0.0104,0,Normal
2020-01-06 15:45:00,26.55,37.75,1685,32.1,88,5.664,11.2,0.0191,2824.8,0.0108,0,Normal
2020-01-06 15:46:00,26.45,37.75,1533,31.8,91,5.105,11.3,0.0207,2893.8,0.0112,0,Normal
2020-01-06 15:47:00,26.35,37.65,1447,41.0,93,6.213,11.3,0.0283,3813.0,0.0114,0,Normal
2020-01-06 15:48:00,26.35,37.55,1488,39.5,95,6.155,11.2,0.0265,3752.5,0.0117,0,Normal
2020-01-06 15:49:00,26.45,37.65,1427,50.4,98,7.532,11.2,0.0353,4939.2,0.012,0,Normal
2020-01-06 15:50:00,26.35,37.55,1424,41.3,101,6.159,11.2,0.029,4171.3,0.0124,0,Normal
2020-01-06 15:51:00,26.35,37.55,1472,40.9,104,6.305,11.2,0.0278,4253.6,0.0128,0,Normal
2020-01-06 15:52:00,26.35,37.55,1438,45.7,106,6.882,11.2,0.0318,4844.2,0.013,0,Normal
2020-01-06 15:53:00,26.45,37.65,1507,42.4,108,6.691,11.2,0.0281,4579.2,0.0132,0,Normal
2020-01-06 15:54:00,26.45,37.55,1393,52.1,110,7.6,11.1,0.0374,5731.0,0.0135,0,Normal
2020-01-06 15:55:00,26.35,37.65,1283,52.4,112,7.04,11.3,0.0408,5868.8,0.0137,0,Normal
2020-01-06 15:56:00,26.45,37.65,1644,30.9,114,5.32,11.2,0.0188,3522.6,0.014,0,Normal
2020-01-06 15:57:00,26.45,37.65,1498,46.9,116,7.357,11.2,0.0313,5440.4,0.0142,0,Normal
2020-01-06 15:58:00,26.45,37.65,1400,40.8,118,5.982,11.2,0.0291,4814.4,0.0145,0,Normal
2020-01-06 15:59:00,26.45,37.75,1679,31.2,120,5.486,11.3,0.0186,3744.0,0.0147,0,Normal
2020-01-06 16:00:00,26.55,37.95,1618,30.3,125,5.134,11.4,0.0187,3787.5,0.0153,0,Normal
2020-01-06 16:01:00,26.45,37.85,1714,30.2,128,5.421,11.4,0.0176,3865.6,0.0157,0,Normal
2020-01-06 16:02:00,26.45,37.85,1574,35.0,133,5.769,11.4,0.0222,4655.0,0.0163,0,Normal
2020-01-06 16:03:00,26.55,37.95,1574,36.4,135,6.0,11.4,0.0231,4914.0,0.0165,0,Normal
2020-01-06 16:04:00,26.45,37.75,1472,40.9,137,6.305,11.3,0.0278,5603.3,0.0168,0,Normal
2020-01-06 16:05:00,26.45,37.85,1552,33.2,139,5.396,11.4,0.0214,4614.8,0.017,0,Normal
2020-01-06 16:06:00,26.55,37.95,1603,31.4,141,5.271,11.4,0.0196,4427.4,0.0173,0,Normal
2020-01-06 16:07:00,26.55,37.95,1353,47.1,143,6.673,11.4,0.0348,6735.3,0.0175,0,Normal
2020-01-06 16:08:00,26.55,37.95,1690,30.6,148,5.415,11.4,0.0181,4528.8,0.0181,0,Normal
2020-01-06 16:09:00,26.65,38.05,1745,26.3,150,4.806,11.4,0.0151,3945.0,0.0184,0,Normal
2020-01-06 16:10:00,26.75,38.15,1522,45.7,153,7.284,11.4,0.03,6992.1,0.0187,0,Normal
2020-01-06 16:11:00,26.85,38.25,1641,34.5,155,5.929,11.4,0.021,5347.5,0.019,0,Normal
2020-01-06 16:12:00,26.75,38.25,1596,28.9,160,4.83,11.5,0.0181,4624.0,0.0196,0,Normal
2020-01-06 16:13:00,26.75,38.25,1497,37.0,162,5.8,11.5,0.0247,5994.0,0.0198,0,Normal
2020-01-06 16:14:00,26.75,38.15,1371,52.3,167,7.509,11.4,0.0381,8734.1,0.0204,0,Normal
2020-01-06 16:15:00,26.75,38.15,1445,41.2,169,6.234,11.4,0.0285,6962.8,0.0207,0,Normal
2020-01-06 16:16:00,26.65,38.05,1564,40.0,172,6.551,11.4,0.0256,6880.0,0.021,0,Normal
2020-01-06 16:17:00,26.55,37.95,1439,44.9,174,6.766,11.4,0.0312,7812.6,0.0213,0,Normal
2020-01-06 16:18:00,26.55,38.05,1352,52.1,176,7.376,11.5,0.0385,9169.6,0.0215,0,Normal
2020-01-06 16:19:00,26.65,38.15,1560,35.4,178,5.783,11.5,0.0227,6301.2,0.0218,0,Normal
2020-01-06 16:20:00,26.55,38.05,1616,42.3,180,7.158,11.5,0.0262,7614.0,0.022,0,Normal
2020-01-06 16:21:00,26.55,38.05,1835,23.7,183,4.554,11.5,0.0129,4337.1,0.0224,0,Normal
2020-01-06 16:22:00,26.55,37.95,1649,32.7,185,5.647,11.4,0.0198,6049.5,0.0226,0,Normal
2020-01-06 16:23:00,26.65,37.95,1452,47.3,188,7.192,11.3,0.0326,8892.4,0.023,0,Normal
2020-01-06 16:24:00,26.65,37.95,2144,17.7,190,3.974,11.3,0.0083,3363.0,0.0232,0,Normal
2020-01-06 16:25:00,26.55,37.95,1554,41.0,192,6.672,11.4,0.0264,7872.0,0.0235,0,Normal
2020-01-06 16:26:00,26.55,37.85,1827,25.4,194,4.86,11.3,0.0139,4927.6,0.0237,0,Normal
2020-01-06 16:27:00,26.45,37.75,1448,46.3,196,7.021,11.3,0.032,9074.8,0.0239,0,Normal
2020-01-06 16:28:00,26.45,37.75,1530,38.8,198,6.217,11.3,0.0254,7682.4,0.0242,0,Normal
2020-01-06 16:29:00,26.55,37.85,1983,21.0,201,4.361,11.3,0.0106,4221.0,0.0245,0,Normal
2020-01-06 16:30:00,26.55,37.75,1620,37.2,203,6.311,11.2,0.023,7551.6,0.0248,0,Normal
2020-01-06 16:31:00,26.45,37.75,1630,29.8,206,5.087,11.3,0.0183,6138.8,0.0251,0,Normal
2020-01-06 16:32:00,26.45,37.75,1229,65.2,209,8.391,11.3,0.0531,13626.8,0.0255,1,Overstrain_Failure
2020-01-06 16:33:00,26.35,37.65,1873,22.3,211,4.374,11.3,0.0119,4705.3,0.0258,0,Normal
2020-01-06 16:34:00,26.25,37.55,1426,45.7,213,6.824,11.3,0.032,9734.1,0.026,0,Normal
2020-01-06 16:35:00,26.25,37.65,1376,53.9,215,7.767,11.4,0.0392,11588.5,0.0262,1,Overstrain_Failure
2020-01-06 16:36:00,26.25,37.65,1622,33.6,217,5.707,11.4,0.0207,7291.2,0.0265,0,Normal
2020-01-06 16:37:00,26.25,37.55,1492,45.7,219,7.14,11.3,0.0306,10008.3,0.0267,0,Normal
2020-01-06 16:38:00,26.15,37.55,1374,48.9,222,7.036,11.4,0.0356,10855.8,0.0271,0,Normal
2020-01-06 16:39:00,26.05,37.55,1737,27.0,225,4.911,11.5,0.0155,6075.0,0.0274,1,Tool_Wear_Failure
2020-01-06 16:40:00,26.15,37.65,1426,42.4,0,6.332,11.5,0.0297,0.0,0.0,0,Normal
2020-01-06 16:41:00,26.15,37.75,1826,25.1,2,4.8,11.6,0.0137,50.2,0.0002,0,Normal
2020-01-06 16:42:00,26.15,37.75,1669,32.4,5,5.663,11.6,0.0194,162.0,0.0006,0,Normal
2020-01-06 16:43:00,26.25,37.75,1473,40.1,7,6.186,11.5,0.0272,280.7,0.0009,0,Normal
2020-01-06 16:44:00,26.25,37.75,1751,27.8,10,5.098,11.5,0.0159,278.0,0.0012,0,Normal
2020-01-06 16:45:00,26.25,37.75,1446,47.3,12,7.162,11.5,0.0327,567.6,0.0015,0,Normal
2020-01-06 16:46:00,26.15,37.65,1483,43.5,15,6.756,11.5,0.0293,652.5,0.0018,0,Normal
2020-01-06 16:47:00,26.05,37.55,1535,42.6,17,6.848,11.5,0.0278,724.2,0.0021,0,Normal
2020-01-06 16:48:00,26.05,37.55,1477,44.0,19,6.806,11.5,0.0298,836.0,0.0023,0,Normal
2020-01-06 16:49:00,26.15,37.65,1391,46.9,21,6.832,11.5,0.0337,984.9,0.0026,0,Normal
2020-01-06 16:50:00,26.05,37.55,1636,29.4,23,5.037,11.5,0.018,676.2,0.0028,0,Normal
2020-01-06 16:51:00,26.05,37.45,1675,33.3,28,5.841,11.4,0.0199,932.4,0.0034,0,Normal
2020-01-06 16:52:00,26.05,37.35,1329,48.9,30,6.806,11.3,0.0368,1467.0,0.0037,0,Normal
2020-01-06 16:53:00,26.05,37.35,1548,33.5,35,5.431,11.3,0.0216,1172.5,0.0043,0,Normal
2020-01-06 16:54:00,26.05,37.35,1391,45.8,38,6.671,11.3,0.0329,1740.4,0.0046,0,Normal
2020-01-06 16:55:00,25.95,37.35,1437,43.1,40,6.486,11.4,0.03,1724.0,0.0049,0,Normal
2020-01-06 16:56:00,26.05,37.45,1370,61.9,42,8.881,11.4,0.0452,2599.8,0.0051,0,Normal
2020-01-06 16:57:00,25.95,37.45,1577,37.1,44,6.127,11.5,0.0235,1632.4,0.0054,0,Normal
2020-01-06 16:58:00,25.95,37.35,1485,37.8,46,5.878,11.4,0.0255,1738.8,0.0056,0,Normal
2020-01-06 16:59:00,25.85,37.25,1504,34.3,48,5.402,11.4,0.0228,1646.4,0.0058,0,Normal
2020-01-06 17:00:00,25.75,37.15,1551,35.2,50,5.717,11.4,0.0227,1760.0,0.0061,0,Normal
2020-01-06 17:01:00,25.95,37.35,1428,43.0,53,6.43,11.4,0.0301,2279.0,0.0064,0,Normal
2020-01-06 17:02:00,25.85,37.35,1755,27.9,56,5.128,11.5,0.0159,1562.4,0.0068,0,Normal
2020-01-06 17:03:00,25.95,37.35,1329,54.9,58,7.641,11.4,0.0413,3184.2,0.0071,0,Normal
2020-01-06 17:04:00,25.95,37.35,1496,35.2,60,5.514,11.4,0.0235,2112.0,0.0073,0,Normal
2020-01-06 17:05:00,25.95,37.35,1532,36.6,62,5.872,11.4,0.0239,2269.2,0.0075,0,Normal
2020-01-06 17:06:00,25.95,37.35,1389,61.4,64,8.931,11.4,0.0442,3929.6,0.0078,0,Normal
2020-01-06 17:07:00,25.95,37.25,1524,51.4,66,8.203,11.3,0.0337,3392.4,0.008,0,Normal
2020-01-06 17:08:00,25.95,37.25,1422,49.3,69,7.341,11.3,0.0347,3401.7,0.0084,0,Normal
2020-01-06 17:09:00,25.95,37.35,1739,27.4,72,4.99,11.4,0.0158,1972.8,0.0087,0,Normal
2020-01-06 17:10:00,25.95,37.35,1736,26.9,74,4.89,11.4,0.0155,1990.6,0.009,0,Normal
2020-01-06 17:11:00,25.95,37.35,1419,48.8,76,7.252,11.4,0.0344,3708.8,0.0092,0,Normal
2020-01-06 17:12:00,25.95,37.45,1326,49.7,78,6.901,11.5,0.0375,3876.6,0.0095,0,Normal
2020-01-06 17:13:00,25.95,37.45,1449,43.2,80,6.555,11.5,0.0298,3456.0,0.0097,0,Normal
2020-01-06 17:14:00,26.05,37.45,1534,39.7,83,6.377,11.4,0.0259,3295.1,0.0101,0,Normal
2020-01-06 17:15:00,26.05,37.45,1443,50.9,85,7.692,11.4,0.0353,4326.5,0.0103,0,Normal
2020-01-06 17:16:00,26.05,37.45,1498,41.1,88,6.447,11.4,0.0274,3616.8,0.0107,0,Normal
2020-01-06 17:17:00,25.95,37.45,1796,26.0,90,4.89,11.5,0.0145,2340.0,0.0109,0,Normal
2020-01-06 17:18:00,25.95,37.25,1519,45.3,92,7.206,11.3,0.0298,4167.6,0.0112,0,Normal
2020-01-06 17:19:00,25.85,37.25,1339,49.6,94,6.955,11.4,0.037,4662.4,0.0114,0,Normal
2020-01-06 17:20:00,25.85,37.25,1483,41.5,96,6.445,11.4,0.028,3984.0,0.0116,0,Normal
2020-01-06 17:21:00,25.75,37.05,2099,20.0,98,4.396,11.3,0.0095,1960.0,0.0119,0,Normal
2020-01-06 17:22:00,25.85,37.15,1689,29.7,101,5.253,11.3,0.0176,2999.7,0.0123,0,Normal
2020-01-06 17:23:00,25.95,37.25,1369,54.5,104,7.813,11.3,0.0398,5668.0,0.0126,0,Normal
2020-01-06 17:24:00,25.85,37.25,1512,38.8,109,6.143,11.4,0.0257,4229.2,0.0132,0,Normal
2020-01-06 17:25:00,25.85,37.15,1303,68.6,111,9.36,11.3,0.0526,7614.6,0.0135,1,Power_Failure
2020-01-06 17:26:00,25.85,37.15,1552,39.9,114,6.485,11.3,0.0257,4548.6,0.0138,0,Normal
2020-01-06 17:27:00,25.85,37.25,1713,28.0,116,5.023,11.4,0.0163,3248.0,0.0141,0,Normal
2020-01-06 17:28:00,25.75,37.15,1456,44.1,118,6.724,11.4,0.0303,5203.8,0.0143,0,Normal
2020-01-06 17:29:00,25.85,37.25,1524,39.8,120,6.352,11.4,0.0261,4776.0,0.0145,0,Normal
2020-01-06 17:30:00,25.85,37.25,1394,45.2,122,6.598,11.4,0.0324,5514.4,0.0148,0,Normal
2020-01-06 17:31:00,25.85,37.25,1981,21.2,125,4.398,11.4,0.0107,2650.0,0.0151,0,Normal
2020-01-06 17:32:00,25.85,37.25,1565,36.1,127,5.916,11.4,0.0231,4584.7,0.0154,0,Normal
2020-01-06 17:33:00,25.95,37.25,1657,31.0,129,5.379,11.3,0.0187,3999.0,0.0156,0,Normal
2020-01-06 17:34:00,25.85,37.25,1625,37.1,131,6.313,11.4,0.0228,4860.1,0.0159,0,Normal
2020-01-06 17:35:00,25.85,37.25,1606,31.1,134,5.23,11.4,0.0194,4167.4,0.0162,0,Normal
2020-01-06 17:36:00,25.85,37.35,1336,56.8,136,7.947,11.5,0.0425,7724.8,0.0165,0,Normal
2020-01-06 17:37:00,25.85,37.45,1587,34.2,141,5.684,11.6,0.0216,4822.2,0.0171,0,Normal
2020-01-06 17:38:00,25.95,37.45,1602,39.7,144,6.66,11.5,0.0248,5716.8,0.0174,0,Normal
2020-01-06 17:39:00,25.95,37.35,1471,38.4,146,5.915,11.4,0.0261,5606.4,0.0177,0,Normal
2020-01-06 17:40:00,25.95,37.45,1332,48.0,148,6.695,11.5,0.036,7104.0,0.0179,0,Normal
2020-01-06 17:41:00,26.05,37.45,1434,48.4,153,7.268,11.4,0.0338,7405.2,0.0185,0,Normal
2020-01-06 17:42:00,25.95,37.45,1921,23.9,158,4.808,11.5,0.0124,3776.2,0.0191,0,Normal
2020-01-06 17:43:00,26.05,37.45,1704,30.6,160,5.46,11.4,0.018,4896.0,0.0194,0,Normal
2020-01-06 17:44:00,25.95,37.45,1397,49.5,165,7.242,11.5,0.0354,8167.5,0.02,0,Normal
2020-01-06 17:45:00,25.95,37.45,1791,28.0,168,5.251,11.5,0.0156,4704.0,0.0203,0,Normal
2020-01-06 17:46:00,25.95,37.45,1818,24.1,173,4.588,11.5,0.0133,4169.3,0.0209,0,Normal
2020-01-06 17:47:00,26.05,37.55,1540,36.3,175,5.854,11.5,0.0236,6352.5,0.0212,0,Normal
2020-01-06 17:48:00,26.05,37.65,1502,39.8,177,6.26,11.6,0.0265,7044.6,0.0214,0,Normal
2020-01-06 17:49:00,26.05,37.65,1761,30.4,180,5.606,11.6,0.0173,5472.0,0.0218,0,Normal
2020-01-06 17:50:00,25.95,37.65,1517,38.4,185,6.1,11.7,0.0253,7104.0,0.0224,0,Normal
2020-01-06 17:51:00,25.95,37.55,1309,51.1,188,7.005,11.6,0.039,9606.8,0.0227,0,Normal
2020-01-06 17:52:00,25.75,37.45,1363,52.6,190,7.508,11.7,0.0386,9994.0,0.023,0,Normal
2020-01-06 17:53:00,25.85,37.45,1787,22.2,192,4.154,11.6,0.0124,4262.4,0.0232,0,Normal
2020-01-06 17:54:00,25.75,37.35,1640,29.2,195,5.015,11.6,0.0178,5694.0,0.0236,0,Normal
2020-01-06 17:55:00,25.75,37.45,1720,25.3,197,4.557,11.7,0.0147,4984.1,0.0238,0,Normal
2020-01-06 17:56:00,25.65,37.35,1384,52.8,200,7.652,11.7,0.0382,10560.0,0.0242,0,Normal
2020-01-06 17:57:00,25.65,37.35,1294,55.8,202,7.561,11.7,0.0431,11271.6,0.0244,0,Normal
2020-01-06 17:58:00,25.65,37.35,1464,46.4,207,7.114,11.7,0.0317,9604.8,0.025,0,Normal
2020-01-06 17:59:00,25.65,37.45,1803,25.4,209,4.796,11.8,0.0141,5308.6,0.0252,0,Normal
2020-01-06 18:00:00,25.65,37.45,1602,39.1,211,6.559,11.8,0.0244,8250.1,0.0255,0,Normal
2020-01-06 18:01:00,25.75,37.45,1519,38.8,213,6.172,11.7,0.0255,8264.4,0.0257,0,Normal
2020-01-06 18:02:00,25.75,37.55,1638,33.6,218,5.763,11.8,0.0205,7324.8,0.0263,0,Normal
2020-01-06 18:03:00,25.75,37.45,1615,33.0,221,5.581,11.7,0.0204,7293.0,0.0267,0,Normal
2020-01-06 18:04:00,25.65,37.45,1651,33.3,0,5.757,11.8,0.0202,0.0,0.0,0,Normal
2020-01-06 18:05:00,25.75,37.45,1387,52.7,2,7.654,11.7,0.038,105.4,0.0002,0,Normal
2020-01-06 18:06:00,25.65,37.35,1678,32.8,4,5.764,11.7,0.0195,131.2,0.0005,0,Normal
2020-01-06 18:07:00,25.75,37.45,1585,38.1,7,6.324,11.7,0.024,266.7,0.0008,0,Normal
2020-01-06 18:08:00,25.65,37.45,1640,33.8,9,5.805,11.8,0.0206,304.2,0.0011,0,Normal
2020-01-06 18:09:00,25.75,37.45,1406,43.8,12,6.449,11.7,0.0312,525.6,0.0014,0,Normal
2020-01-06 18:10:00,25.75,37.45,1679,35.8,14,6.295,11.7,0.0213,501.2,0.0017,0,Normal
2020-01-06 18:11:00,25.75,37.35,1717,26.9,17,4.837,11.6,0.0157,457.3,0.0021,0,Normal
2020-01-06 18:12:00,25.75,37.35,1429,39.9,19,5.971,11.6,0.0279,758.1,0.0023,0,Normal
2020-01-06 18:13:00,25.75,37.25,1533,44.4,24,7.128,11.5,0.029,1065.6,0.0029,0,Normal
2020-01-06 18:14:00,25.75,37.35,1525,38.5,27,6.148,11.6,0.0252,1039.5,0.0033,0,Normal
2020-01-06 18:15:00,25.75,37.25,1739,26.3,30,4.789,11.5,0.0151,789.0,0.0036,0,Normal
2020-01-06 18:16:00,25.75,37.15,1436,39.0,32,5.865,11.4,0.0272,1248.0,0.0039,0,Normal
2020-01-06 18:17:00,25.65,37.05,1595,33.1,34,5.529,11.4,0.0208,1125.4,0.0041,0,Normal
2020-01-06 18:18:00,25.55,36.95,1435,45.6,37,6.852,11.4,0.0318,1687.2,0.0045,0,Normal
2020-01-06 18:19:00,25.55,36.85,1637,31.8,42,5.451,11.3,0.0194,1335.6,0.0051,0,Normal
2020-01-06 18:20:00,25.55,36.95,1558,37.6,44,6.135,11.4,0.0241,1654.4,0.0053,0,Normal
2020-01-06 18:21:00,25.55,36.95,1644,34.1,46,5.871,11.4,0.0207,1568.6,0.0055,0,Normal
2020-01-06 18:22:00,25.55,36.95,1641,31.1,49,5.344,11.4,0.019,1523.9,0.0059,0,Normal
2020-01-06 18:23:00,25.65,37.05,1504,41.0,51,6.457,11.4,0.0273,2091.0,0.0061,0,Normal
2020-01-06 18:24:00,25.55,36.95,1506,50.7,53,7.996,11.4,0.0337,2687.1,0.0064,0,Normal
2020-01-06 18:25:00,25.65,36.95,1380,44.0,56,6.359,11.3,0.0319,2464.0,0.0067,0,Normal
2020-01-06 18:26:00,25.55,36.95,1549,42.5,61,6.894,11.4,0.0274,2592.5,0.0073,0,Normal
2020-01-06 18:27:00,25.55,36.95,1402,69.7,64,10.233,11.4,0.0497,4460.8,0.0077,1,Power_Failure
2020-01-06 18:28:00,25.55,36.95,1401,45.3,67,6.646,11.4,0.0323,3035.1,0.0081,0,Normal
2020-01-06 18:29:00,25.55,36.85,1459,40.2,69,6.142,11.3,0.0276,2773.8,0.0083,0,Normal
2020-01-06 18:30:00,25.55,36.75,1465,39.7,72,6.091,11.2,0.0271,2858.4,0.0087,0,Normal
2020-01-06 18:31:00,25.65,36.85,1295,52.7,74,7.147,11.2,0.0407,3899.8,0.0089,0,Normal
2020-01-06 18:32:00,25.65,36.85,1529,38.5,77,6.164,11.2,0.0252,2964.5,0.0093,0,Normal
2020-01-06 18:33:00,25.65,36.85,1484,44.9,80,6.978,11.2,0.0303,3592.0,0.0096,0,Normal
2020-01-06 18:34:00,25.65,36.75,1739,30.6,83,5.572,11.1,0.0176,2539.8,0.01,0,Normal
2020-01-06 18:35:00,25.55,36.65,1422,40.7,85,6.061,11.1,0.0286,3459.5,0.0102,0,Normal
2020-01-06 18:36:00,25.65,36.65,1463,40.0,90,6.128,11.0,0.0273,3600.0,0.0108,0,Normal
2020-01-06 18:37:00,25.55,36.55,1667,30.4,92,5.307,11.0,0.0182,2796.8,0.0111,0,Normal
2020-01-06 18:38:00,25.55,36.55,1565,39.3,94,6.441,11.0,0.0251,3694.2,0.0113,0,Normal
2020-01-06 18:39:00,25.55,36.55,1393,45.7,99,6.666,11.0,0.0328,4524.3,0.0119,0,Normal
2020-01-06 18:40:00,25.65,36.55,1453,47.7,101,7.258,10.9,0.0328,4817.7,0.0121,0,Normal
2020-01-06 18:41:00,25.65,36.45,1442,50.0,104,7.55,10.8,0.0347,5200.0,0.0125,0,Normal
2020-01-06 18:42:00,25.55,36.45,1364,44.9,106,6.413,10.9,0.0329,4759.4,0.0127,0,Normal
2020-01-06 18:43:00,25.55,36.35,1453,40.4,108,6.147,10.8,0.0278,4363.2,0.013,0,Normal
2020-01-06 18:44:00,25.55,36.35,1394,46.0,113,6.715,10.8,0.033,5198.0,0.0136,0,Normal
2020-01-06 18:45:00,25.55,36.35,1500,38.8,116,6.095,10.8,0.0259,4500.8,0.0139,0,Normal
2020-01-06 18:46:00,25.45,36.35,1523,34.2,119,5.454,10.9,0.0225,4069.8,0.0143,0,Normal
2020-01-06 18:47:00,25.55,36.45,1254,57.1,124,7.498,10.9,0.0455,7080.4,0.0149,0,Normal
2020-01-06 18:48:00,25.45,36.35,1325,52.2,127,7.243,10.9,0.0394,6629.4,0.0152,0,Normal
2020-01-06 18:49:00,25.65,36.55,1424,49.6,129,7.396,10.9,0.0348,6398.4,0.0155,0,Normal
2020-01-06 18:50:00,25.65,36.55,1505,39.0,131,6.147,10.9,0.0259,5109.0,0.0157,0,Normal
2020-01-06 18:51:00,25.65,36.55,1392,48.7,133,7.099,10.9,0.035,6477.1,0.016,0,Normal
2020-01-06 18:52:00,25.65,36.55,1529,44.0,136,7.045,10.9,0.0288,5984.0,0.0163,0,Normal
2020-01-06 18:53:00,25.65,36.55,1477,48.5,138,7.502,10.9,0.0328,6693.0,0.0166,0,Normal
2020-01-06 18:54:00,25.65,36.55,1459,47.3,141,7.227,10.9,0.0324,6669.3,0.0169,0,Normal
2020-01-06 18:55:00,25.85,36.65,2240,15.9,144,3.73,10.8,0.0071,2289.6,0.0173,0,Normal
2020-01-06 18:56:00,25.75,36.55,1449,48.8,147,7.405,10.8,0.0337,7173.6,0.0176,0,Normal
2020-01-06 18:57:00,25.65,36.55,1589,35.3,149,5.874,10.9,0.0222,5259.7,0.0179,0,Normal
2020-01-06 18:58:00,25.65,36.55,1740,28.5,152,5.193,10.9,0.0164,4332.0,0.0182,0,Normal
2020-01-06 18:59:00,25.65,36.55,1499,40.3,154,6.326,10.9,0.0269,6206.2,0.0185,0,Normal
2020-01-06 19:00:00,25.65,36.55,1480,38.1,157,5.905,10.9,0.0257,5981.7,0.0188,0,Normal
2020-01-06 19:01:00,25.65,36.55,1751,29.6,160,5.428,10.9,0.0169,4736.0,0.0192,0,Normal
2020-01-06 19:02:00,25.55,36.55,1510,40.6,162,6.42,11.0,0.0269,6577.2,0.0194,0,Normal
2020-01-06 19:03:00,25.65,36.65,1437,48.2,164,7.253,11.0,0.0335,7904.8,0.0197,0,Normal
2020-01-06 19:04:00,25.65,36.55,1609,40.4,169,6.807,10.9,0.0251,6827.6,0.0203,0,Normal
2020-01-06 19:05:00,25.65,36.65,1490,35.9,171,5.602,11.0,0.0241,6138.9,0.0205,0,Normal
2020-01-06 19:06:00,25.55,36.55,1601,35.7,176,5.985,11.0,0.0223,6283.2,0.0211,0,Normal
2020-01-06 19:07:00,25.55,36.45,1665,31.1,178,5.423,10.9,0.0187,5535.8,0.0213,0,Normal
2020-01-06 19:08:00,25.55,36.45,1452,42.7,180,6.493,10.9,0.0294,7686.0,0.0216,0,Normal
2020-01-06 19:09:00,25.55,36.35,1487,33.6,183,5.232,10.8,0.0226,6148.8,0.0219,0,Normal
2020-01-06 19:10:00,25.55,36.45,1382,48.1,186,6.961,10.9,0.0348,8946.6,0.0223,0,Normal
2020-01-06 19:11:00,25.55,36.45,1686,26.2,189,4.626,10.9,0.0155,4951.8,0.0226,0,Normal
2020-01-06 19:12:00,25.45,36.45,1491,36.9,192,5.761,11.0,0.0247,7084.8,0.023,0,Normal
2020-01-06 19:13:00,25.55,36.45,1442,55.6,194,8.396,10.9,0.0386,10786.4,0.0232,0,Normal
2020-01-06 19:14:00,25.45,36.45,1390,50.3,196,7.322,11.0,0.0362,9858.8,0.0235,0,Normal
2020-01-06 19:15:00,25.55,36.45,1502,46.7,198,7.345,10.9,0.0311,9246.6,0.0237,0,Normal
2020-01-06 19:16:00,25.45,36.45,1344,59.4,200,8.36,11.0,0.0442,11880.0,0.0239,0,Normal
2020-01-06 19:17:00,25.35,36.35,1385,46.3,203,6.715,11.0,0.0334,9398.9,0.0243,1,Tool_Wear_Failure
2020-01-06 19:18:00,25.55,36.55,1547,37.4,0,6.059,11.0,0.0242,0.0,0.0,0,Normal
2020-01-06 19:19:00,25.45,36.45,1525,42.4,2,6.771,11.0,0.0278,84.8,0.0002,0,Normal
2020-01-06 19:20:00,25.45,36.45,1540,35.8,5,5.773,11.0,0.0232,179.0,0.0006,0,Normal
2020-01-06 19:21:00,25.45,36.35,1450,44.3,7,6.727,10.9,0.0306,310.1,0.0008,0,Normal
2020-01-06 19:22:00,25.45,36.45,1353,62.5,9,8.855,11.0,0.0462,562.5,0.0011,0,Normal
2020-01-06 19:23:00,25.65,36.55,1582,45.0,11,7.455,10.9,0.0284,495.0,0.0013,0,Normal
2020-01-06 19:24:00,25.75,36.65,1396,49.0,13,7.163,10.9,0.0351,637.0,0.0016,0,Normal
2020-01-06 19:25:00,25.65,36.65,1551,36.6,15,5.945,11.0,0.0236,549.0,0.0018,0,Normal
2020-01-06 19:26:00,25.75,36.65,1836,22.8,18,4.384,10.9,0.0124,410.4,0.0022,0,Normal
2020-01-06 19:27:00,25.75,36.65,1390,49.9,21,7.263,10.9,0.0359,1047.9,0.0025,0,Normal
2020-01-06 19:28:00,25.75,36.65,1534,42.1,23,6.763,10.9,0.0274,968.3,0.0027,0,Normal
2020-01-06 19:29:00,25.65,36.55,1953,20.6,25,4.213,10.9,0.0105,515.0,0.003,0,Normal
2020-01-06 19:30:00,25.65,36.65,1634,33.6,27,5.749,11.0,0.0206,907.2,0.0032,0,Normal
2020-01-06 19:31:00,25.55,36.55,1881,21.7,29,4.274,11.0,0.0115,629.3,0.0035,0,Normal
2020-01-06 19:32:00,25.65,36.55,1448,44.8,31,6.793,10.9,0.0309,1388.8,0.0037,0,Normal
2020-01-06 19:33:00,25.55,36.55,1362,50.5,34,7.203,11.0,0.0371,1717.0,0.0041,0,Normal
2020-01-06 19:34:00,25.65,36.55,1225,63.4,37,8.133,10.9,0.0518,2345.8,0.0044,0,Normal
2020-01-06 19:35:00,25.65,36.45,1384,48.2,39,6.986,10.8,0.0348,1879.8,0.0047,0,Normal
2020-01-06 19:36:00,25.65,36.65,1334,49.3,42,6.887,11.0,0.037,2070.6,0.005,0,Normal
2020-01-06 19:37:00,25.65,36.55,1336,50.3,44,7.037,10.9,0.0376,2213.2,0.0053,0,Normal
2020-01-06 19:38:00,25.65,36.75,1331,61.6,46,8.586,11.1,0.0463,2833.6,0.0055,0,Normal
2020-01-06 19:39:00,25.65,36.75,1629,31.9,49,5.442,11.1,0.0196,1563.1,0.0058,0,Normal
2020-01-06 19:40:00,25.75,36.85,1776,25.7,51,4.78,11.1,0.0145,1310.7,0.0061,0,Normal
2020-01-06 19:41:00,25.65,36.85,1530,38.3,53,6.136,11.2,0.025,2029.9,0.0063,0,Normal
2020-01-06 19:42:00,25.75,36.85,1719,27.3,58,4.914,11.1,0.0159,1583.4,0.0069,0,Normal
2020-01-06 19:43:00,25.65,36.75,1495,35.2,60,5.511,11.1,0.0235,2112.0,0.0072,0,Normal
2020-01-06 19:44:00,25.65,36.55,1450,43.1,63,6.544,10.9,0.0297,2715.3,0.0075,0,Normal
2020-01-06 19:45:00,25.65,36.65,1563,38.8,65,6.351,11.0,0.0248,2522.0,0.0078,0,Normal
2020-01-06 19:46:00,25.75,36.75,1501,37.1,70,5.832,11.0,0.0247,2597.0,0.0083,0,Normal
2020-01-06 19:47:00,25.65,36.75,1351,47.2,73,6.678,11.1,0.0349,3445.6,0.0087,0,Normal
2020-01-06 19:48:00,25.75,36.75,1365,46.5,75,6.647,11.0,0.0341,3487.5,0.0089,0,Normal
2020-01-06 19:49:00,25.65,36.75,1525,39.7,77,6.34,11.1,0.026,3056.9,0.0092,0,Normal
2020-01-06 19:50:00,25.65,36.65,1288,61.9,79,8.349,11.0,0.0481,4890.1,0.0094,0,Normal
2020-01-06 19:51:00,25.45,36.45,1423,42.7,82,6.363,11.0,0.03,3501.4,0.0098,0,Normal
2020-01-06 19:52:00,25.35,36.45,1502,39.4,84,6.197,11.1,0.0262,3309.6,0.01,0,Normal
2020-01-06 19:53:00,25.35,36.35,1428,43.5,87,6.505,11.0,0.0305,3784.5,0.0104,0,Normal
2020-01-06 19:54:00,25.45,36.35,1566,38.1,89,6.248,10.9,0.0243,3390.9,0.0106,0,Normal
2020-01-06 19:55:00,25.35,36.35,1483,44.8,92,6.957,11.0,0.0302,4121.6,0.011,0,Normal
2020-01-06 19:56:00,25.45,36.45,1593,33.3,95,5.555,11.0,0.0209,3163.5,0.0113,0,Normal
2020-01-06 19:57:00,25.35,36.45,1724,26.4,100,4.766,11.1,0.0153,2640.0,0.0119,0,Normal
2020-01-06 19:58:00,25.35,36.55,2617,12.1,102,3.316,11.2,0.0046,1234.2,0.0121,1,Power_Failure
2020-01-06 19:59:00,25.45,36.55,1294,59.4,104,8.049,11.1,0.0459,6177.6,0.0124,0,Normal
2020-01-06 20:00:00,25.45,36.45,1533,40.7,106,6.534,11.0,0.0265,4314.2,0.0126,0,Normal
2020-01-06 20:01:00,25.35,36.25,1671,31.8,108,5.565,10.9,0.019,3434.4,0.0129,0,Normal
2020-01-06 20:02:00,25.35,36.35,1370,52.4,113,7.518,11.0,0.0382,5921.2,0.0134,0,Normal
2020-01-06 20:03:00,25.35,36.45,1462,45.1,115,6.905,11.1,0.0308,5186.5,0.0137,0,Normal
2020-01-06 20:04:00,25.25,36.35,1545,36.6,117,5.922,11.1,0.0237,4282.2,0.0139,0,Normal
2020-01-06 20:05:00,25.25,36.35,1484,41.7,119,6.48,11.1,0.0281,4962.3,0.0142,0,Normal
2020-01-06 20:06:00,25.25,36.35,1344,45.3,122,6.376,11.1,0.0337,5526.6,0.0145,0,Normal
2020-01-06 20:07:00,25.25,36.35,1357,50.1,125,7.119,11.1,0.0369,6262.5,0.0149,0,Normal
2020-01-06 20:08:00,25.35,36.45,1572,33.0,127,5.432,11.1,0.021,4191.0,0.0151,0,Normal
2020-01-06 20:09:00,25.35,36.45,1861,26.9,130,5.242,11.1,0.0145,3497.0,0.0155,0,Normal
2020-01-06 20:10:00,25.35,36.35,1548,44.5,132,7.214,11.0,0.0287,5874.0,0.0157,0,Normal
2020-01-06 20:11:00,25.45,36.65,1496,37.7,134,5.906,11.2,0.0252,5051.8,0.0159,0,Normal
2020-01-06 20:12:00,25.45,36.55,1314,49.7,136,6.839,11.1,0.0378,6759.2,0.0162,0,Normal
2020-01-06 20:13:00,25.45,36.55,1422,49.7,139,7.401,11.1,0.035,6908.3,0.0165,0,Normal
2020-01-06 20:14:00,25.45,36.65,1842,20.1,142,3.877,11.2,0.0109,2854.2,0.0169,0,Normal
2020-01-06 20:15:00,25.55,36.75,1434,53.0,144,7.959,11.2,0.037,7632.0,0.0171,0,Normal
2020-01-06 20:16:00,25.65,36.95,1585,31.3,147,5.195,11.3,0.0197,4601.1,0.0175,0,Normal
2020-01-06 20:17:00,25.65,36.95,1704,30.7,150,5.478,11.3,0.018,4605.0,0.0178,0,Normal
2020-01-06 20:18:00,25.75,37.05,1971,23.2,155,4.789,11.3,0.0118,3596.0,0.0184,0,Normal
2020-01-06 20:19:00,25.85,37.15,1431,39.9,157,5.979,11.3,0.0279,6264.3,0.0186,0,Normal
2020-01-06 20:20:00,25.75,37.25,1546,37.7,159,6.104,11.5,0.0244,5994.3,0.0189,0,Normal
2020-01-06 20:21:00,25.75,37.15,1496,36.3,161,5.687,11.4,0.0243,5844.3,0.0191,0,Normal
2020-01-06 20:22:00,25.75,37.15,1243,63.0,163,8.2,11.4,0.0507,10269.0,0.0194,0,Normal
2020-01-06 20:23:00,25.85,37.25,1452,46.2,168,7.025,11.4,0.0318,7761.6,0.0199,0,Normal
2020-01-06 20:24:00,25.95,37.45,1380,44.7,170,6.46,11.5,0.0324,7599.0,0.0202,0,Normal
2020-01-06 20:25:00,26.05,37.45,1567,38.4,172,6.301,11.4,0.0245,6604.8,0.0204,0,Normal
2020-01-06 20:26:00,25.95,37.35,1628,35.9,174,6.12,11.4,0.0221,6246.6,0.0206,0,Normal
2020-01-06 20:27:00,25.95,37.25,1505,46.1,176,7.266,11.3,0.0306,8113.6,0.0209,0,Normal
2020-01-06 20:28:00,25.85,37.15,1827,28.0,178,5.357,11.3,0.0153,4984.0,0.0211,0,Normal
2020-01-06 20:29:00,25.85,37.15,1577,40.0,181,6.606,11.3,0.0254,7240.0,0.0215,0,Normal
2020-01-06 20:30:00,25.75,37.05,1304,57.2,183,7.811,11.3,0.0439,10467.6,0.0217,0,Normal
2020-01-06 20:31:00,25.75,36.95,1324,54.6,185,7.57,11.2,0.0412,10101.0,0.0219,0,Normal
2020-01-06 20:32:00,25.65,36.85,1537,39.9,190,6.422,11.2,0.026,7581.0,0.0225,0,Normal
2020-01-06 20:33:00,25.65,36.95,1501,48.7,192,7.655,11.3,0.0324,9350.4,0.0228,0,Normal
2020-01-06 20:34:00,25.55,36.75,1654,29.1,195,5.04,11.2,0.0176,5674.5,0.0231,0,Normal
2020-01-06 20:35:00,25.55,36.85,1519,38.1,198,6.061,11.3,0.0251,7543.8,0.0235,0,Normal
2020-01-06 20:36:00,25.55,36.75,1371,51.3,201,7.365,11.2,0.0374,10311.3,0.0238,0,Normal
2020-01-06 20:37:00,25.55,36.65,1181,65.9,203,8.15,11.1,0.0558,13377.7,0.0241,1,Overstrain_Failure
2020-01-06 20:38:00,25.45,36.65,1469,42.8,205,6.584,11.2,0.0291,8774.0,0.0243,0,Normal
2020-01-06 20:39:00,25.45,36.65,1637,34.6,207,5.931,11.2,0.0211,7162.2,0.0245,0,Normal
2020-01-06 20:40:00,25.45,36.65,1370,56.0,0,8.034,11.2,0.0409,0.0,0.0,0,Normal
2020-01-06 20:41:00,25.45,36.75,1630,30.6,2,5.223,11.3,0.0188,61.2,0.0002,0,Normal
2020-01-06 20:42:00,25.45,36.85,1517,39.0,4,6.196,11.4,0.0257,156.0,0.0005,0,Normal
2020-01-06 20:43:00,25.45,36.75,1668,32.3,6,5.642,11.3,0.0194,193.8,0.0007,0,Normal
2020-01-06 20:44:00,25.45,36.75,1818,24.9,9,4.74,11.3,0.0137,224.1,0.0011,0,Normal
2020-01-06 20:45:00,25.45,36.85,1541,36.9,12,5.955,11.4,0.0239,442.8,0.0014,0,Normal
2020-01-06 20:46:00,25.35,36.75,1482,42.1,15,6.534,11.4,0.0284,631.5,0.0018,0,Normal
2020-01-06 20:47:00,25.45,36.95,1439,49.9,17,7.52,11.5,0.0347,848.3,0.002,0,Normal
2020-01-06 20:48:00,25.35,36.85,1492,41.2,19,6.437,11.5,0.0276,782.8,0.0022,0,Normal
2020-01-06 20:49:00,25.25,36.75,1725,27.8,21,5.022,11.5,0.0161,583.8,0.0025,0,Normal
2020-01-06 20:50:00,25.25,36.85,1559,44.2,23,7.216,11.6,0.0284,1016.6,0.0027,0,Normal
2020-01-06 20:51:00,25.35,36.85,1435,42.5,25,6.387,11.5,0.0296,1062.5,0.003,0,Normal
2020-01-06 20:52:00,25.45,36.85,1512,37.5,27,5.938,11.4,0.0248,1012.5,0.0032,0,Normal
2020-01-06 20:53:00,25.45,36.75,1564,37.1,30,6.076,11.3,0.0237,1113.0,0.0035,0,Normal
2020-01-06 20:54:00,25.45,36.85,1522,40.3,32,6.423,11.4,0.0265,1289.6,0.0038,0,Normal
2020-01-06 20:55:00,25.45,36.75,1356,59.5,34,8.449,11.3,0.0439,2023.0,0.004,0,Normal
2020-01-06 20:56:00,25.45,36.75,1556,38.6,36,6.29,11.3,0.0248,1389.6,0.0043,0,Normal
2020-01-06 20:57:00,25.45,36.75,1393,45.5,38,6.637,11.3,0.0327,1729.0,0.0045,0,Normal
2020-01-06 20:58:00,25.55,36.75,1753,26.8,40,4.92,11.2,0.0153,1072.0,0.0047,0,Normal
2020-01-06 20:59:00,25.55,36.75,1651,29.5,42,5.1,11.2,0.0179,1239.0,0.005,0,Normal
2020-01-06 21:00:00,25.55,36.75,1372,54.7,44,7.859,11.2,0.0399,2406.8,0.0052,0,Normal
2020-01-06 21:01:00,25.55,36.75,1446,43.3,46,6.557,11.2,0.0299,1991.8,0.0054,0,Normal
2020-01-06 21:02:00,25.55,36.65,1501,44.7,48,7.026,11.1,0.0298,2145.6,0.0057,0,Normal
2020-01-06 21:03:00,25.55,36.75,1411,45.1,51,6.664,11.2,0.032,2300.1,0.006,0,Normal
2020-01-06 21:04:00,25.45,36.55,1672,27.5,54,4.815,11.1,0.0164,1485.0,0.0064,0,Normal
2020-01-06 21:05:00,25.55,36.65,1475,40.5,59,6.256,11.1,0.0275,2389.5,0.007,0,Normal
2020-01-06 21:06:00,25.55,36.65,1469,38.4,62,5.907,11.1,0.0261,2380.8,0.0073,0,Normal
2020-01-06 21:07:00,25.45,36.65,1704,28.3,64,5.05,11.2,0.0166,1811.2,0.0076,0,Normal
2020-01-06 21:08:00,25.45,36.55,1463,39.1,66,5.99,11.1,0.0267,2580.6,0.0078,0,Normal
2020-01-06 21:09:00,25.45,36.55,1280,64.1,71,8.592,11.1,0.0501,4551.1,0.0084,0,Normal
2020-01-06 21:10:00,25.55,36.75,1464,38.0,74,5.826,11.2,0.026,2812.0,0.0087,0,Normal
2020-01-06 21:11:00,25.45,36.65,1332,46.4,76,6.472,11.2,0.0348,3526.4,0.009,0,Normal
2020-01-06 21:12:00,25.35,36.55,1634,37.8,78,6.468,11.2,0.0231,2948.4,0.0092,0,Normal
2020-01-06 21:13:00,25.45,36.65,1430,43.1,80,6.454,11.2,0.0301,3448.0,0.0094,0,Normal
2020-01-06 21:14:00,25.35,36.55,1523,44.6,83,7.113,11.2,0.0293,3701.8,0.0098,0,Normal
2020-01-06 21:15:00,25.35,36.55,1557,37.7,86,6.147,11.2,0.0242,3242.2,0.0101,0,Normal
2020-01-06 21:16:00,25.35,36.45,1585,32.2,89,5.345,11.1,0.0203,2865.8,0.0105,0,Normal
2020-01-06 21:17:00,25.35,36.45,1579,33.5,91,5.539,11.1,0.0212,3048.5,0.0107,0,Normal
2020-01-06 21:18:00,25.35,36.55,1354,60.8,96,8.621,11.2,0.0449,5836.8,0.0113,0,Normal
2020-01-06 21:19:00,25.45,36.55,1627,33.4,99,5.691,11.1,0.0205,3306.6,0.0117,0,Normal
2020-01-06 21:20:00,25.25,36.45,1477,35.6,101,5.506,11.2,0.0241,3595.6,0.0119,0,Normal
2020-01-06 21:21:00,25.15,36.25,1595,29.0,103,4.844,11.1,0.0182,2987.0,0.0121,0,Normal
2020-01-06 21:22:00,25.25,36.35,1520,38.1,106,6.065,11.1,0.0251,4038.6,0.0125,0,Normal
2020-01-06 21:23:00,25.15,36.25,1618,31.5,108,5.337,11.1,0.0195,3402.0,0.0127,0,Normal
2020-01-06 21:24:00,25.25,36.35,1397,50.3,110,7.359,11.1,0.036,5533.0,0.013,0,Normal
2020-01-06 21:25:00,25.25,36.35,1450,47.9,112,7.273,11.1,0.033,5364.8,0.0132,0,Normal
2020-01-06 21:26:00,25.35,36.35,1501,40.2,114,6.319,11.0,0.0268,4582.8,0.0134,0,Normal
2020-01-06 21:27:00,25.25,36.25,1392,50.1,117,7.303,11.0,0.036,5861.7,0.0138,0,Normal
2020-01-06 21:28:00,25.25,36.25,1385,43.2,119,6.266,11.0,0.0312,5140.8,0.014,0,Normal
2020-01-06 21:29:00,25.25,36.25,1461,46.3,121,7.084,11.0,0.0317,5602.3,0.0143,0,Normal
2020-01-06 21:30:00,25.35,36.45,1364,58.7,123,8.385,11.1,0.043,7220.1,0.0145,0,Normal
2020-01-06 21:31:00,25.35,36.35,1579,38.6,126,6.383,11.0,0.0244,4863.6,0.0148,0,Normal
2020-01-06 21:32:00,25.25,36.35,1514,38.8,128,6.152,11.1,0.0256,4966.4,0.0151,0,Normal
2020-01-06 21:33:00,25.15,36.35,1560,36.9,131,6.028,11.2,0.0237,4833.9,0.0154,0,Normal
2020-01-06 21:34:00,25.15,36.35,1542,36.7,134,5.926,11.2,0.0238,4917.8,0.0158,0,Normal
2020-01-06 21:35:00,25.15,36.25,1668,27.1,136,4.734,11.1,0.0162,3685.6,0.016,0,Normal
2020-01-06 21:36:00,25.15,36.25,1816,22.6,138,4.298,11.1,0.0124,3118.8,0.0162,0,Normal
2020-01-06 21:37:00,25.15,36.25,1509,34.2,141,5.404,11.1,0.0227,4822.2,0.0166,0,Normal
2020-01-06 21:38:00,25.25,36.45,1479,37.8,144,5.854,11.2,0.0256,5443.2,0.0169,0,Normal
2020-01-06 21:39:00,25.25,36.45,1655,30.2,146,5.234,11.2,0.0182,4409.2,0.0172,0,Normal
2020-01-06 21:40:00,25.15,36.35,1711,30.3,148,5.429,11.2,0.0177,4484.4,0.0174,0,Normal
2020-01-06 21:41:00,25.25,36.55,1581,34.6,150,5.728,11.3,0.0219,5190.0,0.0176,0,Normal
2020-01-06 21:42:00,25.45,36.65,1279,55.9,152,7.487,11.2,0.0437,8496.8,0.0179,0,Normal
2020-01-06 21:43:00,25.35,36.65,1468,40.9,157,6.287,11.3,0.0279,6421.3,0.0185,0,Normal
2020-01-06 21:44:00,25.25,36.55,1419,41.3,159,6.137,11.3,0.0291,6566.7,0.0187,0,Normal
2020-01-06 21:45:00,25.25,36.55,1530,38.6,161,6.185,11.3,0.0252,6214.6,0.0189,0,Normal
2020-01-06 21:46:00,25.25,36.45,1710,27.3,163,4.889,11.2,0.016,4449.9,0.0192,1,Random_Failure
2020-01-06 21:47:00,25.25,36.55,1518,39.8,165,6.327,11.3,0.0262,6567.0,0.0194,0,Normal
2020-01-06 21:48:00,25.25,36.55,1679,33.3,167,5.855,11.3,0.0198,5561.1,0.0196,0,Normal
2020-01-06 21:49:00,25.25,36.55,1870,22.5,170,4.406,11.3,0.012,3825.0,0.02,0,Normal
2020-01-06 21:50:00,25.15,36.55,1484,44.3,173,6.884,11.4,0.0299,7663.9,0.0203,0,Normal
2020-01-06 21:51:00,25.25,36.55,1457,44.2,175,6.744,11.3,0.0303,7735.0,0.0206,0,Normal
2020-01-06 21:52:00,25.15,36.45,1546,36.2,177,5.861,11.3,0.0234,6407.4,0.0208,0,Normal
2020-01-06 21:53:00,25.05,36.35,1478,36.5,182,5.649,11.3,0.0247,6643.0,0.0214,0,Normal
2020-01-06 21:54:00,25.05,36.25,1447,47.1,185,7.137,11.2,0.0326,8713.5,0.0217,0,Normal
2020-01-06 21:55:00,25.05,36.25,1443,45.4,187,6.86,11.2,0.0315,8489.8,0.022,0,Normal
2020-01-06 21:56:00,25.15,36.45,1527,30.9,189,4.941,11.3,0.0202,5840.1,0.0222,0,Normal
2020-01-06 21:57:00,25.15,36.45,1469,54.8,191,8.43,11.3,0.0373,10466.8,0.0224,0,Normal
2020-01-06 21:58:00,25.15,36.45,1681,27.1,194,4.771,11.3,0.0161,5257.4,0.0228,0,Normal
2020-01-06 21:59:00,25.15,36.45,1420,44.1,197,6.558,11.3,0.0311,8687.7,0.0231,0,Normal
2020-01-06 22:00:00,25.15,36.35,1543,49.9,199,8.063,11.2,0.0323,9930.1,0.0234,0,Normal
2020-01-06 22:01:00,25.25,36.35,1376,50.4,202,7.262,11.1,0.0366,10180.8,0.0237,0,Normal
2020-01-06 22:02:00,25.15,36.25,1631,29.8,0,5.09,11.1,0.0183,0.0,0.0,0,Normal
2020-01-06 22:03:00,25.15,36.15,1529,41.7,5,6.677,11.0,0.0273,208.5,0.0006,0,Normal
2020-01-06 22:04:00,25.15,36.25,1468,46.2,10,7.102,11.1,0.0315,462.0,0.0012,0,Normal
2020-01-06 22:05:00,25.15,36.25,1378,52.3,12,7.547,11.1,0.038,627.6,0.0014,0,Normal
2020-01-06 22:06:00,25.15,36.15,1401,51.9,14,7.614,11.0,0.037,726.6,0.0016,0,Normal
2020-01-06 22:07:00,25.25,36.15,1531,37.4,16,5.996,10.9,0.0244,598.4,0.0019,0,Normal
2020-01-06 22:08:00,25.25,36.15,1512,35.8,18,5.668,10.9,0.0237,644.4,0.0021,0,Normal
2020-01-06 22:09:00,25.35,36.25,1522,47.4,20,7.555,10.9,0.0311,948.0,0.0023,0,Normal
2020-01-06 22:10:00,25.35,36.15,1615,31.8,23,5.378,10.8,0.0197,731.4,0.0027,0,Normal
2020-01-06 22:11:00,25.45,36.15,1449,46.5,26,7.056,10.7,0.0321,1209.0,0.003,0,Normal
2020-01-06 22:12:00,25.45,36.25,1315,55.5,28,7.643,10.8,0.0422,1554.0,0.0033,0,Normal
2020-01-06 22:13:00,25.45,36.25,1465,41.1,30,6.305,10.8,0.0281,1233.0,0.0035,0,Normal
2020-01-06 22:14:00,25.45,36.35,1404,43.3,33,6.366,10.9,0.0308,1428.9,0.0039,0,Normal
2020-01-06 22:15:00,25.45,36.35,1547,44.8,36,7.258,10.9,0.029,1612.8,0.0042,0,Normal
2020-01-06 22:16:00,25.45,36.35,1426,45.4,38,6.78,10.9,0.0318,1725.2,0.0045,0,Normal
2020-01-06 22:17:00,25.45,36.35,1730,30.2,41,5.471,10.9,0.0175,1238.2,0.0048,0,Normal
2020-01-06 22:18:00,25.35,36.25,1548,37.7,43,6.111,10.9,0.0244,1621.1,0.005,0,Normal
2020-01-06 22:19:00,25.35,36.25,1517,40.2,45,6.386,10.9,0.0265,1809.0,0.0053,0,Normal
2020-01-06 22:20:00,25.45,36.35,1687,29.3,47,5.176,10.9,0.0174,1377.1,0.0055,0,Normal
2020-01-06 22:21:00,25.35,36.35,1738,25.2,49,4.586,11.0,0.0145,1234.8,0.0057,0,Normal
2020-01-06 22:22:00,25.25,36.25,1512,35.3,51,5.589,11.0,0.0233,1800.3,0.006,0,Normal
2020-01-06 22:23:00,25.35,36.25,1365,48.7,56,6.961,10.9,0.0357,2727.2,0.0066,0,Normal
2020-01-06 22:24:00,25.35,36.25,2011,21.0,59,4.422,10.9,0.0104,1239.0,0.0069,0,Normal
2020-01-06 22:25:00,25.25,36.15,1806,27.6,64,5.22,10.9,0.0153,1766.4,0.0075,0,Normal
2020-01-06 22:26:00,25.25,36.15,1716,28.4,66,5.103,10.9,0.0166,1874.4,0.0077,0,Normal
2020-01-06 22:27:00,25.25,36.25,1666,24.3,68,4.239,11.0,0.0146,1652.4,0.008,0,Normal
2020-01-06 22:28:00,25.35,36.25,1578,36.3,71,5.998,10.9,0.023,2577.3,0.0083,0,Normal
2020-01-06 22:29:00,25.15,36.15,1558,37.2,73,6.069,11.0,0.0239,2715.6,0.0085,0,Normal
2020-01-06 22:30:00,25.15,36.05,1456,45.5,75,6.937,10.9,0.0312,3412.5,0.0088,0,Normal
2020-01-06 22:31:00,25.05,35.95,1457,49.0,77,7.476,10.9,0.0336,3773.0,0.009,0,Normal
2020-01-06 22:32:00,25.05,35.95,1467,44.5,80,6.836,10.9,0.0303,3560.0,0.0094,0,Normal
2020-01-06 22:33:00,24.95,35.85,1661,38.2,82,6.644,10.9,0.023,3132.4,0.0096,0,Normal
2020-01-06 22:34:00,24.95,35.85,1592,33.9,85,5.652,10.9,0.0213,2881.5,0.0099,0,Normal
2020-01-06 22:35:00,25.05,35.85,1596,37.2,87,6.217,10.8,0.0233,3236.4,0.0102,0,Normal
2020-01-06 22:36:00,25.05,35.85,1489,40.6,89,6.331,10.8,0.0273,3613.4,0.0104,0,Normal
2020-01-06 22:37:00,25.15,35.85,1471,48.3,91,7.44,10.7,0.0328,4395.3,0.0106,0,Normal
2020-01-06 22:38:00,25.15,35.85,1505,41.3,93,6.509,10.7,0.0274,3840.9,0.0109,0,Normal
2020-01-06 22:39:00,25.15,35.85,1519,40.0,96,6.363,10.7,0.0263,3840.0,0.0112,0,Normal
2020-01-06 22:40:00,25.15,35.85,1408,45.4,98,6.694,10.7,0.0322,4449.2,0.0114,0,Normal
2020-01-06 22:41:00,25.05,35.75,1332,44.4,100,6.193,10.7,0.0333,4440.0,0.0117,0,Normal
2020-01-06 22:42:00,24.95,35.75,1351,52.4,102,7.413,10.8,0.0388,5344.8,0.0119,0,Normal
2020-01-06 22:43:00,24.85,35.75,1500,36.7,104,5.765,10.9,0.0245,3816.8,0.0121,0,Normal
2020-01-06 22:44:00,24.85,35.55,1614,30.7,106,5.189,10.7,0.019,3254.2,0.0124,0,Normal
2020-01-06 22:45:00,24.85,35.65,1489,36.5,109,5.691,10.8,0.0245,3978.5,0.0127,0,Normal
2020-01-06 22:46:00,24.75,35.55,1751,26.6,111,4.877,10.8,0.0152,2952.6,0.013,0,Normal
2020-01-06 22:47:00,24.85,35.55,1511,45.8,114,7.247,10.7,0.0303,5221.2,0.0133,0,Normal
2020-01-06 22:48:00,24.75,35.45,1691,29.6,116,5.242,10.7,0.0175,3433.6,0.0135,0,Normal
2020-01-06 22:49:00,24.75,35.45,1757,27.5,118,5.06,10.7,0.0157,3245.0,0.0138,0,Normal
2020-01-06 22:50:00,24.75,35.55,1545,35.9,120,5.808,10.8,0.0232,4308.0,0.014,0,Normal
2020-01-06 22:51:00,24.75,35.45,2262,15.7,125,3.719,10.7,0.0069,1962.5,0.0146,0,Normal
2020-01-06 22:52:00,24.55,35.35,1559,35.2,127,5.747,10.8,0.0226,4470.4,0.0148,0,Normal
2020-01-06 22:53:00,24.45,35.25,1626,32.4,130,5.517,10.8,0.0199,4212.0,0.0152,0,Normal
2020-01-06 22:54:00,24.45,35.15,1424,53.9,132,8.038,10.7,0.0379,7114.8,0.0154,0,Normal
2020-01-06 22:55:00,24.45,35.15,1648,29.1,134,5.022,10.7,0.0177,3899.4,0.0156,0,Normal
2020-01-06 22:56:00,24.45,35.15,1523,39.5,137,6.3,10.7,0.0259,5411.5,0.016,0,Normal
2020-01-06 22:57:00,24.45,35.15,1502,43.2,139,6.795,10.7,0.0288,6004.8,0.0162,0,Normal
2020-01-06 22:58:00,24.35,35.05,1489,40.7,141,6.346,10.7,0.0273,5738.7,0.0164,0,Normal
2020-01-06 22:59:00,24.25,34.95,1620,31.2,143,5.293,10.7,0.0193,4461.6,0.0167,0,Normal
2020-01-06 23:00:00,24.35,34.95,1631,30.6,146,5.226,10.6,0.0188,4467.6,0.017,0,Normal
2020-01-06 23:01:00,24.35,34.85,1429,45.8,148,6.854,10.5,0.0321,6778.4,0.0172,0,Normal
2020-01-06 23:02:00,24.35,34.95,1334,72.0,151,10.058,10.6,0.054,10872.0,0.0176,1,Power_Failure
2020-01-06 23:03:00,24.25,34.85,1423,38.0,154,5.663,10.6,0.0267,5852.0,0.0179,0,Normal
2020-01-06 23:04:00,24.25,34.75,1390,47.7,156,6.943,10.5,0.0343,7441.2,0.0182,0,Normal
2020-01-06 23:05:00,24.25,34.75,1338,48.5,158,6.796,10.5,0.0362,7663.0,0.0184,0,Normal
2020-01-06 23:06:00,24.15,34.75,1461,37.5,161,5.737,10.6,0.0257,6037.5,0.0187,0,Normal
2020-01-06 23:07:00,24.25,34.75,1627,34.3,166,5.844,10.5,0.0211,5693.8,0.0193,0,Normal
2020-01-06 23:08:00,24.15,34.65,1385,44.4,169,6.44,10.5,0.0321,7503.6,0.0197,0,Normal
2020-01-06 23:09:00,24.15,34.65,1538,48.0,171,7.731,10.5,0.0312,8208.0,0.0199,0,Normal
2020-01-06 23:10:00,24.25,34.75,1557,35.5,174,5.788,10.5,0.0228,6177.0,0.0203,0,Normal
2020-01-06 23:11:00,24.25,34.75,1606,33.4,176,5.617,10.5,0.0208,5878.4,0.0205,0,Normal
2020-01-06 23:12:00,24.35,34.85,1430,44.5,178,6.664,10.5,0.0311,7921.0,0.0207,0,Normal
2020-01-06 23:13:00,24.25,34.85,1601,34.6,181,5.801,10.6,0.0216,6262.6,0.0211,0,Normal
2020-01-06 23:14:00,24.25,34.85,1356,51.9,184,7.37,10.6,0.0383,9549.6,0.0214,0,Normal
2020-01-06 23:15:00,24.35,35.05,1624,30.9,186,5.255,10.7,0.019,5747.4,0.0216,0,Normal
2020-01-06 23:16:00,24.35,35.05,1327,56.5,189,7.851,10.7,0.0426,10678.5,0.022,0,Normal
2020-01-06 23:17:00,24.45,35.15,1410,47.0,191,6.94,10.7,0.0333,8977.0,0.0222,0,Normal
2020-01-06 23:18:00,24.45,35.15,1478,42.3,193,6.547,10.7,0.0286,8163.9,0.0224,0,Normal
2020-01-06 23:19:00,24.45,35.25,1460,40.3,195,6.162,10.8,0.0276,7858.5,0.0227,0,Normal
2020-01-06 23:20:00,24.35,35.15,1435,40.3,197,6.056,10.8,0.0281,7939.1,0.0229,0,Normal
2020-01-06 23:21:00,24.25,35.05,1359,46.9,199,6.675,10.8,0.0345,9333.1,0.0231,0,Normal
2020-01-06 23:22:00,24.25,34.95,1729,31.7,204,5.74,10.7,0.0183,6466.8,0.0237,0,Normal
2020-01-06 23:23:00,24.15,34.85,1384,49.1,206,7.116,10.7,0.0355,10114.6,0.0239,0,Normal
2020-01-06 23:24:00,24.25,35.05,1297,52.1,211,7.076,10.8,0.0402,10993.1,0.0245,0,Normal
2020-01-06 23:25:00,24.35,35.25,1633,33.3,213,5.695,10.9,0.0204,7092.9,0.0248,0,Normal
2020-01-06 23:26:00,24.35,35.25,1505,37.2,215,5.863,10.9,0.0247,7998.0,0.025,0,Normal
2020-01-06 23:27:00,24.35,35.25,1433,50.0,218,7.503,10.9,0.0349,10900.0,0.0253,0,Normal
2020-01-06 23:28:00,24.25,35.25,1369,50.6,220,7.254,11.0,0.037,11132.0,0.0256,1,Overstrain_Failure
2020-01-06 23:29:00,24.25,35.15,1475,40.5,222,6.256,10.9,0.0275,8991.0,0.0258,1,Tool_Wear_Failure
2020-01-06 23:30:00,24.25,35.15,1561,38.3,0,6.261,10.9,0.0245,0.0,0.0,0,Normal
2020-01-06 23:31:00,24.25,35.15,1472,45.5,2,7.014,10.9,0.0309,91.0,0.0002,0,Normal
2020-01-06 23:32:00,24.35,35.25,1441,44.5,4,6.715,10.9,0.0309,178.0,0.0005,0,Normal
2020-01-06 23:33:00,24.35,35.35,1401,50.5,6,7.409,11.0,0.036,303.0,0.0007,0,Normal
2020-01-06 23:34:00,24.35,35.35,1691,33.1,9,5.861,11.0,0.0196,297.9,0.001,0,Normal
2020-01-06 23:35:00,24.45,35.45,1382,47.1,11,6.816,11.0,0.0341,518.1,0.0013,0,Normal
2020-01-06 23:36:00,24.45,35.45,1355,46.4,13,6.584,11.0,0.0342,603.2,0.0015,0,Normal
2020-01-06 23:37:00,24.45,35.45,1529,45.3,15,7.253,11.0,0.0296,679.5,0.0017,0,Normal
2020-01-06 23:38:00,24.55,35.55,1829,24.9,17,4.769,11.0,0.0136,423.3,0.002,0,Normal
2020-01-06 23:39:00,24.45,35.45,1480,39.8,19,6.168,11.0,0.0269,756.2,0.0022,0,Normal
2020-01-06 23:40:00,24.45,35.35,1475,42.4,24,6.549,10.9,0.0287,1017.6,0.0028,0,Normal
2020-01-06 23:41:00,24.45,35.35,1431,52.6,26,7.882,10.9,0.0368,1367.6,0.003,0,Normal
2020-01-06 23:42:00,24.35,35.15,1437,42.3,29,6.365,10.8,0.0294,1226.7,0.0034,0,Normal
2020-01-06 23:43:00,24.35,35.15,1476,45.6,31,7.048,10.8,0.0309,1413.6,0.0036,0,Normal
2020-01-06 23:44:00,24.35,35.25,1490,39.7,34,6.194,10.9,0.0266,1349.8,0.0039,0,Normal
2020-01-06 23:45:00,24.25,35.15,1632,33.5,39,5.725,10.9,0.0205,1306.5,0.0045,0,Normal
2020-01-06 23:46:00,24.25,35.05,1402,49.7,41,7.297,10.8,0.0354,2037.7,0.0048,0,Normal
2020-01-06 23:47:00,24.25,35.15,1347,45.8,43,6.46,10.9,0.034,1969.4,0.005,0,Normal
2020-01-06 23:48:00,24.35,35.25,1747,31.0,45,5.671,10.9,0.0177,1395.0,0.0052,0,Normal
2020-01-06 23:49:00,24.35,35.35,1557,39.1,47,6.375,11.0,0.0251,1837.7,0.0054,0,Normal
2020-01-06 23:50:00,24.25,35.25,1371,57.4,52,8.241,11.0,0.0419,2984.8,0.006,0,Normal
2020-01-06 23:51:00,24.15,35.15,1506,37.0,54,5.835,11.0,0.0246,1998.0,0.0063,0,Normal
2020-01-06 23:52:00,24.15,35.15,1590,35.5,59,5.911,11.0,0.0223,2094.5,0.0068,0,Normal
2020-01-06 23:53:00,24.25,35.15,1336,53.7,61,7.513,10.9,0.0402,3275.7,0.0071,0,Normal
2020-01-06 23:54:00,24.15,35.15,1411,43.2,63,6.383,11.0,0.0306,2721.6,0.0073,0,Normal
2020-01-06 23:55:00,24.25,35.15,1704,27.3,65,4.871,10.9,0.016,1774.5,0.0075,0,Normal
2020-01-06 23:56:00,24.35,35.25,1723,27.3,67,4.926,10.9,0.0158,1829.1,0.0078,0,Normal
2020-01-06 23:57:00,24.35,35.35,1459,39.7,69,6.066,11.0,0.0272,2739.3,0.008,0,Normal
2020-01-06 23:58:00,24.45,35.35,1572,35.9,71,5.91,10.9,0.0228,2548.9,0.0082,0,Normal
2020-01-06 23:59:00,24.35,35.25,1384,56.0,73,8.116,10.9,0.0405,4088.0,0.0084,0,Normal
2020-01-07 00:00:00,24.45,35.45,1383,47.5,75,6.879,11.0,0.0343,3562.5,0.0087,0,Normal
2020-01-07 00:01:00,24.45,35.35,1360,48.6,77,6.922,10.9,0.0357,3742.2,0.0089,0,Normal
2020-01-07 00:02:00,24.35,35.25,1596,36.6,80,6.117,10.9,0.0229,2928.0,0.0093,0,Normal
2020-01-07 00:03:00,24.35,35.35,1448,54.3,83,8.234,11.0,0.0375,4506.9,0.0096,0,Normal
2020-01-07 00:04:00,24.45,35.35,1443,38.2,85,5.772,10.9,0.0265,3247.0,0.0098,0,Normal
2020-01-07 00:05:00,24.45,35.45,1492,35.5,88,5.547,11.0,0.0238,3124.0,0.0102,0,Normal
2020-01-07 00:06:00,24.35,35.45,1497,43.9,91,6.882,11.1,0.0293,3994.9,0.0105,0,Normal
2020-01-07 00:07:00,24.35,35.35,1530,38.5,93,6.169,11.0,0.0252,3580.5,0.0108,0,Normal
2020-01-07 00:08:00,24.25,35.25,1478,46.2,95,7.151,11.0,0.0313,4389.0,0.011,0,Normal
2020-01-07 00:09:00,24.25,35.25,1328,61.8,98,8.594,11.0,0.0465,6056.4,0.0113,0,Normal
2020-01-07 00:10:00,24.25,35.15,1771,27.4,100,5.082,10.9,0.0155,2740.0,0.0116,0,Normal
2020-01-07 00:11:00,24.25,35.25,1564,35.0,105,5.732,11.0,0.0224,3675.0,0.0121,0,Normal
2020-01-07 00:12:00,24.15,35.15,1461,41.5,108,6.349,11.0,0.0284,4482.0,0.0125,0,Normal
2020-01-07 00:13:00,24.25,35.15,1335,57.9,113,8.094,10.9,0.0434,6542.7,0.0131,0,Normal
2020-01-07 00:14:00,24.25,35.25,1441,46.8,116,7.062,11.0,0.0325,5428.8,0.0134,0,Normal
2020-01-07 00:15:00,24.15,35.15,1268,60.6,119,8.047,11.0,0.0478,7211.4,0.0137,0,Normal
2020-01-07 00:16:00,24.15,35.15,1697,27.4,121,4.869,11.0,0.0161,3315.4,0.014,0,Normal
2020-01-07 00:17:00,24.25,35.25,1421,46.0,124,6.845,11.0,0.0324,5704.0,0.0143,0,Normal
2020-01-07 00:18:00,24.25,35.35,1496,36.4,126,5.702,11.1,0.0243,4586.4,0.0146,0,Normal
2020-01-07 00:19:00,24.35,35.35,1375,55.6,128,8.006,11.0,0.0404,7116.8,0.0148,0,Normal
2020-01-07 00:20:00,24.25,35.35,1295,52.1,130,7.065,11.1,0.0402,6773.0,0.015,0,Normal
2020-01-07 00:21:00,24.25,35.35,1643,33.8,132,5.815,11.1,0.0206,4461.6,0.0152,0,Normal
2020-01-07 00:22:00,24.35,35.45,1514,36.9,134,5.85,11.1,0.0244,4944.6,0.0155,0,Normal
2020-01-07 00:23:00,24.35,35.45,1671,29.4,136,5.145,11.1,0.0176,3998.4,0.0157,0,Normal
2020-01-07 00:24:00,24.35,35.45,1355,58.9,138,8.358,11.1,0.0435,8128.2,0.0159,0,Normal
2020-01-07 00:25:00,24.45,35.55,1365,50.6,143,7.233,11.1,0.0371,7235.8,0.0165,0,Normal
2020-01-07 00:26:00,24.35,35.55,1407,42.5,145,6.262,11.2,0.0302,6162.5,0.0167,0,Normal
2020-01-07 00:27:00,24.35,35.65,1455,46.1,147,7.024,11.3,0.0317,6776.7,0.017,0,Normal
2020-01-07 00:28:00,24.35,35.65,1502,45.9,150,7.22,11.3,0.0306,6885.0,0.0173,0,Normal
2020-01-07 00:29:00,24.35,35.65,1471,52.3,152,8.056,11.3,0.0356,7949.6,0.0175,0,Normal
2020-01-07 00:30:00,24.35,35.75,1581,30.4,155,5.033,11.4,0.0192,4712.0,0.0179,0,Normal
2020-01-07 00:31:00,24.35,35.65,1530,37.8,157,6.056,11.3,0.0247,5934.6,0.0181,0,Normal
2020-01-07 00:32:00,24.35,35.65,1312,50.3,159,6.911,11.3,0.0383,7997.7,0.0183,0,Normal
2020-01-07 00:33:00,24.25,35.45,1494,42.6,161,6.665,11.2,0.0285,6858.6,0.0186,0,Normal
2020-01-07 00:34:00,24.25,35.45,1528,29.1,163,4.656,11.2,0.019,4743.3,0.0188,0,Normal
2020-01-07 00:35:00,24.15,35.45,1688,29.4,166,5.197,11.3,0.0174,4880.4,0.0191,0,Normal
2020-01-07 00:36:00,24.15,35.35,1520,42.4,171,6.749,11.2,0.0279,7250.4,0.0197,0,Normal
2020-01-07 00:37:00,24.15,35.35,1664,28.9,174,5.036,11.2,0.0174,5028.6,0.0201,0,Normal
2020-01-07 00:38:00,24.15,35.35,1514,44.5,177,7.055,11.2,0.0294,7876.5,0.0204,0,Normal
2020-01-07 00:39:00,24.15,35.35,1456,54.2,179,8.264,11.2,0.0372,9701.8,0.0206,0,Normal
2020-01-07 00:40:00,24.05,35.35,1494,39.6,181,6.195,11.3,0.0265,7167.6,0.0209,0,Normal
2020-01-07 00:41:00,24.05,35.25,1605,30.0,183,5.042,11.2,0.0187,5490.0,0.0211,0,Normal
2020-01-07 00:42:00,24.05,35.35,1353,46.5,185,6.588,11.3,0.0344,8602.5,0.0213,0,Normal
2020-01-07 00:43:00,24.05,35.35,1447,47.9,188,7.258,11.3,0.0331,9005.2,0.0216,0,Normal
2020-01-07 00:44:00,24.05,35.35,1588,40.4,190,6.718,11.3,0.0254,7676.0,0.0219,0,Normal
2020-01-07 00:45:00,24.05,35.35,1524,41.4,192,6.607,11.3,0.0272,7948.8,0.0221,0,Normal
2020-01-07 00:46:00,24.05,35.35,1611,31.6,197,5.331,11.3,0.0196,6225.2,0.0227,0,Normal
2020-01-07 00:47:00,24.05,35.35,1604,34.9,200,5.862,11.3,0.0218,6980.0,0.023,0,Normal
2020-01-07 00:48:00,23.95,35.35,1483,46.9,203,7.284,11.4,0.0316,9520.7,0.0234,0,Normal
2020-01-07 00:49:00,23.95,35.25,1543,39.6,205,6.399,11.3,0.0257,8118.0,0.0236,0,Normal
2020-01-07 00:50:00,23.95,35.35,1323,44.4,207,6.151,11.4,0.0336,9190.8,0.0238,1,Tool_Wear_Failure
2020-01-07 00:51:00,23.95,35.35,1555,36.2,0,5.895,11.4,0.0233,0.0,0.0,0,Normal
2020-01-07 00:52:00,23.95,35.25,1583,31.9,2,5.288,11.3,0.0202,63.8,0.0002,0,Normal
2020-01-07 00:53:00,24.05,35.35,1584,40.0,4,6.635,11.3,0.0253,160.0,0.0005,0,Normal
2020-01-07 00:54:00,24.05,35.35,1766,25.8,7,4.771,11.3,0.0146,180.6,0.0008,0,Normal
2020-01-07 00:55:00,24.05,35.45,1498,44.4,9,6.965,11.4,0.0296,399.6,0.001,0,Normal
2020-01-07 00:56:00,24.05,35.45,1413,49.8,12,7.369,11.4,0.0352,597.6,0.0014,0,Normal
2020-01-07 00:57:00,24.15,35.45,1505,33.5,14,5.28,11.3,0.0223,469.0,0.0016,0,Normal
2020-01-07 00:58:00,24.15,35.55,1438,46.2,16,6.957,11.4,0.0321,739.2,0.0018,0,Normal
2020-01-07 00:59:00,24.15,35.55,1655,34.1,21,5.91,11.4,0.0206,716.1,0.0024,0,Normal
2020-01-07 01:00:00,24.15,35.55,1451,43.8,24,6.655,11.4,0.0302,1051.2,0.0028,0,Normal
2020-01-07 01:01:00,24.15,35.55,1466,38.4,27,5.895,11.4,0.0262,1036.8,0.0031,0,Normal
2020-01-07 01:02:00,24.05,35.45,1774,23.0,30,4.273,11.4,0.013,690.0,0.0034,0,Normal
2020-01-07 01:03:00,24.05,35.45,1284,51.3,32,6.898,11.4,0.04,1641.6,0.0037,0,Normal
2020-01-07 01:04:00,23.95,35.35,1425,40.0,35,5.969,11.4,0.0281,1400.0,0.004,0,Normal
2020-01-07 01:05:00,24.05,35.45,1437,52.4,37,7.885,11.4,0.0365,1938.8,0.0042,0,Normal
2020-01-07 01:06:00,24.05,35.45,1335,53.0,39,7.409,11.4,0.0397,2067.0,0.0045,0,Normal
2020-01-07 01:07:00,24.05,35.35,1471,41.7,41,6.424,11.3,0.0283,1709.7,0.0047,0,Normal
2020-01-07 01:08:00,24.05,35.35,1364,54.0,43,7.713,11.3,0.0396,2322.0,0.0049,0,Normal
2020-01-07 01:09:00,23.95,35.35,1578,35.6,46,5.883,11.4,0.0226,1637.6,0.0053,0,Normal
2020-01-07 01:10:00,23.95,35.35,1712,32.1,48,5.755,11.4,0.0187,1540.8,0.0055,0,Normal
2020-01-07 01:11:00,23.95,35.35,1733,28.7,50,5.208,11.4,0.0166,1435.0,0.0057,0,Normal
2020-01-07 01:12:00,24.05,35.45,1652,32.1,52,5.553,11.4,0.0194,1669.2,0.006,0,Normal
2020-01-07 01:13:00,24.05,35.45,1917,24.1,54,4.838,11.4,0.0126,1301.4,0.0062,0,Normal
2020-01-07 01:14:00,24.05,35.45,1444,41.1,56,6.215,11.4,0.0285,2301.6,0.0064,0,Normal
2020-01-07 01:15:00,23.95,35.45,1442,37.1,59,5.602,11.5,0.0257,2188.9,0.0068,0,Normal
2020-01-07 01:16:00,23.95,35.45,1717,31.3,61,5.628,11.5,0.0182,1909.3,0.007,0,Normal
2020-01-07 01:17:00,23.95,35.55,1474,42.3,64,6.529,11.6,0.0287,2707.2,0.0073,0,Normal
2020-01-07 01:18:00,24.05,35.55,1509,39.3,66,6.21,11.5,0.026,2593.8,0.0076,0,Normal
2020-01-07 01:19:00,24.05,35.65,1451,43.1,68,6.549,11.6,0.0297,2930.8,0.0078,0,Normal
2020-01-07 01:20:00,24.15,35.65,1554,36.1,70,5.875,11.5,0.0232,2527.0,0.008,0,Normal
2020-01-07 01:21:00,24.05,35.55,1669,30.7,72,5.366,11.5,0.0184,2210.4,0.0083,0,Normal
2020-01-07 01:22:00,24.05,35.45,1366,50.4,74,7.21,11.4,0.0369,3729.6,0.0085,0,Normal
2020-01-07 01:23:00,24.05,35.45,1578,34.4,76,5.685,11.4,0.0218,2614.4,0.0087,0,Normal
2020-01-07 01:24:00,24.05,35.45,1513,39.0,78,6.179,11.4,0.0258,3042.0,0.0089,0,Normal
2020-01-07 01:25:00,23.95,35.35,1515,42.1,81,6.679,11.4,0.0278,3410.1,0.0093,0,Normal
2020-01-07 01:26:00,24.05,35.45,1562,33.0,84,5.398,11.4,0.0211,2772.0,0.0096,0,Normal
2020-01-07 01:27:00,24.05,35.55,1501,38.5,86,6.052,11.5,0.0256,3311.0,0.0099,0,Normal
2020-01-07 01:28:00,24.05,35.55,1398,38.1,88,5.578,11.5,0.0273,3352.8,0.0101,0,Normal
2020-01-07 01:29:00,24.15,35.55,1352,53.8,91,7.617,11.4,0.0398,4895.8,0.0104,0,Normal
2020-01-07 01:30:00,24.15,35.55,1569,33.9,93,5.57,11.4,0.0216,3152.7,0.0107,0,Normal
2020-01-07 01:31:00,24.05,35.45,1486,46.6,98,7.252,11.4,0.0314,4566.8,0.0112,0,Normal
2020-01-07 01:32:00,24.05,35.45,1864,23.6,103,4.607,11.4,0.0127,2430.8,0.0118,0,Normal
2020-01-07 01:33:00,24.15,35.55,1447,44.5,105,6.743,11.4,0.0308,4672.5,0.012,0,Normal
2020-01-07 01:34:00,24.05,35.45,1392,41.5,108,6.049,11.4,0.0298,4482.0,0.0124,0,Normal
2020-01-07 01:35:00,24.15,35.45,1358,47.6,110,6.769,11.3,0.0351,5236.0,0.0126,0,Normal
2020-01-07 01:36:00,24.15,35.55,1491,40.2,112,6.277,11.4,0.027,4502.4,0.0128,0,Normal
2020-01-07 01:37:00,24.15,35.55,1556,36.7,114,5.98,11.4,0.0236,4183.8,0.013,0,Normal
2020-01-07 01:38:00,24.15,35.55,1531,36.7,116,5.884,11.4,0.024,4257.2,0.0133,0,Normal
2020-01-07 01:39:00,24.25,35.55,1429,37.6,118,5.627,11.3,0.0263,4436.8,0.0135,0,Normal
2020-01-07 01:40:00,24.25,35.65,1573,33.9,123,5.584,11.4,0.0216,4169.7,0.0141,0,Normal
2020-01-07 01:41:00,24.25,35.65,1538,41.2,126,6.636,11.4,0.0268,5191.2,0.0144,0,Normal
2020-01-07 01:42:00,24.25,35.65,1467,39.0,128,5.991,11.4,0.0266,4992.0,0.0146,0,Normal
2020-01-07 01:43:00,24.25,35.55,1323,51.1,130,7.08,11.3,0.0386,6643.0,0.0149,0,Normal
2020-01-07 01:44:00,24.25,35.55,1798,23.0,135,4.331,11.3,0.0128,3105.0,0.0154,0,Normal
2020-01-07 01:45:00,24.25,35.45,1411,46.3,138,6.841,11.2,0.0328,6389.4,0.0158,0,Normal
2020-01-07 01:46:00,24.15,35.35,1528,44.5,140,7.121,11.2,0.0291,6230.0,0.016,0,Normal
2020-01-07 01:47:00,24.15,35.35,1504,42.0,142,6.615,11.2,0.0279,5964.0,0.0162,0,Normal
2020-01-07 01:48:00,24.15,35.35,1384,39.6,144,5.739,11.2,0.0286,5702.4,0.0165,0,Normal
2020-01-07 01:49:00,24.05,35.25,1677,26.4,146,4.636,11.2,0.0157,3854.4,0.0167,0,Normal
2020-01-07 01:50:00,24.15,35.35,1764,30.8,148,5.69,11.2,0.0175,4558.4,0.0169,0,Normal
2020-01-07 01:51:00,24.25,35.35,1472,42.0,150,6.474,11.1,0.0285,6300.0,0.0171,0,Normal
2020-01-07 01:52:00,24.25,35.35,1465,55.9,153,8.576,11.1,0.0382,8552.7,0.0175,0,Normal
2020-01-07 01:53:00,24.25,35.45,1657,33.1,156,5.744,11.2,0.02,5163.6,0.0178,0,Normal
2020-01-07 01:54:00,24.25,35.45,1635,30.5,159,5.222,11.2,0.0187,4849.5,0.0182,0,Normal
2020-01-07 01:55:00,24.25,35.55,1582,31.9,161,5.285,11.3,0.0202,5135.9,0.0184,0,Normal
2020-01-07 01:56:00,24.35,35.55,1761,26.2,164,4.832,11.2,0.0149,4296.8,0.0187,0,Normal
2020-01-07 01:57:00,24.35,35.65,1587,34.9,166,5.8,11.3,0.022,5793.4,0.019,0,Normal
2020-01-07 01:58:00,24.35,35.55,1446,53.0,168,8.026,11.2,0.0367,8904.0,0.0192,0,Normal
2020-01-07 01:59:00,24.35,35.55,1352,53.0,171,7.504,11.2,0.0392,9063.0,0.0195,0,Normal
2020-01-07 02:00:00,24.25,35.55,1392,46.4,174,6.764,11.3,0.0333,8073.6,0.0199,0,Normal
2020-01-07 02:01:00,24.35,35.65,1417,49.8,177,7.39,11.3,0.0351,8814.6,0.0202,0,Normal
2020-01-07 02:02:00,24.35,35.65,1824,24.0,179,4.584,11.3,0.0132,4296.0,0.0204,0,Normal
2020-01-07 02:03:00,24.35,35.65,1603,36.7,184,6.161,11.3,0.0229,6752.8,0.021,0,Normal
2020-01-07 02:04:00,24.25,35.65,1620,33.4,186,5.666,11.4,0.0206,6212.4,0.0212,0,Normal
2020-01-07 02:05:00,24.25,35.65,1353,49.4,188,6.999,11.4,0.0365,9287.2,0.0214,0,Normal
2020-01-07 02:06:00,24.35,35.65,1360,50.7,190,7.221,11.3,0.0373,9633.0,0.0217,0,Normal
2020-01-07 02:07:00,24.35,35.45,1380,53.5,192,7.731,11.1,0.0388,10272.0,0.0219,0,Normal
2020-01-07 02:08:00,24.35,35.55,1363,53.6,194,7.65,11.2,0.0393,10398.4,0.0221,0,Normal
2020-01-07 02:09:00,24.25,35.45,1452,41.2,197,6.265,11.2,0.0284,8116.4,0.0225,0,Normal
2020-01-07 02:10:00,24.25,35.45,1680,32.8,200,5.77,11.2,0.0195,6560.0,0.0228,0,Normal
2020-01-07 02:11:00,24.35,35.45,1536,39.0,202,6.273,11.1,0.0254,7878.0,0.023,0,Normal
2020-01-07 02:12:00,24.35,35.45,1621,28.9,0,4.906,11.1,0.0178,0.0,0.0,0,Normal
2020-01-07 02:13:00,24.35,35.45,1585,37.6,2,6.241,11.1,0.0237,75.2,0.0002,0,Normal
2020-01-07 02:14:00,24.45,35.55,1408,51.5,4,7.593,11.1,0.0366,206.0,0.0005,0,Normal
2020-01-07 02:15:00,24.35,35.45,1536,38.7,7,6.225,11.1,0.0252,270.9,0.0008,0,Normal
2020-01-07 02:16:00,24.35,35.45,1352,52.6,12,7.447,11.1,0.0389,631.2,0.0014,0,Normal
2020-01-07 02:17:00,24.35,35.45,1481,38.8,14,6.017,11.1,0.0262,543.2,0.0016,0,Normal
2020-01-07 02:18:00,24.35,35.55,1454,45.0,19,6.852,11.2,0.0309,855.0,0.0022,0,Normal
2020-01-07 02:19:00,24.35,35.45,1349,51.5,21,7.275,11.1,0.0382,1081.5,0.0024,0,Normal
2020-01-07 02:20:00,24.35,35.45,1327,52.1,24,7.24,11.1,0.0393,1250.4,0.0027,0,Normal
2020-01-07 02:21:00,24.45,35.55,1552,42.3,27,6.875,11.1,0.0273,1142.1,0.0031,0,Normal
2020-01-07 02:22:00,24.35,35.55,1456,44.7,29,6.815,11.2,0.0307,1296.3,0.0033,0,Normal
2020-01-07 02:23:00,24.45,35.45,1254,45.8,31,6.014,11.0,0.0365,1419.8,0.0035,0,Normal
2020-01-07 02:24:00,24.35,35.45,1437,43.3,34,6.516,11.1,0.0301,1472.2,0.0039,0,Normal
2020-01-07 02:25:00,24.35,35.45,1694,27.1,36,4.807,11.1,0.016,975.6,0.0041,0,Normal
2020-01-07 02:26:00,24.35,35.35,1306,50.7,38,6.934,11.0,0.0388,1926.6,0.0043,0,Normal
2020-01-07 02:27:00,24.35,35.35,1699,30.1,40,5.355,11.0,0.0177,1204.0,0.0046,0,Normal
2020-01-07 02:28:00,24.25,35.35,1369,53.2,43,7.627,11.1,0.0389,2287.6,0.0049,0,Normal
2020-01-07 02:29:00,24.25,35.35,1471,43.9,45,6.762,11.1,0.0298,1975.5,0.0051,0,Normal
2020-01-07 02:30:00,24.25,35.35,1410,43.9,47,6.482,11.1,0.0311,2063.3,0.0053,0,Normal
2020-01-07 02:31:00,24.25,35.35,1412,45.5,49,6.728,11.1,0.0322,2229.5,0.0056,0,Normal
2020-01-07 02:32:00,24.25,35.35,1418,51.2,52,7.603,11.1,0.0361,2662.4,0.0059,0,Normal
2020-01-07 02:33:00,24.25,35.35,1782,25.9,54,4.833,11.1,0.0145,1398.6,0.0061,0,Normal
2020-01-07 02:34:00,24.25,35.35,1497,36.4,56,5.706,11.1,0.0243,2038.4,0.0064,0,Normal
2020-01-07 02:35:00,24.15,35.25,1459,39.4,59,6.02,11.1,0.027,2324.6,0.0067,0,Normal
2020-01-07 02:36:00,24.05,35.15,1796,23.8,61,4.476,11.1,0.0133,1451.8,0.0069,0,Normal
2020-01-07 02:37:00,24.05,35.15,1569,31.2,63,5.126,11.1,0.0199,1965.6,0.0072,0,Normal
2020-01-07 02:38:00,24.15,35.25,1469,46.7,65,7.184,11.1,0.0318,3035.5,0.0074,0,Normal
2020-01-07 02:39:00,24.15,35.25,1472,41.3,67,6.366,11.1,0.0281,2767.1,0.0076,0,Normal
2020-01-07 02:40:00,24.25,35.35,1475,47.2,69,7.291,11.1,0.032,3256.8,0.0078,0,Normal
2020-01-07 02:41:00,24.25,35.45,1488,36.4,71,5.672,11.2,0.0245,2584.4,0.0081,0,Normal
2020-01-07 02:42:00,24.25,35.45,1524,43.1,73,6.878,11.2,0.0283,3146.3,0.0083,0,Normal
2020-01-07 02:43:00,24.25,35.35,1486,48.6,75,7.563,11.1,0.0327,3645.0,0.0085,0,Normal
2020-01-07 02:44:00,24.35,35.45,1255,60.7,77,7.977,11.1,0.0484,4673.9,0.0087,0,Normal
2020-01-07 02:45:00,24.25,35.45,1469,42.6,80,6.553,11.2,0.029,3408.0,0.0091,0,Normal
2020-01-07 02:46:00,24.25,35.35,1692,34.3,83,6.077,11.1,0.0203,2846.9,0.0094,0,Normal
2020-01-07 02:47:00,24.25,35.45,1604,32.8,85,5.509,11.2,0.0204,2788.0,0.0097,0,Normal
2020-01-07 02:48:00,24.25,35.45,1446,48.1,88,7.284,11.2,0.0333,4232.8,0.01,0,Normal
2020-01-07 02:49:00,24.15,35.35,1503,43.3,90,6.815,11.2,0.0288,3897.0,0.0102,0,Normal
2020-01-07 02:50:00,24.15,35.35,1625,32.8,92,5.582,11.2,0.0202,3017.6,0.0104,0,Normal
2020-01-07 02:51:00,24.05,35.35,1574,35.8,95,5.901,11.3,0.0227,3401.0,0.0108,0,Normal
2020-01-07 02:52:00,24.05,35.25,1378,41.9,97,6.046,11.2,0.0304,4064.3,0.011,0,Normal
2020-01-07 02:53:00,23.95,35.25,1693,29.5,100,5.23,11.3,0.0174,2950.0,0.0113,0,Normal
2020-01-07 02:54:00,24.05,35.25,1462,51.2,102,7.839,11.2,0.035,5222.4,0.0116,0,Normal
2020-01-07 02:55:00,24.15,35.35,1435,55.0,104,8.265,11.2,0.0383,5720.0,0.0118,0,Normal
2020-01-07 02:56:00,24.05,35.35,1425,45.8,109,6.835,11.3,0.0321,4992.2,0.0124,0,Normal
2020-01-07 02:57:00,24.15,35.45,1376,53.5,112,7.709,11.3,0.0389,5992.0,0.0127,0,Normal
2020-01-07 02:58:00,24.25,35.55,1481,48.0,117,7.444,11.3,0.0324,5616.0,0.0133,0,Normal
2020-01-07 02:59:00,24.25,35.55,1349,48.9,120,6.908,11.3,0.0362,5868.0,0.0136,0,Normal
2020-01-07 03:00:00,24.15,35.55,1551,40.0,125,6.497,11.4,0.0258,5000.0,0.0142,0,Normal
2020-01-07 03:01:00,24.25,35.55,1623,33.8,127,5.745,11.3,0.0208,4292.6,0.0144,0,Normal
2020-01-07 03:02:00,24.25,35.65,1462,49.7,132,7.609,11.4,0.034,6560.4,0.015,0,Normal
2020-01-07 03:03:00,24.15,35.65,1447,57.4,134,8.698,11.5,0.0397,7691.6,0.0152,0,Normal
2020-01-07 03:04:00,24.15,35.75,1799,24.5,137,4.616,11.6,0.0136,3356.5,0.0155,0,Normal
2020-01-07 03:05:00,24.15,35.65,1548,41.3,140,6.695,11.5,0.0267,5782.0,0.0159,0,Normal
2020-01-07 03:06:00,24.05,35.65,1485,47.9,143,7.449,11.6,0.0323,6849.7,0.0162,0,Normal
2020-01-07 03:07:00,24.05,35.55,1463,49.9,146,7.645,11.5,0.0341,7285.4,0.0165,0,Normal
2020-01-07 03:08:00,24.15,35.55,1587,35.8,148,5.95,11.4,0.0226,5298.4,0.0168,0,Normal
2020-01-07 03:09:00,24.15,35.65,1469,44.1,150,6.784,11.5,0.03,6615.0,0.017,0,Normal
2020-01-07 03:10:00,24.15,35.55,1430,42.8,153,6.409,11.4,0.0299,6548.4,0.0173,0,Normal
2020-01-07 03:11:00,24.25,35.55,1726,26.8,158,4.844,11.3,0.0155,4234.4,0.0179,0,Normal
2020-01-07 03:12:00,24.25,35.65,1651,34.1,163,5.896,11.4,0.0207,5558.3,0.0185,0,Normal
2020-01-07 03:13:00,24.25,35.65,1529,41.3,165,6.613,11.4,0.027,6814.5,0.0187,0,Normal
2020-01-07 03:14:00,24.25,35.65,1473,46.2,167,7.126,11.4,0.0314,7715.4,0.0189,0,Normal
2020-01-07 03:15:00,24.25,35.65,1324,53.5,169,7.418,11.4,0.0404,9041.5,0.0191,0,Normal
2020-01-07 03:16:00,24.25,35.75,1708,28.8,174,5.151,11.5,0.0169,5011.2,0.0197,0,Normal
2020-01-07 03:17:00,24.35,35.95,1540,38.5,176,6.209,11.6,0.025,6776.0,0.0199,0,Normal
2020-01-07 03:18:00,24.35,35.85,1320,54.7,179,7.561,11.5,0.0414,9791.3,0.0203,0,Normal
2020-01-07 03:19:00,24.25,35.75,1376,39.0,181,5.62,11.5,0.0283,7059.0,0.0205,0,Normal
2020-01-07 03:20:00,24.15,35.55,1542,37.0,184,5.975,11.4,0.024,6808.0,0.0208,0,Normal
2020-01-07 03:21:00,24.15,35.55,1506,39.3,187,6.198,11.4,0.0261,7349.1,0.0211,0,Normal
2020-01-07 03:22:00,24.15,35.55,1492,43.6,189,6.812,11.4,0.0292,8240.4,0.0214,0,Normal
2020-01-07 03:23:00,24.15,35.65,1564,38.0,191,6.224,11.5,0.0243,7258.0,0.0216,0,Normal
2020-01-07 03:24:00,24.25,35.75,1645,30.8,196,5.306,11.5,0.0187,6036.8,0.0222,0,Normal
2020-01-07 03:25:00,24.25,35.75,1348,59.1,201,8.343,11.5,0.0438,11879.1,0.0227,0,Normal
2020-01-07 03:26:00,24.25,35.65,1325,62.4,204,8.658,11.4,0.0471,12729.6,0.0231,1,Tool_Wear_Failure
2020-01-07 03:27:00,24.35,35.75,1443,43.5,0,6.573,11.4,0.0301,0.0,0.0,0,Normal
2020-01-07 03:28:00,24.35,35.75,1436,44.8,2,6.737,11.4,0.0312,89.6,0.0002,0,Normal
2020-01-07 03:29:00,24.35,35.75,1596,30.7,5,5.131,11.4,0.0192,153.5,0.0006,0,Normal
2020-01-07 03:30:00,24.45,35.85,1491,43.2,7,6.745,11.4,0.029,302.4,0.0008,0,Normal
2020-01-07 03:31:00,24.55,35.75,1573,35.1,9,5.782,11.2,0.0223,315.9,0.001,0,Normal
2020-01-07 03:32:00,24.55,35.75,1575,39.9,12,6.581,11.2,0.0253,478.8,0.0014,0,Normal
2020-01-07 03:33:00,24.55,35.75,1458,41.1,14,6.275,11.2,0.0282,575.4,0.0016,0,Normal
2020-01-07 03:34:00,24.55,35.85,1433,41.8,16,6.273,11.3,0.0292,668.8,0.0018,0,Normal
2020-01-07 03:35:00,24.55,35.75,1662,28.1,19,4.891,11.2,0.0169,533.9,0.0021,0,Normal
2020-01-07 03:36:00,24.55,35.75,1327,63.7,21,8.852,11.2,0.048,1337.7,0.0024,0,Normal
2020-01-07 03:37:00,24.55,35.75,1742,26.3,24,4.798,11.2,0.0151,631.2,0.0027,0,Normal
2020-01-07 03:38:00,24.65,35.75,1506,33.5,26,5.283,11.1,0.0222,871.0,0.0029,0,Normal
2020-01-07 03:39:00,24.75,35.95,1457,44.4,28,6.774,11.2,0.0305,1243.2,0.0032,0,Normal
2020-01-07 03:40:00,24.75,35.95,1488,37.3,30,5.812,11.2,0.0251,1119.0,0.0034,0,Normal
2020-01-07 03:41:00,24.75,35.95,1619,34.7,33,5.883,11.2,0.0214,1145.1,0.0037,0,Normal
2020-01-07 03:42:00,24.85,36.05,1558,41.7,35,6.803,11.2,0.0268,1459.5,0.0039,0,Normal
2020-01-07 03:43:00,24.85,36.05,1731,28.7,38,5.202,11.2,0.0166,1090.6,0.0043,0,Normal
2020-01-07 03:44:00,24.85,35.95,1574,34.8,40,5.736,11.1,0.0221,1392.0,0.0045,0,Normal
2020-01-07 03:45:00,24.75,35.85,1290,49.8,43,6.727,11.1,0.0386,2141.4,0.0048,0,Normal
2020-01-07 03:46:00,24.75,35.75,1416,39.6,45,5.872,11.0,0.028,1782.0,0.0051,0,Normal
2020-01-07 03:47:00,24.75,35.75,1566,41.9,50,6.871,11.0,0.0268,2095.0,0.0056,0,Normal
2020-01-07 03:48:00,24.75,35.85,1456,46.5,52,7.09,11.1,0.0319,2418.0,0.0059,0,Normal
2020-01-07 03:49:00,24.75,35.85,1528,37.5,54,6.0,11.1,0.0245,2025.0,0.0061,0,Normal
2020-01-07 03:50:00,24.75,35.95,1338,49.6,56,6.95,11.2,0.0371,2777.6,0.0063,0,Normal
2020-01-07 03:51:00,24.75,35.95,1558,39.2,59,6.396,11.2,0.0252,2312.8,0.0067,0,Normal
2020-01-07 03:52:00,24.75,35.95,1614,38.1,62,6.44,11.2,0.0236,2362.2,0.007,0,Normal
2020-01-07 03:53:00,24.85,35.95,1557,36.4,65,5.935,11.1,0.0234,2366.0,0.0073,0,Normal
2020-01-07 03:54:00,24.95,36.15,1443,45.3,70,6.845,11.2,0.0314,3171.0,0.0079,0,Normal
2020-01-07 03:55:00,24.95,36.15,1332,51.0,72,7.114,11.2,0.0383,3672.0,0.0081,0,Normal
2020-01-07 03:56:00,24.95,36.15,1752,25.2,77,4.623,11.2,0.0144,1940.4,0.0087,0,Normal
2020-01-07 03:57:00,24.95,36.05,1460,45.8,80,7.002,11.1,0.0314,3664.0,0.009,0,Normal
2020-01-07 03:58:00,24.95,36.05,1802,26.9,83,5.076,11.1,0.0149,2232.7,0.0093,0,Normal
2020-01-07 03:59:00,24.85,36.05,1527,39.5,85,6.316,11.2,0.0259,3357.5,0.0096,0,Normal
2020-01-07 04:00:00,24.85,36.05,1458,39.8,87,6.077,11.2,0.0273,3462.6,0.0098,0,Normal
2020-01-07 04:01:00,24.85,36.05,1520,37.9,89,6.033,11.2,0.0249,3373.1,0.01,0,Normal
2020-01-07 04:02:00,24.85,36.05,1378,49.7,94,7.172,11.2,0.0361,4671.8,0.0106,0,Normal
2020-01-07 04:03:00,24.75,36.05,1529,38.1,96,6.1,11.3,0.0249,3657.6,0.0108,0,Normal
2020-01-07 04:04:00,24.85,36.05,1527,32.4,99,5.181,11.2,0.0212,3207.6,0.0111,0,Normal
2020-01-07 04:05:00,24.85,36.05,1438,42.9,101,6.46,11.2,0.0298,4332.9,0.0114,0,Normal
2020-01-07 04:06:00,24.75,35.85,1583,36.7,104,6.084,11.1,0.0232,3816.8,0.0117,0,Normal
2020-01-07 04:07:00,24.65,35.75,1530,37.6,106,6.024,11.1,0.0246,3985.6,0.0119,0,Normal
2020-01-07 04:08:00,24.55,35.75,1530,39.1,108,6.265,11.2,0.0256,4222.8,0.0121,0,Normal
2020-01-07 04:09:00,24.55,35.65,2089,19.1,111,4.178,11.1,0.0091,2120.1,0.0125,0,Normal
2020-01-07 04:10:00,24.55,35.65,1616,34.2,114,5.788,11.1,0.0212,3898.8,0.0128,0,Normal
2020-01-07 04:11:00,24.55,35.75,1681,28.3,116,4.982,11.2,0.0168,3282.8,0.013,0,Normal
2020-01-07 04:12:00,24.45,35.65,1475,43.0,119,6.642,11.2,0.0292,5117.0,0.0134,0,Normal
2020-01-07 04:13:00,24.35,35.55,1371,46.5,121,6.676,11.2,0.0339,5626.5,0.0136,0,Normal
2020-01-07 04:14:00,24.35,35.55,1546,38.0,123,6.152,11.2,0.0246,4674.0,0.0138,0,Normal
2020-01-07 04:15:00,24.25,35.45,1461,40.1,126,6.135,11.2,0.0274,5052.6,0.0142,0,Normal
2020-01-07 04:16:00,24.25,35.55,1638,31.9,131,5.472,11.3,0.0195,4178.9,0.0147,0,Normal
2020-01-07 04:17:00,24.15,35.55,1577,35.6,133,5.879,11.4,0.0226,4734.8,0.0149,0,Normal
2020-01-07 04:18:00,24.25,35.45,1532,38.7,136,6.209,11.2,0.0253,5263.2,0.0153,0,Normal
2020-01-07 04:19:00,24.15,35.35,1710,27.7,138,4.96,11.2,0.0162,3822.6,0.0155,0,Normal
2020-01-07 04:20:00,24.15,35.45,1584,29.4,141,4.877,11.3,0.0186,4145.4,0.0158,0,Normal
2020-01-07 04:21:00,24.15,35.45,1446,50.1,144,7.586,11.3,0.0346,7214.4,0.0162,0,Normal
2020-01-07 04:22:00,24.25,35.55,1522,46.3,146,7.379,11.3,0.0304,6759.8,0.0164,0,Normal
2020-01-07 04:23:00,24.25,35.55,1382,49.9,151,7.222,11.3,0.0361,7534.9,0.017,0,Normal
2020-01-07 04:24:00,24.25,35.55,1584,38.2,154,6.336,11.3,0.0241,5882.8,0.0173,0,Normal
2020-01-07 04:25:00,24.15,35.45,1385,55.2,156,8.006,11.3,0.0399,8611.2,0.0175,0,Normal
2020-01-07 04:26:00,24.15,35.55,1592,34.4,158,5.735,11.4,0.0216,5435.2,0.0177,0,Normal
2020-01-07 04:27:00,24.05,35.45,1404,43.7,160,6.425,11.4,0.0311,6992.0,0.018,0,Normal
2020-01-07 04:28:00,24.05,35.35,1518,44.3,163,7.042,11.3,0.0292,7220.9,0.0183,0,Normal
2020-01-07 04:29:00,23.95,35.25,1529,40.4,165,6.469,11.3,0.0264,6666.0,0.0185,0,Normal
2020-01-07 04:30:00,23.95,35.25,1550,37.0,167,6.006,11.3,0.0239,6179.0,0.0187,0,Normal
2020-01-07 04:31:00,23.95,35.15,1773,23.8,169,4.419,11.2,0.0134,4022.2,0.019,0,Normal
2020-01-07 04:32:00,24.05,35.35,1446,43.7,171,6.617,11.3,0.0302,7472.7,0.0192,0,Normal
2020-01-07 04:33:00,24.05,35.35,1487,46.9,173,7.303,11.3,0.0315,8113.7,0.0194,0,Normal
2020-01-07 04:34:00,24.15,35.35,1524,49.3,176,7.868,11.2,0.0323,8676.8,0.0197,0,Normal
2020-01-07 04:35:00,23.95,35.15,1403,54.1,179,7.948,11.2,0.0386,9683.9,0.0201,0,Normal
2020-01-07 04:36:00,23.95,35.05,2267,15.7,181,3.727,11.1,0.0069,2841.7,0.0203,0,Normal
2020-01-07 04:37:00,23.95,35.05,1529,37.9,183,6.068,11.1,0.0248,6935.7,0.0205,0,Normal
2020-01-07 04:38:00,23.95,35.05,1402,51.2,186,7.517,11.1,0.0365,9523.2,0.0209,0,Normal
2020-01-07 04:39:00,24.05,35.15,1693,28.0,188,4.964,11.1,0.0165,5264.0,0.0211,0,Normal
2020-01-07 04:40:00,23.95,35.15,1496,45.8,190,7.175,11.2,0.0306,8702.0,0.0213,0,Normal
2020-01-07 04:41:00,23.95,34.95,1633,33.3,192,5.695,11.0,0.0204,6393.6,0.0215,0,Normal
2020-01-07 04:42:00,23.95,35.05,1399,42.6,194,6.241,11.1,0.0305,8264.4,0.0217,0,Normal
2020-01-07 04:43:00,23.85,34.95,1363,45.3,196,6.466,11.1,0.0332,8878.8,0.022,0,Normal
2020-01-07 04:44:00,23.95,35.05,1527,42.2,199,6.748,11.1,0.0276,8397.8,0.0223,0,Normal
2020-01-07 04:45:00,24.05,35.05,1405,42.5,204,6.253,11.0,0.0302,8670.0,0.0229,0,Normal
2020-01-07 04:46:00,24.15,35.15,1459,59.6,207,9.106,11.0,0.0408,12337.2,0.0232,1,Power_Failure
2020-01-07 04:47:00,24.25,35.25,1789,25.0,210,4.684,11.0,0.014,5250.0,0.0235,0,Normal
2020-01-07 04:48:00,24.25,35.25,1531,41.5,213,6.654,11.0,0.0271,8839.5,0.0239,0,Normal
2020-01-07 04:49:00,24.25,35.25,1620,35.8,215,6.073,11.0,0.0221,7697.0,0.0241,0,Normal
2020-01-07 04:50:00,24.25,35.25,1571,39.4,0,6.482,11.0,0.0251,0.0,0.0,0,Normal
2020-01-07 04:51:00,24.25,35.25,1434,39.9,2,5.992,11.0,0.0278,79.8,0.0002,0,Normal
2020-01-07 04:52:00,24.25,35.25,1474,43.6,4,6.73,11.0,0.0296,174.4,0.0004,0,Normal
2020-01-07 04:53:00,24.15,35.15,1544,41.7,6,6.742,11.0,0.027,250.2,0.0007,0,Normal
2020-01-07 04:54:00,24.15,35.05,1601,35.7,9,5.985,10.9,0.0223,321.3,0.001,0,Normal
2020-01-07 04:55:00,24.25,35.15,1801,26.9,11,5.073,10.9,0.0149,295.9,0.0012,0,Normal
2020-01-07 04:56:00,24.25,35.15,1465,42.0,13,6.443,10.9,0.0287,546.0,0.0015,0,Normal
2020-01-07 04:57:00,24.25,35.25,1340,52.6,15,7.381,11.0,0.0393,789.0,0.0017,0,Normal
2020-01-07 04:58:00,24.25,35.25,1517,41.0,18,6.513,11.0,0.027,738.0,0.002,0,Normal
2020-01-07 04:59:00,24.15,35.25,1434,44.8,21,6.728,11.1,0.0312,940.8,0.0023,0,Normal
2020-01-07 05:00:00,24.15,35.15,1935,19.3,24,3.911,11.0,0.01,463.2,0.0027,0,Normal
2020-01-07 05:01:00,24.15,35.15,1595,32.2,29,5.378,11.0,0.0202,933.8,0.0032,0,Normal
2020-01-07 05:02:00,24.15,35.15,2188,17.0,32,3.895,11.0,0.0078,544.0,0.0036,0,Normal
2020-01-07 05:03:00,24.15,35.25,1449,44.4,34,6.737,11.1,0.0306,1509.6,0.0038,0,Normal
2020-01-07 05:04:00,24.15,35.15,1471,38.2,37,5.884,11.0,0.026,1413.4,0.0041,0,Normal
2020-01-07 05:05:00,24.25,35.05,1639,33.8,39,5.801,10.8,0.0206,1318.2,0.0044,0,Normal
2020-01-07 05:06:00,24.15,35.05,1846,24.5,41,4.736,10.9,0.0133,1004.5,0.0046,0,Normal
2020-01-07 05:07:00,24.15,35.05,1452,38.2,44,5.808,10.9,0.0263,1680.8,0.0049,0,Normal
2020-01-07 05:08:00,24.25,35.15,1483,41.9,47,6.507,10.9,0.0283,1969.3,0.0053,0,Normal
2020-01-07 05:09:00,24.25,35.15,1284,60.3,50,8.108,10.9,0.047,3015.0,0.0056,0,Normal
2020-01-07 05:10:00,24.25,35.05,1419,50.0,52,7.43,10.8,0.0352,2600.0,0.0058,0,Normal
2020-01-07 05:11:00,24.15,34.95,1763,28.4,54,5.243,10.8,0.0161,1533.6,0.006,0,Normal
2020-01-07 05:12:00,24.05,34.85,1478,42.5,56,6.578,10.8,0.0288,2380.0,0.0063,0,Normal
2020-01-07 05:13:00,24.15,34.85,1518,36.0,59,5.723,10.7,0.0237,2124.0,0.0066,0,Normal
2020-01-07 05:14:00,24.15,34.85,1447,49.0,61,7.425,10.7,0.0339,2989.0,0.0068,0,Normal
2020-01-07 05:15:00,24.25,34.85,1355,55.1,63,7.818,10.6,0.0407,3471.3,0.007,0,Normal
2020-01-07 05:16:00,24.25,34.95,1348,57.4,66,8.103,10.7,0.0426,3788.4,0.0074,0,Normal
2020-01-07 05:17:00,24.25,34.95,1348,53.7,68,7.58,10.7,0.0398,3651.6,0.0076,0,Normal
2020-01-07 05:18:00,24.25,34.95,1734,27.7,70,5.03,10.7,0.016,1939.0,0.0078,0,Normal
2020-01-07 05:19:00,24.15,34.85,1420,46.5,73,6.915,10.7,0.0327,3394.5,0.0081,0,Normal
2020-01-07 05:20:00,24.15,34.75,1797,24.7,75,4.648,10.6,0.0137,1852.5,0.0084,0,Normal
2020-01-07 05:21:00,24.15,34.85,1403,45.0,77,6.611,10.7,0.0321,3465.0,0.0086,0,Normal
2020-01-07 05:22:00,24.15,34.75,1628,30.2,80,5.149,10.6,0.0186,2416.0,0.0089,0,Normal
2020-01-07 05:23:00,24.05,34.75,1687,30.4,82,5.371,10.7,0.018,2492.8,0.0091,0,Normal
2020-01-07 05:24:00,24.05,34.75,1456,44.9,85,6.846,10.7,0.0308,3816.5,0.0095,0,Normal
2020-01-07 05:25:00,23.95,34.75,1496,44.7,88,7.003,10.8,0.0299,3933.6,0.0098,0,Normal
2020-01-07 05:26:00,23.95,34.65,1636,30.3,90,5.191,10.7,0.0185,2727.0,0.01,0,Normal
2020-01-07 05:27:00,23.95,34.65,1536,40.4,92,6.498,10.7,0.0263,3716.8,0.0103,0,Normal
2020-01-07 05:28:00,23.95,34.65,1454,50.6,94,7.704,10.7,0.0348,4756.4,0.0105,0,Normal
2020-01-07 05:29:00,23.85,34.65,1396,50.0,96,7.309,10.8,0.0358,4800.0,0.0107,0,Normal
2020-01-07 05:30:00,23.85,34.45,1575,37.4,98,6.169,10.6,0.0237,3665.2,0.0109,0,Normal
2020-01-07 05:31:00,23.75,34.45,1514,35.7,100,5.66,10.7,0.0236,3570.0,0.0111,0,Normal
2020-01-07 05:32:00,23.65,34.25,1455,49.9,102,7.603,10.6,0.0343,5089.8,0.0114,0,Normal
2020-01-07 05:33:00,23.65,34.25,1549,48.3,105,7.835,10.6,0.0312,5071.5,0.0117,0,Normal
2020-01-07 05:34:00,23.65,34.35,1474,42.4,107,6.545,10.7,0.0288,4536.8,0.0119,0,Normal
2020-01-07 05:35:00,23.55,34.25,1661,34.2,109,5.949,10.7,0.0206,3727.8,0.0121,0,Normal
2020-01-07 05:36:00,23.55,34.25,1535,34.6,114,5.562,10.7,0.0225,3944.4,0.0127,0,Normal
2020-01-07 05:37:00,23.75,34.35,1556,31.2,116,5.084,10.6,0.0201,3619.2,0.0129,0,Normal
2020-01-07 05:38:00,23.75,34.45,1435,45.0,119,6.762,10.7,0.0314,5355.0,0.0133,0,Normal
2020-01-07 05:39:00,23.75,34.35,1332,51.1,121,7.128,10.6,0.0384,6183.1,0.0135,0,Normal
2020-01-07 05:40:00,23.85,34.45,1513,42.4,124,6.718,10.6,0.028,5257.6,0.0138,0,Normal
2020-01-07 05:41:00,23.85,34.55,1502,39.4,126,6.197,10.7,0.0262,4964.4,0.014,0,Normal
2020-01-07 05:42:00,23.85,34.55,1315,60.1,128,8.276,10.7,0.0457,7692.8,0.0142,0,Normal
2020-01-07 05:43:00,23.85,34.55,1261,51.1,130,6.748,10.7,0.0405,6643.0,0.0145,0,Normal
2020-01-07 05:44:00,23.95,34.65,1406,60.4,133,8.893,10.7,0.043,8033.2,0.0148,0,Normal
2020-01-07 05:45:00,23.95,34.65,1584,42.3,135,7.017,10.7,0.0267,5710.5,0.015,0,Normal
2020-01-07 05:46:00,23.95,34.65,1443,43.9,137,6.634,10.7,0.0304,6014.3,0.0152,0,Normal
2020-01-07 05:47:00,24.05,34.75,1580,35.8,140,5.923,10.7,0.0227,5012.0,0.0156,0,Normal
2020-01-07 05:48:00,24.05,34.75,1825,24.6,142,4.701,10.7,0.0135,3493.2,0.0158,0,Normal
2020-01-07 05:49:00,24.05,34.75,1469,48.2,144,7.415,10.7,0.0328,6940.8,0.016,0,Normal
2020-01-07 05:50:00,24.05,34.75,1493,38.4,146,6.004,10.7,0.0257,5606.4,0.0162,0,Normal
2020-01-07 05:51:00,24.15,34.85,1598,29.4,148,4.92,10.7,0.0184,4351.2,0.0165,0,Normal
2020-01-07 05:52:00,24.05,34.75,1450,37.2,151,5.649,10.7,0.0257,5617.2,0.0168,0,Normal
2020-01-07 05:53:00,24.05,34.75,1632,37.5,156,6.409,10.7,0.023,5850.0,0.0173,0,Normal
2020-01-07 05:54:00,23.95,34.75,1980,20.3,159,4.209,10.8,0.0103,3227.7,0.0177,0,Normal
2020-01-07 05:55:00,24.05,34.85,1474,43.7,162,6.745,10.8,0.0296,7079.4,0.018,0,Normal
2020-01-07 05:56:00,24.05,34.75,1540,37.1,164,5.983,10.7,0.0241,6084.4,0.0182,0,Normal
2020-01-07 05:57:00,23.95,34.75,1609,38.9,166,6.554,10.8,0.0242,6457.4,0.0184,0,Normal
2020-01-07 05:58:00,23.95,34.85,1467,42.8,169,6.575,10.9,0.0292,7233.2,0.0188,0,Normal
2020-01-07 05:59:00,23.95,34.75,1492,39.4,171,6.156,10.8,0.0264,6737.4,0.019,0,Normal
2020-01-07 06:00:00,23.85,34.75,1493,46.1,173,7.208,10.9,0.0309,7975.3,0.0192,0,Normal
2020-01-07 06:01:00,23.85,34.65,1500,39.9,175,6.267,10.8,0.0266,6982.5,0.0194,0,Normal
2020-01-07 06:02:00,23.95,34.65,1477,36.6,177,5.661,10.7,0.0248,6478.2,0.0197,0,Normal
2020-01-07 06:03:00,23.95,34.75,1342,49.1,179,6.9,10.8,0.0366,8788.9,0.0199,0,Normal
2020-01-07 06:04:00,23.95,34.65,1538,34.3,181,5.524,10.7,0.0223,6208.3,0.0201,0,Normal
2020-01-07 06:05:00,24.05,34.75,1337,58.1,184,8.135,10.7,0.0435,10690.4,0.0204,0,Normal
2020-01-07 06:06:00,24.15,34.75,1417,41.8,186,6.203,10.6,0.0295,7774.8,0.0207,0,Normal
2020-01-07 06:07:00,24.25,34.85,1383,46.2,188,6.691,10.6,0.0334,8685.6,0.0209,0,Normal
2020-01-07 06:08:00,24.25,34.85,1440,42.4,190,6.394,10.6,0.0294,8056.0,0.0211,0,Normal
2020-01-07 06:09:00,24.15,34.75,1579,34.4,193,5.688,10.6,0.0218,6639.2,0.0214,0,Normal
2020-01-07 06:10:00,24.05,34.75,1441,40.0,195,6.036,10.7,0.0278,7800.0,0.0216,0,Normal
2020-01-07 06:11:00,24.05,34.75,1530,35.9,197,5.752,10.7,0.0235,7072.3,0.0219,0,Normal
2020-01-07 06:12:00,24.05,34.85,1705,26.0,200,4.642,10.8,0.0152,5200.0,0.0222,0,Normal
2020-01-07 06:13:00,24.05,34.85,1435,43.0,202,6.462,10.8,0.03,8686.0,0.0224,0,Normal
2020-01-07 06:14:00,24.05,34.95,1340,61.3,207,8.602,10.9,0.0457,12689.1,0.023,1,Overstrain_Failure
2020-01-07 06:15:00,24.05,34.95,1431,49.7,210,7.448,10.9,0.0347,10437.0,0.0233,1,Random_Failure
2020-01-07 06:16:00,24.15,35.05,1396,52.7,212,7.704,10.9,0.0378,11172.4,0.0235,1,Overstrain_Failure
2020-01-07 06:17:00,24.15,34.95,1369,52.0,214,7.455,10.8,0.038,11128.0,0.0237,0,Normal
2020-01-07 06:18:00,24.15,34.95,1615,35.4,217,5.987,10.8,0.0219,7681.8,0.0241,1,Tool_Wear_Failure
2020-01-07 06:19:00,24.05,34.95,1662,31.3,0,5.448,10.9,0.0188,0.0,0.0,0,Normal
2020-01-07 06:20:00,24.15,35.05,1553,33.5,2,5.448,10.9,0.0216,67.0,0.0002,0,Normal
2020-01-07 06:21:00,24.25,35.05,1536,34.6,4,5.565,10.8,0.0225,138.4,0.0004,0,Normal
2020-01-07 06:22:00,24.25,35.15,1548,46.6,7,7.554,10.9,0.0301,326.2,0.0008,0,Normal
2020-01-07 06:23:00,24.25,35.15,1706,30.9,9,5.52,10.9,0.0181,278.1,0.001,0,Normal
2020-01-07 06:24:00,24.25,35.15,1366,45.5,11,6.509,10.9,0.0333,500.5,0.0012,0,Normal
2020-01-07 06:25:00,24.35,35.25,1440,35.9,13,5.414,10.9,0.0249,466.7,0.0014,0,Normal
2020-01-07 06:26:00,24.35,35.25,1685,28.1,15,4.958,10.9,0.0167,421.5,0.0017,0,Normal
2020-01-07 06:27:00,24.25,35.15,1444,44.0,18,6.653,10.9,0.0305,792.0,0.002,0,Normal
2020-01-07 06:28:00,24.25,35.15,1395,48.7,21,7.114,10.9,0.0349,1022.7,0.0023,0,Normal
2020-01-07 06:29:00,24.25,35.15,1483,38.8,23,6.026,10.9,0.0262,892.4,0.0025,0,Normal
2020-01-07 06:30:00,24.35,35.25,1403,44.3,25,6.509,10.9,0.0316,1107.5,0.0028,0,Normal
2020-01-07 06:31:00,24.35,35.25,1793,23.9,28,4.488,10.9,0.0133,669.2,0.0031,0,Normal
2020-01-07 06:32:00,24.25,35.15,1723,28.8,33,5.196,10.9,0.0167,950.4,0.0037,0,Normal
2020-01-07 06:33:00,24.25,35.05,1386,41.0,35,5.951,10.8,0.0296,1435.0,0.0039,0,Normal
2020-01-07 06:34:00,24.25,35.05,1585,46.2,37,7.668,10.8,0.0291,1709.4,0.0041,0,Normal
2020-01-07 06:35:00,24.15,34.95,1731,27.7,42,5.021,10.8,0.016,1163.4,0.0046,0,Normal
2020-01-07 06:36:00,24.15,35.15,1519,37.7,45,5.997,11.0,0.0248,1696.5,0.005,0,Normal
2020-01-07 06:37:00,24.15,35.05,1896,24.4,47,4.845,10.9,0.0129,1146.8,0.0052,0,Normal
2020-01-07 06:38:00,24.15,35.15,2358,14.9,49,3.679,11.0,0.0063,730.1,0.0054,0,Normal
2020-01-07 06:39:00,24.15,35.15,1341,51.9,51,7.288,11.0,0.0387,2646.9,0.0056,0,Normal
2020-01-07 06:40:00,24.15,35.15,1550,37.0,54,6.006,11.0,0.0239,1998.0,0.006,0,Normal
2020-01-07 06:41:00,24.15,35.15,1309,61.5,56,8.43,11.0,0.047,3444.0,0.0062,0,Normal
2020-01-07 06:42:00,24.15,35.25,1599,32.9,58,5.509,11.1,0.0206,1908.2,0.0064,0,Normal
2020-01-07 06:43:00,24.25,35.25,1343,40.0,61,5.626,11.0,0.0298,2440.0,0.0067,0,Normal
2020-01-07 06:44:00,24.25,35.25,1378,39.9,63,5.758,11.0,0.029,2513.7,0.007,0,Normal
2020-01-07 06:45:00,24.25,35.25,1603,34.6,65,5.808,11.0,0.0216,2249.0,0.0072,0,Normal
2020-01-07 06:46:00,24.25,35.25,1664,28.1,67,4.897,11.0,0.0169,1882.7,0.0074,0,Normal
2020-01-07 06:47:00,24.15,35.25,1488,37.4,69,5.828,11.1,0.0251,2580.6,0.0076,0,Normal
2020-01-07 06:48:00,24.15,35.25,1370,50.5,71,7.245,11.1,0.0369,3585.5,0.0078,0,Normal
2020-01-07 06:49:00,24.15,35.35,1545,34.3,74,5.549,11.2,0.0222,2538.2,0.0082,0,Normal
2020-01-07 06:50:00,24.25,35.35,1566,31.4,76,5.149,11.1,0.0201,2386.4,0.0084,0,Normal
2020-01-07 06:51:00,24.25,35.45,1820,24.6,79,4.689,11.2,0.0135,1943.4,0.0087,0,Normal
2020-01-07 06:52:00,24.25,35.45,1901,22.1,81,4.399,11.2,0.0116,1790.1,0.0089,0,Normal
2020-01-07 06:53:00,24.25,35.35,1638,32.2,84,5.523,11.1,0.0197,2704.8,0.0093,0,Normal
2020-01-07 06:54:00,24.15,35.25,1521,38.2,87,6.084,11.1,0.0251,3323.4,0.0096,0,Normal
2020-01-07 06:55:00,24.15,35.25,1864,23.1,90,4.509,11.1,0.0124,2079.0,0.0099,0,Normal
2020-01-07 06:56:00,24.15,35.15,1430,41.9,95,6.274,11.0,0.0293,3980.5,0.0105,0,Normal
2020-01-07 06:57:00,24.15,35.25,1686,34.5,97,6.091,11.1,0.0205,3346.5,0.0107,0,Normal
2020-01-07 06:58:00,24.05,35.15,1326,57.2,100,7.943,11.1,0.0431,5720.0,0.011,0,Normal
2020-01-07 06:59:00,24.05,35.15,1805,25.6,103,4.839,11.1,0.0142,2636.8,0.0114,0,Normal
2020-01-07 07:00:00,24.05,35.15,1453,45.8,105,6.969,11.1,0.0315,4809.0,0.0116,0,Normal
2020-01-07 07:01:00,24.05,35.25,1863,26.0,110,5.072,11.2,0.014,2860.0,0.0121,0,Normal
2020-01-07 07:02:00,24.05,35.15,1576,35.3,113,5.826,11.1,0.0224,3988.9,0.0125,0,Normal
2020-01-07 07:03:00,24.05,35.15,1419,39.7,115,5.899,11.1,0.028,4565.5,0.0127,0,Normal
2020-01-07 07:04:00,24.05,35.25,1833,25.2,117,4.837,11.2,0.0137,2948.4,0.0129,0,Normal
2020-01-07 07:05:00,24.05,35.25,2182,17.3,119,3.953,11.2,0.0079,2058.7,0.0131,0,Normal
2020-01-07 07:06:00,24.05,35.15,1656,30.3,124,5.255,11.1,0.0183,3757.2,0.0137,0,Normal
2020-01-07 07:07:00,23.95,35.05,1351,56.6,126,8.008,11.1,0.0419,7131.6,0.0139,0,Normal
2020-01-07 07:08:00,23.95,35.05,1790,30.3,128,5.68,11.1,0.0169,3878.4,0.0141,0,Normal
2020-01-07 07:09:00,24.05,35.05,1678,28.1,133,4.938,11.0,0.0167,3737.3,0.0147,0,Normal
2020-01-07 07:10:00,23.95,35.05,1427,45.2,136,6.754,11.1,0.0317,6147.2,0.015,0,Normal
2020-01-07 07:11:00,23.85,34.95,1429,54.0,138,8.081,11.1,0.0378,7452.0,0.0152,0,Normal
2020-01-07 07:12:00,24.05,34.95,1770,27.2,140,5.042,10.9,0.0154,3808.0,0.0154,0,Normal
2020-01-07 07:13:00,24.05,34.95,1689,31.2,145,5.518,10.9,0.0185,4524.0,0.016,0,Normal
2020-01-07 07:14:00,24.05,34.95,1554,41.3,147,6.721,10.9,0.0266,6071.1,0.0162,0,Normal
2020-01-07 07:15:00,24.15,34.95,1506,36.0,150,5.677,10.8,0.0239,5400.0,0.0165,0,Normal
2020-01-07 07:16:00,24.05,34.95,1474,44.3,152,6.838,10.9,0.0301,6733.6,0.0167,0,Normal
2020-01-07 07:17:00,24.15,34.95,1762,26.1,154,4.816,10.8,0.0148,4019.4,0.017,0,Normal
2020-01-07 07:18:00,24.15,34.95,1566,35.7,156,5.854,10.8,0.0228,5569.2,0.0172,0,Normal
2020-01-07 07:19:00,24.15,34.95,1554,42.4,158,6.9,10.8,0.0273,6699.2,0.0174,0,Normal
2020-01-07 07:20:00,24.05,34.85,1869,25.4,163,4.971,10.8,0.0136,4140.2,0.0179,0,Normal
2020-01-07 07:21:00,24.15,34.85,1527,35.1,165,5.613,10.7,0.023,5791.5,0.0182,0,Normal
2020-01-07 07:22:00,24.05,34.75,1309,49.6,167,6.799,10.7,0.0379,8283.2,0.0184,0,Normal
2020-01-07 07:23:00,24.05,34.75,1541,35.7,169,5.761,10.7,0.0232,6033.3,0.0186,0,Normal
2020-01-07 07:24:00,24.05,34.75,1326,75.4,172,10.47,10.7,0.0569,12968.8,0.0189,1,Power_Failure
2020-01-07 07:25:00,23.95,34.75,1365,54.0,174,7.719,10.8,0.0396,9396.0,0.0192,0,Normal
2020-01-07 07:26:00,23.95,34.65,1428,43.7,179,6.535,10.7,0.0306,7822.3,0.0197,0,Normal
2020-01-07 07:27:00,23.95,34.65,1681,27.6,181,4.859,10.7,0.0164,4995.6,0.0199,0,Normal
2020-01-07 07:28:00,23.95,34.75,1662,26.9,183,4.682,10.8,0.0162,4922.7,0.0201,0,Normal
2020-01-07 07:29:00,24.05,34.75,1989,20.3,186,4.228,10.7,0.0102,3775.8,0.0205,0,Normal
2020-01-07 07:30:00,24.05,34.75,1747,29.0,188,5.305,10.7,0.0166,5452.0,0.0207,0,Normal
2020-01-07 07:31:00,24.05,34.85,1765,31.1,191,5.748,10.8,0.0176,5940.1,0.021,0,Normal
2020-01-07 07:32:00,24.15,34.95,1568,34.4,194,5.648,10.8,0.0219,6673.6,0.0213,0,Normal
2020-01-07 07:33:00,24.15,34.95,1709,30.6,196,5.476,10.8,0.0179,5997.6,0.0216,0,Normal
2020-01-07 07:34:00,24.15,34.95,1370,58.8,199,8.436,10.8,0.0429,11701.2,0.0219,0,Normal
2020-01-07 07:35:00,24.15,34.95,1458,45.7,202,6.978,10.8,0.0313,9231.4,0.0222,0,Normal
2020-01-07 07:36:00,24.05,34.95,1712,30.9,204,5.54,10.9,0.018,6303.6,0.0224,0,Normal
2020-01-07 07:37:00,24.15,34.95,1642,36.9,206,6.345,10.8,0.0225,7601.4,0.0226,0,Normal
2020-01-07 07:38:00,24.15,34.95,1468,49.8,0,7.656,10.8,0.0339,0.0,0.0,0,Normal
2020-01-07 07:39:00,24.15,34.95,1477,52.3,2,8.089,10.8,0.0354,104.6,0.0002,0,Normal
2020-01-07 07:40:00,24.15,35.05,1446,53.5,7,8.101,10.9,0.037,374.5,0.0008,0,Normal
2020-01-07 07:41:00,24.15,35.05,1653,31.4,9,5.435,10.9,0.019,282.6,0.001,0,Normal
2020-01-07 07:42:00,24.15,35.15,1494,38.2,14,5.976,11.0,0.0256,534.8,0.0015,0,Normal
2020-01-07 07:43:00,24.15,35.05,1490,41.0,16,6.397,10.9,0.0275,656.0,0.0018,0,Normal
2020-01-07 07:44:00,24.25,35.15,1550,47.8,18,7.759,10.9,0.0308,860.4,0.002,0,Normal
2020-01-07 07:45:00,24.15,35.05,1677,34.9,21,6.129,10.9,0.0208,732.9,0.0023,0,Normal
2020-01-07 07:46:00,24.25,35.15,1854,21.8,24,4.232,10.9,0.0118,523.2,0.0026,0,Normal
2020-01-07 07:47:00,24.35,35.35,1662,30.3,26,5.274,11.0,0.0182,787.8,0.0029,0,Normal
2020-01-07 07:48:00,24.35,35.45,1440,38.8,29,5.851,11.1,0.0269,1125.2,0.0032,0,Normal
2020-01-07 07:49:00,24.35,35.45,1513,39.7,32,6.29,11.1,0.0262,1270.4,0.0035,0,Normal
2020-01-07 07:50:00,24.45,35.45,1389,49.0,34,7.127,11.0,0.0353,1666.0,0.0037,0,Normal
2020-01-07 07:51:00,24.45,35.45,1351,51.0,37,7.215,11.0,0.0377,1887.0,0.0041,0,Normal
2020-01-07 07:52:00,24.45,35.45,1482,38.3,39,5.944,11.0,0.0258,1493.7,0.0043,0,Normal
2020-01-07 07:53:00,24.45,35.45,1744,28.5,42,5.205,11.0,0.0163,1197.0,0.0046,0,Normal
2020-01-07 07:54:00,24.45,35.55,1476,39.0,44,6.028,11.1,0.0264,1716.0,0.0048,0,Normal
2020-01-07 07:55:00,24.45,35.45,1444,48.2,46,7.289,11.0,0.0334,2217.2,0.005,0,Normal
2020-01-07 07:56:00,24.45,35.55,1659,32.1,49,5.577,11.1,0.0193,1572.9,0.0054,0,Normal
2020-01-07 07:57:00,24.45,35.55,1475,46.6,54,7.198,11.1,0.0316,2516.4,0.0059,0,Normal
2020-01-07 07:58:00,24.45,35.45,1526,42.1,57,6.728,11.0,0.0276,2399.7,0.0063,0,Normal
2020-01-07 07:59:00,24.25,35.25,1675,29.5,59,5.174,11.0,0.0176,1740.5,0.0065,0,Normal
2020-01-07 08:00:00,24.25,35.25,1525,38.7,62,6.18,11.0,0.0254,2399.4,0.0068,0,Normal
2020-01-07 08:01:00,24.15,35.15,1396,45.9,64,6.71,11.0,0.0329,2937.6,0.007,0,Normal
2020-01-07 08:02:00,24.25,35.25,1580,41.2,66,6.817,11.0,0.0261,2719.2,0.0072,0,Normal
2020-01-07 08:03:00,24.25,35.35,1462,42.8,68,6.553,11.1,0.0293,2910.4,0.0075,0,Normal
2020-01-07 08:04:00,24.25,35.25,1426,50.4,70,7.526,11.0,0.0353,3528.0,0.0077,0,Normal
2020-01-07 08:05:00,24.25,35.35,1569,34.2,72,5.619,11.1,0.0218,2462.4,0.0079,0,Normal
2020-01-07 08:06:00,24.25,35.35,1477,40.7,74,6.295,11.1,0.0276,3011.8,0.0081,0,Normal
2020-01-07 08:07:00,24.25,35.35,1761,27.2,76,5.016,11.1,0.0154,2067.2,0.0083,0,Normal
2020-01-07 08:08:00,24.35,35.45,1486,45.9,78,7.143,11.1,0.0309,3580.2,0.0085,0,Normal
2020-01-07 08:09:00,24.45,35.45,1664,30.1,81,5.245,11.0,0.0181,2438.1,0.0089,0,Normal
2020-01-07 08:10:00,24.45,35.45,1576,32.7,83,5.397,11.0,0.0207,2714.1,0.0091,0,Normal
2020-01-07 08:11:00,24.45,35.45,1463,46.7,85,7.155,11.0,0.0319,3969.5,0.0093,0,Normal
2020-01-07 08:12:00,24.45,35.45,1585,42.0,90,6.971,11.0,0.0265,3780.0,0.0099,0,Normal
2020-01-07 08:13:00,24.55,35.55,1479,45.7,93,7.078,11.0,0.0309,4250.1,0.0102,0,Normal
2020-01-07 08:14:00,24.55,35.55,1449,40.2,95,6.1,11.0,0.0277,3819.0,0.0104,0,Normal
2020-01-07 08:15:00,24.55,35.65,1404,50.3,97,7.395,11.1,0.0358,4879.1,0.0106,0,Normal
2020-01-07 08:16:00,24.55,35.55,1694,29.1,102,5.162,11.0,0.0172,2968.2,0.0112,0,Normal
2020-01-07 08:17:00,24.55,35.55,1731,28.4,104,5.148,11.0,0.0164,2953.6,0.0114,0,Normal
2020-01-07 08:18:00,24.45,35.45,1522,37.0,106,5.897,11.0,0.0243,3922.0,0.0116,0,Normal
2020-01-07 08:19:00,24.35,35.35,1536,36.9,108,5.935,11.0,0.024,3985.2,0.0118,0,Normal
2020-01-07 08:20:00,24.35,35.35,1373,39.9,110,5.737,11.0,0.0291,4389.0,0.012,0,Normal
2020-01-07 08:21:00,24.35,35.35,1597,36.4,112,6.087,11.0,0.0228,4076.8,0.0123,0,Normal
2020-01-07 08:22:00,24.45,35.35,1678,34.2,114,6.01,10.9,0.0204,3898.8,0.0125,0,Normal
2020-01-07 08:23:00,24.45,35.35,1452,42.6,116,6.477,10.9,0.0293,4941.6,0.0127,0,Normal
2020-01-07 08:24:00,24.35,35.35,1447,41.6,118,6.304,11.0,0.0287,4908.8,0.0129,0,Normal
2020-01-07 08:25:00,24.45,35.35,1574,37.1,121,6.115,10.9,0.0236,4489.1,0.0132,0,Normal
2020-01-07 08:26:00,24.45,35.45,1528,40.0,123,6.4,11.0,0.0262,4920.0,0.0134,0,Normal
2020-01-07 08:27:00,24.55,35.55,1688,27.2,125,4.808,11.0,0.0161,3400.0,0.0137,0,Normal
2020-01-07 08:28:00,24.45,35.45,1393,40.4,127,5.893,11.0,0.029,5130.8,0.0139,0,Normal
2020-01-07 08:29:00,24.35,35.45,1429,50.5,129,7.557,11.1,0.0353,6514.5,0.0141,0,Normal
2020-01-07 08:30:00,24.35,35.45,1347,57.0,132,8.04,11.1,0.0423,7524.0,0.0144,0,Normal
2020-01-07 08:31:00,24.45,35.45,1553,40.5,135,6.587,11.0,0.0261,5467.5,0.0148,0,Normal
2020-01-07 08:32:00,24.35,35.45,1260,53.6,137,7.072,11.1,0.0425,7343.2,0.015,0,Normal
2020-01-07 08:33:00,24.35,35.45,1546,33.8,139,5.472,11.1,0.0219,4698.2,0.0152,0,Normal
2020-01-07 08:34:00,24.35,35.45,1596,36.0,141,6.017,11.1,0.0226,5076.0,0.0154,0,Normal
2020-01-07 08:35:00,24.35,35.35,1340,57.4,143,8.055,11.0,0.0428,8208.2,0.0156,0,Normal
2020-01-07 08:36:00,24.35,35.25,1369,54.8,145,7.856,10.9,0.04,7946.0,0.0158,0,Normal
2020-01-07 08:37:00,24.35,35.35,1462,52.3,148,8.007,11.0,0.0358,7740.4,0.0162,0,Normal
2020-01-07 08:38:00,24.25,35.25,1487,46.2,150,7.194,11.0,0.0311,6930.0,0.0164,0,Normal
2020-01-07 08:39:00,24.35,35.45,1510,35.5,155,5.614,11.1,0.0235,5502.5,0.0169,0,Normal
2020-01-07 08:40:00,24.35,35.35,1671,28.0,158,4.9,11.0,0.0168,4424.0,0.0172,0,Normal
2020-01-07 08:41:00,24.35,35.35,1612,30.0,163,5.064,11.0,0.0186,4890.0,0.0178,0,Normal
2020-01-07 08:42:00,24.45,35.45,1509,39.7,166,6.273,11.0,0.0263,6590.2,0.0181,0,Normal
2020-01-07 08:43:00,24.45,35.45,1415,47.3,169,7.009,11.0,0.0334,7993.7,0.0184,0,Normal
2020-01-07 08:44:00,24.45,35.45,2384,14.4,171,3.595,11.0,0.006,2462.4,0.0187,0,Normal
2020-01-07 08:45:00,24.45,35.45,1326,62.4,173,8.665,11.0,0.0471,10795.2,0.0189,0,Normal
2020-01-07 08:46:00,24.45,35.45,1390,53.4,175,7.773,11.0,0.0384,9345.0,0.0191,0,Normal
2020-01-07 08:47:00,24.45,35.55,1392,41.2,178,6.006,11.1,0.0296,7333.6,0.0194,0,Normal
2020-01-07 08:48:00,24.45,35.65,1385,44.4,181,6.44,11.2,0.0321,8036.4,0.0197,0,Normal
2020-01-07 08:49:00,24.55,35.65,1896,24.5,186,4.864,11.1,0.0129,4557.0,0.0203,0,Normal
2020-01-07 08:50:00,24.55,35.55,1474,46.8,188,7.224,11.0,0.0318,8798.4,0.0205,0,Normal
2020-01-07 08:51:00,24.55,35.65,1388,45.6,190,6.628,11.1,0.0329,8664.0,0.0207,0,Normal
2020-01-07 08:52:00,24.55,35.75,1715,27.2,193,4.885,11.2,0.0159,5249.6,0.021,0,Normal
2020-01-07 08:53:00,24.65,35.75,1650,32.2,195,5.564,11.1,0.0195,6279.0,0.0213,0,Normal
2020-01-07 08:54:00,24.65,35.75,1871,25.6,200,5.016,11.1,0.0137,5120.0,0.0218,1,Tool_Wear_Failure
2020-01-07 08:55:00,24.65,35.85,1403,64.2,0,9.432,11.2,0.0458,0.0,0.0,1,Power_Failure
2020-01-07 08:56:00,24.65,35.75,1518,40.4,2,6.422,11.1,0.0266,80.8,0.0002,0,Normal
2020-01-07 08:57:00,24.75,35.95,1504,43.0,4,6.772,11.2,0.0286,172.0,0.0004,0,Normal
2020-01-07 08:58:00,24.65,35.85,1340,56.9,6,7.984,11.2,0.0425,341.4,0.0007,0,Normal
2020-01-07 08:59:00,24.75,35.95,1435,44.7,8,6.717,11.2,0.0311,357.6,0.0009,0,Normal
2020-01-07 09:00:00,24.75,35.95,1507,36.9,13,5.823,11.2,0.0245,479.7,0.0014,0,Normal
2020-01-07 09:01:00,24.75,35.95,1521,36.1,15,5.75,11.2,0.0237,541.5,0.0016,0,Normal
2020-01-07 09:02:00,24.65,35.85,1576,45.0,17,7.427,11.2,0.0286,765.0,0.0019,0,Normal
2020-01-07 09:03:00,24.75,35.95,1543,36.6,20,5.914,11.2,0.0237,732.0,0.0022,0,Normal
2020-01-07 09:04:00,24.85,36.05,1665,36.6,22,6.382,11.2,0.022,805.2,0.0024,0,Normal
2020-01-07 09:05:00,24.75,35.95,1442,50.3,24,7.596,11.2,0.0349,1207.2,0.0026,0,Normal
2020-01-07 09:06:00,24.75,35.85,1629,29.0,26,4.947,11.1,0.0178,754.0,0.0028,0,Normal
2020-01-07 09:07:00,24.75,35.85,1379,47.3,28,6.831,11.1,0.0343,1324.4,0.003,0,Normal
2020-01-07 09:08:00,24.75,35.85,1502,40.2,30,6.323,11.1,0.0268,1206.0,0.0033,0,Normal
2020-01-07 09:09:00,24.75,35.95,1595,32.0,32,5.345,11.2,0.0201,1024.0,0.0035,0,Normal
2020-01-07 09:10:00,24.85,35.85,1439,38.5,34,5.802,11.0,0.0268,1309.0,0.0037,0,Normal
2020-01-07 09:11:00,24.75,35.85,1970,21.6,37,4.456,11.1,0.011,799.2,0.004,0,Normal
2020-01-07 09:12:00,24.75,35.85,1562,35.8,40,5.856,11.1,0.0229,1432.0,0.0044,0,Normal
2020-01-07 09:13:00,24.75,35.85,1530,40.9,42,6.553,11.1,0.0267,1717.8,0.0046,0,Normal
2020-01-07 09:14:00,24.75,35.75,1393,40.6,45,5.923,11.0,0.0291,1827.0,0.0049,0,Normal
2020-01-07 09:15:00,24.75,35.85,1532,37.6,47,6.032,11.1,0.0245,1767.2,0.0051,0,Normal
2020-01-07 09:16:00,24.85,35.75,1607,37.7,49,6.344,10.9,0.0235,1847.3,0.0053,0,Normal
2020-01-07 09:17:00,24.75,35.65,1469,49.0,51,7.538,10.9,0.0334,2499.0,0.0055,0,Normal
2020-01-07 09:18:00,24.75,35.65,1538,37.6,54,6.056,10.9,0.0244,2030.4,0.0059,0,Normal
2020-01-07 09:19:00,24.75,35.65,1613,31.4,57,5.304,10.9,0.0195,1789.8,0.0062,0,Normal
2020-01-07 09:20:00,24.75,35.65,1602,32.1,59,5.385,10.9,0.02,1893.9,0.0064,0,Normal
2020-01-07 09:21:00,24.65,35.55,1404,44.2,62,6.499,10.9,0.0315,2740.4,0.0067,0,Normal
2020-01-07 09:22:00,24.65,35.65,1548,36.9,64,5.982,11.0,0.0238,2361.6,0.007,0,Normal
2020-01-07 09:23:00,24.65,35.65,1559,35.2,66,5.747,11.0,0.0226,2323.2,0.0072,0,Normal
2020-01-07 09:24:00,24.65,35.65,1621,36.1,68,6.128,11.0,0.0223,2454.8,0.0074,0,Normal
2020-01-07 09:25:00,24.65,35.65,1579,32.9,70,5.44,11.0,0.0208,2303.0,0.0076,0,Normal
2020-01-07 09:26:00,24.75,35.75,1547,44.0,72,7.128,11.0,0.0284,3168.0,0.0078,0,Normal
2020-01-07 09:27:00,24.75,35.65,1386,48.6,75,7.054,10.9,0.0351,3645.0,0.0081,0,Normal
2020-01-07 09:28:00,24.85,35.75,1406,40.9,77,6.022,10.9,0.0291,3149.3,0.0084,0,Normal
2020-01-07 09:29:00,24.85,35.85,1393,55.9,79,8.154,11.0,0.0401,4416.1,0.0086,0,Normal
2020-01-07 09:30:00,24.75,35.85,2456,13.9,82,3.575,11.1,0.0057,1139.8,0.0089,0,Normal
2020-01-07 09:31:00,24.85,35.85,1409,49.1,85,7.245,11.0,0.0348,4173.5,0.0092,0,Normal
2020-01-07 09:32:00,24.85,35.75,1390,53.9,88,7.846,10.9,0.0388,4743.2,0.0096,0,Normal
2020-01-07 09:33:00,24.85,35.85,1679,32.4,90,5.697,11.0,0.0193,2916.0,0.0098,0,Normal
2020-01-07 09:34:00,24.85,35.75,1508,37.1,92,5.859,10.9,0.0246,3413.2,0.01,0,Normal
2020-01-07 09:35:00,24.75,35.65,1681,31.7,94,5.58,10.9,0.0189,2979.8,0.0102,0,Normal
2020-01-07 09:36:00,24.55,35.65,1469,43.7,96,6.723,11.1,0.0297,4195.2,0.0104,0,Normal
2020-01-07 09:37:00,24.65,35.65,1421,49.6,101,7.381,11.0,0.0349,5009.6,0.011,0,Normal
2020-01-07 09:38:00,24.55,35.65,1354,50.2,103,7.118,11.1,0.0371,5170.6,0.0112,0,Normal
2020-01-07 09:39:00,24.55,35.65,1350,57.0,105,8.058,11.1,0.0422,5985.0,0.0114,0,Normal
2020-01-07 09:40:00,24.65,35.75,1282,58.1,108,7.8,11.1,0.0453,6274.8,0.0117,0,Normal
2020-01-07 09:41:00,24.65,35.85,1675,30.0,110,5.262,11.2,0.0179,3300.0,0.0119,0,Normal
2020-01-07 09:42:00,24.75,35.85,1525,38.5,113,6.148,11.1,0.0252,4350.5,0.0123,0,Normal
2020-01-07 09:43:00,24.75,35.85,1382,43.9,116,6.353,11.1,0.0318,5092.4,0.0126,0,Normal
2020-01-07 09:44:00,24.75,35.85,1450,46.8,118,7.106,11.1,0.0323,5522.4,0.0128,0,Normal
2020-01-07 09:45:00,24.85,35.95,1820,23.6,120,4.498,11.1,0.013,2832.0,0.013,0,Normal
2020-01-07 09:46:00,24.85,35.95,1822,23.5,122,4.484,11.1,0.0129,2867.0,0.0132,0,Normal
2020-01-07 09:47:00,24.85,35.95,1473,44.3,124,6.833,11.1,0.0301,5493.2,0.0134,0,Normal
2020-01-07 09:48:00,24.95,35.95,1572,37.5,126,6.173,11.0,0.0239,4725.0,0.0137,0,Normal
2020-01-07 09:49:00,24.95,35.85,2042,17.8,129,3.806,10.9,0.0087,2296.2,0.014,0,Normal
2020-01-07 09:50:00,25.05,36.05,1922,22.6,132,4.549,11.0,0.0118,2983.2,0.0143,0,Normal
2020-01-07 09:51:00,25.05,35.95,1539,36.5,134,5.882,10.9,0.0237,4891.0,0.0145,0,Normal
2020-01-07 09:52:00,25.05,35.95,1350,52.0,136,7.351,10.9,0.0385,7072.0,0.0147,0,Normal
2020-01-07 09:53:00,25.15,35.95,1403,45.1,138,6.626,10.8,0.0321,6223.8,0.0149,0,Normal
2020-01-07 09:54:00,25.15,35.95,1904,20.3,140,4.048,10.8,0.0107,2842.0,0.0152,0,Normal
2020-01-07 09:55:00,25.05,35.75,1592,35.2,142,5.868,10.7,0.0221,4998.4,0.0154,0,Normal
2020-01-07 09:56:00,24.95,35.55,1556,31.6,145,5.149,10.6,0.0203,4582.0,0.0157,0,Normal
2020-01-07 09:57:00,24.95,35.65,1811,25.4,147,4.817,10.7,0.014,3733.8,0.0159,0,Normal
2020-01-07 09:58:00,25.05,35.65,1456,41.2,150,6.282,10.6,0.0283,6180.0,0.0162,0,Normal
2020-01-07 09:59:00,25.05,35.65,1436,51.9,153,7.805,10.6,0.0361,7940.7,0.0166,0,Normal
2020-01-07 10:00:00,24.95,35.55,1362,49.6,158,7.074,10.6,0.0364,7836.8,0.0171,0,Normal
2020-01-07 10:01:00,24.95,35.55,1683,29.1,161,5.129,10.6,0.0173,4685.1,0.0174,0,Normal
2020-01-07 10:02:00,25.05,35.55,1269,60.9,163,8.093,10.5,0.048,9926.7,0.0176,0,Normal
2020-01-07 10:03:00,25.15,35.65,1454,49.0,166,7.461,10.5,0.0337,8134.0,0.018,0,Normal
2020-01-07 10:04:00,25.15,35.65,1767,27.3,168,5.052,10.5,0.0154,4586.4,0.0182,0,Normal
2020-01-07 10:05:00,25.15,35.75,1708,27.3,170,4.883,10.6,0.016,4641.0,0.0184,0,Normal
2020-01-07 10:06:00,25.15,35.75,1862,27.0,172,5.265,10.6,0.0145,4644.0,0.0186,0,Normal
2020-01-07 10:07:00,25.15,35.75,1695,30.7,174,5.449,10.6,0.0181,5341.8,0.0188,0,Normal
2020-01-07 10:08:00,25.15,35.95,1488,40.6,176,6.326,10.8,0.0273,7145.6,0.019,0,Normal
2020-01-07 10:09:00,25.15,35.85,1657,32.2,179,5.587,10.7,0.0194,5763.8,0.0194,0,Normal
2020-01-07 10:10:00,25.15,35.85,1823,25.9,181,4.944,10.7,0.0142,4687.9,0.0196,0,Normal
2020-01-07 10:11:00,25.05,35.95,1651,28.8,186,4.979,10.9,0.0174,5356.8,0.0201,0,Normal
2020-01-07 10:12:00,24.95,35.85,1533,36.1,189,5.795,10.9,0.0235,6822.9,0.0204,0,Normal
2020-01-07 10:13:00,25.05,35.85,1508,40.5,192,6.396,10.8,0.0269,7776.0,0.0207,0,Normal
2020-01-07 10:14:00,25.15,35.95,1616,31.1,195,5.263,10.8,0.0192,6064.5,0.0211,0,Normal
2020-01-07 10:15:00,25.05,35.85,1651,31.5,197,5.446,10.8,0.0191,6205.5,0.0213,0,Normal
2020-01-07 10:16:00,25.05,35.95,1569,35.2,199,5.784,10.9,0.0224,7004.8,0.0215,0,Normal
2020-01-07 10:17:00,25.15,35.95,1296,58.7,201,7.967,10.8,0.0453,11798.7,0.0217,0,Normal
2020-01-07 10:18:00,25.15,35.85,1379,43.2,0,6.238,10.7,0.0313,0.0,0.0,0,Normal
2020-01-07 10:19:00,25.05,35.85,1694,28.0,5,4.967,10.8,0.0165,140.0,0.0005,0,Normal
2020-01-07 10:20:00,25.05,35.85,1377,57.8,8,8.335,10.8,0.042,462.4,0.0009,0,Normal
2020-01-07 10:21:00,25.15,35.85,1470,38.4,10,5.911,10.7,0.0261,384.0,0.0011,0,Normal
2020-01-07 10:22:00,25.15,35.95,1404,47.0,15,6.91,10.8,0.0335,705.0,0.0016,0,Normal
2020-01-07 10:23:00,25.15,35.95,1593,40.1,18,6.689,10.8,0.0252,721.8,0.0019,0,Normal
2020-01-07 10:24:00,25.15,35.85,1526,36.9,20,5.897,10.7,0.0242,738.0,0.0022,0,Normal
2020-01-07 10:25:00,25.15,35.75,1390,49.7,23,7.234,10.6,0.0358,1143.1,0.0025,0,Normal
2020-01-07 10:26:00,25.05,35.75,1737,25.5,26,4.638,10.7,0.0147,663.0,0.0028,0,Normal
2020-01-07 10:27:00,25.05,35.65,1362,57.3,28,8.173,10.6,0.0421,1604.4,0.003,0,Normal
2020-01-07 10:28:00,25.05,35.65,1666,31.5,30,5.496,10.6,0.0189,945.0,0.0032,0,Normal
2020-01-07 10:29:00,25.05,35.65,1354,60.9,32,8.635,10.6,0.045,1948.8,0.0035,0,Normal
2020-01-07 10:30:00,25.05,35.65,1302,60.4,34,8.235,10.6,0.0464,2053.6,0.0037,0,Normal
2020-01-07 10:31:00,25.05,35.55,1991,20.5,36,4.274,10.5,0.0103,738.0,0.0039,0,Normal
2020-01-07 10:32:00,25.05,35.45,1353,54.1,38,7.665,10.4,0.04,2055.8,0.0041,0,Normal
2020-01-07 10:33:00,25.05,35.55,1520,35.7,40,5.683,10.5,0.0235,1428.0,0.0043,0,Normal
2020-01-07 10:34:00,25.05,35.55,1428,54.9,45,8.21,10.5,0.0384,2470.5,0.0049,0,Normal
2020-01-07 10:35:00,25.05,35.55,1605,29.4,47,4.941,10.5,0.0183,1381.8,0.0051,0,Normal
2020-01-07 10:36:00,24.95,35.55,1691,30.3,49,5.366,10.6,0.0179,1484.7,0.0053,0,Normal
2020-01-07 10:37:00,25.05,35.55,1447,48.4,51,7.334,10.5,0.0334,2468.4,0.0055,0,Normal
2020-01-07 10:38:00,25.05,35.65,1606,39.9,53,6.71,10.6,0.0248,2114.7,0.0057,0,Normal
2020-01-07 10:39:00,25.05,35.65,1645,28.2,58,4.858,10.6,0.0171,1635.6,0.0062,0,Normal
2020-01-07 10:40:00,25.05,35.65,1470,43.3,61,6.666,10.6,0.0295,2641.3,0.0066,0,Normal
2020-01-07 10:41:00,25.05,35.75,1336,45.0,66,6.296,10.7,0.0337,2970.0,0.0071,0,Normal
2020-01-07 10:42:00,25.05,35.75,1414,44.3,68,6.56,10.7,0.0313,3012.4,0.0073,0,Normal
2020-01-07 10:43:00,25.15,35.85,1802,27.5,71,5.189,10.7,0.0153,1952.5,0.0076,0,Normal
2020-01-07 10:44:00,25.05,35.75,1683,31.7,74,5.587,10.7,0.0188,2345.8,0.008,0,Normal
2020-01-07 10:45:00,25.05,35.85,1410,47.6,76,7.028,10.8,0.0338,3617.6,0.0082,0,Normal
2020-01-07 10:46:00,25.05,35.75,1605,32.0,79,5.378,10.7,0.0199,2528.0,0.0085,0,Normal
2020-01-07 10:47:00,25.05,35.75,1709,28.1,81,5.029,10.7,0.0164,2276.1,0.0087,0,Normal
2020-01-07 10:48:00,25.05,35.75,1444,53.1,83,8.03,10.7,0.0368,4407.3,0.0089,0,Normal
2020-01-07 10:49:00,25.05,35.75,1367,45.0,85,6.442,10.7,0.0329,3825.0,0.0091,0,Normal
2020-01-07 10:50:00,25.05,35.85,1418,44.2,87,6.563,10.8,0.0312,3845.4,0.0094,0,Normal
2020-01-07 10:51:00,25.05,35.85,1353,57.8,89,8.189,10.8,0.0427,5144.2,0.0096,0,Normal
2020-01-07 10:52:00,25.05,35.85,1643,34.1,91,5.867,10.8,0.0208,3103.1,0.0098,0,Normal
2020-01-07 10:53:00,25.15,35.95,1437,38.0,93,5.718,10.8,0.0264,3534.0,0.01,0,Normal
2020-01-07 10:54:00,24.95,35.85,1437,36.2,95,5.447,10.9,0.0252,3439.0,0.0102,0,Normal
2020-01-07 10:55:00,25.05,35.85,1413,47.9,97,7.088,10.8,0.0339,4646.3,0.0104,0,Normal
2020-01-07 10:56:00,25.05,35.85,1524,39.1,100,6.24,10.8,0.0257,3910.0,0.0108,0,Normal
2020-01-07 10:57:00,24.95,35.75,1479,43.4,105,6.722,10.8,0.0293,4557.0,0.0113,0,Normal
2020-01-07 10:58:00,24.95,35.75,1313,50.6,108,6.957,10.8,0.0385,5464.8,0.0116,0,Normal
2020-01-07 10:59:00,24.95,35.75,1335,50.4,110,7.046,10.8,0.0378,5544.0,0.0118,0,Normal
2020-01-07 11:00:00,24.95,35.75,1367,41.9,113,5.998,10.8,0.0307,4734.7,0.0121,0,Normal
2020-01-07 11:01:00,24.95,35.75,1459,50.3,115,7.685,10.8,0.0345,5784.5,0.0124,0,Normal
2020-01-07 11:02:00,24.95,35.75,1804,25.1,118,4.742,10.8,0.0139,2961.8,0.0127,0,Normal
2020-01-07 11:03:00,25.05,35.85,1491,38.3,121,5.98,10.8,0.0257,4634.3,0.013,0,Normal
2020-01-07 11:04:00,25.15,35.95,1537,43.0,123,6.921,10.8,0.028,5289.0,0.0132,0,Normal
2020-01-07 11:05:00,25.15,35.95,1646,30.2,125,5.206,10.8,0.0183,3775.0,0.0134,0,Normal
2020-01-07 11:06:00,25.15,36.05,1783,28.3,130,5.284,10.9,0.0159,3679.0,0.014,0,Normal
2020-01-07 11:07:00,25.15,35.95,1395,49.8,133,7.275,10.8,0.0357,6623.4,0.0143,0,Normal
2020-01-07 11:08:00,25.25,35.95,1423,48.0,135,7.153,10.7,0.0337,6480.0,0.0145,0,Normal
2020-01-07 11:09:00,25.15,36.05,1562,37.6,137,6.15,10.9,0.0241,5151.2,0.0147,0,Normal
2020-01-07 11:10:00,25.25,36.15,1549,40.8,139,6.618,10.9,0.0263,5671.2,0.0149,0,Normal
2020-01-07 11:11:00,25.25,36.25,1540,43.2,141,6.967,11.0,0.0281,6091.2,0.0151,0,Normal
2020-01-07 11:12:00,25.35,36.25,1573,33.6,143,5.535,10.9,0.0214,4804.8,0.0154,0,Normal
2020-01-07 11:13:00,25.35,36.25,1418,45.1,148,6.697,10.9,0.0318,6674.8,0.0159,0,Normal
2020-01-07 11:14:00,25.35,36.25,1565,33.7,150,5.523,10.9,0.0215,5055.0,0.0161,0,Normal
2020-01-07 11:15:00,25.35,36.35,1569,41.0,153,6.737,11.0,0.0261,6273.0,0.0164,0,Normal
2020-01-07 11:16:00,25.35,36.25,1417,41.2,155,6.114,10.9,0.0291,6386.0,0.0166,0,Normal
2020-01-07 11:17:00,25.35,36.35,1480,38.1,160,5.905,11.0,0.0257,6096.0,0.0172,0,Normal
2020-01-07 11:18:00,25.35,36.25,1364,44.5,162,6.356,10.9,0.0326,7209.0,0.0174,0,Normal
2020-01-07 11:19:00,25.35,36.25,1911,21.5,164,4.303,10.9,0.0113,3526.0,0.0176,0,Normal
2020-01-07 11:20:00,25.25,36.15,1409,43.1,166,6.359,10.9,0.0306,7154.6,0.0178,0,Normal
2020-01-07 11:21:00,25.25,36.05,1335,53.5,168,7.479,10.8,0.0401,8988.0,0.018,0,Normal
2020-01-07 11:22:00,25.35,36.15,1512,38.1,170,6.033,10.8,0.0252,6477.0,0.0182,0,Normal
2020-01-07 11:23:00,25.45,36.25,1447,40.2,173,6.091,10.8,0.0278,6954.6,0.0186,0,Normal
2020-01-07 11:24:00,25.45,36.15,1537,37.6,175,6.052,10.7,0.0245,6580.0,0.0188,0,Normal
2020-01-07 11:25:00,25.45,36.15,1510,40.8,177,6.452,10.7,0.027,7221.6,0.019,0,Normal
2020-01-07 11:26:00,25.45,36.15,1677,31.2,180,5.479,10.7,0.0186,5616.0,0.0193,0,Normal
2020-01-07 11:27:00,25.35,36.05,1504,33.7,182,5.308,10.7,0.0224,6133.4,0.0195,0,Normal
2020-01-07 11:28:00,25.35,35.95,2051,19.0,184,4.081,10.6,0.0093,3496.0,0.0197,0,Normal
2020-01-07 11:29:00,25.35,35.95,1474,41.3,189,6.375,10.6,0.028,7805.7,0.0203,0,Normal
2020-01-07 11:30:00,25.25,35.85,1507,36.1,191,5.697,10.6,0.024,6895.1,0.0205,0,Normal
2020-01-07 11:31:00,25.25,35.75,1496,37.9,194,5.937,10.5,0.0253,7352.6,0.0208,0,Normal
2020-01-07 11:32:00,25.35,35.85,1921,22.0,196,4.426,10.5,0.0115,4312.0,0.021,0,Normal
2020-01-07 11:33:00,25.35,35.85,1450,40.5,199,6.15,10.5,0.0279,8059.5,0.0213,0,Normal
2020-01-07 11:34:00,25.25,35.75,1402,44.8,201,6.577,10.5,0.032,9004.8,0.0215,0,Normal
2020-01-07 11:35:00,25.25,35.75,1501,50.0,203,7.859,10.5,0.0333,10150.0,0.0217,0,Normal
2020-01-07 11:36:00,25.35,35.75,1725,31.9,205,5.762,10.4,0.0185,6539.5,0.022,0,Normal
2020-01-07 11:37:00,25.35,35.75,1500,40.3,207,6.33,10.4,0.0269,8342.1,0.0222,0,Normal
2020-01-07 11:38:00,25.35,35.85,1531,30.8,212,4.938,10.5,0.0201,6529.6,0.0227,0,Normal
2020-01-07 11:39:00,25.35,35.85,1458,44.8,217,6.84,10.5,0.0307,9721.6,0.0232,0,Normal
2020-01-07 11:40:00,25.25,35.75,1577,37.1,0,6.127,10.5,0.0235,0.0,0.0,0,Normal
2020-01-07 11:41:00,25.15,35.75,1363,46.1,5,6.58,10.6,0.0338,230.5,0.0005,0,Normal
2020-01-07 11:42:00,25.15,35.75,1706,31.8,8,5.681,10.6,0.0186,254.4,0.0009,0,Normal
2020-01-07 11:43:00,25.15,35.65,1391,50.4,13,7.342,10.5,0.0362,655.2,0.0014,0,Normal
2020-01-07 11:44:00,25.05,35.65,1616,33.7,16,5.703,10.6,0.0209,539.2,0.0017,0,Normal
2020-01-07 11:45:00,25.05,35.65,1442,47.0,18,7.097,10.6,0.0326,846.0,0.0019,0,Normal
2020-01-07 11:46:00,25.05,35.65,1626,40.4,20,6.879,10.6,0.0248,808.0,0.0021,0,Normal
2020-01-07 11:47:00,25.05,35.55,1426,42.6,23,6.361,10.5,0.0299,979.8,0.0025,0,Normal
2020-01-07 11:48:00,25.05,35.55,1436,49.1,26,7.384,10.5,0.0342,1276.6,0.0028,0,Normal
2020-01-07 11:49:00,25.05,35.55,1599,36.2,28,6.062,10.5,0.0226,1013.6,0.003,0,Normal
2020-01-07 11:50:00,25.05,35.55,2186,17.8,31,4.075,10.5,0.0081,551.8,0.0033,0,Normal
2020-01-07 11:51:00,25.15,35.65,1645,30.4,33,5.237,10.5,0.0185,1003.2,0.0035,0,Normal
2020-01-07 11:52:00,25.05,35.55,1780,27.9,35,5.201,10.5,0.0157,976.5,0.0037,0,Normal
2020-01-07 11:53:00,25.05,35.65,1345,44.3,37,6.24,10.6,0.0329,1639.1,0.004,0,Normal
2020-01-07 11:54:00,25.05,35.65,1607,31.9,39,5.368,10.6,0.0199,1244.1,0.0042,0,Normal
2020-01-07 11:55:00,25.15,35.75,1708,28.0,42,5.008,10.6,0.0164,1176.0,0.0045,0,Normal
2020-01-07 11:56:00,25.15,35.75,1270,52.7,44,7.009,10.6,0.0415,2318.8,0.0047,0,Normal
2020-01-07 11:57:00,25.15,35.75,1646,25.4,46,4.378,10.6,0.0154,1168.4,0.0049,0,Normal
2020-01-07 11:58:00,25.05,35.55,1407,45.1,49,6.645,10.5,0.0321,2209.9,0.0052,0,Normal
2020-01-07 11:59:00,24.95,35.55,1581,47.4,51,7.848,10.6,0.03,2417.4,0.0054,0,Normal
2020-01-07 12:00:00,24.85,35.45,1532,42.6,54,6.834,10.6,0.0278,2300.4,0.0058,0,Normal
2020-01-07 12:01:00,24.85,35.45,1610,33.1,56,5.581,10.6,0.0206,1853.6,0.006,0,Normal
2020-01-07 12:02:00,24.85,35.35,1682,33.0,58,5.813,10.5,0.0196,1914.0,0.0062,0,Normal
2020-01-07 12:03:00,24.75,35.35,1519,34.3,61,5.456,10.6,0.0226,2092.3,0.0065,0,Normal
2020-01-07 12:04:00,24.75,35.35,1683,28.5,63,5.023,10.6,0.0169,1795.5,0.0067,0,Normal
2020-01-07 12:05:00,24.85,35.45,1254,55.8,65,7.328,10.6,0.0445,3627.0,0.0069,0,Normal
2020-01-07 12:06:00,24.85,35.35,1461,48.0,68,7.344,10.5,0.0329,3264.0,0.0073,0,Normal
2020-01-07 12:07:00,24.75,35.35,1472,45.1,70,6.952,10.6,0.0306,3157.0,0.0075,0,Normal
2020-01-07 12:08:00,24.55,35.25,1510,38.6,72,6.104,10.7,0.0256,2779.2,0.0077,0,Normal
2020-01-07 12:09:00,24.55,35.15,1547,36.8,74,5.962,10.6,0.0238,2723.2,0.0079,0,Normal
2020-01-07 12:10:00,24.55,35.25,1418,51.9,77,7.707,10.7,0.0366,3996.3,0.0082,0,Normal
2020-01-07 12:11:00,24.55,35.25,1289,51.3,82,6.925,10.7,0.0398,4206.6,0.0087,0,Normal
2020-01-07 12:12:00,24.55,35.25,1487,41.4,84,6.447,10.7,0.0278,3477.6,0.009,0,Normal
2020-01-07 12:13:00,24.55,35.35,1453,45.5,86,6.923,10.8,0.0313,3913.0,0.0092,0,Normal
2020-01-07 12:14:00,24.65,35.35,1466,44.7,88,6.862,10.7,0.0305,3933.6,0.0094,0,Normal
2020-01-07 12:15:00,24.55,35.25,1288,49.5,91,6.677,10.7,0.0384,4504.5,0.0097,0,Normal
2020-01-07 12:16:00,24.55,35.25,1738,27.7,96,5.041,10.7,0.0159,2659.2,0.0102,0,Normal
2020-01-07 12:17:00,24.55,35.15,1488,41.0,101,6.389,10.6,0.0276,4141.0,0.0108,0,Normal
2020-01-07 12:18:00,24.45,35.15,1816,28.8,106,5.477,10.7,0.0159,3052.8,0.0113,0,Normal
2020-01-07 12:19:00,24.35,35.05,1419,48.5,108,7.207,10.7,0.0342,5238.0,0.0115,0,Normal
2020-01-07 12:20:00,24.25,34.95,1435,45.7,110,6.867,10.7,0.0318,5027.0,0.0117,0,Normal
2020-01-07 12:21:00,24.35,34.95,1480,42.4,112,6.571,10.6,0.0286,4748.8,0.0119,0,Normal
2020-01-07 12:22:00,24.35,35.05,1610,33.6,115,5.665,10.7,0.0209,3864.0,0.0123,0,Normal
2020-01-07 12:23:00,24.35,34.95,1548,38.2,117,6.192,10.6,0.0247,4469.4,0.0125,0,Normal
2020-01-07 12:24:00,24.45,34.95,1379,57.4,122,8.289,10.5,0.0416,7002.8,0.013,0,Normal
2020-01-07 12:25:00,24.35,34.95,1907,23.5,125,4.693,10.6,0.0123,2937.5,0.0133,0,Normal
2020-01-07 12:26:00,24.35,34.85,2033,16.7,128,3.555,10.5,0.0082,2137.6,0.0136,0,Normal
2020-01-07 12:27:00,24.25,34.75,1390,52.0,131,7.569,10.5,0.0374,6812.0,0.014,0,Normal
2020-01-07 12:28:00,24.35,34.75,1544,37.9,136,6.128,10.4,0.0245,5154.4,0.0145,0,Normal
2020-01-07 12:29:00,24.45,34.85,1258,57.4,139,7.562,10.4,0.0456,7978.6,0.0148,0,Normal
2020-01-07 12:30:00,24.35,34.85,1560,39.0,141,6.371,10.5,0.025,5499.0,0.015,0,Normal
2020-01-07 12:31:00,24.45,35.05,2071,18.5,144,4.012,10.6,0.0089,2664.0,0.0153,0,Normal
2020-01-07 12:32:00,24.45,34.95,1437,46.3,149,6.967,10.5,0.0322,6898.7,0.0159,0,Normal
2020-01-07 12:33:00,24.55,35.05,1489,43.0,151,6.705,10.5,0.0289,6493.0,0.0161,0,Normal
2020-01-07 12:34:00,24.55,35.05,1334,53.0,156,7.404,10.5,0.0397,8268.0,0.0166,0,Normal
2020-01-07 12:35:00,24.55,35.05,1500,39.9,158,6.267,10.5,0.0266,6304.2,0.0168,0,Normal
2020-01-07 12:36:00,24.65,35.15,1498,47.3,160,7.42,10.5,0.0316,7568.0,0.017,0,Normal
2020-01-07 12:37:00,24.55,35.05,1370,53.4,162,7.661,10.5,0.039,8650.8,0.0172,0,Normal
2020-01-07 12:38:00,24.55,35.05,1526,40.1,165,6.408,10.5,0.0263,6616.5,0.0176,0,Normal
2020-01-07 12:39:00,24.65,35.15,1477,44.8,170,6.929,10.5,0.0303,7616.0,0.0181,0,Normal
2020-01-07 12:40:00,24.55,35.05,1446,43.9,172,6.648,10.5,0.0304,7550.8,0.0183,0,Normal
2020-01-07 12:41:00,24.55,35.05,1720,25.6,174,4.611,10.5,0.0149,4454.4,0.0185,0,Normal
2020-01-07 12:42:00,24.55,34.95,1734,30.7,177,5.575,10.4,0.0177,5433.9,0.0188,0,Normal
2020-01-07 12:43:00,24.55,34.95,1697,29.1,179,5.171,10.4,0.0171,5208.9,0.019,0,Normal
2020-01-07 12:44:00,24.55,35.05,2007,19.3,181,4.056,10.5,0.0096,3493.3,0.0192,0,Normal
2020-01-07 12:45:00,24.55,34.95,1469,48.8,183,7.507,10.4,0.0332,8930.4,0.0195,0,Normal
2020-01-07 12:46:00,24.55,34.95,2189,15.6,186,3.576,10.4,0.0071,2901.6,0.0198,0,Normal
2020-01-07 12:47:00,24.65,35.15,1435,50.1,189,7.529,10.5,0.0349,9468.9,0.0201,0,Normal
2020-01-07 12:48:00,24.75,35.25,1637,34.5,191,5.914,10.5,0.0211,6589.5,0.0203,0,Normal
2020-01-07 12:49:00,24.85,35.35,1664,28.3,196,4.931,10.5,0.017,5546.8,0.0208,0,Normal
2020-01-07 12:50:00,24.85,35.35,1666,31.0,198,5.408,10.5,0.0186,6138.0,0.021,0,Normal
2020-01-07 12:51:00,24.85,35.35,1404,46.6,201,6.851,10.5,0.0332,9366.6,0.0214,0,Normal
2020-01-07 12:52:00,24.85,35.35,1702,26.7,203,4.759,10.5,0.0157,5420.1,0.0216,0,Normal
2020-01-07 12:53:00,24.95,35.45,1439,44.9,205,6.766,10.5,0.0312,9204.5,0.0218,0,Normal
2020-01-07 12:54:00,24.95,35.45,1354,53.9,207,7.643,10.5,0.0398,11157.3,0.022,1,Overstrain_Failure
2020-01-07 12:55:00,25.05,35.55,1361,44.2,0,6.3,10.5,0.0325,0.0,0.0,0,Normal
2020-01-07 12:56:00,24.95,35.35,1463,45.9,3,7.032,10.4,0.0314,137.7,0.0003,0,Normal
2020-01-07 12:57:00,24.95,35.25,1515,43.8,6,6.949,10.3,0.0289,262.8,0.0006,0,Normal
2020-01-07 12:58:00,24.85,35.25,1432,46.2,11,6.928,10.4,0.0323,508.2,0.0012,0,Normal
2020-01-07 12:59:00,24.85,35.25,1911,22.0,13,4.403,10.4,0.0115,286.0,0.0014,0,Normal
2020-01-07 13:00:00,24.85,35.25,1472,42.0,15,6.474,10.4,0.0285,630.0,0.0016,0,Normal
2020-01-07 13:01:00,24.95,35.35,1382,54.5,17,7.887,10.4,0.0394,926.5,0.0018,0,Normal
2020-01-07 13:02:00,24.95,35.35,1665,29.6,20,5.161,10.4,0.0178,592.0,0.0021,0,Normal
2020-01-07 13:03:00,24.95,35.35,1676,30.5,22,5.353,10.4,0.0182,671.0,0.0023,0,Normal
2020-01-07 13:04:00,24.85,35.35,1585,33.0,24,5.477,10.5,0.0208,792.0,0.0025,0,Normal
2020-01-07 13:05:00,24.95,35.45,1415,46.3,27,6.861,10.5,0.0327,1250.1,0.0029,0,Normal
2020-01-07 13:06:00,24.95,35.55,1341,55.7,30,7.822,10.6,0.0415,1671.0,0.0032,0,Normal
2020-01-07 13:07:00,25.05,35.65,1540,34.8,32,5.612,10.6,0.0226,1113.6,0.0034,0,Normal
2020-01-07 13:08:00,25.05,35.65,1837,28.4,34,5.463,10.6,0.0155,965.6,0.0036,0,Normal
2020-01-07 13:09:00,25.05,35.65,1498,36.0,39,5.647,10.6,0.024,1404.0,0.0041,0,Normal
2020-01-07 13:10:00,24.95,35.55,1671,28.8,41,5.04,10.6,0.0172,1180.8,0.0043,0,Normal
2020-01-07 13:11:00,24.85,35.45,1430,57.0,43,8.536,10.6,0.0399,2451.0,0.0046,0,Normal
2020-01-07 13:12:00,24.85,35.55,1619,40.1,45,6.799,10.7,0.0248,1804.5,0.0048,0,Normal
2020-01-07 13:13:00,24.85,35.55,1430,51.9,47,7.772,10.7,0.0363,2439.3,0.005,0,Normal
2020-01-07 13:14:00,24.85,35.45,1626,33.3,50,5.67,10.6,0.0205,1665.0,0.0053,0,Normal
2020-01-07 13:15:00,24.85,35.55,1443,49.3,52,7.45,10.7,0.0342,2563.6,0.0055,0,Normal
2020-01-07 13:16:00,24.85,35.45,1481,42.5,54,6.591,10.6,0.0287,2295.0,0.0057,0,Normal
2020-01-07 13:17:00,24.95,35.55,1527,43.0,56,6.876,10.6,0.0282,2408.0,0.0059,0,Normal
2020-01-07 13:18:00,24.95,35.55,1315,56.8,59,7.822,10.6,0.0432,3351.2,0.0063,0,Normal
2020-01-07 13:19:00,24.95,35.65,1433,48.2,62,7.233,10.7,0.0336,2988.4,0.0066,0,Normal
2020-01-07 13:20:00,24.95,35.65,1378,53.5,65,7.72,10.7,0.0388,3477.5,0.0069,0,Normal
2020-01-07 13:21:00,24.95,35.65,1432,43.4,68,6.508,10.7,0.0303,2951.2,0.0072,0,Normal
2020-01-07 13:22:00,24.95,35.65,1394,47.9,70,6.992,10.7,0.0344,3353.0,0.0074,0,Normal
2020-01-07 13:23:00,24.85,35.65,1411,53.8,73,7.949,10.8,0.0381,3927.4,0.0077,0,Normal
2020-01-07 13:24:00,24.95,35.75,2136,15.9,78,3.557,10.8,0.0074,1240.2,0.0083,0,Normal
2020-01-07 13:25:00,25.05,35.85,1446,45.8,80,6.935,10.8,0.0317,3664.0,0.0085,0,Normal
2020-01-07 13:26:00,24.95,35.75,1388,53.5,83,7.776,10.8,0.0385,4440.5,0.0088,0,Normal
2020-01-07 13:27:00,24.95,35.75,1323,51.7,88,7.163,10.8,0.0391,4549.6,0.0093,0,Normal
2020-01-07 13:28:00,25.05,35.85,1780,29.3,91,5.462,10.8,0.0165,2666.3,0.0096,0,Normal
2020-01-07 13:29:00,24.95,35.65,1434,41.8,93,6.277,10.7,0.0291,3887.4,0.0098,0,Normal
2020-01-07 13:30:00,24.85,35.55,1494,42.6,96,6.665,10.7,0.0285,4089.6,0.0102,0,Normal
2020-01-07 13:31:00,24.85,35.55,1536,39.6,99,6.37,10.7,0.0258,3920.4,0.0105,0,Normal
2020-01-07 13:32:00,24.85,35.55,1392,53.4,104,7.784,10.7,0.0384,5553.6,0.011,0,Normal
2020-01-07 13:33:00,25.05,35.85,1360,56.8,107,8.089,10.8,0.0418,6077.6,0.0113,0,Normal
2020-01-07 13:34:00,25.25,36.05,1583,35.4,112,5.868,10.8,0.0224,3964.8,0.0118,0,Normal
2020-01-07 13:35:00,25.35,36.05,1983,20.2,114,4.195,10.7,0.0102,2302.8,0.0121,0,Normal
2020-01-07 13:36:00,25.35,36.15,1630,33.3,116,5.684,10.8,0.0204,3862.8,0.0123,0,Normal
2020-01-07 13:37:00,25.35,36.15,1692,26.7,118,4.731,10.8,0.0158,3150.6,0.0125,0,Normal
2020-01-07 13:38:00,25.25,35.95,1417,40.6,121,6.025,10.7,0.0287,4912.6,0.0128,0,Normal
2020-01-07 13:39:00,25.25,35.95,1579,36.1,123,5.969,10.7,0.0229,4440.3,0.013,0,Normal
2020-01-07 13:40:00,25.25,36.05,1399,45.2,125,6.622,10.8,0.0323,5650.0,0.0132,0,Normal
2020-01-07 13:41:00,25.25,36.05,1414,46.4,128,6.871,10.8,0.0328,5939.2,0.0135,0,Normal
2020-01-07 13:42:00,25.35,36.15,1570,40.1,131,6.593,10.8,0.0255,5253.1,0.0138,0,Normal
2020-01-07 13:43:00,25.35,36.15,1552,36.8,133,5.981,10.8,0.0237,4894.4,0.0141,0,Normal
2020-01-07 13:44:00,25.45,36.25,1440,48.2,136,7.268,10.8,0.0335,6555.2,0.0144,0,Normal
2020-01-07 13:45:00,25.45,36.25,1460,43.8,138,6.697,10.8,0.03,6044.4,0.0146,0,Normal
2020-01-07 13:46:00,25.45,36.25,1471,48.0,141,7.394,10.8,0.0326,6768.0,0.0149,0,Normal
2020-01-07 13:47:00,25.45,36.15,1702,27.6,143,4.919,10.7,0.0162,3946.8,0.0151,0,Normal
2020-01-07 13:48:00,25.45,36.25,1375,55.4,145,7.977,10.8,0.0403,8033.0,0.0153,0,Normal
2020-01-07 13:49:00,25.45,36.25,1698,33.2,147,5.903,10.8,0.0196,4880.4,0.0155,0,Normal
2020-01-07 13:50:00,25.45,36.25,1439,47.1,149,7.098,10.8,0.0327,7017.9,0.0157,0,Normal
2020-01-07 13:51:00,25.45,36.25,1774,27.5,154,5.109,10.8,0.0155,4235.0,0.0163,0,Normal
2020-01-07 13:52:00,25.55,36.25,1375,48.3,157,6.955,10.7,0.0351,7583.1,0.0166,0,Normal
2020-01-07 13:53:00,25.55,36.35,1446,40.0,160,6.057,10.8,0.0277,6400.0,0.0169,0,Normal
2020-01-07 13:54:00,25.55,36.45,1455,46.8,162,7.131,10.9,0.0322,7581.6,0.0171,0,Normal
2020-01-07 13:55:00,25.65,36.45,1523,41.9,165,6.683,10.8,0.0275,6913.5,0.0174,0,Normal
2020-01-07 13:56:00,25.65,36.45,1692,31.9,167,5.652,10.8,0.0189,5327.3,0.0176,0,Normal
2020-01-07 13:57:00,25.65,36.45,1693,33.3,170,5.904,10.8,0.0197,5661.0,0.0179,0,Normal
2020-01-07 13:58:00,25.65,36.45,1890,24.0,173,4.75,10.8,0.0127,4152.0,0.0183,0,Normal
2020-01-07 13:59:00,25.75,36.45,1600,33.5,175,5.613,10.7,0.0209,5862.5,0.0185,0,Normal
2020-01-07 14:00:00,25.75,36.45,1434,43.8,180,6.577,10.7,0.0305,7884.0,0.019,0,Normal
2020-01-07 14:01:00,25.75,36.45,1365,50.9,183,7.276,10.7,0.0373,9314.7,0.0193,0,Normal
2020-01-07 14:02:00,25.65,36.45,1309,57.4,185,7.868,10.8,0.0439,10619.0,0.0195,0,Normal
2020-01-07 14:03:00,25.75,36.45,1546,35.3,190,5.715,10.7,0.0228,6707.0,0.02,0,Normal
2020-01-07 14:04:00,25.75,36.45,1663,33.7,195,5.869,10.7,0.0203,6571.5,0.0206,0,Normal
2020-01-07 14:05:00,25.75,36.45,1589,34.2,197,5.691,10.7,0.0215,6737.4,0.0208,0,Normal
2020-01-07 14:06:00,25.75,36.45,1472,46.0,199,7.091,10.7,0.0312,9154.0,0.021,0,Normal
2020-01-07 14:07:00,25.75,36.45,1583,39.8,202,6.598,10.7,0.0251,8039.6,0.0213,0,Normal
2020-01-07 14:08:00,25.75,36.45,1567,34.5,204,5.661,10.7,0.022,7038.0,0.0215,0,Normal
2020-01-07 14:09:00,25.75,36.55,1407,41.9,207,6.174,10.8,0.0298,8673.3,0.0218,0,Normal
2020-01-07 14:10:00,25.85,36.55,1418,44.7,209,6.638,10.7,0.0315,9342.3,0.022,0,Normal
2020-01-07 14:11:00,25.85,36.55,1489,40.7,212,6.346,10.7,0.0273,8628.4,0.0223,0,Normal
2020-01-07 14:12:00,25.95,36.75,1586,36.6,215,6.079,10.8,0.0231,7869.0,0.0226,0,Normal
2020-01-07 14:13:00,25.95,36.65,1398,55.4,217,8.11,10.7,0.0396,12021.8,0.0229,1,Overstrain_Failure
2020-01-07 14:14:00,26.05,36.75,1516,41.4,219,6.572,10.7,0.0273,9066.6,0.0231,0,Normal
2020-01-07 14:15:00,26.15,36.85,1373,44.8,221,6.441,10.7,0.0326,9900.8,0.0233,0,Normal
2020-01-07 14:16:00,26.05,36.85,1349,50.4,226,7.12,10.8,0.0374,11390.4,0.0238,0,Normal
2020-01-07 14:17:00,25.95,36.75,1443,40.3,0,6.09,10.8,0.0279,0.0,0.0,0,Normal
2020-01-07 14:18:00,26.05,36.95,1542,36.1,5,5.829,10.9,0.0234,180.5,0.0005,0,Normal
2020-01-07 14:19:00,26.05,36.95,1534,37.7,10,6.056,10.9,0.0246,377.0,0.0011,0,Normal
2020-01-07 14:20:00,26.05,37.05,1697,30.6,12,5.438,11.0,0.018,367.2,0.0013,0,Normal
2020-01-07 14:21:00,26.15,37.15,1396,47.4,14,6.929,11.0,0.034,663.6,0.0015,0,Normal
2020-01-07 14:22:00,26.15,37.05,1495,49.2,16,7.703,10.9,0.0329,787.2,0.0017,0,Normal
2020-01-07 14:23:00,26.05,37.15,1551,44.8,18,7.276,11.1,0.0289,806.4,0.0019,0,Normal
2020-01-07 14:24:00,26.05,37.15,1440,47.0,21,7.087,11.1,0.0326,987.0,0.0022,0,Normal
2020-01-07 14:25:00,26.05,37.15,1429,40.1,23,6.001,11.1,0.0281,922.3,0.0024,0,Normal
2020-01-07 14:26:00,26.15,37.25,1548,41.6,25,6.744,11.1,0.0269,1040.0,0.0026,0,Normal
2020-01-07 14:27:00,26.15,37.35,1505,38.8,30,6.115,11.2,0.0258,1164.0,0.0032,0,Normal
2020-01-07 14:28:00,26.05,37.25,1611,36.4,32,6.141,11.2,0.0226,1164.8,0.0034,0,Normal
2020-01-07 14:29:00,26.05,37.25,1502,39.8,34,6.26,11.2,0.0265,1353.2,0.0036,0,Normal
2020-01-07 14:30:00,26.05,37.25,1504,43.3,37,6.82,11.2,0.0288,1602.1,0.0039,0,Normal
2020-01-07 14:31:00,25.95,37.15,1449,40.7,40,6.176,11.2,0.0281,1628.0,0.0042,0,Normal
2020-01-07 14:32:00,25.85,37.05,1575,37.8,42,6.234,11.2,0.024,1587.6,0.0044,0,Normal
2020-01-07 14:33:00,25.85,37.05,1598,33.4,44,5.589,11.2,0.0209,1469.6,0.0046,0,Normal
2020-01-07 14:34:00,25.85,36.95,1416,45.9,47,6.806,11.1,0.0324,2157.3,0.0049,0,Normal
2020-01-07 14:35:00,25.85,37.05,1682,28.8,49,5.073,11.2,0.0171,1411.2,0.0051,0,Normal
2020-01-07 14:36:00,25.75,36.95,1341,54.5,51,7.653,11.2,0.0406,2779.5,0.0054,0,Normal
2020-01-07 14:37:00,25.75,36.95,1523,39.1,53,6.236,11.2,0.0257,2072.3,0.0056,0,Normal
2020-01-07 14:38:00,25.85,36.95,1580,41.9,55,6.933,11.1,0.0265,2304.5,0.0058,0,Normal
2020-01-07 14:39:00,25.85,36.95,1531,36.0,57,5.772,11.1,0.0235,2052.0,0.006,0,Normal
2020-01-07 14:40:00,25.85,36.95,1375,48.9,59,7.041,11.1,0.0356,2885.1,0.0062,0,Normal
2020-01-07 14:41:00,25.75,36.95,1484,40.4,61,6.278,11.2,0.0272,2464.4,0.0064,0,Normal
2020-01-07 14:42:00,25.85,37.05,1657,32.3,64,5.605,11.2,0.0195,2067.2,0.0067,0,Normal
2020-01-07 14:43:00,25.85,37.05,1494,40.6,67,6.352,11.2,0.0272,2720.2,0.007,0,Normal
2020-01-07 14:44:00,25.85,37.15,1658,27.6,69,4.792,11.3,0.0166,1904.4,0.0072,0,Normal
2020-01-07 14:45:00,25.95,37.15,1411,42.1,74,6.221,11.2,0.0298,3115.4,0.0078,0,Normal
2020-01-07 14:46:00,26.05,37.25,1395,55.4,76,8.093,11.2,0.0397,4210.4,0.008,0,Normal
2020-01-07 14:47:00,25.95,37.25,1550,43.9,79,7.126,11.3,0.0283,3468.1,0.0083,0,Normal
2020-01-07 14:48:00,25.95,37.15,1233,59.0,81,7.618,11.2,0.0479,4779.0,0.0085,0,Normal
2020-01-07 14:49:00,25.95,37.15,1459,46.7,84,7.135,11.2,0.032,3922.8,0.0088,0,Normal
2020-01-07 14:50:00,25.95,37.25,1405,53.6,86,7.886,11.3,0.0381,4609.6,0.009,0,Normal
2020-01-07 14:51:00,26.05,37.35,1458,44.1,91,6.733,11.3,0.0302,4013.1,0.0095,0,Normal
2020-01-07 14:52:00,26.05,37.35,1384,48.7,93,7.058,11.3,0.0352,4529.1,0.0098,0,Normal
2020-01-07 14:53:00,26.05,37.35,1705,29.5,95,5.267,11.3,0.0173,2802.5,0.01,0,Normal
2020-01-07 14:54:00,26.15,37.45,1443,45.7,97,6.906,11.3,0.0317,4432.9,0.0102,0,Normal
2020-01-07 14:55:00,26.15,37.45,1609,31.4,99,5.291,11.3,0.0195,3108.6,0.0104,0,Normal
2020-01-07 14:56:00,26.15,37.35,1818,26.0,102,4.95,11.2,0.0143,2652.0,0.0107,0,Normal
2020-01-07 14:57:00,26.15,37.45,1457,42.1,104,6.423,11.3,0.0289,4378.4,0.0109,0,Normal
2020-01-07 14:58:00,26.15,37.45,1480,45.1,107,6.99,11.3,0.0305,4825.7,0.0112,0,Normal
2020-01-07 14:59:00,26.25,37.65,1424,47.7,109,7.113,11.4,0.0335,5199.3,0.0114,0,Normal
2020-01-07 15:00:00,26.25,37.65,1628,40.2,111,6.853,11.4,0.0247,4462.2,0.0116,0,Normal
2020-01-07 15:01:00,26.35,37.65,1754,31.3,114,5.749,11.3,0.0178,3568.2,0.0119,0,Normal
2020-01-07 15:02:00,26.45,37.75,1716,28.5,117,5.121,11.3,0.0166,3334.5,0.0123,0,Normal
2020-01-07 15:03:00,26.35,37.75,1378,48.7,119,7.028,11.4,0.0353,5795.3,0.0125,0,Normal
2020-01-07 15:04:00,26.45,37.85,1708,31.0,122,5.545,11.4,0.0181,3782.0,0.0128,0,Normal
2020-01-07 15:05:00,26.45,37.85,1430,38.3,124,5.735,11.4,0.0268,4749.2,0.013,0,Normal
2020-01-07 15:06:00,26.55,38.05,1560,43.9,126,7.172,11.5,0.0281,5531.4,0.0132,0,Normal
2020-01-07 15:07:00,26.45,37.95,1679,30.7,129,5.398,11.5,0.0183,3960.3,0.0135,0,Normal
2020-01-07 15:08:00,26.45,37.95,1521,37.2,131,5.925,11.5,0.0245,4873.2,0.0137,0,Normal
2020-01-07 15:09:00,26.45,37.95,1649,33.8,133,5.837,11.5,0.0205,4495.4,0.0139,0,Normal
2020-01-07 15:10:00,26.35,37.85,1451,43.3,136,6.579,11.5,0.0298,5888.8,0.0142,0,Normal
2020-01-07 15:11:00,26.25,37.65,1391,48.9,139,7.123,11.4,0.0352,6797.1,0.0146,0,Normal
2020-01-07 15:12:00,26.15,37.65,1523,40.9,141,6.523,11.5,0.0269,5766.9,0.0148,0,Normal
2020-01-07 15:13:00,26.15,37.55,1495,39.2,144,6.137,11.4,0.0262,5644.8,0.0151,0,Normal
2020-01-07 15:14:00,26.15,37.55,1440,45.5,146,6.861,11.4,0.0316,6643.0,0.0153,0,Normal
2020-01-07 15:15:00,26.25,37.65,1585,31.4,149,5.212,11.4,0.0198,4678.6,0.0156,0,Normal
2020-01-07 15:16:00,26.35,37.65,1374,48.3,154,6.95,11.3,0.0352,7438.2,0.0161,0,Normal
2020-01-07 15:17:00,26.35,37.65,1507,40.2,156,6.344,11.3,0.0267,6271.2,0.0163,0,Normal
2020-01-07 15:18:00,26.35,37.75,1577,34.6,159,5.714,11.4,0.0219,5501.4,0.0166,0,Normal
2020-01-07 15:19:00,26.35,37.75,1496,38.5,162,6.031,11.4,0.0257,6237.0,0.0169,0,Normal
2020-01-07 15:20:00,26.45,37.75,1487,42.5,164,6.618,11.3,0.0286,6970.0,0.0172,0,Normal
2020-01-07 15:21:00,26.45,37.75,1853,26.3,166,5.103,11.3,0.0142,4365.8,0.0174,0,Normal
2020-01-07 15:22:00,26.55,37.85,1435,50.1,168,7.529,11.3,0.0349,8416.8,0.0176,0,Normal
2020-01-07 15:23:00,26.65,37.95,1763,25.5,171,4.708,11.3,0.0145,4360.5,0.0179,0,Normal
2020-01-07 15:24:00,26.65,37.95,1820,24.9,174,4.746,11.3,0.0137,4332.6,0.0182,0,Normal
2020-01-07 15:25:00,26.65,37.95,1498,38.1,176,5.977,11.3,0.0254,6705.6,0.0184,0,Normal
2020-01-07 15:26:00,26.65,37.95,1603,35.1,179,5.892,11.3,0.0219,6282.9,0.0187,0,Normal
2020-01-07 15:27:00,26.65,37.95,1412,42.5,181,6.284,11.3,0.0301,7692.5,0.0189,0,Normal
2020-01-07 15:28:00,26.65,37.95,1588,38.0,183,6.319,11.3,0.0239,6954.0,0.0191,0,Normal
2020-01-07 15:29:00,26.65,37.85,1948,20.0,185,4.08,11.2,0.0103,3700.0,0.0193,0,Normal
2020-01-07 15:30:00,26.55,37.75,1384,48.2,188,6.986,11.2,0.0348,9061.6,0.0196,0,Normal
2020-01-07 15:31:00,26.55,37.65,1589,36.0,190,5.99,11.1,0.0227,6840.0,0.0198,0,Normal
2020-01-07 15:32:00,26.55,37.65,1405,47.6,192,7.003,11.1,0.0339,9139.2,0.0201,0,Normal
2020-01-07 15:33:00,26.55,37.75,1491,40.1,195,6.261,11.2,0.0269,7819.5,0.0204,0,Normal
2020-01-07 15:34:00,26.55,37.65,1418,46.6,197,6.92,11.1,0.0329,9180.2,0.0206,0,Normal
2020-01-07 15:35:00,26.45,37.65,1603,35.4,202,5.942,11.2,0.0221,7150.8,0.0211,0,Normal
2020-01-07 15:36:00,26.45,37.55,1922,23.3,205,4.69,11.1,0.0121,4776.5,0.0214,1,Tool_Wear_Failure
2020-01-07 15:37:00,26.35,37.55,1364,49.5,0,7.07,11.2,0.0363,0.0,0.0,0,Normal
2020-01-07 15:38:00,26.25,37.55,1551,41.2,3,6.692,11.3,0.0266,123.6,0.0003,0,Normal
2020-01-07 15:39:00,26.35,37.55,1589,33.5,5,5.574,11.2,0.0211,167.5,0.0005,0,Normal
2020-01-07 15:40:00,26.35,37.55,1423,56.5,7,8.419,11.2,0.0397,395.5,0.0007,0,Normal
2020-01-07 15:41:00,26.25,37.45,1418,53.1,10,7.885,11.2,0.0374,531.0,0.001,0,Normal
2020-01-07 15:42:00,26.15,37.35,1404,47.5,12,6.984,11.2,0.0338,570.0,0.0013,0,Normal
2020-01-07 15:43:00,26.15,37.35,1281,59.8,15,8.022,11.2,0.0467,897.0,0.0016,0,Normal
2020-01-07 15:44:00,26.15,37.35,1529,41.3,17,6.613,11.2,0.027,702.1,0.0018,0,Normal
2020-01-07 15:45:00,26.15,37.35,1563,42.1,19,6.891,11.2,0.0269,799.9,0.002,0,Normal
2020-01-07 15:46:00,26.25,37.45,1348,54.5,22,7.693,11.2,0.0404,1199.0,0.0023,0,Normal
2020-01-07 15:47:00,26.15,37.35,1462,40.5,24,6.201,11.2,0.0277,972.0,0.0025,0,Normal
2020-01-07 15:48:00,26.15,37.25,1510,45.5,27,7.195,11.1,0.0301,1228.5,0.0028,0,Normal
2020-01-07 15:49:00,26.05,37.25,1472,43.3,32,6.675,11.2,0.0294,1385.6,0.0033,0,Normal
2020-01-07 15:50:00,26.05,37.25,1325,52.0,34,7.215,11.2,0.0392,1768.0,0.0035,0,Normal
2020-01-07 15:51:00,26.05,37.25,1570,37.3,37,6.132,11.2,0.0238,1380.1,0.0039,0,Normal
2020-01-07 15:52:00,26.05,37.25,1379,46.8,39,6.758,11.2,0.0339,1825.2,0.0041,0,Normal
2020-01-07 15:53:00,25.95,37.05,1352,52.8,41,7.475,11.1,0.0391,2164.8,0.0043,0,Normal
2020-01-07 15:54:00,25.95,37.15,1727,28.7,43,5.19,11.2,0.0166,1234.1,0.0045,0,Normal
2020-01-07 15:55:00,25.85,36.95,1432,50.0,45,7.498,11.1,0.0349,2250.0,0.0047,0,Normal
2020-01-07 15:56:00,25.75,36.95,1466,43.4,50,6.663,11.2,0.0296,2170.0,0.0052,0,Normal
2020-01-07 15:57:00,25.75,36.95,1510,38.0,52,6.009,11.2,0.0252,1976.0,0.0054,0,Normal
2020-01-07 15:58:00,25.85,37.05,1490,41.1,54,6.413,11.2,0.0276,2219.4,0.0056,0,Normal
2020-01-07 15:59:00,25.85,36.95,1463,37.4,56,5.73,11.1,0.0256,2094.4,0.0058,0,Normal
2020-01-07 16:00:00,25.75,36.85,1561,45.3,58,7.405,11.1,0.029,2627.4,0.006,0,Normal
2020-01-07 16:01:00,25.75,36.95,2109,18.0,61,3.975,11.2,0.0085,1098.0,0.0064,0,Normal
2020-01-07 16:02:00,25.75,37.05,1705,32.5,63,5.803,11.3,0.0191,2047.5,0.0066,0,Normal
2020-01-07 16:03:00,25.75,36.95,1549,40.2,65,6.521,11.2,0.026,2613.0,0.0068,0,Normal
2020-01-07 16:04:00,25.85,37.05,1637,38.0,68,6.514,11.2,0.0232,2584.0,0.0071,0,Normal
2020-01-07 16:05:00,25.75,36.95,1484,37.9,73,5.89,11.2,0.0255,2766.7,0.0076,0,Normal
2020-01-07 16:06:00,25.75,36.95,1401,44.4,76,6.514,11.2,0.0317,3374.4,0.0079,0,Normal
2020-01-07 16:07:00,25.75,36.95,1571,36.8,78,6.054,11.2,0.0234,2870.4,0.0081,0,Normal
2020-01-07 16:08:00,25.75,36.95,1513,41.5,80,6.575,11.2,0.0274,3320.0,0.0083,0,Normal
2020-01-07 16:09:00,25.85,36.95,1470,40.3,83,6.204,11.1,0.0274,3344.9,0.0086,0,Normal
2020-01-07 16:10:00,25.85,36.95,1505,41.3,85,6.509,11.1,0.0274,3510.5,0.0088,0,Normal
2020-01-07 16:11:00,25.85,37.05,1432,42.2,87,6.328,11.2,0.0295,3671.4,0.0091,0,Normal
2020-01-07 16:12:00,25.85,37.05,1625,31.8,89,5.411,11.2,0.0196,2830.2,0.0093,0,Normal
2020-01-07 16:13:00,25.85,37.05,1377,62.5,92,9.012,11.2,0.0454,5750.0,0.0096,1,Power_Failure
2020-01-07 16:14:00,25.95,37.15,1441,43.9,94,6.625,11.2,0.0305,4126.6,0.0098,0,Normal
2020-01-07 16:15:00,25.85,37.05,1564,39.9,97,6.535,11.2,0.0255,3870.3,0.0101,0,Normal
2020-01-07 16:16:00,25.75,36.95,1580,37.3,100,6.172,11.2,0.0236,3730.0,0.0104,0,Normal
2020-01-07 16:17:00,25.85,37.05,1516,35.3,102,5.604,11.2,0.0233,3600.6,0.0106,0,Normal
2020-01-07 16:18:00,25.85,36.95,1447,42.8,104,6.485,11.1,0.0296,4451.2,0.0108,0,Normal
2020-01-07 16:19:00,25.75,36.85,1323,52.9,106,7.329,11.1,0.04,5607.4,0.011,0,Normal
2020-01-07 16:20:00,25.75,36.85,1470,45.9,109,7.066,11.1,0.0312,5003.1,0.0113,0,Normal
2020-01-07 16:21:00,25.85,36.85,2049,19.5,111,4.184,11.0,0.0095,2164.5,0.0115,0,Normal
2020-01-07 16:22:00,25.75,36.85,1794,27.2,114,5.11,11.1,0.0152,3100.8,0.0118,0,Normal
2020-01-07 16:23:00,25.75,36.95,1356,47.8,116,6.788,11.2,0.0353,5544.8,0.0121,0,Normal
2020-01-07 16:24:00,25.85,36.95,1555,38.6,118,6.286,11.1,0.0248,4554.8,0.0123,0,Normal
2020-01-07 16:25:00,25.85,36.95,1487,47.5,123,7.397,11.1,0.0319,5842.5,0.0128,0,Normal
2020-01-07 16:26:00,25.85,36.85,1341,58.9,126,8.271,11.0,0.0439,7421.4,0.0131,0,Normal
2020-01-07 16:27:00,25.75,36.85,1487,36.6,129,5.699,11.1,0.0246,4721.4,0.0134,0,Normal
2020-01-07 16:28:00,25.85,36.85,1569,34.3,132,5.636,11.0,0.0219,4527.6,0.0137,0,Normal
2020-01-07 16:29:00,25.85,36.95,2053,19.7,137,4.235,11.1,0.0096,2698.9,0.0142,0,Normal
2020-01-07 16:30:00,25.85,36.95,1583,35.8,142,5.935,11.1,0.0226,5083.6,0.0147,0,Normal
2020-01-07 16:31:00,25.85,36.85,1672,33.2,144,5.813,11.0,0.0199,4780.8,0.015,0,Normal
2020-01-07 16:32:00,25.85,36.85,1337,57.4,146,8.037,11.0,0.0429,8380.4,0.0152,0,Normal
2020-01-07 16:33:00,25.95,36.95,1421,41.2,149,6.131,11.0,0.029,6138.8,0.0155,0,Normal
2020-01-07 16:34:00,25.95,37.05,1425,52.7,154,7.864,11.1,0.037,8115.8,0.016,0,Normal
2020-01-07 16:35:00,26.05,37.05,1609,33.2,156,5.594,11.0,0.0206,5179.2,0.0162,0,Normal
2020-01-07 16:36:00,26.05,37.15,1507,41.3,158,6.518,11.1,0.0274,6525.4,0.0164,0,Normal
2020-01-07 16:37:00,26.05,37.15,1463,38.9,160,5.96,11.1,0.0266,6224.0,0.0166,0,Normal
2020-01-07 16:38:00,26.15,37.25,1393,44.9,162,6.55,11.1,0.0322,7273.8,0.0168,0,Normal
2020-01-07 16:39:00,26.15,37.25,1725,26.8,167,4.841,11.1,0.0155,4475.6,0.0173,0,Normal
2020-01-07 16:40:00,26.25,37.35,1514,36.1,169,5.724,11.1,0.0238,6100.9,0.0175,0,Normal
2020-01-07 16:41:00,26.15,37.25,1365,53.9,171,7.705,11.1,0.0395,9216.9,0.0177,0,Normal
2020-01-07 16:42:00,26.25,37.35,1372,46.3,173,6.652,11.1,0.0337,8009.9,0.0179,0,Normal
2020-01-07 16:43:00,26.25,37.25,1509,40.6,175,6.416,11.0,0.0269,7105.0,0.0181,0,Normal
2020-01-07 16:44:00,26.15,37.25,1629,32.6,177,5.561,11.1,0.02,5770.2,0.0184,0,Normal
2020-01-07 16:45:00,26.25,37.35,1749,28.1,179,5.147,11.1,0.0161,5029.9,0.0186,0,Normal
2020-01-07 16:46:00,26.25,37.25,1582,31.7,181,5.252,11.0,0.02,5737.7,0.0188,0,Normal
2020-01-07 16:47:00,26.05,37.05,1458,47.0,183,7.176,11.0,0.0322,8601.0,0.019,0,Normal
2020-01-07 16:48:00,25.95,36.95,1416,41.2,185,6.109,11.0,0.0291,7622.0,0.0192,0,Normal
2020-01-07 16:49:00,25.95,36.85,1657,33.1,187,5.744,10.9,0.02,6189.7,0.0194,0,Normal
2020-01-07 16:50:00,25.95,36.85,1437,41.1,192,6.185,10.9,0.0286,7891.2,0.0199,0,Normal
2020-01-07 16:51:00,25.95,36.85,1580,36.0,195,5.956,10.9,0.0228,7020.0,0.0202,0,Normal
2020-01-07 16:52:00,25.85,36.85,1488,46.3,198,7.215,11.0,0.0311,9167.4,0.0205,0,Normal
2020-01-07 16:53:00,25.85,36.75,1373,55.7,201,8.009,10.9,0.0406,11195.7,0.0208,1,Overstrain_Failure
2020-01-07 16:54:00,25.95,36.85,1367,56.3,203,8.059,10.9,0.0412,11428.9,0.021,1,Overstrain_Failure
2020-01-07 16:55:00,25.95,36.85,1431,49.5,205,7.418,10.9,0.0346,10147.5,0.0212,0,Normal
2020-01-07 16:56:00,25.85,36.95,1623,33.0,210,5.609,11.1,0.0203,6930.0,0.0217,0,Normal
2020-01-07 16:57:00,25.85,36.85,1484,39.6,212,6.154,11.0,0.0267,8395.2,0.022,0,Normal
2020-01-07 16:58:00,25.85,36.75,1548,34.5,214,5.593,10.9,0.0223,7383.0,0.0222,0,Normal
2020-01-07 16:59:00,25.75,36.65,1287,61.9,216,8.343,10.9,0.0481,13370.4,0.0224,1,Overstrain_Failure
2020-01-07 17:00:00,25.75,36.65,1392,43.1,218,6.283,10.9,0.031,9395.8,0.0226,0,Normal
2020-01-07 17:01:00,25.85,36.85,1458,44.9,221,6.855,11.0,0.0308,9922.9,0.0229,0,Normal
2020-01-07 17:02:00,25.95,36.95,1570,30.9,226,5.08,11.0,0.0197,6983.4,0.0234,0,Normal
2020-01-07 17:03:00,25.95,36.95,1435,48.8,229,7.333,11.0,0.034,11175.2,0.0237,1,Overstrain_Failure
2020-01-07 17:04:00,25.95,37.05,1317,54.8,231,7.558,11.1,0.0416,12658.8,0.0239,1,Overstrain_Failure
2020-01-07 17:05:00,26.05,37.15,1610,33.3,233,5.614,11.1,0.0207,7758.9,0.0241,0,Normal
2020-01-07 17:06:00,25.95,37.15,1838,24.0,235,4.619,11.2,0.0131,5640.0,0.0243,0,Normal
2020-01-07 17:07:00,26.05,37.15,1352,48.9,238,6.923,11.1,0.0362,11638.2,0.0246,1,Overstrain_Failure
2020-01-07 17:08:00,25.95,37.15,1619,35.2,240,5.968,11.2,0.0217,8448.0,0.0248,0,Normal
2020-01-07 17:09:00,25.95,37.15,1619,31.1,242,5.273,11.2,0.0192,7526.2,0.025,0,Normal
2020-01-07 17:10:00,25.85,37.05,1690,30.7,244,5.433,11.2,0.0182,7490.8,0.0252,0,Normal
2020-01-07 17:11:00,25.85,37.05,1412,44.1,246,6.521,11.2,0.0312,10848.6,0.0254,0,Normal
2020-01-07 17:12:00,25.85,37.05,1744,31.5,0,5.753,11.2,0.0181,0.0,0.0,0,Normal
2020-01-07 17:13:00,25.85,36.95,1593,35.4,5,5.905,11.1,0.0222,177.0,0.0005,0,Normal
2020-01-07 17:14:00,25.95,37.05,1695,29.6,8,5.254,11.1,0.0175,236.8,0.0008,0,Normal
2020-01-07 17:15:00,25.85,37.05,1298,57.2,10,7.775,11.2,0.0441,572.0,0.001,0,Normal
2020-01-07 17:16:00,25.85,36.95,1886,21.2,13,4.187,11.1,0.0112,275.6,0.0013,0,Normal
2020-01-07 17:17:00,25.85,36.95,2033,19.3,15,4.109,11.1,0.0095,289.5,0.0015,0,Normal
2020-01-07 17:18:00,25.95,37.05,1711,28.1,17,5.035,11.1,0.0164,477.7,0.0018,0,Normal
2020-01-07 17:19:00,25.95,37.05,1598,33.4,20,5.589,11.1,0.0209,668.0,0.0021,0,Normal
2020-01-07 17:20:00,25.95,36.95,1894,24.2,22,4.8,11.0,0.0128,532.4,0.0023,0,Normal
2020-01-07 17:21:00,25.95,36.95,1412,44.4,24,6.565,11.0,0.0314,1065.6,0.0025,0,Normal
2020-01-07 17:22:00,25.95,36.85,1394,46.6,27,6.803,10.9,0.0334,1258.2,0.0028,0,Normal
2020-01-07 17:23:00,25.85,36.85,1338,56.4,29,7.902,11.0,0.0422,1635.6,0.003,0,Normal
2020-01-07 17:24:00,25.75,36.75,1376,51.0,32,7.349,11.0,0.0371,1632.0,0.0033,0,Normal
2020-01-07 17:25:00,25.85,36.85,1360,48.1,37,6.85,11.0,0.0354,1779.7,0.0038,0,Normal
2020-01-07 17:26:00,25.95,36.95,1486,40.7,39,6.333,11.0,0.0274,1587.3,0.004,0,Normal
2020-01-07 17:27:00,25.95,36.95,1649,31.6,41,5.457,11.0,0.0192,1295.6,0.0042,0,Normal
2020-01-07 17:28:00,25.95,36.95,1367,45.6,44,6.528,11.0,0.0334,2006.4,0.0045,0,Normal
2020-01-07 17:29:00,25.85,36.95,1362,59.5,46,8.486,11.1,0.0437,2737.0,0.0047,0,Normal
2020-01-07 17:30:00,25.75,36.85,1520,35.6,48,5.667,11.1,0.0234,1708.8,0.005,0,Normal
2020-01-07 17:31:00,25.85,36.85,1582,31.9,51,5.285,11.0,0.0202,1626.9,0.0053,0,Normal
2020-01-07 17:32:00,25.85,36.85,1667,30.0,53,5.237,11.0,0.018,1590.0,0.0055,0,Normal
2020-01-07 17:33:00,25.75,36.85,1693,28.8,56,5.106,11.1,0.017,1612.8,0.0058,0,Normal
2020-01-07 17:34:00,25.75,36.85,1559,33.4,58,5.453,11.1,0.0214,1937.2,0.006,0,Normal
2020-01-07 17:35:00,25.75,36.75,1592,32.0,60,5.335,11.0,0.0201,1920.0,0.0062,0,Normal
2020-01-07 17:36:00,25.75,36.75,1404,39.8,62,5.852,11.0,0.0283,2467.6,0.0064,0,Normal
2020-01-07 17:37:00,25.65,36.65,1413,45.5,64,6.733,11.0,0.0322,2912.0,0.0066,0,Normal
2020-01-07 17:38:00,25.65,36.65,1663,28.2,67,4.911,11.0,0.017,1889.4,0.0069,0,Normal
2020-01-07 17:39:00,25.65,36.65,1508,36.3,69,5.732,11.0,0.0241,2504.7,0.0071,0,Normal
2020-01-07 17:40:00,25.75,36.65,1353,53.7,71,7.609,10.9,0.0397,3812.7,0.0073,0,Normal
2020-01-07 17:41:00,25.65,36.65,1485,42.4,74,6.594,11.0,0.0286,3137.6,0.0076,0,Normal
2020-01-07 17:42:00,25.75,36.85,1633,31.2,76,5.335,11.1,0.0191,2371.2,0.0078,0,Normal
2020-01-07 17:43:00,25.75,36.85,1422,43.6,78,6.493,11.1,0.0307,3400.8,0.008,0,Normal
2020-01-07 17:44:00,25.75,36.95,1577,41.4,80,6.837,11.2,0.0263,3312.0,0.0082,0,Normal
2020-01-07 17:45:00,25.75,36.85,1482,41.1,82,6.379,11.1,0.0277,3370.2,0.0084,0,Normal
2020-01-07 17:46:00,25.85,36.95,1705,30.1,84,5.374,11.1,0.0177,2528.4,0.0087,0,Normal
2020-01-07 17:47:00,25.85,36.95,1699,32.9,87,5.854,11.1,0.0194,2862.3,0.009,0,Normal
2020-01-07 17:48:00,25.85,36.95,1664,29.7,89,5.175,11.1,0.0178,2643.3,0.0092,0,Normal
2020-01-07 17:49:00,25.85,36.85,1486,34.6,91,5.384,11.0,0.0233,3148.6,0.0094,0,Normal
2020-01-07 17:50:00,25.95,36.95,1336,61.3,94,8.576,11.0,0.0459,5762.2,0.0097,0,Normal
2020-01-07 17:51:00,25.95,36.95,1429,42.9,96,6.42,11.0,0.03,4118.4,0.0099,0,Normal
2020-01-07 17:52:00,25.95,37.05,1456,48.4,101,7.38,11.1,0.0332,4888.4,0.0104,0,Normal
2020-01-07 17:53:00,25.95,37.05,1496,45.0,104,7.05,11.1,0.0301,4680.0,0.0107,0,Normal
2020-01-07 17:54:00,25.95,36.95,1894,20.1,106,3.987,11.0,0.0106,2130.6,0.0109,0,Normal
2020-01-07 17:55:00,25.95,36.95,1373,55.6,108,7.994,11.0,0.0405,6004.8,0.0111,0,Normal
2020-01-07 17:56:00,25.85,36.85,1387,45.2,110,6.565,11.0,0.0326,4972.0,0.0113,0,Normal
2020-01-07 17:57:00,25.75,36.75,1500,44.2,115,6.943,11.0,0.0295,5083.0,0.0118,0,Normal
2020-01-07 17:58:00,25.75,36.75,1517,36.6,117,5.814,11.0,0.0241,4282.2,0.012,0,Normal
2020-01-07 17:59:00,25.75,36.75,1309,56.2,119,7.704,11.0,0.0429,6687.8,0.0122,0,Normal
2020-01-07 18:00:00,25.75,36.75,1357,54.5,121,7.745,11.0,0.0402,6594.5,0.0124,0,Normal
2020-01-07 18:01:00,25.65,36.65,1490,40.6,124,6.335,11.0,0.0272,5034.4,0.0128,0,Normal
2020-01-07 18:02:00,25.65,36.65,1911,21.6,126,4.323,11.0,0.0113,2721.6,0.013,0,Normal
2020-01-07 18:03:00,25.65,36.65,1599,33.6,131,5.626,11.0,0.021,4401.6,0.0135,0,Normal
2020-01-07 18:04:00,25.65,36.55,2098,19.0,133,4.174,10.9,0.0091,2527.0,0.0137,0,Normal
2020-01-07 18:05:00,25.55,36.55,1629,27.9,136,4.759,11.0,0.0171,3794.4,0.014,0,Normal
2020-01-07 18:06:00,25.65,36.65,1557,37.2,139,6.065,11.0,0.0239,5170.8,0.0143,0,Normal
2020-01-07 18:07:00,25.65,36.65,1461,39.4,141,6.028,11.0,0.027,5555.4,0.0145,0,Normal
2020-01-07 18:08:00,25.65,36.65,1563,33.7,143,5.516,11.0,0.0216,4819.1,0.0147,0,Normal
2020-01-07 18:09:00,25.55,36.65,1695,29.0,145,5.147,11.1,0.0171,4205.0,0.0149,0,Normal
2020-01-07 18:10:00,25.65,36.85,1528,36.7,147,5.872,11.2,0.024,5394.9,0.0151,0,Normal
2020-01-07 18:11:00,25.65,36.85,1389,49.6,149,7.215,11.2,0.0357,7390.4,0.0153,0,Normal
2020-01-07 18:12:00,25.75,36.85,2231,17.4,151,4.065,11.1,0.0078,2627.4,0.0155,0,Normal
2020-01-07 18:13:00,25.75,36.95,1442,42.9,153,6.478,11.2,0.0298,6563.7,0.0157,0,Normal
2020-01-07 18:14:00,25.75,36.95,1458,44.3,156,6.764,11.2,0.0304,6910.8,0.016,0,Normal
2020-01-07 18:15:00,25.85,36.95,1444,47.7,161,7.213,11.1,0.033,7679.7,0.0165,0,Normal
2020-01-07 18:16:00,25.75,36.85,1348,58.2,163,8.216,11.1,0.0432,9486.6,0.0167,0,Normal
2020-01-07 18:17:00,25.75,36.85,1791,27.6,166,5.176,11.1,0.0154,4581.6,0.017,0,Normal
2020-01-07 18:18:00,25.85,36.85,1509,38.0,168,6.005,11.0,0.0252,6384.0,0.0173,0,Normal
2020-01-07 18:19:00,25.75,36.85,1515,42.9,170,6.806,11.1,0.0283,7293.0,0.0175,0,Normal
2020-01-07 18:20:00,25.75,36.95,1655,31.5,172,5.459,11.2,0.019,5418.0,0.0177,0,Normal
2020-01-07 18:21:00,25.75,36.95,1495,42.9,175,6.716,11.2,0.0287,7507.5,0.018,0,Normal
2020-01-07 18:22:00,25.75,37.05,1623,37.2,177,6.323,11.3,0.0229,6584.4,0.0182,0,Normal
2020-01-07 18:23:00,25.75,37.05,1562,42.5,179,6.952,11.3,0.0272,7607.5,0.0184,0,Normal
2020-01-07 18:24:00,25.65,36.95,1574,36.2,181,5.967,11.3,0.023,6552.2,0.0186,0,Normal
2020-01-07 18:25:00,25.65,36.85,1611,32.4,183,5.466,11.2,0.0201,5929.2,0.0188,0,Normal
2020-01-07 18:26:00,25.65,36.85,1403,45.6,185,6.7,11.2,0.0325,8436.0,0.019,0,Normal
2020-01-07 18:27:00,25.65,36.95,1481,47.4,187,7.351,11.3,0.032,8863.8,0.0192,0,Normal
2020-01-07 18:28:00,25.75,36.95,1441,41.2,189,6.217,11.2,0.0286,7786.8,0.0194,0,Normal
2020-01-07 18:29:00,25.65,36.95,1483,45.4,192,7.051,11.3,0.0306,8716.8,0.0197,0,Normal
2020-01-07 18:30:00,25.55,36.85,1555,32.6,197,5.309,11.3,0.021,6422.2,0.0202,0,Normal
2020-01-07 18:31:00,25.45,36.75,1615,28.8,199,4.871,11.3,0.0178,5731.2,0.0204,0,Normal
2020-01-07 18:32:00,25.45,36.65,1561,32.6,201,5.329,11.2,0.0209,6552.6,0.0206,0,Normal
2020-01-07 18:33:00,25.35,36.65,1593,35.1,203,5.855,11.3,0.022,7125.3,0.0208,0,Normal
2020-01-07 18:34:00,25.35,36.55,1552,34.0,205,5.526,11.2,0.0219,6970.0,0.021,0,Normal
2020-01-07 18:35:00,25.35,36.55,1561,35.3,208,5.77,11.2,0.0226,7342.4,0.0213,0,Normal
2020-01-07 18:36:00,25.45,36.65,1597,35.9,213,6.004,11.2,0.0225,7646.7,0.0218,0,Normal
2020-01-07 18:37:00,25.45,36.75,1517,34.0,215,5.401,11.3,0.0224,7310.0,0.022,0,Normal
2020-01-07 18:38:00,25.45,36.65,2271,16.2,218,3.853,11.2,0.0071,3531.6,0.0223,1,Tool_Wear_Failure
2020-01-07 18:39:00,25.35,36.55,1613,36.7,0,6.199,11.2,0.0228,0.0,0.0,0,Normal
2020-01-07 18:40:00,25.35,36.45,1509,47.3,2,7.474,11.1,0.0313,94.6,0.0002,0,Normal
2020-01-07 18:41:00,25.45,36.55,1703,26.1,5,4.655,11.1,0.0153,130.5,0.0005,0,Normal
2020-01-07 18:42:00,25.45,36.55,1925,22.1,7,4.455,11.1,0.0115,154.7,0.0007,0,Normal
2020-01-07 18:43:00,25.45,36.45,1635,29.7,9,5.085,11.0,0.0182,267.3,0.0009,0,Normal
2020-01-07 18:44:00,25.35,36.35,1294,66.7,12,9.038,11.0,0.0515,800.4,0.0012,1,Power_Failure
2020-01-07 18:45:00,25.45,36.45,1472,39.1,14,6.027,11.0,0.0266,547.4,0.0014,0,Normal
2020-01-07 18:46:00,25.45,36.45,1449,42.5,16,6.449,11.0,0.0293,680.0,0.0016,0,Normal
2020-01-07 18:47:00,25.45,36.45,1563,35.0,21,5.729,11.0,0.0224,735.0,0.0021,0,Normal
2020-01-07 18:48:00,25.45,36.45,1611,35.7,23,6.023,11.0,0.0222,821.1,0.0024,0,Normal
2020-01-07 18:49:00,25.45,36.45,1386,48.6,25,7.054,11.0,0.0351,1215.0,0.0026,0,Normal
2020-01-07 18:50:00,25.45,36.35,1584,31.8,27,5.275,10.9,0.0201,858.6,0.0028,0,Normal
2020-01-07 18:51:00,25.55,36.45,1424,50.4,32,7.516,10.9,0.0354,1612.8,0.0033,0,Normal
2020-01-07 18:52:00,25.35,36.35,1561,34.8,35,5.689,11.0,0.0223,1218.0,0.0036,0,Normal
2020-01-07 18:53:00,25.35,36.25,1560,37.9,37,6.191,10.9,0.0243,1402.3,0.0038,0,Normal
2020-01-07 18:54:00,25.45,36.35,1375,41.0,39,5.904,10.9,0.0298,1599.0,0.004,0,Normal
2020-01-07 18:55:00,25.45,36.35,1684,27.8,44,4.902,10.9,0.0165,1223.2,0.0045,0,Normal
2020-01-07 18:56:00,25.45,36.45,1397,54.1,47,7.914,11.0,0.0387,2542.7,0.0048,0,Normal
2020-01-07 18:57:00,25.45,36.45,1387,57.6,50,8.366,11.0,0.0415,2880.0,0.0051,0,Normal
2020-01-07 18:58:00,25.55,36.55,1311,54.5,52,7.482,11.0,0.0416,2834.0,0.0053,0,Normal
2020-01-07 18:59:00,25.65,36.65,1509,36.2,57,5.72,11.0,0.024,2063.4,0.0058,0,Normal
2020-01-07 19:00:00,25.65,36.65,1477,46.7,59,7.223,11.0,0.0316,2755.3,0.006,0,Normal
2020-01-07 19:01:00,25.65,36.75,1441,41.6,62,6.277,11.1,0.0289,2579.2,0.0063,0,Normal
2020-01-07 19:02:00,25.55,36.75,1404,47.1,64,6.925,11.2,0.0335,3014.4,0.0065,0,Normal
2020-01-07 19:03:00,25.65,36.75,1466,44.6,66,6.847,11.1,0.0304,2943.6,0.0067,0,Normal
2020-01-07 19:04:00,25.55,36.65,1435,48.8,71,7.333,11.1,0.034,3464.8,0.0073,0,Normal
2020-01-07 19:05:00,25.55,36.55,1697,29.8,74,5.296,11.0,0.0176,2205.2,0.0076,0,Normal
2020-01-07 19:06:00,25.55,36.45,1738,27.3,79,4.969,10.9,0.0157,2156.7,0.0081,0,Normal
2020-01-07 19:07:00,25.45,36.35,1420,50.4,82,7.495,10.9,0.0355,4132.8,0.0084,0,Normal
2020-01-07 19:08:00,25.35,36.35,1535,39.8,87,6.398,11.0,0.0259,3462.6,0.0089,0,Normal
2020-01-07 19:09:00,25.45,36.45,1715,28.4,90,5.1,11.0,0.0166,2556.0,0.0092,0,Normal
2020-01-07 19:10:00,25.45,36.35,1483,43.2,92,6.709,10.9,0.0291,3974.4,0.0094,0,Normal
2020-01-07 19:11:00,25.35,36.25,1521,37.5,94,5.973,10.9,0.0247,3525.0,0.0096,0,Normal
2020-01-07 19:12:00,25.35,36.25,1573,36.0,97,5.93,10.9,0.0229,3492.0,0.0099,0,Normal
2020-01-07 19:13:00,25.35,36.25,1414,46.7,102,6.915,10.9,0.033,4763.4,0.0104,0,Normal
2020-01-07 19:14:00,25.35,36.15,1590,33.9,107,5.644,10.8,0.0213,3627.3,0.0109,0,Normal
2020-01-07 19:15:00,25.35,36.15,1623,33.1,109,5.626,10.8,0.0204,3607.9,0.0111,0,Normal
2020-01-07 19:16:00,25.25,36.15,1694,30.9,111,5.482,10.9,0.0182,3429.9,0.0113,0,Normal
2020-01-07 19:17:00,25.25,36.05,1597,33.5,116,5.602,10.8,0.021,3886.0,0.0118,0,Normal
2020-01-07 19:18:00,25.35,36.15,1471,44.7,119,6.886,10.8,0.0304,5319.3,0.0121,0,Normal
2020-01-07 19:19:00,25.35,36.15,1551,34.7,121,5.636,10.8,0.0224,4198.7,0.0123,0,Normal
2020-01-07 19:20:00,25.35,36.15,1421,50.3,124,7.485,10.8,0.0354,6237.2,0.0127,0,Normal
2020-01-07 19:21:00,25.25,36.15,1496,45.6,129,7.144,10.9,0.0305,5882.4,0.0132,0,Normal
2020-01-07 19:22:00,25.25,36.15,1984,19.2,132,3.989,10.9,0.0097,2534.4,0.0135,0,Normal
2020-01-07 19:23:00,25.25,36.05,1692,29.8,137,5.28,10.8,0.0176,4082.6,0.014,0,Normal
2020-01-07 19:24:00,25.25,35.95,1467,42.5,139,6.529,10.7,0.029,5907.5,0.0142,0,Normal
2020-01-07 19:25:00,25.25,36.05,1651,28.5,141,4.927,10.8,0.0173,4018.5,0.0144,0,Normal
2020-01-07 19:26:00,25.15,35.95,1417,60.5,143,8.977,10.8,0.0427,8651.5,0.0146,0,Normal
2020-01-07 19:27:00,25.05,35.85,1413,55.0,145,8.138,10.8,0.0389,7975.0,0.0148,0,Normal
2020-01-07 19:28:00,25.05,35.85,1441,44.2,147,6.67,10.8,0.0307,6497.4,0.015,0,Normal
2020-01-07 19:29:00,25.05,35.85,1353,50.3,150,7.127,10.8,0.0372,7545.0,0.0153,0,Normal
2020-01-07 19:30:00,24.95,35.85,1502,40.9,153,6.433,10.9,0.0272,6257.7,0.0156,0,Normal
2020-01-07 19:31:00,25.05,35.85,1610,31.7,155,5.345,10.8,0.0197,4913.5,0.0158,0,Normal
2020-01-07 19:32:00,25.05,35.95,1411,45.8,157,6.767,10.9,0.0325,7190.6,0.016,0,Normal
2020-01-07 19:33:00,25.15,35.95,1387,52.3,160,7.596,10.8,0.0377,8368.0,0.0163,0,Normal
2020-01-07 19:34:00,25.15,35.95,1430,40.9,162,6.125,10.8,0.0286,6625.8,0.0165,0,Normal
2020-01-07 19:35:00,25.25,35.95,1576,38.8,167,6.403,10.7,0.0246,6479.6,0.017,0,Normal
2020-01-07 19:36:00,25.35,36.05,1721,29.4,170,5.299,10.7,0.0171,4998.0,0.0173,0,Normal
2020-01-07 19:37:00,25.35,36.15,1465,42.4,173,6.505,10.8,0.0289,7335.2,0.0176,0,Normal
2020-01-07 19:38:00,25.45,36.25,1407,45.1,176,6.645,10.8,0.0321,7937.6,0.0179,0,Normal
2020-01-07 19:39:00,25.45,36.25,1464,36.9,179,5.657,10.8,0.0252,6605.1,0.0182,0,Normal
2020-01-07 19:40:00,25.45,36.35,1568,36.7,182,6.026,10.9,0.0234,6679.4,0.0185,0,Normal
2020-01-07 19:41:00,25.45,36.25,1667,35.6,185,6.215,10.8,0.0214,6586.0,0.0188,0,Normal
2020-01-07 19:42:00,25.35,36.25,1360,60.9,187,8.673,10.9,0.0448,11388.3,0.019,1,Overstrain_Failure
2020-01-07 19:43:00,25.35,36.15,1488,43.7,189,6.809,10.8,0.0294,8259.3,0.0192,0,Normal
2020-01-07 19:44:00,25.25,36.15,1504,39.3,192,6.19,10.9,0.0261,7545.6,0.0195,0,Normal
2020-01-07 19:45:00,25.25,36.05,1610,32.4,194,5.463,10.8,0.0201,6285.6,0.0197,0,Normal
2020-01-07 19:46:00,25.25,36.05,1345,52.7,196,7.423,10.8,0.0392,10329.2,0.0199,0,Normal
2020-01-07 19:47:00,25.15,36.15,1376,57.0,198,8.213,11.0,0.0414,11286.0,0.0201,0,Normal
2020-01-07 19:48:00,25.25,36.25,1385,50.0,201,7.252,11.0,0.0361,10050.0,0.0204,0,Normal
2020-01-07 19:49:00,25.25,36.25,1429,41.8,203,6.255,11.0,0.0293,8485.4,0.0207,0,Normal
2020-01-07 19:50:00,25.15,36.15,1337,56.1,206,7.855,11.0,0.042,11556.6,0.021,1,Overstrain_Failure
2020-01-07 19:51:00,25.25,36.15,1542,35.4,208,5.716,10.9,0.023,7363.2,0.0212,0,Normal
2020-01-07 19:52:00,25.25,36.05,2118,17.7,210,3.926,10.8,0.0084,3717.0,0.0214,0,Normal
2020-01-07 19:53:00,25.15,35.95,1386,45.3,212,6.575,10.8,0.0327,9603.6,0.0216,0,Normal
2020-01-07 19:54:00,25.15,35.95,1632,32.7,0,5.589,10.8,0.02,0.0,0.0,0,Normal
2020-01-07 19:55:00,25.25,36.15,1545,36.9,3,5.97,10.9,0.0239,110.7,0.0003,0,Normal
2020-01-07 19:56:00,25.25,36.15,1390,53.6,5,7.802,10.9,0.0386,268.0,0.0005,0,Normal
2020-01-07 19:57:00,25.25,36.15,1355,50.6,8,7.18,10.9,0.0373,404.8,0.0008,0,Normal
2020-01-07 19:58:00,25.25,36.05,1425,45.5,11,6.79,10.8,0.0319,500.5,0.0011,0,Normal
2020-01-07 19:59:00,25.25,36.05,1491,51.2,13,7.994,10.8,0.0343,665.6,0.0013,0,Normal
2020-01-07 20:00:00,25.15,36.05,1486,42.4,16,6.598,10.9,0.0285,678.4,0.0016,0,Normal
2020-01-07 20:01:00,25.15,36.05,1359,51.4,21,7.315,10.9,0.0378,1079.4,0.0021,0,Normal
2020-01-07 20:02:00,25.25,36.15,1395,47.6,24,6.954,10.9,0.0341,1142.4,0.0024,0,Normal
2020-01-07 20:03:00,25.15,36.05,1383,52.1,26,7.546,10.9,0.0377,1354.6,0.0026,0,Normal
2020-01-07 20:04:00,25.15,35.95,1484,37.0,28,5.75,10.8,0.0249,1036.0,0.0028,0,Normal
2020-01-07 20:05:00,25.15,35.95,1421,47.4,33,7.053,10.8,0.0334,1564.2,0.0034,0,Normal
2020-01-07 20:06:00,25.15,35.85,1339,58.8,35,8.245,10.7,0.0439,2058.0,0.0036,0,Normal
2020-01-07 20:07:00,25.25,35.95,1362,46.1,37,6.575,10.7,0.0338,1705.7,0.0038,0,Normal
2020-01-07 20:08:00,25.35,36.05,1568,40.6,39,6.667,10.7,0.0259,1583.4,0.004,0,Normal
2020-01-07 20:09:00,25.45,36.25,2312,15.5,44,3.753,10.8,0.0067,682.0,0.0045,0,Normal
2020-01-07 20:10:00,25.35,36.15,1498,34.6,46,5.428,10.8,0.0231,1591.6,0.0047,0,Normal
2020-01-07 20:11:00,25.35,36.15,1761,27.2,49,5.016,10.8,0.0154,1332.8,0.005,0,Normal
2020-01-07 20:12:00,25.45,36.25,1316,51.4,52,7.083,10.8,0.0391,2672.8,0.0053,0,Normal
2020-01-07 20:13:00,25.45,36.25,1525,37.8,54,6.037,10.8,0.0248,2041.2,0.0055,0,Normal
2020-01-07 20:14:00,25.45,36.25,1362,45.3,56,6.461,10.8,0.0333,2536.8,0.0057,0,Normal
2020-01-07 20:15:00,25.55,36.45,1516,38.5,61,6.112,10.9,0.0254,2348.5,0.0062,0,Normal
2020-01-07 20:16:00,25.45,36.35,1450,44.2,63,6.711,10.9,0.0305,2784.6,0.0064,0,Normal
2020-01-07 20:17:00,25.45,36.35,1366,55.0,65,7.868,10.9,0.0403,3575.0,0.0066,0,Normal
2020-01-07 20:18:00,25.35,36.35,1547,33.1,68,5.362,11.0,0.0214,2250.8,0.0069,0,Normal
2020-01-07 20:19:00,25.45,36.35,1580,33.9,70,5.609,10.9,0.0215,2373.0,0.0071,0,Normal
2020-01-07 20:20:00,25.55,36.45,1755,26.9,73,4.944,10.9,0.0153,1963.7,0.0074,0,Normal
2020-01-07 20:21:00,25.55,36.45,1800,24.8,78,4.675,10.9,0.0138,1934.4,0.0079,0,Normal
2020-01-07 20:22:00,25.65,36.55,1439,45.8,81,6.902,10.9,0.0318,3709.8,0.0082,0,Normal
2020-01-07 20:23:00,25.75,36.65,1411,56.3,84,8.319,10.9,0.0399,4729.2,0.0085,0,Normal
2020-01-07 20:24:00,25.75,36.75,1645,31.4,86,5.409,11.0,0.0191,2700.4,0.0087,0,Normal
2020-01-07 20:25:00,25.75,36.65,2450,13.9,89,3.566,10.9,0.0057,1237.1,0.009,0,Normal
2020-01-07 20:26:00,25.85,36.75,1630,34.0,92,5.804,10.9,0.0209,3128.0,0.0093,0,Normal
2020-01-07 20:27:00,25.85,36.75,1411,44.7,94,6.605,10.9,0.0317,4201.8,0.0095,0,Normal
2020-01-07 20:28:00,25.75,36.75,1526,35.4,96,5.657,11.0,0.0232,3398.4,0.0097,0,Normal
2020-01-07 20:29:00,25.75,36.75,1590,31.3,98,5.212,11.0,0.0197,3067.4,0.0099,0,Normal
2020-01-07 20:30:00,25.85,36.75,1884,25.6,100,5.051,10.9,0.0136,2560.0,0.0101,0,Normal
2020-01-07 20:31:00,25.75,36.65,1947,21.7,105,4.424,10.9,0.0111,2278.5,0.0106,0,Normal
2020-01-07 20:32:00,25.75,36.75,1373,52.1,108,7.491,11.0,0.0379,5626.8,0.0109,0,Normal
2020-01-07 20:33:00,25.75,36.65,1616,36.5,110,6.177,10.9,0.0226,4015.0,0.0111,0,Normal
2020-01-07 20:34:00,25.75,36.75,1449,44.1,112,6.692,11.0,0.0304,4939.2,0.0113,0,Normal
2020-01-07 20:35:00,25.75,36.65,1363,50.6,115,7.222,10.9,0.0371,5819.0,0.0116,0,Normal
2020-01-07 20:36:00,25.65,36.55,1461,55.1,118,8.43,10.9,0.0377,6501.8,0.0119,0,Normal
2020-01-07 20:37:00,25.65,36.55,1374,58.6,123,8.432,10.9,0.0426,7207.8,0.0125,0,Normal
2020-01-07 20:38:00,25.55,36.55,1293,59.1,125,8.002,11.0,0.0457,7387.5,0.0127,0,Normal
2020-01-07 20:39:00,25.65,36.65,1490,38.6,127,6.023,11.0,0.0259,4902.2,0.0129,0,Normal
2020-01-07 20:40:00,25.65,36.65,1753,27.5,130,5.048,11.0,0.0157,3575.0,0.0132,0,Normal
2020-01-07 20:41:00,25.65,36.65,1493,38.5,132,6.019,11.0,0.0258,5082.0,0.0134,0,Normal
2020-01-07 20:42:00,25.65,36.65,1895,22.0,134,4.366,11.0,0.0116,2948.0,0.0136,0,Normal
2020-01-07 20:43:00,25.55,36.45,1654,34.3,136,5.941,10.9,0.0207,4664.8,0.0138,0,Normal
2020-01-07 20:44:00,25.55,36.35,1673,30.8,141,5.396,10.8,0.0184,4342.8,0.0143,0,Normal
2020-01-07 20:45:00,25.65,36.45,1613,27.7,143,4.679,10.8,0.0172,3961.1,0.0145,0,Normal
2020-01-07 20:46:00,25.65,36.45,1903,22.3,145,4.444,10.8,0.0117,3233.5,0.0147,0,Normal
2020-01-07 20:47:00,25.65,36.35,1368,44.7,147,6.404,10.7,0.0327,6570.9,0.0149,0,Normal
2020-01-07 20:48:00,25.65,36.45,1575,34.4,149,5.674,10.8,0.0218,5125.6,0.0151,0,Normal
2020-01-07 20:49:00,25.65,36.45,1516,40.2,152,6.382,10.8,0.0265,6110.4,0.0154,0,Normal
2020-01-07 20:50:00,25.65,36.35,1645,32.8,157,5.65,10.7,0.0199,5149.6,0.0159,0,Normal
2020-01-07 20:51:00,25.65,36.35,1374,48.1,159,6.921,10.7,0.035,7647.9,0.0161,0,Normal
2020-01-07 20:52:00,25.75,36.55,1407,48.6,161,7.161,10.8,0.0345,7824.6,0.0163,0,Normal
2020-01-07 20:53:00,25.75,36.45,1284,55.3,166,7.436,10.7,0.0431,9179.8,0.0168,0,Normal
2020-01-07 20:54:00,25.75,36.35,1645,31.1,169,5.357,10.6,0.0189,5255.9,0.0171,0,Normal
2020-01-07 20:55:00,25.65,36.25,1387,54.1,171,7.858,10.6,0.039,9251.1,0.0173,0,Normal
2020-01-07 20:56:00,25.65,36.15,1618,35.1,173,5.947,10.5,0.0217,6072.3,0.0175,0,Normal
2020-01-07 20:57:00,25.65,36.15,1357,47.1,176,6.693,10.5,0.0347,8289.6,0.0178,0,Normal
2020-01-07 20:58:00,25.55,36.05,1396,44.8,178,6.549,10.5,0.0321,7974.4,0.018,0,Normal
2020-01-07 20:59:00,25.55,36.05,1586,31.4,180,5.215,10.5,0.0198,5652.0,0.0182,0,Normal
2020-01-07 21:00:00,25.55,36.05,1449,42.3,182,6.419,10.5,0.0292,7698.6,0.0184,0,Normal
2020-01-07 21:01:00,25.55,36.05,1423,48.9,187,7.287,10.5,0.0344,9144.3,0.0189,0,Normal
2020-01-07 21:02:00,25.55,36.15,1402,45.3,190,6.651,10.6,0.0323,8607.0,0.0192,0,Normal
2020-01-07 21:03:00,25.55,36.05,1437,45.7,195,6.877,10.5,0.0318,8911.5,0.0197,0,Normal
2020-01-07 21:04:00,25.45,35.95,1537,35.7,198,5.746,10.5,0.0232,7068.6,0.02,0,Normal
2020-01-07 21:05:00,25.55,35.95,1423,49.5,200,7.376,10.4,0.0348,9900.0,0.0202,0,Normal
2020-01-07 21:06:00,25.45,35.95,1587,37.3,203,6.199,10.5,0.0235,7571.9,0.0205,0,Normal
2020-01-07 21:07:00,25.45,35.95,1487,43.2,206,6.727,10.5,0.0291,8899.2,0.0208,0,Normal
2020-01-07 21:08:00,25.45,35.85,1456,47.7,0,7.273,10.4,0.0328,0.0,0.0,0,Normal
2020-01-07 21:09:00,25.55,35.95,1607,32.7,2,5.503,10.4,0.0203,65.4,0.0002,0,Normal
2020-01-07 21:10:00,25.45,35.85,1469,46.0,4,7.076,10.4,0.0313,184.0,0.0004,0,Normal
2020-01-07 21:11:00,25.45,35.85,1481,40.8,6,6.328,10.4,0.0275,244.8,0.0006,0,Normal
2020-01-07 21:12:00,25.45,35.75,1327,58.8,9,8.171,10.3,0.0443,529.2,0.0009,0,Normal
2020-01-07 21:13:00,25.35,35.65,1589,30.6,11,5.092,10.3,0.0193,336.6,0.0011,0,Normal
2020-01-07 21:14:00,25.35,35.65,1670,29.6,13,5.177,10.3,0.0177,384.8,0.0013,0,Normal
2020-01-07 21:15:00,25.35,35.55,1662,28.3,15,4.925,10.2,0.017,424.5,0.0015,0,Normal
2020-01-07 21:16:00,25.35,35.65,1553,34.9,18,5.676,10.3,0.0225,628.2,0.0018,0,Normal
2020-01-07 21:17:00,25.35,35.65,1557,36.0,21,5.87,10.3,0.0231,756.0,0.0021,0,Normal
2020-01-07 21:18:00,25.25,35.65,1352,56.7,24,8.028,10.4,0.0419,1360.8,0.0024,0,Normal
2020-01-07 21:19:00,25.35,35.65,1305,58.7,26,8.022,10.3,0.045,1526.2,0.0026,0,Normal
2020-01-07 21:20:00,25.35,35.55,1450,43.9,28,6.666,10.2,0.0303,1229.2,0.0028,0,Normal
2020-01-07 21:21:00,25.35,35.55,1347,48.5,33,6.841,10.2,0.036,1600.5,0.0033,0,Normal
2020-01-07 21:22:00,25.45,35.65,1566,39.1,36,6.412,10.2,0.025,1407.6,0.0036,0,Normal
2020-01-07 21:23:00,25.35,35.55,1615,33.3,41,5.632,10.2,0.0206,1365.3,0.0041,0,Normal
2020-01-07 21:24:00,25.35,35.45,1384,54.4,44,7.884,10.1,0.0393,2393.6,0.0044,0,Normal
2020-01-07 21:25:00,25.35,35.55,1367,47.3,47,6.771,10.2,0.0346,2223.1,0.0047,0,Normal
2020-01-07 21:26:00,25.35,35.45,1897,20.2,50,4.013,10.1,0.0106,1010.0,0.005,0,Normal
2020-01-07 21:27:00,25.35,35.45,1522,36.9,53,5.881,10.1,0.0242,1955.7,0.0053,0,Normal
2020-01-07 21:28:00,25.25,35.35,1576,27.4,55,4.522,10.1,0.0174,1507.0,0.0055,0,Normal
2020-01-07 21:29:00,25.25,35.25,1479,39.2,58,6.071,10.0,0.0265,2273.6,0.0058,0,Normal
2020-01-07 21:30:00,25.15,35.15,1452,45.5,63,6.918,10.0,0.0313,2866.5,0.0063,0,Normal
2020-01-07 21:31:00,25.15,35.15,1432,46.9,65,7.033,10.0,0.0328,3048.5,0.0065,0,Normal
2020-01-07 21:32:00,25.15,35.05,1663,28.4,67,4.946,9.9,0.0171,1902.8,0.0067,0,Normal
2020-01-07 21:33:00,25.15,35.15,1597,32.4,69,5.418,10.0,0.0203,2235.6,0.0069,0,Normal
2020-01-07 21:34:00,25.15,35.05,1472,44.3,71,6.829,9.9,0.0301,3145.3,0.0071,0,Normal
2020-01-07 21:35:00,25.25,35.15,1452,48.5,73,7.375,9.9,0.0334,3540.5,0.0073,0,Normal
2020-01-07 21:36:00,25.15,35.05,1534,33.2,75,5.333,9.9,0.0216,2490.0,0.0075,0,Normal
2020-01-07 21:37:00,25.15,34.95,1505,46.1,80,7.266,9.8,0.0306,3688.0,0.008,0,Normal
2020-01-07 21:38:00,25.15,34.95,1528,33.9,82,5.424,9.8,0.0222,2779.8,0.0083,0,Normal
2020-01-07 21:39:00,25.15,34.95,2636,12.8,84,3.533,9.8,0.0049,1075.2,0.0085,0,Normal
2020-01-07 21:40:00,25.15,34.95,1722,28.6,89,5.157,9.8,0.0166,2545.4,0.009,0,Normal
2020-01-07 21:41:00,25.25,34.95,1395,44.0,92,6.428,9.7,0.0315,4048.0,0.0093,0,Normal
2020-01-07 21:42:00,25.25,34.95,1375,50.8,94,7.315,9.7,0.0369,4775.2,0.0095,0,Normal
2020-01-07 21:43:00,25.15,34.85,1766,26.0,96,4.808,9.7,0.0147,2496.0,0.0097,0,Normal
2020-01-07 21:44:00,25.15,34.75,1399,47.8,99,7.003,9.6,0.0342,4732.2,0.01,0,Normal
2020-01-07 21:45:00,25.15,34.85,1578,37.8,101,6.246,9.7,0.024,3817.8,0.0102,0,Normal
2020-01-07 21:46:00,25.15,34.75,1502,42.0,103,6.606,9.6,0.028,4326.0,0.0104,0,Normal
2020-01-07 21:47:00,25.05,34.75,1529,36.6,105,5.86,9.7,0.0239,3843.0,0.0106,0,Normal
2020-01-07 21:48:00,25.05,34.65,1804,25.1,108,4.742,9.6,0.0139,2710.8,0.0109,0,Normal
2020-01-07 21:49:00,25.05,34.65,1411,53.4,110,7.89,9.6,0.0378,5874.0,0.0111,0,Normal
2020-01-07 21:50:00,24.95,34.65,1413,54.1,113,8.005,9.7,0.0383,6113.3,0.0114,0,Normal
2020-01-07 21:51:00,25.05,34.65,1355,59.4,115,8.429,9.6,0.0438,6831.0,0.0116,0,Normal
2020-01-07 21:52:00,25.05,34.65,1429,46.9,117,7.018,9.6,0.0328,5487.3,0.0118,0,Normal
2020-01-07 21:53:00,24.95,34.65,1565,35.3,119,5.785,9.7,0.0226,4200.7,0.012,0,Normal
2020-01-07 21:54:00,24.95,34.75,1446,42.8,121,6.481,9.8,0.0296,5178.8,0.0122,0,Normal
2020-01-07 21:55:00,25.05,34.75,1462,38.8,124,5.94,9.7,0.0265,4811.2,0.0125,0,Normal
2020-01-07 21:56:00,25.05,34.65,1578,34.5,127,5.701,9.6,0.0219,4381.5,0.0128,0,Normal
2020-01-07 21:57:00,24.95,34.65,1606,33.0,130,5.55,9.7,0.0205,4290.0,0.0131,0,Normal
2020-01-07 21:58:00,24.95,34.65,1525,35.9,132,5.733,9.7,0.0235,4738.8,0.0133,0,Normal
2020-01-07 21:59:00,24.95,34.65,1379,49.1,135,7.09,9.7,0.0356,6628.5,0.0136,0,Normal
2020-01-07 22:00:00,25.05,34.65,1575,35.0,137,5.773,9.6,0.0222,4795.0,0.0138,0,Normal
2020-01-07 22:01:00,25.05,34.75,1399,54.9,139,8.043,9.7,0.0392,7631.1,0.014,0,Normal
2020-01-07 22:02:00,25.05,34.75,1429,49.4,141,7.392,9.7,0.0346,6965.4,0.0142,0,Normal
2020-01-07 22:03:00,25.15,34.75,1435,39.9,143,5.996,9.6,0.0278,5705.7,0.0144,0,Normal
2020-01-07 22:04:00,25.15,34.75,1766,26.5,145,4.901,9.6,0.015,3842.5,0.0146,0,Normal
2020-01-07 22:05:00,25.15,34.75,1703,28.9,147,5.154,9.6,0.017,4248.3,0.0148,0,Normal
2020-01-07 22:06:00,25.15,34.75,1507,41.2,149,6.502,9.6,0.0273,6138.8,0.0149,0,Normal
2020-01-07 22:07:00,25.15,34.75,1609,32.4,151,5.459,9.6,0.0201,4892.4,0.0151,0,Normal
2020-01-07 22:08:00,25.25,34.85,1605,32.4,154,5.446,9.6,0.0202,4989.6,0.0154,0,Normal
2020-01-07 22:09:00,25.25,34.95,1491,50.0,156,7.807,9.7,0.0335,7800.0,0.0156,0,Normal
2020-01-07 22:10:00,25.25,34.95,1891,24.7,158,4.891,9.7,0.0131,3902.6,0.0158,0,Normal
2020-01-07 22:11:00,25.35,35.05,1563,44.6,163,7.3,9.7,0.0285,7269.8,0.0163,0,Normal
2020-01-07 22:12:00,25.45,35.05,1390,51.4,168,7.482,9.6,0.037,8635.2,0.0168,0,Normal
2020-01-07 22:13:00,25.35,35.05,1444,40.5,170,6.124,9.7,0.028,6885.0,0.017,0,Normal
2020-01-07 22:14:00,25.45,35.05,1361,68.2,172,9.72,9.6,0.0501,11730.4,0.0172,1,Power_Failure
2020-01-07 22:15:00,25.45,35.15,1589,34.1,174,5.674,9.7,0.0215,5933.4,0.0174,0,Normal
2020-01-07 22:16:00,25.45,35.05,1705,26.3,177,4.696,9.6,0.0154,4655.1,0.0177,0,Normal
2020-01-07 22:17:00,25.45,35.15,1422,40.4,179,6.016,9.7,0.0284,7231.6,0.0179,0,Normal
2020-01-07 22:18:00,25.45,35.15,1377,52.1,181,7.513,9.7,0.0378,9430.1,0.0181,0,Normal
2020-01-07 22:19:00,25.35,35.15,1334,49.8,186,6.957,9.8,0.0373,9262.8,0.0186,0,Normal
2020-01-07 22:20:00,25.45,35.25,1559,36.6,188,5.975,9.8,0.0235,6880.8,0.0188,0,Normal
2020-01-07 22:21:00,25.55,35.35,1353,47.0,190,6.659,9.8,0.0347,8930.0,0.019,0,Normal
2020-01-07 22:22:00,25.55,35.25,1507,45.7,192,7.212,9.7,0.0303,8774.4,0.0192,0,Normal
2020-01-07 22:23:00,25.55,35.25,1694,28.7,195,5.091,9.7,0.0169,5596.5,0.0195,0,Normal
2020-01-07 22:24:00,25.55,35.25,1432,42.8,197,6.418,9.7,0.0299,8431.6,0.0197,0,Normal
2020-01-07 22:25:00,25.55,35.35,1572,35.6,202,5.86,9.8,0.0226,7191.2,0.0202,0,Normal
2020-01-07 22:26:00,25.65,35.45,1507,42.3,207,6.675,9.8,0.0281,8756.1,0.0207,0,Normal
2020-01-07 22:27:00,25.65,35.45,1500,37.1,210,5.828,9.8,0.0247,7791.0,0.021,0,Normal
2020-01-07 22:28:00,25.75,35.45,1771,24.1,213,4.47,9.7,0.0136,5133.3,0.0213,0,Normal
2020-01-07 22:29:00,25.65,35.35,1577,33.2,0,5.483,9.7,0.0211,0.0,0.0,0,Normal
2020-01-07 22:30:00,25.65,35.35,1527,36.2,3,5.789,9.7,0.0237,108.6,0.0003,0,Normal
2020-01-07 22:31:00,25.75,35.25,1827,26.1,5,4.994,9.5,0.0143,130.5,0.0005,0,Normal
2020-01-07 22:32:00,25.65,35.25,1484,39.2,8,6.092,9.6,0.0264,313.6,0.0008,0,Normal
2020-01-07 22:33:00,25.65,35.25,1401,47.3,10,6.939,9.6,0.0338,473.0,0.001,0,Normal
2020-01-07 22:34:00,25.65,35.15,1634,27.9,12,4.774,9.5,0.0171,334.8,0.0012,0,Normal
2020-01-07 22:35:00,25.65,35.25,1604,29.5,14,4.955,9.6,0.0184,413.0,0.0014,0,Normal
2020-01-07 22:36:00,25.75,35.25,1632,31.8,17,5.435,9.5,0.0195,540.6,0.0017,0,Normal
2020-01-07 22:37:00,25.85,35.45,1645,33.4,22,5.754,9.6,0.0203,734.8,0.0022,0,Normal
2020-01-07 22:38:00,25.85,35.55,1408,48.5,25,7.151,9.7,0.0344,1212.5,0.0025,0,Normal
2020-01-07 22:39:00,25.85,35.55,1500,40.2,30,6.315,9.7,0.0268,1206.0,0.003,0,Normal
